Week_Start,Country_Code,Country_Name,Category,Search_Interest
2023-01-01,AE,United_Arab_Emirates,Nutrition_Diets,74.4
2023-01-08,AE,United_Arab_Emirates,Nutrition_Diets,69.17
2023-01-15,AE,United_Arab_Emirates,Nutrition_Diets,73.12
2023-01-22,AE,United_Arab_Emirates,Nutrition_Diets,71.01
2023-01-29,AE,United_Arab_Emirates,Nutrition_Diets,71.1
2023-02-05,AE,United_Arab_Emirates,Nutrition_Diets,71.65
2023-02-12,AE,United_Arab_Emirates,Nutrition_Diets,72.75
2023-02-19,AE,United_Arab_Emirates,Nutrition_Diets,72.02
2023-02-26,AE,United_Arab_Emirates,Nutrition_Diets,73.3
2023-03-05,AE,United_Arab_Emirates,Nutrition_Diets,67.89
2023-03-12,AE,United_Arab_Emirates,Nutrition_Diets,72.11
2023-03-19,AE,United_Arab_Emirates,Nutrition_Diets,68.62
2023-03-26,AE,United_Arab_Emirates,Nutrition_Diets,64.5
2023-04-02,AE,United_Arab_Emirates,Nutrition_Diets,63.85
2023-04-09,AE,United_Arab_Emirates,Nutrition_Diets,65.14
2023-04-16,AE,United_Arab_Emirates,Nutrition_Diets,60.28
2023-04-23,AE,United_Arab_Emirates,Nutrition_Diets,73.94
2023-04-30,AE,United_Arab_Emirates,Nutrition_Diets,75.78
2023-05-07,AE,United_Arab_Emirates,Nutrition_Diets,75.6
2023-05-14,AE,United_Arab_Emirates,Nutrition_Diets,77.98
2023-05-21,AE,United_Arab_Emirates,Nutrition_Diets,78.62
2023-05-28,AE,United_Arab_Emirates,Nutrition_Diets,74.59
2023-06-04,AE,United_Arab_Emirates,Nutrition_Diets,77.89
2023-06-11,AE,United_Arab_Emirates,Nutrition_Diets,74.31
2023-06-18,AE,United_Arab_Emirates,Nutrition_Diets,70.37
2023-06-25,AE,United_Arab_Emirates,Nutrition_Diets,68.81
2023-07-02,AE,United_Arab_Emirates,Nutrition_Diets,77.8
2023-07-09,AE,United_Arab_Emirates,Nutrition_Diets,73.94
2023-07-16,AE,United_Arab_Emirates,Nutrition_Diets,74.4
2023-07-23,AE,United_Arab_Emirates,Nutrition_Diets,74.5
2023-07-30,AE,United_Arab_Emirates,Nutrition_Diets,73.67
2023-08-06,AE,United_Arab_Emirates,Nutrition_Diets,77.61
2023-08-13,AE,United_Arab_Emirates,Nutrition_Diets,76.42
2023-08-20,AE,United_Arab_Emirates,Nutrition_Diets,74.22
2023-08-27,AE,United_Arab_Emirates,Nutrition_Diets,71.93
2023-09-03,AE,United_Arab_Emirates,Nutrition_Diets,70.46
2023-09-10,AE,United_Arab_Emirates,Nutrition_Diets,68.81
2023-09-17,AE,United_Arab_Emirates,Nutrition_Diets,70.92
2023-09-24,AE,United_Arab_Emirates,Nutrition_Diets,69.82
2023-10-01,AE,United_Arab_Emirates,Nutrition_Diets,70
2023-10-08,AE,United_Arab_Emirates,Nutrition_Diets,64.5
2023-10-15,AE,United_Arab_Emirates,Nutrition_Diets,64.86
2023-10-22,AE,United_Arab_Emirates,Nutrition_Diets,60.83
2023-10-29,AE,United_Arab_Emirates,Nutrition_Diets,61.19
2023-11-05,AE,United_Arab_Emirates,Nutrition_Diets,59.82
2023-11-12,AE,United_Arab_Emirates,Nutrition_Diets,59.82
2023-11-19,AE,United_Arab_Emirates,Nutrition_Diets,65.14
2023-11-26,AE,United_Arab_Emirates,Nutrition_Diets,61.93
2023-12-03,AE,United_Arab_Emirates,Nutrition_Diets,62.75
2023-12-10,AE,United_Arab_Emirates,Nutrition_Diets,66.06
2023-12-17,AE,United_Arab_Emirates,Nutrition_Diets,59.27
2023-12-24,AE,United_Arab_Emirates,Nutrition_Diets,59.36
2023-12-31,AE,United_Arab_Emirates,Nutrition_Diets,68.72
2024-01-07,AE,United_Arab_Emirates,Nutrition_Diets,70.83
2024-01-14,AE,United_Arab_Emirates,Nutrition_Diets,70.28
2024-01-21,AE,United_Arab_Emirates,Nutrition_Diets,67.16
2024-01-28,AE,United_Arab_Emirates,Nutrition_Diets,66.7
2024-02-04,AE,United_Arab_Emirates,Nutrition_Diets,67.98
2024-02-11,AE,United_Arab_Emirates,Nutrition_Diets,62.94
2024-02-18,AE,United_Arab_Emirates,Nutrition_Diets,66.24
2024-02-25,AE,United_Arab_Emirates,Nutrition_Diets,65.05
2024-03-03,AE,United_Arab_Emirates,Nutrition_Diets,60.92
2024-03-10,AE,United_Arab_Emirates,Nutrition_Diets,61.38
2024-03-17,AE,United_Arab_Emirates,Nutrition_Diets,62.39
2024-03-24,AE,United_Arab_Emirates,Nutrition_Diets,56.51
2024-03-31,AE,United_Arab_Emirates,Nutrition_Diets,57.89
2024-04-07,AE,United_Arab_Emirates,Nutrition_Diets,56.33
2024-04-14,AE,United_Arab_Emirates,Nutrition_Diets,61.1
2024-04-21,AE,United_Arab_Emirates,Nutrition_Diets,70.92
2024-04-28,AE,United_Arab_Emirates,Nutrition_Diets,68.26
2024-05-05,AE,United_Arab_Emirates,Nutrition_Diets,71.47
2024-05-12,AE,United_Arab_Emirates,Nutrition_Diets,69.27
2024-05-19,AE,United_Arab_Emirates,Nutrition_Diets,71.47
2024-05-26,AE,United_Arab_Emirates,Nutrition_Diets,72.02
2024-06-02,AE,United_Arab_Emirates,Nutrition_Diets,68.99
2024-06-09,AE,United_Arab_Emirates,Nutrition_Diets,65.69
2024-06-16,AE,United_Arab_Emirates,Nutrition_Diets,67.52
2024-06-23,AE,United_Arab_Emirates,Nutrition_Diets,71.1
2024-06-30,AE,United_Arab_Emirates,Nutrition_Diets,72.39
2024-07-07,AE,United_Arab_Emirates,Nutrition_Diets,70.09
2024-07-14,AE,United_Arab_Emirates,Nutrition_Diets,72.94
2024-07-21,AE,United_Arab_Emirates,Nutrition_Diets,71.01
2024-07-28,AE,United_Arab_Emirates,Nutrition_Diets,71.83
2024-08-04,AE,United_Arab_Emirates,Nutrition_Diets,71.93
2024-08-11,AE,United_Arab_Emirates,Nutrition_Diets,76.51
2024-08-18,AE,United_Arab_Emirates,Nutrition_Diets,75.14
2024-08-25,AE,United_Arab_Emirates,Nutrition_Diets,73.03
2024-09-01,AE,United_Arab_Emirates,Nutrition_Diets,75.05
2024-09-08,AE,United_Arab_Emirates,Nutrition_Diets,72.2
2024-09-15,AE,United_Arab_Emirates,Nutrition_Diets,71.19
2024-09-22,AE,United_Arab_Emirates,Nutrition_Diets,69.17
2024-09-29,AE,United_Arab_Emirates,Nutrition_Diets,70.73
2024-10-06,AE,United_Arab_Emirates,Nutrition_Diets,66.97
2024-10-13,AE,United_Arab_Emirates,Nutrition_Diets,69.63
2024-10-20,AE,United_Arab_Emirates,Nutrition_Diets,64.13
2024-10-27,AE,United_Arab_Emirates,Nutrition_Diets,64.68
2024-11-03,AE,United_Arab_Emirates,Nutrition_Diets,67.89
2024-11-10,AE,United_Arab_Emirates,Nutrition_Diets,64.95
2024-11-17,AE,United_Arab_Emirates,Nutrition_Diets,65.41
2024-11-24,AE,United_Arab_Emirates,Nutrition_Diets,60.09
2024-12-01,AE,United_Arab_Emirates,Nutrition_Diets,60.09
2024-12-08,AE,United_Arab_Emirates,Nutrition_Diets,58.81
2024-12-15,AE,United_Arab_Emirates,Nutrition_Diets,59.91
2024-12-22,AE,United_Arab_Emirates,Nutrition_Diets,54.86
2024-12-29,AE,United_Arab_Emirates,Nutrition_Diets,61.19
2025-01-05,AE,United_Arab_Emirates,Nutrition_Diets,66.33
2025-01-12,AE,United_Arab_Emirates,Nutrition_Diets,70
2025-01-19,AE,United_Arab_Emirates,Nutrition_Diets,66.7
2025-01-26,AE,United_Arab_Emirates,Nutrition_Diets,64.86
2025-02-02,AE,United_Arab_Emirates,Nutrition_Diets,64.22
2025-02-09,AE,United_Arab_Emirates,Nutrition_Diets,64.22
2025-02-16,AE,United_Arab_Emirates,Nutrition_Diets,62.57
2025-02-23,AE,United_Arab_Emirates,Nutrition_Diets,57.89
2025-03-02,AE,United_Arab_Emirates,Nutrition_Diets,58.44
2025-03-09,AE,United_Arab_Emirates,Nutrition_Diets,61.65
2025-03-16,AE,United_Arab_Emirates,Nutrition_Diets,59.91
2025-03-23,AE,United_Arab_Emirates,Nutrition_Diets,56.33
2025-03-30,AE,United_Arab_Emirates,Nutrition_Diets,61.93
2025-04-06,AE,United_Arab_Emirates,Nutrition_Diets,65.87
2025-04-13,AE,United_Arab_Emirates,Nutrition_Diets,65.87
2025-04-20,AE,United_Arab_Emirates,Nutrition_Diets,68.53
2025-04-27,AE,United_Arab_Emirates,Nutrition_Diets,64.4
2025-05-04,AE,United_Arab_Emirates,Nutrition_Diets,60.64
2025-05-11,AE,United_Arab_Emirates,Nutrition_Diets,63.58
2025-05-18,AE,United_Arab_Emirates,Nutrition_Diets,63.58
2025-05-25,AE,United_Arab_Emirates,Nutrition_Diets,61.65
2025-06-01,AE,United_Arab_Emirates,Nutrition_Diets,62.94
2025-06-08,AE,United_Arab_Emirates,Nutrition_Diets,67.61
2025-06-15,AE,United_Arab_Emirates,Nutrition_Diets,63.49
2025-06-22,AE,United_Arab_Emirates,Nutrition_Diets,61.19
2025-06-29,AE,United_Arab_Emirates,Nutrition_Diets,64.31
2025-07-06,AE,United_Arab_Emirates,Nutrition_Diets,65.23
2025-07-13,AE,United_Arab_Emirates,Nutrition_Diets,64.4
2025-07-20,AE,United_Arab_Emirates,Nutrition_Diets,63.03
2025-07-27,AE,United_Arab_Emirates,Nutrition_Diets,60.64
2025-08-03,AE,United_Arab_Emirates,Nutrition_Diets,69.36
2025-08-10,AE,United_Arab_Emirates,Nutrition_Diets,68.35
2025-08-17,AE,United_Arab_Emirates,Nutrition_Diets,63.94
2025-08-24,AE,United_Arab_Emirates,Nutrition_Diets,61.74
2025-08-31,AE,United_Arab_Emirates,Nutrition_Diets,61.28
2025-09-07,AE,United_Arab_Emirates,Nutrition_Diets,58.17
2025-09-14,AE,United_Arab_Emirates,Nutrition_Diets,56.51
2025-09-21,AE,United_Arab_Emirates,Nutrition_Diets,57.61
2025-09-28,AE,United_Arab_Emirates,Nutrition_Diets,54.59
2025-10-05,AE,United_Arab_Emirates,Nutrition_Diets,56.42
2025-10-12,AE,United_Arab_Emirates,Nutrition_Diets,56.06
2025-10-19,AE,United_Arab_Emirates,Nutrition_Diets,56.06
2025-10-26,AE,United_Arab_Emirates,Nutrition_Diets,63.67
2025-11-02,AE,United_Arab_Emirates,Nutrition_Diets,71.83
2025-11-09,AE,United_Arab_Emirates,Nutrition_Diets,74.31
2025-11-16,AE,United_Arab_Emirates,Nutrition_Diets,70.28
2025-11-23,AE,United_Arab_Emirates,Nutrition_Diets,71.19
2025-11-30,AE,United_Arab_Emirates,Nutrition_Diets,70.09
2025-12-07,AE,United_Arab_Emirates,Nutrition_Diets,70.73
2025-12-14,AE,United_Arab_Emirates,Nutrition_Diets,65.6
2025-12-21,AE,United_Arab_Emirates,Nutrition_Diets,63.12
2025-12-28,AE,United_Arab_Emirates,Nutrition_Diets,69.08
2026-01-04,AE,United_Arab_Emirates,Nutrition_Diets,70.83
2026-01-11,AE,United_Arab_Emirates,Nutrition_Diets,68.9
2026-01-18,AE,United_Arab_Emirates,Nutrition_Diets,73.12
2026-01-25,AE,United_Arab_Emirates,Nutrition_Diets,74.31
2026-02-01,AE,United_Arab_Emirates,Nutrition_Diets,69.45
2026-02-08,AE,United_Arab_Emirates,Nutrition_Diets,75.23
2026-02-15,AE,United_Arab_Emirates,Nutrition_Diets,71.56
2026-02-22,AE,United_Arab_Emirates,Nutrition_Diets,73.67
2026-03-01,AE,United_Arab_Emirates,Nutrition_Diets,57.06
2026-03-08,AE,United_Arab_Emirates,Nutrition_Diets,64.59
2026-03-15,AE,United_Arab_Emirates,Nutrition_Diets,64.31
2026-03-22,AE,United_Arab_Emirates,Nutrition_Diets,72.2
2026-03-29,AE,United_Arab_Emirates,Nutrition_Diets,80.28
2026-04-05,AE,United_Arab_Emirates,Nutrition_Diets,76.06
2026-04-12,AE,United_Arab_Emirates,Nutrition_Diets,77.89
2026-04-19,AE,United_Arab_Emirates,Nutrition_Diets,78.99
2026-04-26,AE,United_Arab_Emirates,Nutrition_Diets,79.72
2026-05-03,AE,United_Arab_Emirates,Nutrition_Diets,78.26
2026-05-10,AE,United_Arab_Emirates,Nutrition_Diets,77.8
2026-05-17,AE,United_Arab_Emirates,Nutrition_Diets,71.93
2026-05-24,AE,United_Arab_Emirates,Nutrition_Diets,72.2
2026-05-31,AE,United_Arab_Emirates,Nutrition_Diets,76.88
2026-06-07,AE,United_Arab_Emirates,Nutrition_Diets,64.5
2026-06-14,AE,United_Arab_Emirates,Nutrition_Diets,62.29
2026-06-21,AE,United_Arab_Emirates,Nutrition_Diets,62.2
2026-06-28,AE,United_Arab_Emirates,Nutrition_Diets,74.22
2026-07-05,AE,United_Arab_Emirates,Nutrition_Diets,84.5
2026-07-12,AE,United_Arab_Emirates,Nutrition_Diets,100
2026-07-19,AE,United_Arab_Emirates,Nutrition_Diets,78.72
2026-07-26,AE,United_Arab_Emirates,Nutrition_Diets,69.91
2026-08-02,AE,United_Arab_Emirates,Nutrition_Diets,68.07
2026-08-09,AE,United_Arab_Emirates,Nutrition_Diets,62.84
2026-08-16,AE,United_Arab_Emirates,Nutrition_Diets,63.67
2026-08-23,AE,United_Arab_Emirates,Nutrition_Diets,58.72
2023-01-01,AE,United_Arab_Emirates,Fitness_Wearables,72.78
2023-01-08,AE,United_Arab_Emirates,Fitness_Wearables,70.28
2023-01-15,AE,United_Arab_Emirates,Fitness_Wearables,71.74
2023-01-22,AE,United_Arab_Emirates,Fitness_Wearables,69.03
2023-01-29,AE,United_Arab_Emirates,Fitness_Wearables,71.85
2023-02-05,AE,United_Arab_Emirates,Fitness_Wearables,70.18
2023-02-12,AE,United_Arab_Emirates,Fitness_Wearables,69.66
2023-02-19,AE,United_Arab_Emirates,Fitness_Wearables,69.76
2023-02-26,AE,United_Arab_Emirates,Fitness_Wearables,67.67
2023-03-05,AE,United_Arab_Emirates,Fitness_Wearables,67.15
2023-03-12,AE,United_Arab_Emirates,Fitness_Wearables,66.21
2023-03-19,AE,United_Arab_Emirates,Fitness_Wearables,67.78
2023-03-26,AE,United_Arab_Emirates,Fitness_Wearables,70.59
2023-04-02,AE,United_Arab_Emirates,Fitness_Wearables,66.74
2023-04-09,AE,United_Arab_Emirates,Fitness_Wearables,64.13
2023-04-16,AE,United_Arab_Emirates,Fitness_Wearables,63.82
2023-04-23,AE,United_Arab_Emirates,Fitness_Wearables,70.59
2023-04-30,AE,United_Arab_Emirates,Fitness_Wearables,68.51
2023-05-07,AE,United_Arab_Emirates,Fitness_Wearables,68.72
2023-05-14,AE,United_Arab_Emirates,Fitness_Wearables,70.18
2023-05-21,AE,United_Arab_Emirates,Fitness_Wearables,72.37
2023-05-28,AE,United_Arab_Emirates,Fitness_Wearables,71.85
2023-06-04,AE,United_Arab_Emirates,Fitness_Wearables,74.35
2023-06-11,AE,United_Arab_Emirates,Fitness_Wearables,73.72
2023-06-18,AE,United_Arab_Emirates,Fitness_Wearables,75.6
2023-06-25,AE,United_Arab_Emirates,Fitness_Wearables,64.86
2023-07-02,AE,United_Arab_Emirates,Fitness_Wearables,79.35
2023-07-09,AE,United_Arab_Emirates,Fitness_Wearables,76.23
2023-07-16,AE,United_Arab_Emirates,Fitness_Wearables,74.66
2023-07-23,AE,United_Arab_Emirates,Fitness_Wearables,77.37
2023-07-30,AE,United_Arab_Emirates,Fitness_Wearables,75.7
2023-08-06,AE,United_Arab_Emirates,Fitness_Wearables,78.31
2023-08-13,AE,United_Arab_Emirates,Fitness_Wearables,75.91
2023-08-20,AE,United_Arab_Emirates,Fitness_Wearables,72.78
2023-08-27,AE,United_Arab_Emirates,Fitness_Wearables,74.66
2023-09-03,AE,United_Arab_Emirates,Fitness_Wearables,70.28
2023-09-10,AE,United_Arab_Emirates,Fitness_Wearables,72.68
2023-09-17,AE,United_Arab_Emirates,Fitness_Wearables,73.72
2023-09-24,AE,United_Arab_Emirates,Fitness_Wearables,68.4
2023-10-01,AE,United_Arab_Emirates,Fitness_Wearables,73.83
2023-10-08,AE,United_Arab_Emirates,Fitness_Wearables,67.47
2023-10-15,AE,United_Arab_Emirates,Fitness_Wearables,67.67
2023-10-22,AE,United_Arab_Emirates,Fitness_Wearables,69.76
2023-10-29,AE,United_Arab_Emirates,Fitness_Wearables,66.53
2023-11-05,AE,United_Arab_Emirates,Fitness_Wearables,70.7
2023-11-12,AE,United_Arab_Emirates,Fitness_Wearables,67.26
2023-11-19,AE,United_Arab_Emirates,Fitness_Wearables,69.76
2023-11-26,AE,United_Arab_Emirates,Fitness_Wearables,65.07
2023-12-03,AE,United_Arab_Emirates,Fitness_Wearables,63.61
2023-12-10,AE,United_Arab_Emirates,Fitness_Wearables,65.48
2023-12-17,AE,United_Arab_Emirates,Fitness_Wearables,61.94
2023-12-24,AE,United_Arab_Emirates,Fitness_Wearables,63.3
2023-12-31,AE,United_Arab_Emirates,Fitness_Wearables,71.12
2024-01-07,AE,United_Arab_Emirates,Fitness_Wearables,71.53
2024-01-14,AE,United_Arab_Emirates,Fitness_Wearables,69.45
2024-01-21,AE,United_Arab_Emirates,Fitness_Wearables,68.09
2024-01-28,AE,United_Arab_Emirates,Fitness_Wearables,71.22
2024-02-04,AE,United_Arab_Emirates,Fitness_Wearables,69.55
2024-02-11,AE,United_Arab_Emirates,Fitness_Wearables,67.67
2024-02-18,AE,United_Arab_Emirates,Fitness_Wearables,69.66
2024-02-25,AE,United_Arab_Emirates,Fitness_Wearables,68.93
2024-03-03,AE,United_Arab_Emirates,Fitness_Wearables,66.21
2024-03-10,AE,United_Arab_Emirates,Fitness_Wearables,70.07
2024-03-17,AE,United_Arab_Emirates,Fitness_Wearables,70.39
2024-03-24,AE,United_Arab_Emirates,Fitness_Wearables,67.99
2024-03-31,AE,United_Arab_Emirates,Fitness_Wearables,65.28
2024-04-07,AE,United_Arab_Emirates,Fitness_Wearables,58.81
2024-04-14,AE,United_Arab_Emirates,Fitness_Wearables,67.88
2024-04-21,AE,United_Arab_Emirates,Fitness_Wearables,69.76
2024-04-28,AE,United_Arab_Emirates,Fitness_Wearables,66.11
2024-05-05,AE,United_Arab_Emirates,Fitness_Wearables,70.18
2024-05-12,AE,United_Arab_Emirates,Fitness_Wearables,71.32
2024-05-19,AE,United_Arab_Emirates,Fitness_Wearables,72.68
2024-05-26,AE,United_Arab_Emirates,Fitness_Wearables,73.72
2024-06-02,AE,United_Arab_Emirates,Fitness_Wearables,72.37
2024-06-09,AE,United_Arab_Emirates,Fitness_Wearables,69.03
2024-06-16,AE,United_Arab_Emirates,Fitness_Wearables,71.32
2024-06-23,AE,United_Arab_Emirates,Fitness_Wearables,73.83
2024-06-30,AE,United_Arab_Emirates,Fitness_Wearables,79.35
2024-07-07,AE,United_Arab_Emirates,Fitness_Wearables,80.92
2024-07-14,AE,United_Arab_Emirates,Fitness_Wearables,76.75
2024-07-21,AE,United_Arab_Emirates,Fitness_Wearables,79.25
2024-07-28,AE,United_Arab_Emirates,Fitness_Wearables,76.64
2024-08-04,AE,United_Arab_Emirates,Fitness_Wearables,77.79
2024-08-11,AE,United_Arab_Emirates,Fitness_Wearables,82.27
2024-08-18,AE,United_Arab_Emirates,Fitness_Wearables,82.79
2024-08-25,AE,United_Arab_Emirates,Fitness_Wearables,80.6
2024-09-01,AE,United_Arab_Emirates,Fitness_Wearables,83.94
2024-09-08,AE,United_Arab_Emirates,Fitness_Wearables,84.46
2024-09-15,AE,United_Arab_Emirates,Fitness_Wearables,78.73
2024-09-22,AE,United_Arab_Emirates,Fitness_Wearables,76.43
2024-09-29,AE,United_Arab_Emirates,Fitness_Wearables,81.13
2024-10-06,AE,United_Arab_Emirates,Fitness_Wearables,78.62
2024-10-13,AE,United_Arab_Emirates,Fitness_Wearables,76.43
2024-10-20,AE,United_Arab_Emirates,Fitness_Wearables,82.06
2024-10-27,AE,United_Arab_Emirates,Fitness_Wearables,78.21
2024-11-03,AE,United_Arab_Emirates,Fitness_Wearables,82.06
2024-11-10,AE,United_Arab_Emirates,Fitness_Wearables,79.56
2024-11-17,AE,United_Arab_Emirates,Fitness_Wearables,79.25
2024-11-24,AE,United_Arab_Emirates,Fitness_Wearables,74.66
2024-12-01,AE,United_Arab_Emirates,Fitness_Wearables,67.15
2024-12-08,AE,United_Arab_Emirates,Fitness_Wearables,71.95
2024-12-15,AE,United_Arab_Emirates,Fitness_Wearables,70.91
2024-12-22,AE,United_Arab_Emirates,Fitness_Wearables,69.03
2024-12-29,AE,United_Arab_Emirates,Fitness_Wearables,71.32
2025-01-05,AE,United_Arab_Emirates,Fitness_Wearables,76.64
2025-01-12,AE,United_Arab_Emirates,Fitness_Wearables,74.35
2025-01-19,AE,United_Arab_Emirates,Fitness_Wearables,75.29
2025-01-26,AE,United_Arab_Emirates,Fitness_Wearables,73.93
2025-02-02,AE,United_Arab_Emirates,Fitness_Wearables,73.41
2025-02-09,AE,United_Arab_Emirates,Fitness_Wearables,72.26
2025-02-16,AE,United_Arab_Emirates,Fitness_Wearables,72.16
2025-02-23,AE,United_Arab_Emirates,Fitness_Wearables,68.61
2025-03-02,AE,United_Arab_Emirates,Fitness_Wearables,73.51
2025-03-09,AE,United_Arab_Emirates,Fitness_Wearables,75.39
2025-03-16,AE,United_Arab_Emirates,Fitness_Wearables,74.56
2025-03-23,AE,United_Arab_Emirates,Fitness_Wearables,67.26
2025-03-30,AE,United_Arab_Emirates,Fitness_Wearables,70.7
2025-04-06,AE,United_Arab_Emirates,Fitness_Wearables,73.83
2025-04-13,AE,United_Arab_Emirates,Fitness_Wearables,72.99
2025-04-20,AE,United_Arab_Emirates,Fitness_Wearables,72.37
2025-04-27,AE,United_Arab_Emirates,Fitness_Wearables,73.1
2025-05-04,AE,United_Arab_Emirates,Fitness_Wearables,71.12
2025-05-11,AE,United_Arab_Emirates,Fitness_Wearables,77.27
2025-05-18,AE,United_Arab_Emirates,Fitness_Wearables,72.99
2025-05-25,AE,United_Arab_Emirates,Fitness_Wearables,72.26
2025-06-01,AE,United_Arab_Emirates,Fitness_Wearables,67.78
2025-06-08,AE,United_Arab_Emirates,Fitness_Wearables,80.5
2025-06-15,AE,United_Arab_Emirates,Fitness_Wearables,80.4
2025-06-22,AE,United_Arab_Emirates,Fitness_Wearables,75.5
2025-06-29,AE,United_Arab_Emirates,Fitness_Wearables,83.42
2025-07-06,AE,United_Arab_Emirates,Fitness_Wearables,80.71
2025-07-13,AE,United_Arab_Emirates,Fitness_Wearables,82.48
2025-07-20,AE,United_Arab_Emirates,Fitness_Wearables,78.21
2025-07-27,AE,United_Arab_Emirates,Fitness_Wearables,80.29
2025-08-03,AE,United_Arab_Emirates,Fitness_Wearables,82.27
2025-08-10,AE,United_Arab_Emirates,Fitness_Wearables,83
2025-08-17,AE,United_Arab_Emirates,Fitness_Wearables,84.98
2025-08-24,AE,United_Arab_Emirates,Fitness_Wearables,79.04
2025-08-31,AE,United_Arab_Emirates,Fitness_Wearables,78.31
2025-09-07,AE,United_Arab_Emirates,Fitness_Wearables,76.33
2025-09-14,AE,United_Arab_Emirates,Fitness_Wearables,75.6
2025-09-21,AE,United_Arab_Emirates,Fitness_Wearables,72.58
2025-09-28,AE,United_Arab_Emirates,Fitness_Wearables,75.6
2025-10-05,AE,United_Arab_Emirates,Fitness_Wearables,79.35
2025-10-12,AE,United_Arab_Emirates,Fitness_Wearables,69.03
2025-10-19,AE,United_Arab_Emirates,Fitness_Wearables,69.55
2025-10-26,AE,United_Arab_Emirates,Fitness_Wearables,85.19
2025-11-02,AE,United_Arab_Emirates,Fitness_Wearables,94.89
2025-11-09,AE,United_Arab_Emirates,Fitness_Wearables,95.41
2025-11-16,AE,United_Arab_Emirates,Fitness_Wearables,89.99
2025-11-23,AE,United_Arab_Emirates,Fitness_Wearables,92.18
2025-11-30,AE,United_Arab_Emirates,Fitness_Wearables,83.63
2025-12-07,AE,United_Arab_Emirates,Fitness_Wearables,88.11
2025-12-14,AE,United_Arab_Emirates,Fitness_Wearables,84.57
2025-12-21,AE,United_Arab_Emirates,Fitness_Wearables,82.27
2025-12-28,AE,United_Arab_Emirates,Fitness_Wearables,81.65
2026-01-04,AE,United_Arab_Emirates,Fitness_Wearables,91.03
2026-01-11,AE,United_Arab_Emirates,Fitness_Wearables,87.38
2026-01-18,AE,United_Arab_Emirates,Fitness_Wearables,87.7
2026-01-25,AE,United_Arab_Emirates,Fitness_Wearables,86.13
2026-02-01,AE,United_Arab_Emirates,Fitness_Wearables,85.82
2026-02-08,AE,United_Arab_Emirates,Fitness_Wearables,92.28
2026-02-15,AE,United_Arab_Emirates,Fitness_Wearables,93.85
2026-02-22,AE,United_Arab_Emirates,Fitness_Wearables,88.11
2026-03-01,AE,United_Arab_Emirates,Fitness_Wearables,70.07
2026-03-08,AE,United_Arab_Emirates,Fitness_Wearables,79.56
2026-03-15,AE,United_Arab_Emirates,Fitness_Wearables,71.12
2026-03-22,AE,United_Arab_Emirates,Fitness_Wearables,78.62
2026-03-29,AE,United_Arab_Emirates,Fitness_Wearables,84.67
2026-04-05,AE,United_Arab_Emirates,Fitness_Wearables,80.08
2026-04-12,AE,United_Arab_Emirates,Fitness_Wearables,84.67
2026-04-19,AE,United_Arab_Emirates,Fitness_Wearables,88.84
2026-04-26,AE,United_Arab_Emirates,Fitness_Wearables,92.39
2026-05-03,AE,United_Arab_Emirates,Fitness_Wearables,91.55
2026-05-10,AE,United_Arab_Emirates,Fitness_Wearables,100
2026-05-17,AE,United_Arab_Emirates,Fitness_Wearables,82.59
2026-05-24,AE,United_Arab_Emirates,Fitness_Wearables,85.92
2026-05-31,AE,United_Arab_Emirates,Fitness_Wearables,94.99
2026-06-07,AE,United_Arab_Emirates,Fitness_Wearables,86.44
2026-06-14,AE,United_Arab_Emirates,Fitness_Wearables,83.84
2026-06-21,AE,United_Arab_Emirates,Fitness_Wearables,82.38
2026-06-28,AE,United_Arab_Emirates,Fitness_Wearables,85.92
2026-07-05,AE,United_Arab_Emirates,Fitness_Wearables,92.08
2026-07-12,AE,United_Arab_Emirates,Fitness_Wearables,98.54
2026-07-19,AE,United_Arab_Emirates,Fitness_Wearables,93.43
2026-07-26,AE,United_Arab_Emirates,Fitness_Wearables,89.57
2026-08-02,AE,United_Arab_Emirates,Fitness_Wearables,88.01
2026-08-09,AE,United_Arab_Emirates,Fitness_Wearables,86.24
2026-08-16,AE,United_Arab_Emirates,Fitness_Wearables,86.44
2026-08-23,AE,United_Arab_Emirates,Fitness_Wearables,85.51
2023-01-01,AE,United_Arab_Emirates,Fashion_Beauty,67.23
2023-01-08,AE,United_Arab_Emirates,Fashion_Beauty,65.42
2023-01-15,AE,United_Arab_Emirates,Fashion_Beauty,66.51
2023-01-22,AE,United_Arab_Emirates,Fashion_Beauty,65.9
2023-01-29,AE,United_Arab_Emirates,Fashion_Beauty,66.26
2023-02-05,AE,United_Arab_Emirates,Fashion_Beauty,66.38
2023-02-12,AE,United_Arab_Emirates,Fashion_Beauty,67.11
2023-02-19,AE,United_Arab_Emirates,Fashion_Beauty,68.92
2023-02-26,AE,United_Arab_Emirates,Fashion_Beauty,67.47
2023-03-05,AE,United_Arab_Emirates,Fashion_Beauty,69.53
2023-03-12,AE,United_Arab_Emirates,Fashion_Beauty,70.74
2023-03-19,AE,United_Arab_Emirates,Fashion_Beauty,62.88
2023-03-26,AE,United_Arab_Emirates,Fashion_Beauty,69.53
2023-04-02,AE,United_Arab_Emirates,Fashion_Beauty,73.64
2023-04-09,AE,United_Arab_Emirates,Fashion_Beauty,71.95
2023-04-16,AE,United_Arab_Emirates,Fashion_Beauty,73.76
2023-04-23,AE,United_Arab_Emirates,Fashion_Beauty,65.3
2023-04-30,AE,United_Arab_Emirates,Fashion_Beauty,67.96
2023-05-07,AE,United_Arab_Emirates,Fashion_Beauty,64.09
2023-05-14,AE,United_Arab_Emirates,Fashion_Beauty,64.45
2023-05-21,AE,United_Arab_Emirates,Fashion_Beauty,70.13
2023-05-28,AE,United_Arab_Emirates,Fashion_Beauty,71.46
2023-06-04,AE,United_Arab_Emirates,Fashion_Beauty,69.41
2023-06-11,AE,United_Arab_Emirates,Fashion_Beauty,77.51
2023-06-18,AE,United_Arab_Emirates,Fashion_Beauty,75.7
2023-06-25,AE,United_Arab_Emirates,Fashion_Beauty,79.44
2023-07-02,AE,United_Arab_Emirates,Fashion_Beauty,71.46
2023-07-09,AE,United_Arab_Emirates,Fashion_Beauty,69.41
2023-07-16,AE,United_Arab_Emirates,Fashion_Beauty,68.8
2023-07-23,AE,United_Arab_Emirates,Fashion_Beauty,67.84
2023-07-30,AE,United_Arab_Emirates,Fashion_Beauty,67.84
2023-08-06,AE,United_Arab_Emirates,Fashion_Beauty,68.92
2023-08-13,AE,United_Arab_Emirates,Fashion_Beauty,68.92
2023-08-20,AE,United_Arab_Emirates,Fashion_Beauty,64.81
2023-08-27,AE,United_Arab_Emirates,Fashion_Beauty,64.45
2023-09-03,AE,United_Arab_Emirates,Fashion_Beauty,62.76
2023-09-10,AE,United_Arab_Emirates,Fashion_Beauty,61.79
2023-09-17,AE,United_Arab_Emirates,Fashion_Beauty,65.42
2023-09-24,AE,United_Arab_Emirates,Fashion_Beauty,66.26
2023-10-01,AE,United_Arab_Emirates,Fashion_Beauty,65.42
2023-10-08,AE,United_Arab_Emirates,Fashion_Beauty,63.48
2023-10-15,AE,United_Arab_Emirates,Fashion_Beauty,60.7
2023-10-22,AE,United_Arab_Emirates,Fashion_Beauty,63
2023-10-29,AE,United_Arab_Emirates,Fashion_Beauty,61.67
2023-11-05,AE,United_Arab_Emirates,Fashion_Beauty,65.66
2023-11-12,AE,United_Arab_Emirates,Fashion_Beauty,65.05
2023-11-19,AE,United_Arab_Emirates,Fashion_Beauty,71.1
2023-11-26,AE,United_Arab_Emirates,Fashion_Beauty,66.99
2023-12-03,AE,United_Arab_Emirates,Fashion_Beauty,71.83
2023-12-10,AE,United_Arab_Emirates,Fashion_Beauty,72.67
2023-12-17,AE,United_Arab_Emirates,Fashion_Beauty,75.33
2023-12-24,AE,United_Arab_Emirates,Fashion_Beauty,71.58
2023-12-31,AE,United_Arab_Emirates,Fashion_Beauty,70.5
2024-01-07,AE,United_Arab_Emirates,Fashion_Beauty,70.98
2024-01-14,AE,United_Arab_Emirates,Fashion_Beauty,68.68
2024-01-21,AE,United_Arab_Emirates,Fashion_Beauty,67.96
2024-01-28,AE,United_Arab_Emirates,Fashion_Beauty,67.11
2024-02-04,AE,United_Arab_Emirates,Fashion_Beauty,69.89
2024-02-11,AE,United_Arab_Emirates,Fashion_Beauty,64.93
2024-02-18,AE,United_Arab_Emirates,Fashion_Beauty,67.23
2024-02-25,AE,United_Arab_Emirates,Fashion_Beauty,70.98
2024-03-03,AE,United_Arab_Emirates,Fashion_Beauty,63.85
2024-03-10,AE,United_Arab_Emirates,Fashion_Beauty,65.42
2024-03-17,AE,United_Arab_Emirates,Fashion_Beauty,70.86
2024-03-24,AE,United_Arab_Emirates,Fashion_Beauty,75.21
2024-03-31,AE,United_Arab_Emirates,Fashion_Beauty,79.69
2024-04-07,AE,United_Arab_Emirates,Fashion_Beauty,76.06
2024-04-14,AE,United_Arab_Emirates,Fashion_Beauty,56.11
2024-04-21,AE,United_Arab_Emirates,Fashion_Beauty,63.72
2024-04-28,AE,United_Arab_Emirates,Fashion_Beauty,62.76
2024-05-05,AE,United_Arab_Emirates,Fashion_Beauty,65.9
2024-05-12,AE,United_Arab_Emirates,Fashion_Beauty,65.42
2024-05-19,AE,United_Arab_Emirates,Fashion_Beauty,66.87
2024-05-26,AE,United_Arab_Emirates,Fashion_Beauty,69.77
2024-06-02,AE,United_Arab_Emirates,Fashion_Beauty,68.8
2024-06-09,AE,United_Arab_Emirates,Fashion_Beauty,67.84
2024-06-16,AE,United_Arab_Emirates,Fashion_Beauty,66.38
2024-06-23,AE,United_Arab_Emirates,Fashion_Beauty,66.63
2024-06-30,AE,United_Arab_Emirates,Fashion_Beauty,69.17
2024-07-07,AE,United_Arab_Emirates,Fashion_Beauty,65.9
2024-07-14,AE,United_Arab_Emirates,Fashion_Beauty,68.32
2024-07-21,AE,United_Arab_Emirates,Fashion_Beauty,66.02
2024-07-28,AE,United_Arab_Emirates,Fashion_Beauty,63.97
2024-08-04,AE,United_Arab_Emirates,Fashion_Beauty,65.78
2024-08-11,AE,United_Arab_Emirates,Fashion_Beauty,68.92
2024-08-18,AE,United_Arab_Emirates,Fashion_Beauty,68.56
2024-08-25,AE,United_Arab_Emirates,Fashion_Beauty,67.23
2024-09-01,AE,United_Arab_Emirates,Fashion_Beauty,72.91
2024-09-08,AE,United_Arab_Emirates,Fashion_Beauty,71.22
2024-09-15,AE,United_Arab_Emirates,Fashion_Beauty,67.35
2024-09-22,AE,United_Arab_Emirates,Fashion_Beauty,66.99
2024-09-29,AE,United_Arab_Emirates,Fashion_Beauty,68.68
2024-10-06,AE,United_Arab_Emirates,Fashion_Beauty,67.35
2024-10-13,AE,United_Arab_Emirates,Fashion_Beauty,70.37
2024-10-20,AE,United_Arab_Emirates,Fashion_Beauty,70.74
2024-10-27,AE,United_Arab_Emirates,Fashion_Beauty,70.62
2024-11-03,AE,United_Arab_Emirates,Fashion_Beauty,67.84
2024-11-10,AE,United_Arab_Emirates,Fashion_Beauty,68.32
2024-11-17,AE,United_Arab_Emirates,Fashion_Beauty,71.58
2024-11-24,AE,United_Arab_Emirates,Fashion_Beauty,71.58
2024-12-01,AE,United_Arab_Emirates,Fashion_Beauty,69.29
2024-12-08,AE,United_Arab_Emirates,Fashion_Beauty,69.77
2024-12-15,AE,United_Arab_Emirates,Fashion_Beauty,70.98
2024-12-22,AE,United_Arab_Emirates,Fashion_Beauty,73.4
2024-12-29,AE,United_Arab_Emirates,Fashion_Beauty,69.89
2025-01-05,AE,United_Arab_Emirates,Fashion_Beauty,67.71
2025-01-12,AE,United_Arab_Emirates,Fashion_Beauty,68.08
2025-01-19,AE,United_Arab_Emirates,Fashion_Beauty,69.17
2025-01-26,AE,United_Arab_Emirates,Fashion_Beauty,70.86
2025-02-02,AE,United_Arab_Emirates,Fashion_Beauty,69.29
2025-02-09,AE,United_Arab_Emirates,Fashion_Beauty,66.26
2025-02-16,AE,United_Arab_Emirates,Fashion_Beauty,63.85
2025-02-23,AE,United_Arab_Emirates,Fashion_Beauty,61.79
2025-03-02,AE,United_Arab_Emirates,Fashion_Beauty,63.6
2025-03-09,AE,United_Arab_Emirates,Fashion_Beauty,70.01
2025-03-16,AE,United_Arab_Emirates,Fashion_Beauty,74.73
2025-03-23,AE,United_Arab_Emirates,Fashion_Beauty,77.51
2025-03-30,AE,United_Arab_Emirates,Fashion_Beauty,72.79
2025-04-06,AE,United_Arab_Emirates,Fashion_Beauty,69.89
2025-04-13,AE,United_Arab_Emirates,Fashion_Beauty,64.45
2025-04-20,AE,United_Arab_Emirates,Fashion_Beauty,65.66
2025-04-27,AE,United_Arab_Emirates,Fashion_Beauty,63.24
2025-05-04,AE,United_Arab_Emirates,Fashion_Beauty,60.34
2025-05-11,AE,United_Arab_Emirates,Fashion_Beauty,63.24
2025-05-18,AE,United_Arab_Emirates,Fashion_Beauty,68.2
2025-05-25,AE,United_Arab_Emirates,Fashion_Beauty,67.23
2025-06-01,AE,United_Arab_Emirates,Fashion_Beauty,71.1
2025-06-08,AE,United_Arab_Emirates,Fashion_Beauty,68.56
2025-06-15,AE,United_Arab_Emirates,Fashion_Beauty,65.3
2025-06-22,AE,United_Arab_Emirates,Fashion_Beauty,64.57
2025-06-29,AE,United_Arab_Emirates,Fashion_Beauty,68.08
2025-07-06,AE,United_Arab_Emirates,Fashion_Beauty,67.35
2025-07-13,AE,United_Arab_Emirates,Fashion_Beauty,66.02
2025-07-20,AE,United_Arab_Emirates,Fashion_Beauty,64.57
2025-07-27,AE,United_Arab_Emirates,Fashion_Beauty,65.42
2025-08-03,AE,United_Arab_Emirates,Fashion_Beauty,69.17
2025-08-10,AE,United_Arab_Emirates,Fashion_Beauty,68.08
2025-08-17,AE,United_Arab_Emirates,Fashion_Beauty,66.38
2025-08-24,AE,United_Arab_Emirates,Fashion_Beauty,67.23
2025-08-31,AE,United_Arab_Emirates,Fashion_Beauty,69.89
2025-09-07,AE,United_Arab_Emirates,Fashion_Beauty,58.77
2025-09-14,AE,United_Arab_Emirates,Fashion_Beauty,60.1
2025-09-21,AE,United_Arab_Emirates,Fashion_Beauty,63.97
2025-09-28,AE,United_Arab_Emirates,Fashion_Beauty,62.27
2025-10-05,AE,United_Arab_Emirates,Fashion_Beauty,70.01
2025-10-12,AE,United_Arab_Emirates,Fashion_Beauty,71.7
2025-10-19,AE,United_Arab_Emirates,Fashion_Beauty,65.66
2025-10-26,AE,United_Arab_Emirates,Fashion_Beauty,73.16
2025-11-02,AE,United_Arab_Emirates,Fashion_Beauty,79.32
2025-11-09,AE,United_Arab_Emirates,Fashion_Beauty,84.89
2025-11-16,AE,United_Arab_Emirates,Fashion_Beauty,81.62
2025-11-23,AE,United_Arab_Emirates,Fashion_Beauty,90.45
2025-11-30,AE,United_Arab_Emirates,Fashion_Beauty,89.96
2025-12-07,AE,United_Arab_Emirates,Fashion_Beauty,87.42
2025-12-14,AE,United_Arab_Emirates,Fashion_Beauty,84.64
2025-12-21,AE,United_Arab_Emirates,Fashion_Beauty,86.46
2025-12-28,AE,United_Arab_Emirates,Fashion_Beauty,82.47
2026-01-04,AE,United_Arab_Emirates,Fashion_Beauty,76.9
2026-01-11,AE,United_Arab_Emirates,Fashion_Beauty,77.03
2026-01-18,AE,United_Arab_Emirates,Fashion_Beauty,81.38
2026-01-25,AE,United_Arab_Emirates,Fashion_Beauty,83.31
2026-02-01,AE,United_Arab_Emirates,Fashion_Beauty,85.25
2026-02-08,AE,United_Arab_Emirates,Fashion_Beauty,95.65
2026-02-15,AE,United_Arab_Emirates,Fashion_Beauty,97.94
2026-02-22,AE,United_Arab_Emirates,Fashion_Beauty,100
2026-03-01,AE,United_Arab_Emirates,Fashion_Beauty,68.8
2026-03-08,AE,United_Arab_Emirates,Fashion_Beauty,81.74
2026-03-15,AE,United_Arab_Emirates,Fashion_Beauty,80.53
2026-03-22,AE,United_Arab_Emirates,Fashion_Beauty,64.21
2026-03-29,AE,United_Arab_Emirates,Fashion_Beauty,71.22
2026-04-05,AE,United_Arab_Emirates,Fashion_Beauty,68.32
2026-04-12,AE,United_Arab_Emirates,Fashion_Beauty,70.37
2026-04-19,AE,United_Arab_Emirates,Fashion_Beauty,79.2
2026-04-26,AE,United_Arab_Emirates,Fashion_Beauty,77.75
2026-05-03,AE,United_Arab_Emirates,Fashion_Beauty,74.97
2026-05-10,AE,United_Arab_Emirates,Fashion_Beauty,78.84
2026-05-17,AE,United_Arab_Emirates,Fashion_Beauty,78.6
2026-05-24,AE,United_Arab_Emirates,Fashion_Beauty,86.09
2026-05-31,AE,United_Arab_Emirates,Fashion_Beauty,74.73
2026-06-07,AE,United_Arab_Emirates,Fashion_Beauty,66.99
2026-06-14,AE,United_Arab_Emirates,Fashion_Beauty,67.84
2026-06-21,AE,United_Arab_Emirates,Fashion_Beauty,62.27
2026-06-28,AE,United_Arab_Emirates,Fashion_Beauty,70.25
2026-07-05,AE,United_Arab_Emirates,Fashion_Beauty,76.42
2026-07-12,AE,United_Arab_Emirates,Fashion_Beauty,73.04
2026-07-19,AE,United_Arab_Emirates,Fashion_Beauty,70.98
2026-07-26,AE,United_Arab_Emirates,Fashion_Beauty,68.8
2026-08-02,AE,United_Arab_Emirates,Fashion_Beauty,70.5
2026-08-09,AE,United_Arab_Emirates,Fashion_Beauty,68.92
2026-08-16,AE,United_Arab_Emirates,Fashion_Beauty,71.7
2026-08-23,AE,United_Arab_Emirates,Fashion_Beauty,68.56
2023-01-01,AU,Australia,Nutrition_Diets,90.74
2023-01-08,AU,Australia,Nutrition_Diets,87.02
2023-01-15,AU,Australia,Nutrition_Diets,84.15
2023-01-22,AU,Australia,Nutrition_Diets,82.34
2023-01-29,AU,Australia,Nutrition_Diets,83.09
2023-02-05,AU,Australia,Nutrition_Diets,77.98
2023-02-12,AU,Australia,Nutrition_Diets,80
2023-02-19,AU,Australia,Nutrition_Diets,82.77
2023-02-26,AU,Australia,Nutrition_Diets,81.81
2023-03-05,AU,Australia,Nutrition_Diets,79.57
2023-03-12,AU,Australia,Nutrition_Diets,84.47
2023-03-19,AU,Australia,Nutrition_Diets,79.79
2023-03-26,AU,Australia,Nutrition_Diets,78.4
2023-04-02,AU,Australia,Nutrition_Diets,73.3
2023-04-09,AU,Australia,Nutrition_Diets,78.62
2023-04-16,AU,Australia,Nutrition_Diets,74.79
2023-04-23,AU,Australia,Nutrition_Diets,79.47
2023-04-30,AU,Australia,Nutrition_Diets,78.94
2023-05-07,AU,Australia,Nutrition_Diets,76.38
2023-05-14,AU,Australia,Nutrition_Diets,80.64
2023-05-21,AU,Australia,Nutrition_Diets,76.6
2023-05-28,AU,Australia,Nutrition_Diets,75.85
2023-06-04,AU,Australia,Nutrition_Diets,76.17
2023-06-11,AU,Australia,Nutrition_Diets,78.19
2023-06-18,AU,Australia,Nutrition_Diets,72.45
2023-06-25,AU,Australia,Nutrition_Diets,74.47
2023-07-02,AU,Australia,Nutrition_Diets,77.02
2023-07-09,AU,Australia,Nutrition_Diets,76.38
2023-07-16,AU,Australia,Nutrition_Diets,76.7
2023-07-23,AU,Australia,Nutrition_Diets,75.53
2023-07-30,AU,Australia,Nutrition_Diets,78.62
2023-08-06,AU,Australia,Nutrition_Diets,80.53
2023-08-13,AU,Australia,Nutrition_Diets,80.85
2023-08-20,AU,Australia,Nutrition_Diets,83.51
2023-08-27,AU,Australia,Nutrition_Diets,81.81
2023-09-03,AU,Australia,Nutrition_Diets,81.38
2023-09-10,AU,Australia,Nutrition_Diets,84.15
2023-09-17,AU,Australia,Nutrition_Diets,80
2023-09-24,AU,Australia,Nutrition_Diets,74.26
2023-10-01,AU,Australia,Nutrition_Diets,76.06
2023-10-08,AU,Australia,Nutrition_Diets,74.36
2023-10-15,AU,Australia,Nutrition_Diets,78.83
2023-10-22,AU,Australia,Nutrition_Diets,75.53
2023-10-29,AU,Australia,Nutrition_Diets,76.17
2023-11-05,AU,Australia,Nutrition_Diets,72.34
2023-11-12,AU,Australia,Nutrition_Diets,74.26
2023-11-19,AU,Australia,Nutrition_Diets,73.19
2023-11-26,AU,Australia,Nutrition_Diets,66.81
2023-12-03,AU,Australia,Nutrition_Diets,69.26
2023-12-10,AU,Australia,Nutrition_Diets,69.68
2023-12-17,AU,Australia,Nutrition_Diets,64.47
2023-12-24,AU,Australia,Nutrition_Diets,67.02
2023-12-31,AU,Australia,Nutrition_Diets,100
2024-01-07,AU,Australia,Nutrition_Diets,97.34
2024-01-14,AU,Australia,Nutrition_Diets,86.38
2024-01-21,AU,Australia,Nutrition_Diets,77.23
2024-01-28,AU,Australia,Nutrition_Diets,80.64
2024-02-04,AU,Australia,Nutrition_Diets,77.23
2024-02-11,AU,Australia,Nutrition_Diets,73.3
2024-02-18,AU,Australia,Nutrition_Diets,73.62
2024-02-25,AU,Australia,Nutrition_Diets,77.13
2024-03-03,AU,Australia,Nutrition_Diets,74.68
2024-03-10,AU,Australia,Nutrition_Diets,75.74
2024-03-17,AU,Australia,Nutrition_Diets,76.49
2024-03-24,AU,Australia,Nutrition_Diets,67.77
2024-03-31,AU,Australia,Nutrition_Diets,71.38
2024-04-07,AU,Australia,Nutrition_Diets,72.45
2024-04-14,AU,Australia,Nutrition_Diets,72.87
2024-04-21,AU,Australia,Nutrition_Diets,72.77
2024-04-28,AU,Australia,Nutrition_Diets,77.34
2024-05-05,AU,Australia,Nutrition_Diets,74.04
2024-05-12,AU,Australia,Nutrition_Diets,79.89
2024-05-19,AU,Australia,Nutrition_Diets,79.57
2024-05-26,AU,Australia,Nutrition_Diets,76.6
2024-06-02,AU,Australia,Nutrition_Diets,75.32
2024-06-09,AU,Australia,Nutrition_Diets,77.13
2024-06-16,AU,Australia,Nutrition_Diets,74.04
2024-06-23,AU,Australia,Nutrition_Diets,74.57
2024-06-30,AU,Australia,Nutrition_Diets,72.66
2024-07-07,AU,Australia,Nutrition_Diets,74.04
2024-07-14,AU,Australia,Nutrition_Diets,69.47
2024-07-21,AU,Australia,Nutrition_Diets,76.6
2024-07-28,AU,Australia,Nutrition_Diets,72.98
2024-08-04,AU,Australia,Nutrition_Diets,74.26
2024-08-11,AU,Australia,Nutrition_Diets,79.36
2024-08-18,AU,Australia,Nutrition_Diets,78.51
2024-08-25,AU,Australia,Nutrition_Diets,75.96
2024-09-01,AU,Australia,Nutrition_Diets,82.34
2024-09-08,AU,Australia,Nutrition_Diets,79.89
2024-09-15,AU,Australia,Nutrition_Diets,78.62
2024-09-22,AU,Australia,Nutrition_Diets,72.98
2024-09-29,AU,Australia,Nutrition_Diets,80.43
2024-10-06,AU,Australia,Nutrition_Diets,76.17
2024-10-13,AU,Australia,Nutrition_Diets,79.47
2024-10-20,AU,Australia,Nutrition_Diets,79.36
2024-10-27,AU,Australia,Nutrition_Diets,77.45
2024-11-03,AU,Australia,Nutrition_Diets,72.87
2024-11-10,AU,Australia,Nutrition_Diets,77.13
2024-11-17,AU,Australia,Nutrition_Diets,71.81
2024-11-24,AU,Australia,Nutrition_Diets,71.06
2024-12-01,AU,Australia,Nutrition_Diets,68.51
2024-12-08,AU,Australia,Nutrition_Diets,66.81
2024-12-15,AU,Australia,Nutrition_Diets,66.91
2024-12-22,AU,Australia,Nutrition_Diets,65.43
2024-12-29,AU,Australia,Nutrition_Diets,82.13
2025-01-05,AU,Australia,Nutrition_Diets,95.43
2025-01-12,AU,Australia,Nutrition_Diets,88.83
2025-01-19,AU,Australia,Nutrition_Diets,80.21
2025-01-26,AU,Australia,Nutrition_Diets,86.6
2025-02-02,AU,Australia,Nutrition_Diets,81.06
2025-02-09,AU,Australia,Nutrition_Diets,82.55
2025-02-16,AU,Australia,Nutrition_Diets,78.72
2025-02-23,AU,Australia,Nutrition_Diets,79.04
2025-03-02,AU,Australia,Nutrition_Diets,71.6
2025-03-09,AU,Australia,Nutrition_Diets,78.94
2025-03-16,AU,Australia,Nutrition_Diets,76.91
2025-03-23,AU,Australia,Nutrition_Diets,80
2025-03-30,AU,Australia,Nutrition_Diets,77.98
2025-04-06,AU,Australia,Nutrition_Diets,75.74
2025-04-13,AU,Australia,Nutrition_Diets,71.7
2025-04-20,AU,Australia,Nutrition_Diets,72.87
2025-04-27,AU,Australia,Nutrition_Diets,77.13
2025-05-04,AU,Australia,Nutrition_Diets,76.38
2025-05-11,AU,Australia,Nutrition_Diets,81.28
2025-05-18,AU,Australia,Nutrition_Diets,79.89
2025-05-25,AU,Australia,Nutrition_Diets,76.28
2025-06-01,AU,Australia,Nutrition_Diets,75.74
2025-06-08,AU,Australia,Nutrition_Diets,72.23
2025-06-15,AU,Australia,Nutrition_Diets,69.68
2025-06-22,AU,Australia,Nutrition_Diets,71.7
2025-06-29,AU,Australia,Nutrition_Diets,70.21
2025-07-06,AU,Australia,Nutrition_Diets,72.55
2025-07-13,AU,Australia,Nutrition_Diets,70.74
2025-07-20,AU,Australia,Nutrition_Diets,74.57
2025-07-27,AU,Australia,Nutrition_Diets,73.4
2025-08-03,AU,Australia,Nutrition_Diets,75.32
2025-08-10,AU,Australia,Nutrition_Diets,73.3
2025-08-17,AU,Australia,Nutrition_Diets,75.96
2025-08-24,AU,Australia,Nutrition_Diets,78.83
2025-08-31,AU,Australia,Nutrition_Diets,75
2025-09-07,AU,Australia,Nutrition_Diets,77.98
2025-09-14,AU,Australia,Nutrition_Diets,75.74
2025-09-21,AU,Australia,Nutrition_Diets,70.85
2025-09-28,AU,Australia,Nutrition_Diets,70.85
2025-10-05,AU,Australia,Nutrition_Diets,73.19
2025-10-12,AU,Australia,Nutrition_Diets,77.55
2025-10-19,AU,Australia,Nutrition_Diets,77.98
2025-10-26,AU,Australia,Nutrition_Diets,72.34
2025-11-02,AU,Australia,Nutrition_Diets,78.83
2025-11-09,AU,Australia,Nutrition_Diets,74.26
2025-11-16,AU,Australia,Nutrition_Diets,77.23
2025-11-23,AU,Australia,Nutrition_Diets,77.66
2025-11-30,AU,Australia,Nutrition_Diets,77.13
2025-12-07,AU,Australia,Nutrition_Diets,73.09
2025-12-14,AU,Australia,Nutrition_Diets,67.45
2025-12-21,AU,Australia,Nutrition_Diets,71.7
2025-12-28,AU,Australia,Nutrition_Diets,81.91
2026-01-04,AU,Australia,Nutrition_Diets,90.21
2026-01-11,AU,Australia,Nutrition_Diets,90.85
2026-01-18,AU,Australia,Nutrition_Diets,85.74
2026-01-25,AU,Australia,Nutrition_Diets,85
2026-02-01,AU,Australia,Nutrition_Diets,85.21
2026-02-08,AU,Australia,Nutrition_Diets,84.36
2026-02-15,AU,Australia,Nutrition_Diets,87.87
2026-02-22,AU,Australia,Nutrition_Diets,81.6
2026-03-01,AU,Australia,Nutrition_Diets,79.36
2026-03-08,AU,Australia,Nutrition_Diets,80.53
2026-03-15,AU,Australia,Nutrition_Diets,82.66
2026-03-22,AU,Australia,Nutrition_Diets,80.53
2026-03-29,AU,Australia,Nutrition_Diets,78.51
2026-04-05,AU,Australia,Nutrition_Diets,82.34
2026-04-12,AU,Australia,Nutrition_Diets,82.55
2026-04-19,AU,Australia,Nutrition_Diets,88.09
2026-04-26,AU,Australia,Nutrition_Diets,84.04
2026-05-03,AU,Australia,Nutrition_Diets,81.91
2026-05-10,AU,Australia,Nutrition_Diets,85
2026-05-17,AU,Australia,Nutrition_Diets,82.55
2026-05-24,AU,Australia,Nutrition_Diets,81.28
2026-05-31,AU,Australia,Nutrition_Diets,81.6
2026-06-07,AU,Australia,Nutrition_Diets,79.68
2026-06-14,AU,Australia,Nutrition_Diets,74.79
2026-06-21,AU,Australia,Nutrition_Diets,76.38
2026-06-28,AU,Australia,Nutrition_Diets,79.79
2026-07-05,AU,Australia,Nutrition_Diets,80.96
2026-07-12,AU,Australia,Nutrition_Diets,75.64
2026-07-19,AU,Australia,Nutrition_Diets,78.72
2026-07-26,AU,Australia,Nutrition_Diets,76.81
2026-08-02,AU,Australia,Nutrition_Diets,77.66
2026-08-09,AU,Australia,Nutrition_Diets,78.3
2026-08-16,AU,Australia,Nutrition_Diets,78.83
2026-08-23,AU,Australia,Nutrition_Diets,80
2023-01-01,AU,Australia,Fitness_Wearables,89.21
2023-01-08,AU,Australia,Fitness_Wearables,87.26
2023-01-15,AU,Australia,Fitness_Wearables,81.6
2023-01-22,AU,Australia,Fitness_Wearables,83.35
2023-01-29,AU,Australia,Fitness_Wearables,85.2
2023-02-05,AU,Australia,Fitness_Wearables,81.4
2023-02-12,AU,Australia,Fitness_Wearables,77.9
2023-02-19,AU,Australia,Fitness_Wearables,79.65
2023-02-26,AU,Australia,Fitness_Wearables,77.49
2023-03-05,AU,Australia,Fitness_Wearables,74.51
2023-03-12,AU,Australia,Fitness_Wearables,73.38
2023-03-19,AU,Australia,Fitness_Wearables,72.97
2023-03-26,AU,Australia,Fitness_Wearables,74.41
2023-04-02,AU,Australia,Fitness_Wearables,71.84
2023-04-09,AU,Australia,Fitness_Wearables,72.35
2023-04-16,AU,Australia,Fitness_Wearables,72.66
2023-04-23,AU,Australia,Fitness_Wearables,74.72
2023-04-30,AU,Australia,Fitness_Wearables,75.33
2023-05-07,AU,Australia,Fitness_Wearables,69.99
2023-05-14,AU,Australia,Fitness_Wearables,69.27
2023-05-21,AU,Australia,Fitness_Wearables,70.71
2023-05-28,AU,Australia,Fitness_Wearables,71.84
2023-06-04,AU,Australia,Fitness_Wearables,72.76
2023-06-11,AU,Australia,Fitness_Wearables,71.33
2023-06-18,AU,Australia,Fitness_Wearables,72.05
2023-06-25,AU,Australia,Fitness_Wearables,72.25
2023-07-02,AU,Australia,Fitness_Wearables,74.92
2023-07-09,AU,Australia,Fitness_Wearables,75.33
2023-07-16,AU,Australia,Fitness_Wearables,72.05
2023-07-23,AU,Australia,Fitness_Wearables,74.1
2023-07-30,AU,Australia,Fitness_Wearables,74
2023-08-06,AU,Australia,Fitness_Wearables,75.33
2023-08-13,AU,Australia,Fitness_Wearables,72.87
2023-08-20,AU,Australia,Fitness_Wearables,76.67
2023-08-27,AU,Australia,Fitness_Wearables,73.69
2023-09-03,AU,Australia,Fitness_Wearables,74
2023-09-10,AU,Australia,Fitness_Wearables,71.94
2023-09-17,AU,Australia,Fitness_Wearables,72.25
2023-09-24,AU,Australia,Fitness_Wearables,76.16
2023-10-01,AU,Australia,Fitness_Wearables,74.82
2023-10-08,AU,Australia,Fitness_Wearables,75.33
2023-10-15,AU,Australia,Fitness_Wearables,73.07
2023-10-22,AU,Australia,Fitness_Wearables,72.46
2023-10-29,AU,Australia,Fitness_Wearables,73.48
2023-11-05,AU,Australia,Fitness_Wearables,72.15
2023-11-12,AU,Australia,Fitness_Wearables,75.75
2023-11-19,AU,Australia,Fitness_Wearables,77.8
2023-11-26,AU,Australia,Fitness_Wearables,75.23
2023-12-03,AU,Australia,Fitness_Wearables,72.56
2023-12-10,AU,Australia,Fitness_Wearables,72.87
2023-12-17,AU,Australia,Fitness_Wearables,72.66
2023-12-24,AU,Australia,Fitness_Wearables,80.99
2023-12-31,AU,Australia,Fitness_Wearables,89.11
2024-01-07,AU,Australia,Fitness_Wearables,90.54
2024-01-14,AU,Australia,Fitness_Wearables,83.45
2024-01-21,AU,Australia,Fitness_Wearables,80.68
2024-01-28,AU,Australia,Fitness_Wearables,83.56
2024-02-04,AU,Australia,Fitness_Wearables,81.6
2024-02-11,AU,Australia,Fitness_Wearables,77.9
2024-02-18,AU,Australia,Fitness_Wearables,79.65
2024-02-25,AU,Australia,Fitness_Wearables,78.83
2024-03-03,AU,Australia,Fitness_Wearables,76.88
2024-03-10,AU,Australia,Fitness_Wearables,76.46
2024-03-17,AU,Australia,Fitness_Wearables,75.03
2024-03-24,AU,Australia,Fitness_Wearables,72.87
2024-03-31,AU,Australia,Fitness_Wearables,77.18
2024-04-07,AU,Australia,Fitness_Wearables,76.88
2024-04-14,AU,Australia,Fitness_Wearables,75.33
2024-04-21,AU,Australia,Fitness_Wearables,73.59
2024-04-28,AU,Australia,Fitness_Wearables,76.05
2024-05-05,AU,Australia,Fitness_Wearables,72.97
2024-05-12,AU,Australia,Fitness_Wearables,74.2
2024-05-19,AU,Australia,Fitness_Wearables,74.1
2024-05-26,AU,Australia,Fitness_Wearables,75.23
2024-06-02,AU,Australia,Fitness_Wearables,74.2
2024-06-09,AU,Australia,Fitness_Wearables,74.51
2024-06-16,AU,Australia,Fitness_Wearables,74.72
2024-06-23,AU,Australia,Fitness_Wearables,76.26
2024-06-30,AU,Australia,Fitness_Wearables,73.28
2024-07-07,AU,Australia,Fitness_Wearables,75.54
2024-07-14,AU,Australia,Fitness_Wearables,74.31
2024-07-21,AU,Australia,Fitness_Wearables,76.88
2024-07-28,AU,Australia,Fitness_Wearables,74.82
2024-08-04,AU,Australia,Fitness_Wearables,77.39
2024-08-11,AU,Australia,Fitness_Wearables,79.75
2024-08-18,AU,Australia,Fitness_Wearables,79.14
2024-08-25,AU,Australia,Fitness_Wearables,76.98
2024-09-01,AU,Australia,Fitness_Wearables,79.65
2024-09-08,AU,Australia,Fitness_Wearables,77.7
2024-09-15,AU,Australia,Fitness_Wearables,76.98
2024-09-22,AU,Australia,Fitness_Wearables,75.75
2024-09-29,AU,Australia,Fitness_Wearables,77.39
2024-10-06,AU,Australia,Fitness_Wearables,75.44
2024-10-13,AU,Australia,Fitness_Wearables,76.16
2024-10-20,AU,Australia,Fitness_Wearables,76.26
2024-10-27,AU,Australia,Fitness_Wearables,73.79
2024-11-03,AU,Australia,Fitness_Wearables,74.61
2024-11-10,AU,Australia,Fitness_Wearables,75.33
2024-11-17,AU,Australia,Fitness_Wearables,79.45
2024-11-24,AU,Australia,Fitness_Wearables,81.6
2024-12-01,AU,Australia,Fitness_Wearables,74.1
2024-12-08,AU,Australia,Fitness_Wearables,72.35
2024-12-15,AU,Australia,Fitness_Wearables,74.61
2024-12-22,AU,Australia,Fitness_Wearables,81.71
2024-12-29,AU,Australia,Fitness_Wearables,88.39
2025-01-05,AU,Australia,Fitness_Wearables,94.86
2025-01-12,AU,Australia,Fitness_Wearables,90.65
2025-01-19,AU,Australia,Fitness_Wearables,86.95
2025-01-26,AU,Australia,Fitness_Wearables,89
2025-02-02,AU,Australia,Fitness_Wearables,84.17
2025-02-09,AU,Australia,Fitness_Wearables,80.99
2025-02-16,AU,Australia,Fitness_Wearables,83.35
2025-02-23,AU,Australia,Fitness_Wearables,82.22
2025-03-02,AU,Australia,Fitness_Wearables,76.36
2025-03-09,AU,Australia,Fitness_Wearables,80.78
2025-03-16,AU,Australia,Fitness_Wearables,78.21
2025-03-23,AU,Australia,Fitness_Wearables,80.16
2025-03-30,AU,Australia,Fitness_Wearables,76.46
2025-04-06,AU,Australia,Fitness_Wearables,75.54
2025-04-13,AU,Australia,Fitness_Wearables,75.23
2025-04-20,AU,Australia,Fitness_Wearables,78.01
2025-04-27,AU,Australia,Fitness_Wearables,76.67
2025-05-04,AU,Australia,Fitness_Wearables,76.46
2025-05-11,AU,Australia,Fitness_Wearables,77.29
2025-05-18,AU,Australia,Fitness_Wearables,76.05
2025-05-25,AU,Australia,Fitness_Wearables,76.98
2025-06-01,AU,Australia,Fitness_Wearables,76.36
2025-06-08,AU,Australia,Fitness_Wearables,73.59
2025-06-15,AU,Australia,Fitness_Wearables,73.9
2025-06-22,AU,Australia,Fitness_Wearables,75.23
2025-06-29,AU,Australia,Fitness_Wearables,77.18
2025-07-06,AU,Australia,Fitness_Wearables,78.01
2025-07-13,AU,Australia,Fitness_Wearables,75.03
2025-07-20,AU,Australia,Fitness_Wearables,77.29
2025-07-27,AU,Australia,Fitness_Wearables,77.8
2025-08-03,AU,Australia,Fitness_Wearables,78.42
2025-08-10,AU,Australia,Fitness_Wearables,77.6
2025-08-17,AU,Australia,Fitness_Wearables,80.27
2025-08-24,AU,Australia,Fitness_Wearables,80.16
2025-08-31,AU,Australia,Fitness_Wearables,77.8
2025-09-07,AU,Australia,Fitness_Wearables,78.11
2025-09-14,AU,Australia,Fitness_Wearables,82.22
2025-09-21,AU,Australia,Fitness_Wearables,79.24
2025-09-28,AU,Australia,Fitness_Wearables,78.11
2025-10-05,AU,Australia,Fitness_Wearables,76.88
2025-10-12,AU,Australia,Fitness_Wearables,79.96
2025-10-19,AU,Australia,Fitness_Wearables,77.29
2025-10-26,AU,Australia,Fitness_Wearables,75.13
2025-11-02,AU,Australia,Fitness_Wearables,82.53
2025-11-09,AU,Australia,Fitness_Wearables,81.09
2025-11-16,AU,Australia,Fitness_Wearables,86.02
2025-11-23,AU,Australia,Fitness_Wearables,87.05
2025-11-30,AU,Australia,Fitness_Wearables,81.6
2025-12-07,AU,Australia,Fitness_Wearables,80.06
2025-12-14,AU,Australia,Fitness_Wearables,75.95
2025-12-21,AU,Australia,Fitness_Wearables,86.02
2025-12-28,AU,Australia,Fitness_Wearables,96.4
2026-01-04,AU,Australia,Fitness_Wearables,100
2026-01-11,AU,Australia,Fitness_Wearables,98.56
2026-01-18,AU,Australia,Fitness_Wearables,92.7
2026-01-25,AU,Australia,Fitness_Wearables,93.11
2026-02-01,AU,Australia,Fitness_Wearables,94.96
2026-02-08,AU,Australia,Fitness_Wearables,97.84
2026-02-15,AU,Australia,Fitness_Wearables,94.66
2026-02-22,AU,Australia,Fitness_Wearables,87.98
2026-03-01,AU,Australia,Fitness_Wearables,84.99
2026-03-08,AU,Australia,Fitness_Wearables,86.23
2026-03-15,AU,Australia,Fitness_Wearables,85.82
2026-03-22,AU,Australia,Fitness_Wearables,86.13
2026-03-29,AU,Australia,Fitness_Wearables,85.51
2026-04-05,AU,Australia,Fitness_Wearables,89.21
2026-04-12,AU,Australia,Fitness_Wearables,89.62
2026-04-19,AU,Australia,Fitness_Wearables,88.8
2026-04-26,AU,Australia,Fitness_Wearables,90.85
2026-05-03,AU,Australia,Fitness_Wearables,88.69
2026-05-10,AU,Australia,Fitness_Wearables,87.87
2026-05-17,AU,Australia,Fitness_Wearables,86.23
2026-05-24,AU,Australia,Fitness_Wearables,85.1
2026-05-31,AU,Australia,Fitness_Wearables,86.64
2026-06-07,AU,Australia,Fitness_Wearables,84.28
2026-06-14,AU,Australia,Fitness_Wearables,80.68
2026-06-21,AU,Australia,Fitness_Wearables,83.76
2026-06-28,AU,Australia,Fitness_Wearables,85.2
2026-07-05,AU,Australia,Fitness_Wearables,85.82
2026-07-12,AU,Australia,Fitness_Wearables,83.76
2026-07-19,AU,Australia,Fitness_Wearables,83.45
2026-07-26,AU,Australia,Fitness_Wearables,85.92
2026-08-02,AU,Australia,Fitness_Wearables,85.92
2026-08-09,AU,Australia,Fitness_Wearables,84.79
2026-08-16,AU,Australia,Fitness_Wearables,87.05
2026-08-23,AU,Australia,Fitness_Wearables,88.39
2023-01-01,AU,Australia,Fashion_Beauty,58.06
2023-01-08,AU,Australia,Fashion_Beauty,58.19
2023-01-15,AU,Australia,Fashion_Beauty,58.68
2023-01-22,AU,Australia,Fashion_Beauty,58.68
2023-01-29,AU,Australia,Fashion_Beauty,58.19
2023-02-05,AU,Australia,Fashion_Beauty,61.91
2023-02-12,AU,Australia,Fashion_Beauty,60.05
2023-02-19,AU,Australia,Fashion_Beauty,59.06
2023-02-26,AU,Australia,Fashion_Beauty,63.03
2023-03-05,AU,Australia,Fashion_Beauty,64.27
2023-03-12,AU,Australia,Fashion_Beauty,65.63
2023-03-19,AU,Australia,Fashion_Beauty,62.03
2023-03-26,AU,Australia,Fashion_Beauty,62.9
2023-04-02,AU,Australia,Fashion_Beauty,61.04
2023-04-09,AU,Australia,Fashion_Beauty,67.74
2023-04-16,AU,Australia,Fashion_Beauty,66
2023-04-23,AU,Australia,Fashion_Beauty,65.88
2023-04-30,AU,Australia,Fashion_Beauty,66.63
2023-05-07,AU,Australia,Fashion_Beauty,67.12
2023-05-14,AU,Australia,Fashion_Beauty,68.49
2023-05-21,AU,Australia,Fashion_Beauty,62.53
2023-05-28,AU,Australia,Fashion_Beauty,61.91
2023-06-04,AU,Australia,Fashion_Beauty,62.16
2023-06-11,AU,Australia,Fashion_Beauty,60.67
2023-06-18,AU,Australia,Fashion_Beauty,59.31
2023-06-25,AU,Australia,Fashion_Beauty,60.79
2023-07-02,AU,Australia,Fashion_Beauty,61.79
2023-07-09,AU,Australia,Fashion_Beauty,60.79
2023-07-16,AU,Australia,Fashion_Beauty,60.3
2023-07-23,AU,Australia,Fashion_Beauty,61.04
2023-07-30,AU,Australia,Fashion_Beauty,60.05
2023-08-06,AU,Australia,Fashion_Beauty,60.92
2023-08-13,AU,Australia,Fashion_Beauty,61.66
2023-08-20,AU,Australia,Fashion_Beauty,64.14
2023-08-27,AU,Australia,Fashion_Beauty,61.79
2023-09-03,AU,Australia,Fashion_Beauty,61.66
2023-09-10,AU,Australia,Fashion_Beauty,62.03
2023-09-17,AU,Australia,Fashion_Beauty,63.15
2023-09-24,AU,Australia,Fashion_Beauty,64.89
2023-10-01,AU,Australia,Fashion_Beauty,65.51
2023-10-08,AU,Australia,Fashion_Beauty,62.28
2023-10-15,AU,Australia,Fashion_Beauty,64.14
2023-10-22,AU,Australia,Fashion_Beauty,67
2023-10-29,AU,Australia,Fashion_Beauty,65.51
2023-11-05,AU,Australia,Fashion_Beauty,67.87
2023-11-12,AU,Australia,Fashion_Beauty,67.99
2023-11-19,AU,Australia,Fashion_Beauty,72.95
2023-11-26,AU,Australia,Fashion_Beauty,67.12
2023-12-03,AU,Australia,Fashion_Beauty,67.37
2023-12-10,AU,Australia,Fashion_Beauty,65.63
2023-12-17,AU,Australia,Fashion_Beauty,64.14
2023-12-24,AU,Australia,Fashion_Beauty,67.25
2023-12-31,AU,Australia,Fashion_Beauty,59.31
2024-01-07,AU,Australia,Fashion_Beauty,59.68
2024-01-14,AU,Australia,Fashion_Beauty,59.31
2024-01-21,AU,Australia,Fashion_Beauty,57.69
2024-01-28,AU,Australia,Fashion_Beauty,57.57
2024-02-04,AU,Australia,Fashion_Beauty,58.93
2024-02-11,AU,Australia,Fashion_Beauty,58.06
2024-02-18,AU,Australia,Fashion_Beauty,59.93
2024-02-25,AU,Australia,Fashion_Beauty,59.55
2024-03-03,AU,Australia,Fashion_Beauty,61.41
2024-03-10,AU,Australia,Fashion_Beauty,61.17
2024-03-17,AU,Australia,Fashion_Beauty,59.8
2024-03-24,AU,Australia,Fashion_Beauty,58.56
2024-03-31,AU,Australia,Fashion_Beauty,60.92
2024-04-07,AU,Australia,Fashion_Beauty,63.65
2024-04-14,AU,Australia,Fashion_Beauty,63.4
2024-04-21,AU,Australia,Fashion_Beauty,65.14
2024-04-28,AU,Australia,Fashion_Beauty,62.9
2024-05-05,AU,Australia,Fashion_Beauty,64.14
2024-05-12,AU,Australia,Fashion_Beauty,65.63
2024-05-19,AU,Australia,Fashion_Beauty,65.01
2024-05-26,AU,Australia,Fashion_Beauty,59.93
2024-06-02,AU,Australia,Fashion_Beauty,60.17
2024-06-09,AU,Australia,Fashion_Beauty,59.06
2024-06-16,AU,Australia,Fashion_Beauty,61.79
2024-06-23,AU,Australia,Fashion_Beauty,59.93
2024-06-30,AU,Australia,Fashion_Beauty,59.06
2024-07-07,AU,Australia,Fashion_Beauty,60.79
2024-07-14,AU,Australia,Fashion_Beauty,60.67
2024-07-21,AU,Australia,Fashion_Beauty,60.17
2024-07-28,AU,Australia,Fashion_Beauty,59.68
2024-08-04,AU,Australia,Fashion_Beauty,59.93
2024-08-11,AU,Australia,Fashion_Beauty,62.66
2024-08-18,AU,Australia,Fashion_Beauty,63.4
2024-08-25,AU,Australia,Fashion_Beauty,62.9
2024-09-01,AU,Australia,Fashion_Beauty,65.14
2024-09-08,AU,Australia,Fashion_Beauty,64.27
2024-09-15,AU,Australia,Fashion_Beauty,65.88
2024-09-22,AU,Australia,Fashion_Beauty,66.75
2024-09-29,AU,Australia,Fashion_Beauty,66.75
2024-10-06,AU,Australia,Fashion_Beauty,67.37
2024-10-13,AU,Australia,Fashion_Beauty,76.92
2024-10-20,AU,Australia,Fashion_Beauty,69.6
2024-10-27,AU,Australia,Fashion_Beauty,65.88
2024-11-03,AU,Australia,Fashion_Beauty,65.51
2024-11-10,AU,Australia,Fashion_Beauty,66.87
2024-11-17,AU,Australia,Fashion_Beauty,68.73
2024-11-24,AU,Australia,Fashion_Beauty,74.44
2024-12-01,AU,Australia,Fashion_Beauty,66.75
2024-12-08,AU,Australia,Fashion_Beauty,65.01
2024-12-15,AU,Australia,Fashion_Beauty,64.14
2024-12-22,AU,Australia,Fashion_Beauty,69.98
2024-12-29,AU,Australia,Fashion_Beauty,62.03
2025-01-05,AU,Australia,Fashion_Beauty,59.43
2025-01-12,AU,Australia,Fashion_Beauty,58.19
2025-01-19,AU,Australia,Fashion_Beauty,58.31
2025-01-26,AU,Australia,Fashion_Beauty,59.8
2025-02-02,AU,Australia,Fashion_Beauty,59.8
2025-02-09,AU,Australia,Fashion_Beauty,58.81
2025-02-16,AU,Australia,Fashion_Beauty,59.43
2025-02-23,AU,Australia,Fashion_Beauty,60.55
2025-03-02,AU,Australia,Fashion_Beauty,59.31
2025-03-09,AU,Australia,Fashion_Beauty,59.8
2025-03-16,AU,Australia,Fashion_Beauty,61.91
2025-03-23,AU,Australia,Fashion_Beauty,62.41
2025-03-30,AU,Australia,Fashion_Beauty,61.29
2025-04-06,AU,Australia,Fashion_Beauty,62.03
2025-04-13,AU,Australia,Fashion_Beauty,60.55
2025-04-20,AU,Australia,Fashion_Beauty,63.4
2025-04-27,AU,Australia,Fashion_Beauty,59.31
2025-05-04,AU,Australia,Fashion_Beauty,64.52
2025-05-11,AU,Australia,Fashion_Beauty,64.89
2025-05-18,AU,Australia,Fashion_Beauty,61.91
2025-05-25,AU,Australia,Fashion_Beauty,61.29
2025-06-01,AU,Australia,Fashion_Beauty,60.42
2025-06-08,AU,Australia,Fashion_Beauty,60.17
2025-06-15,AU,Australia,Fashion_Beauty,61.17
2025-06-22,AU,Australia,Fashion_Beauty,58.93
2025-06-29,AU,Australia,Fashion_Beauty,59.68
2025-07-06,AU,Australia,Fashion_Beauty,61.04
2025-07-13,AU,Australia,Fashion_Beauty,59.8
2025-07-20,AU,Australia,Fashion_Beauty,61.91
2025-07-27,AU,Australia,Fashion_Beauty,59.55
2025-08-03,AU,Australia,Fashion_Beauty,64.27
2025-08-10,AU,Australia,Fashion_Beauty,62.78
2025-08-17,AU,Australia,Fashion_Beauty,65.26
2025-08-24,AU,Australia,Fashion_Beauty,62.9
2025-08-31,AU,Australia,Fashion_Beauty,62.16
2025-09-07,AU,Australia,Fashion_Beauty,61.29
2025-09-14,AU,Australia,Fashion_Beauty,63.65
2025-09-21,AU,Australia,Fashion_Beauty,61.29
2025-09-28,AU,Australia,Fashion_Beauty,64.89
2025-10-05,AU,Australia,Fashion_Beauty,68.61
2025-10-12,AU,Australia,Fashion_Beauty,81.14
2025-10-19,AU,Australia,Fashion_Beauty,66.38
2025-10-26,AU,Australia,Fashion_Beauty,64.52
2025-11-02,AU,Australia,Fashion_Beauty,72.33
2025-11-09,AU,Australia,Fashion_Beauty,70.47
2025-11-16,AU,Australia,Fashion_Beauty,72.83
2025-11-23,AU,Australia,Fashion_Beauty,79.78
2025-11-30,AU,Australia,Fashion_Beauty,75.93
2025-12-07,AU,Australia,Fashion_Beauty,72.83
2025-12-14,AU,Australia,Fashion_Beauty,68.49
2025-12-21,AU,Australia,Fashion_Beauty,76.55
2025-12-28,AU,Australia,Fashion_Beauty,69.35
2026-01-04,AU,Australia,Fashion_Beauty,73.95
2026-01-11,AU,Australia,Fashion_Beauty,63.03
2026-01-18,AU,Australia,Fashion_Beauty,65.14
2026-01-25,AU,Australia,Fashion_Beauty,65.14
2026-02-01,AU,Australia,Fashion_Beauty,67.62
2026-02-08,AU,Australia,Fashion_Beauty,94.29
2026-02-15,AU,Australia,Fashion_Beauty,100
2026-02-22,AU,Australia,Fashion_Beauty,73.08
2026-03-01,AU,Australia,Fashion_Beauty,66
2026-03-08,AU,Australia,Fashion_Beauty,71.22
2026-03-15,AU,Australia,Fashion_Beauty,69.6
2026-03-22,AU,Australia,Fashion_Beauty,67.62
2026-03-29,AU,Australia,Fashion_Beauty,67.12
2026-04-05,AU,Australia,Fashion_Beauty,72.08
2026-04-12,AU,Australia,Fashion_Beauty,71.96
2026-04-19,AU,Australia,Fashion_Beauty,71.46
2026-04-26,AU,Australia,Fashion_Beauty,72.21
2026-05-03,AU,Australia,Fashion_Beauty,77.17
2026-05-10,AU,Australia,Fashion_Beauty,76.43
2026-05-17,AU,Australia,Fashion_Beauty,72.21
2026-05-24,AU,Australia,Fashion_Beauty,69.35
2026-05-31,AU,Australia,Fashion_Beauty,70.6
2026-06-07,AU,Australia,Fashion_Beauty,68.61
2026-06-14,AU,Australia,Fashion_Beauty,66.63
2026-06-21,AU,Australia,Fashion_Beauty,68.98
2026-06-28,AU,Australia,Fashion_Beauty,68.73
2026-07-05,AU,Australia,Fashion_Beauty,71.59
2026-07-12,AU,Australia,Fashion_Beauty,69.11
2026-07-19,AU,Australia,Fashion_Beauty,68.98
2026-07-26,AU,Australia,Fashion_Beauty,69.23
2026-08-02,AU,Australia,Fashion_Beauty,66.5
2026-08-09,AU,Australia,Fashion_Beauty,70.97
2026-08-16,AU,Australia,Fashion_Beauty,68.86
2026-08-23,AU,Australia,Fashion_Beauty,66.38
2023-01-01,BR,Brazil,Nutrition_Diets,36.6
2023-01-08,BR,Brazil,Nutrition_Diets,37.66
2023-01-15,BR,Brazil,Nutrition_Diets,39.26
2023-01-22,BR,Brazil,Nutrition_Diets,37.55
2023-01-29,BR,Brazil,Nutrition_Diets,36.49
2023-02-05,BR,Brazil,Nutrition_Diets,35.85
2023-02-12,BR,Brazil,Nutrition_Diets,34.36
2023-02-19,BR,Brazil,Nutrition_Diets,31.81
2023-02-26,BR,Brazil,Nutrition_Diets,34.68
2023-03-05,BR,Brazil,Nutrition_Diets,33.19
2023-03-12,BR,Brazil,Nutrition_Diets,33.3
2023-03-19,BR,Brazil,Nutrition_Diets,34.89
2023-03-26,BR,Brazil,Nutrition_Diets,34.36
2023-04-02,BR,Brazil,Nutrition_Diets,32.66
2023-04-09,BR,Brazil,Nutrition_Diets,29.57
2023-04-16,BR,Brazil,Nutrition_Diets,29.36
2023-04-23,BR,Brazil,Nutrition_Diets,29.79
2023-04-30,BR,Brazil,Nutrition_Diets,30.96
2023-05-07,BR,Brazil,Nutrition_Diets,30.11
2023-05-14,BR,Brazil,Nutrition_Diets,29.68
2023-05-21,BR,Brazil,Nutrition_Diets,29.79
2023-05-28,BR,Brazil,Nutrition_Diets,30.21
2023-06-04,BR,Brazil,Nutrition_Diets,29.04
2023-06-11,BR,Brazil,Nutrition_Diets,31.49
2023-06-18,BR,Brazil,Nutrition_Diets,30
2023-06-25,BR,Brazil,Nutrition_Diets,31.7
2023-07-02,BR,Brazil,Nutrition_Diets,31.49
2023-07-09,BR,Brazil,Nutrition_Diets,31.49
2023-07-16,BR,Brazil,Nutrition_Diets,30.53
2023-07-23,BR,Brazil,Nutrition_Diets,32.02
2023-07-30,BR,Brazil,Nutrition_Diets,32.87
2023-08-06,BR,Brazil,Nutrition_Diets,33.62
2023-08-13,BR,Brazil,Nutrition_Diets,31.49
2023-08-20,BR,Brazil,Nutrition_Diets,33.94
2023-08-27,BR,Brazil,Nutrition_Diets,31.7
2023-09-03,BR,Brazil,Nutrition_Diets,32.77
2023-09-10,BR,Brazil,Nutrition_Diets,34.68
2023-09-17,BR,Brazil,Nutrition_Diets,33.72
2023-09-24,BR,Brazil,Nutrition_Diets,31.6
2023-10-01,BR,Brazil,Nutrition_Diets,31.06
2023-10-08,BR,Brazil,Nutrition_Diets,29.68
2023-10-15,BR,Brazil,Nutrition_Diets,32.98
2023-10-22,BR,Brazil,Nutrition_Diets,32.34
2023-10-29,BR,Brazil,Nutrition_Diets,30.64
2023-11-05,BR,Brazil,Nutrition_Diets,32.77
2023-11-12,BR,Brazil,Nutrition_Diets,32.23
2023-11-19,BR,Brazil,Nutrition_Diets,31.91
2023-11-26,BR,Brazil,Nutrition_Diets,29.04
2023-12-03,BR,Brazil,Nutrition_Diets,30.43
2023-12-10,BR,Brazil,Nutrition_Diets,30.11
2023-12-17,BR,Brazil,Nutrition_Diets,28.4
2023-12-24,BR,Brazil,Nutrition_Diets,25.74
2023-12-31,BR,Brazil,Nutrition_Diets,29.89
2024-01-07,BR,Brazil,Nutrition_Diets,36.49
2024-01-14,BR,Brazil,Nutrition_Diets,33.94
2024-01-21,BR,Brazil,Nutrition_Diets,33.4
2024-01-28,BR,Brazil,Nutrition_Diets,32.23
2024-02-04,BR,Brazil,Nutrition_Diets,31.38
2024-02-11,BR,Brazil,Nutrition_Diets,30
2024-02-18,BR,Brazil,Nutrition_Diets,30.11
2024-02-25,BR,Brazil,Nutrition_Diets,30.11
2024-03-03,BR,Brazil,Nutrition_Diets,30.96
2024-03-10,BR,Brazil,Nutrition_Diets,30.74
2024-03-17,BR,Brazil,Nutrition_Diets,28.83
2024-03-24,BR,Brazil,Nutrition_Diets,28.72
2024-03-31,BR,Brazil,Nutrition_Diets,28.09
2024-04-07,BR,Brazil,Nutrition_Diets,28.3
2024-04-14,BR,Brazil,Nutrition_Diets,26.91
2024-04-21,BR,Brazil,Nutrition_Diets,27.55
2024-04-28,BR,Brazil,Nutrition_Diets,26.49
2024-05-05,BR,Brazil,Nutrition_Diets,26.81
2024-05-12,BR,Brazil,Nutrition_Diets,28.19
2024-05-19,BR,Brazil,Nutrition_Diets,28.72
2024-05-26,BR,Brazil,Nutrition_Diets,25.96
2024-06-02,BR,Brazil,Nutrition_Diets,30.32
2024-06-09,BR,Brazil,Nutrition_Diets,29.26
2024-06-16,BR,Brazil,Nutrition_Diets,28.94
2024-06-23,BR,Brazil,Nutrition_Diets,28.62
2024-06-30,BR,Brazil,Nutrition_Diets,29.79
2024-07-07,BR,Brazil,Nutrition_Diets,27.87
2024-07-14,BR,Brazil,Nutrition_Diets,29.47
2024-07-21,BR,Brazil,Nutrition_Diets,28.94
2024-07-28,BR,Brazil,Nutrition_Diets,28.19
2024-08-04,BR,Brazil,Nutrition_Diets,30.85
2024-08-11,BR,Brazil,Nutrition_Diets,28.51
2024-08-18,BR,Brazil,Nutrition_Diets,30.53
2024-08-25,BR,Brazil,Nutrition_Diets,30.21
2024-09-01,BR,Brazil,Nutrition_Diets,32.55
2024-09-08,BR,Brazil,Nutrition_Diets,33.4
2024-09-15,BR,Brazil,Nutrition_Diets,31.49
2024-09-22,BR,Brazil,Nutrition_Diets,33.51
2024-09-29,BR,Brazil,Nutrition_Diets,32.45
2024-10-06,BR,Brazil,Nutrition_Diets,30
2024-10-13,BR,Brazil,Nutrition_Diets,34.68
2024-10-20,BR,Brazil,Nutrition_Diets,34.68
2024-10-27,BR,Brazil,Nutrition_Diets,33.62
2024-11-03,BR,Brazil,Nutrition_Diets,32.23
2024-11-10,BR,Brazil,Nutrition_Diets,31.91
2024-11-17,BR,Brazil,Nutrition_Diets,32.23
2024-11-24,BR,Brazil,Nutrition_Diets,36.6
2024-12-01,BR,Brazil,Nutrition_Diets,34.04
2024-12-08,BR,Brazil,Nutrition_Diets,33.09
2024-12-15,BR,Brazil,Nutrition_Diets,30.85
2024-12-22,BR,Brazil,Nutrition_Diets,28.19
2024-12-29,BR,Brazil,Nutrition_Diets,28.94
2025-01-05,BR,Brazil,Nutrition_Diets,38.72
2025-01-12,BR,Brazil,Nutrition_Diets,43.62
2025-01-19,BR,Brazil,Nutrition_Diets,43.83
2025-01-26,BR,Brazil,Nutrition_Diets,39.36
2025-02-02,BR,Brazil,Nutrition_Diets,36.91
2025-02-09,BR,Brazil,Nutrition_Diets,36.17
2025-02-16,BR,Brazil,Nutrition_Diets,35.64
2025-02-23,BR,Brazil,Nutrition_Diets,33.72
2025-03-02,BR,Brazil,Nutrition_Diets,32.23
2025-03-09,BR,Brazil,Nutrition_Diets,36.6
2025-03-16,BR,Brazil,Nutrition_Diets,37.77
2025-03-23,BR,Brazil,Nutrition_Diets,35.53
2025-03-30,BR,Brazil,Nutrition_Diets,34.36
2025-04-06,BR,Brazil,Nutrition_Diets,35.32
2025-04-13,BR,Brazil,Nutrition_Diets,35.32
2025-04-20,BR,Brazil,Nutrition_Diets,38.94
2025-04-27,BR,Brazil,Nutrition_Diets,40.21
2025-05-04,BR,Brazil,Nutrition_Diets,38.51
2025-05-11,BR,Brazil,Nutrition_Diets,37.77
2025-05-18,BR,Brazil,Nutrition_Diets,38.19
2025-05-25,BR,Brazil,Nutrition_Diets,36.49
2025-06-01,BR,Brazil,Nutrition_Diets,37.55
2025-06-08,BR,Brazil,Nutrition_Diets,36.38
2025-06-15,BR,Brazil,Nutrition_Diets,40.21
2025-06-22,BR,Brazil,Nutrition_Diets,37.23
2025-06-29,BR,Brazil,Nutrition_Diets,35.32
2025-07-06,BR,Brazil,Nutrition_Diets,30.21
2025-07-13,BR,Brazil,Nutrition_Diets,29.47
2025-07-20,BR,Brazil,Nutrition_Diets,31.38
2025-07-27,BR,Brazil,Nutrition_Diets,30
2025-08-03,BR,Brazil,Nutrition_Diets,29.68
2025-08-10,BR,Brazil,Nutrition_Diets,30.85
2025-08-17,BR,Brazil,Nutrition_Diets,29.89
2025-08-24,BR,Brazil,Nutrition_Diets,29.89
2025-08-31,BR,Brazil,Nutrition_Diets,33.3
2025-09-07,BR,Brazil,Nutrition_Diets,30.32
2025-09-14,BR,Brazil,Nutrition_Diets,29.57
2025-09-21,BR,Brazil,Nutrition_Diets,28.72
2025-09-28,BR,Brazil,Nutrition_Diets,28.4
2025-10-05,BR,Brazil,Nutrition_Diets,31.06
2025-10-12,BR,Brazil,Nutrition_Diets,31.49
2025-10-19,BR,Brazil,Nutrition_Diets,30.64
2025-10-26,BR,Brazil,Nutrition_Diets,36.7
2025-11-02,BR,Brazil,Nutrition_Diets,44.15
2025-11-09,BR,Brazil,Nutrition_Diets,43.72
2025-11-16,BR,Brazil,Nutrition_Diets,43.4
2025-11-23,BR,Brazil,Nutrition_Diets,49.26
2025-11-30,BR,Brazil,Nutrition_Diets,50.53
2025-12-07,BR,Brazil,Nutrition_Diets,47.55
2025-12-14,BR,Brazil,Nutrition_Diets,47.13
2025-12-21,BR,Brazil,Nutrition_Diets,34.89
2025-12-28,BR,Brazil,Nutrition_Diets,36.06
2026-01-04,BR,Brazil,Nutrition_Diets,44.79
2026-01-11,BR,Brazil,Nutrition_Diets,45.74
2026-01-18,BR,Brazil,Nutrition_Diets,46.38
2026-01-25,BR,Brazil,Nutrition_Diets,47.98
2026-02-01,BR,Brazil,Nutrition_Diets,47.66
2026-02-08,BR,Brazil,Nutrition_Diets,46.7
2026-02-15,BR,Brazil,Nutrition_Diets,56.81
2026-02-22,BR,Brazil,Nutrition_Diets,48.09
2026-03-01,BR,Brazil,Nutrition_Diets,44.15
2026-03-08,BR,Brazil,Nutrition_Diets,44.68
2026-03-15,BR,Brazil,Nutrition_Diets,53.09
2026-03-22,BR,Brazil,Nutrition_Diets,49.89
2026-03-29,BR,Brazil,Nutrition_Diets,46.38
2026-04-05,BR,Brazil,Nutrition_Diets,43.4
2026-04-12,BR,Brazil,Nutrition_Diets,48.72
2026-04-19,BR,Brazil,Nutrition_Diets,57.23
2026-04-26,BR,Brazil,Nutrition_Diets,61.7
2026-05-03,BR,Brazil,Nutrition_Diets,43.19
2026-05-10,BR,Brazil,Nutrition_Diets,38.4
2026-05-17,BR,Brazil,Nutrition_Diets,43.3
2026-05-24,BR,Brazil,Nutrition_Diets,43.3
2026-05-31,BR,Brazil,Nutrition_Diets,43.3
2026-06-07,BR,Brazil,Nutrition_Diets,42.77
2026-06-14,BR,Brazil,Nutrition_Diets,82.34
2026-06-21,BR,Brazil,Nutrition_Diets,100
2026-06-28,BR,Brazil,Nutrition_Diets,57.13
2026-07-05,BR,Brazil,Nutrition_Diets,42.66
2026-07-12,BR,Brazil,Nutrition_Diets,43.51
2026-07-19,BR,Brazil,Nutrition_Diets,54.79
2026-07-26,BR,Brazil,Nutrition_Diets,70.43
2026-08-02,BR,Brazil,Nutrition_Diets,49.26
2026-08-09,BR,Brazil,Nutrition_Diets,40.11
2026-08-16,BR,Brazil,Nutrition_Diets,45.11
2026-08-23,BR,Brazil,Nutrition_Diets,33.19
2023-01-01,BR,Brazil,Fitness_Wearables,69.97
2023-01-08,BR,Brazil,Fitness_Wearables,72.67
2023-01-15,BR,Brazil,Fitness_Wearables,72.07
2023-01-22,BR,Brazil,Fitness_Wearables,71.17
2023-01-29,BR,Brazil,Fitness_Wearables,73.27
2023-02-05,BR,Brazil,Fitness_Wearables,69.07
2023-02-12,BR,Brazil,Fitness_Wearables,61.76
2023-02-19,BR,Brazil,Fitness_Wearables,59.76
2023-02-26,BR,Brazil,Fitness_Wearables,64.66
2023-03-05,BR,Brazil,Fitness_Wearables,61.56
2023-03-12,BR,Brazil,Fitness_Wearables,61.36
2023-03-19,BR,Brazil,Fitness_Wearables,62.56
2023-03-26,BR,Brazil,Fitness_Wearables,61.76
2023-04-02,BR,Brazil,Fitness_Wearables,56.56
2023-04-09,BR,Brazil,Fitness_Wearables,56.16
2023-04-16,BR,Brazil,Fitness_Wearables,57.06
2023-04-23,BR,Brazil,Fitness_Wearables,56.96
2023-04-30,BR,Brazil,Fitness_Wearables,57.16
2023-05-07,BR,Brazil,Fitness_Wearables,56.96
2023-05-14,BR,Brazil,Fitness_Wearables,54.65
2023-05-21,BR,Brazil,Fitness_Wearables,56.06
2023-05-28,BR,Brazil,Fitness_Wearables,55.36
2023-06-04,BR,Brazil,Fitness_Wearables,55.46
2023-06-11,BR,Brazil,Fitness_Wearables,54.05
2023-06-18,BR,Brazil,Fitness_Wearables,52.95
2023-06-25,BR,Brazil,Fitness_Wearables,54.45
2023-07-02,BR,Brazil,Fitness_Wearables,57.26
2023-07-09,BR,Brazil,Fitness_Wearables,59.06
2023-07-16,BR,Brazil,Fitness_Wearables,57.96
2023-07-23,BR,Brazil,Fitness_Wearables,59.96
2023-07-30,BR,Brazil,Fitness_Wearables,59.96
2023-08-06,BR,Brazil,Fitness_Wearables,62.76
2023-08-13,BR,Brazil,Fitness_Wearables,59.76
2023-08-20,BR,Brazil,Fitness_Wearables,58.96
2023-08-27,BR,Brazil,Fitness_Wearables,57.16
2023-09-03,BR,Brazil,Fitness_Wearables,58.06
2023-09-10,BR,Brazil,Fitness_Wearables,62.56
2023-09-17,BR,Brazil,Fitness_Wearables,60.56
2023-09-24,BR,Brazil,Fitness_Wearables,54.75
2023-10-01,BR,Brazil,Fitness_Wearables,58.86
2023-10-08,BR,Brazil,Fitness_Wearables,58.66
2023-10-15,BR,Brazil,Fitness_Wearables,62.36
2023-10-22,BR,Brazil,Fitness_Wearables,56.66
2023-10-29,BR,Brazil,Fitness_Wearables,56.06
2023-11-05,BR,Brazil,Fitness_Wearables,56.96
2023-11-12,BR,Brazil,Fitness_Wearables,59.06
2023-11-19,BR,Brazil,Fitness_Wearables,61.16
2023-11-26,BR,Brazil,Fitness_Wearables,54.25
2023-12-03,BR,Brazil,Fitness_Wearables,54.15
2023-12-10,BR,Brazil,Fitness_Wearables,58.26
2023-12-17,BR,Brazil,Fitness_Wearables,53.95
2023-12-24,BR,Brazil,Fitness_Wearables,52.75
2023-12-31,BR,Brazil,Fitness_Wearables,64.96
2024-01-07,BR,Brazil,Fitness_Wearables,72.37
2024-01-14,BR,Brazil,Fitness_Wearables,67.57
2024-01-21,BR,Brazil,Fitness_Wearables,65.47
2024-01-28,BR,Brazil,Fitness_Wearables,64.06
2024-02-04,BR,Brazil,Fitness_Wearables,61.06
2024-02-11,BR,Brazil,Fitness_Wearables,57.46
2024-02-18,BR,Brazil,Fitness_Wearables,61.16
2024-02-25,BR,Brazil,Fitness_Wearables,61.66
2024-03-03,BR,Brazil,Fitness_Wearables,60.56
2024-03-10,BR,Brazil,Fitness_Wearables,61.96
2024-03-17,BR,Brazil,Fitness_Wearables,60.36
2024-03-24,BR,Brazil,Fitness_Wearables,55.86
2024-03-31,BR,Brazil,Fitness_Wearables,59.36
2024-04-07,BR,Brazil,Fitness_Wearables,58.16
2024-04-14,BR,Brazil,Fitness_Wearables,58.56
2024-04-21,BR,Brazil,Fitness_Wearables,59.16
2024-04-28,BR,Brazil,Fitness_Wearables,57.96
2024-05-05,BR,Brazil,Fitness_Wearables,55.66
2024-05-12,BR,Brazil,Fitness_Wearables,57.66
2024-05-19,BR,Brazil,Fitness_Wearables,57.46
2024-05-26,BR,Brazil,Fitness_Wearables,55.36
2024-06-02,BR,Brazil,Fitness_Wearables,58.16
2024-06-09,BR,Brazil,Fitness_Wearables,60.76
2024-06-16,BR,Brazil,Fitness_Wearables,57.76
2024-06-23,BR,Brazil,Fitness_Wearables,56.26
2024-06-30,BR,Brazil,Fitness_Wearables,56.56
2024-07-07,BR,Brazil,Fitness_Wearables,58.56
2024-07-14,BR,Brazil,Fitness_Wearables,61.26
2024-07-21,BR,Brazil,Fitness_Wearables,60.56
2024-07-28,BR,Brazil,Fitness_Wearables,58.56
2024-08-04,BR,Brazil,Fitness_Wearables,62.46
2024-08-11,BR,Brazil,Fitness_Wearables,57.76
2024-08-18,BR,Brazil,Fitness_Wearables,59.56
2024-08-25,BR,Brazil,Fitness_Wearables,56.56
2024-09-01,BR,Brazil,Fitness_Wearables,62.46
2024-09-08,BR,Brazil,Fitness_Wearables,64.16
2024-09-15,BR,Brazil,Fitness_Wearables,60.86
2024-09-22,BR,Brazil,Fitness_Wearables,60.26
2024-09-29,BR,Brazil,Fitness_Wearables,60.26
2024-10-06,BR,Brazil,Fitness_Wearables,55.56
2024-10-13,BR,Brazil,Fitness_Wearables,62.56
2024-10-20,BR,Brazil,Fitness_Wearables,60.66
2024-10-27,BR,Brazil,Fitness_Wearables,60.46
2024-11-03,BR,Brazil,Fitness_Wearables,60.06
2024-11-10,BR,Brazil,Fitness_Wearables,60.36
2024-11-17,BR,Brazil,Fitness_Wearables,61.36
2024-11-24,BR,Brazil,Fitness_Wearables,63.96
2024-12-01,BR,Brazil,Fitness_Wearables,57.16
2024-12-08,BR,Brazil,Fitness_Wearables,55.26
2024-12-15,BR,Brazil,Fitness_Wearables,55.96
2024-12-22,BR,Brazil,Fitness_Wearables,54.15
2024-12-29,BR,Brazil,Fitness_Wearables,57.66
2025-01-05,BR,Brazil,Fitness_Wearables,77.18
2025-01-12,BR,Brazil,Fitness_Wearables,77.18
2025-01-19,BR,Brazil,Fitness_Wearables,76.48
2025-01-26,BR,Brazil,Fitness_Wearables,75.18
2025-02-02,BR,Brazil,Fitness_Wearables,77.08
2025-02-09,BR,Brazil,Fitness_Wearables,74.97
2025-02-16,BR,Brazil,Fitness_Wearables,70.97
2025-02-23,BR,Brazil,Fitness_Wearables,66.17
2025-03-02,BR,Brazil,Fitness_Wearables,63.96
2025-03-09,BR,Brazil,Fitness_Wearables,67.07
2025-03-16,BR,Brazil,Fitness_Wearables,70.27
2025-03-23,BR,Brazil,Fitness_Wearables,69.37
2025-03-30,BR,Brazil,Fitness_Wearables,66.17
2025-04-06,BR,Brazil,Fitness_Wearables,65.47
2025-04-13,BR,Brazil,Fitness_Wearables,61.86
2025-04-20,BR,Brazil,Fitness_Wearables,64.86
2025-04-27,BR,Brazil,Fitness_Wearables,68.77
2025-05-04,BR,Brazil,Fitness_Wearables,71.17
2025-05-11,BR,Brazil,Fitness_Wearables,66.97
2025-05-18,BR,Brazil,Fitness_Wearables,67.07
2025-05-25,BR,Brazil,Fitness_Wearables,64.06
2025-06-01,BR,Brazil,Fitness_Wearables,66.27
2025-06-08,BR,Brazil,Fitness_Wearables,63.46
2025-06-15,BR,Brazil,Fitness_Wearables,66.17
2025-06-22,BR,Brazil,Fitness_Wearables,64.56
2025-06-29,BR,Brazil,Fitness_Wearables,61.46
2025-07-06,BR,Brazil,Fitness_Wearables,59.56
2025-07-13,BR,Brazil,Fitness_Wearables,62.36
2025-07-20,BR,Brazil,Fitness_Wearables,60.46
2025-07-27,BR,Brazil,Fitness_Wearables,61.46
2025-08-03,BR,Brazil,Fitness_Wearables,62.96
2025-08-10,BR,Brazil,Fitness_Wearables,60.46
2025-08-17,BR,Brazil,Fitness_Wearables,62.46
2025-08-24,BR,Brazil,Fitness_Wearables,60.66
2025-08-31,BR,Brazil,Fitness_Wearables,66.57
2025-09-07,BR,Brazil,Fitness_Wearables,63.66
2025-09-14,BR,Brazil,Fitness_Wearables,60.96
2025-09-21,BR,Brazil,Fitness_Wearables,59.36
2025-09-28,BR,Brazil,Fitness_Wearables,60.76
2025-10-05,BR,Brazil,Fitness_Wearables,63.26
2025-10-12,BR,Brazil,Fitness_Wearables,63.16
2025-10-19,BR,Brazil,Fitness_Wearables,62.66
2025-10-26,BR,Brazil,Fitness_Wearables,64.86
2025-11-02,BR,Brazil,Fitness_Wearables,68.87
2025-11-09,BR,Brazil,Fitness_Wearables,71.97
2025-11-16,BR,Brazil,Fitness_Wearables,74.77
2025-11-23,BR,Brazil,Fitness_Wearables,84.78
2025-11-30,BR,Brazil,Fitness_Wearables,79.98
2025-12-07,BR,Brazil,Fitness_Wearables,76.48
2025-12-14,BR,Brazil,Fitness_Wearables,74.07
2025-12-21,BR,Brazil,Fitness_Wearables,61.16
2025-12-28,BR,Brazil,Fitness_Wearables,65.27
2026-01-04,BR,Brazil,Fitness_Wearables,88.19
2026-01-11,BR,Brazil,Fitness_Wearables,85.69
2026-01-18,BR,Brazil,Fitness_Wearables,81.98
2026-01-25,BR,Brazil,Fitness_Wearables,79.58
2026-02-01,BR,Brazil,Fitness_Wearables,80.58
2026-02-08,BR,Brazil,Fitness_Wearables,79.28
2026-02-15,BR,Brazil,Fitness_Wearables,82.68
2026-02-22,BR,Brazil,Fitness_Wearables,79.18
2026-03-01,BR,Brazil,Fitness_Wearables,75.58
2026-03-08,BR,Brazil,Fitness_Wearables,74.77
2026-03-15,BR,Brazil,Fitness_Wearables,77.28
2026-03-22,BR,Brazil,Fitness_Wearables,73.67
2026-03-29,BR,Brazil,Fitness_Wearables,68.87
2026-04-05,BR,Brazil,Fitness_Wearables,70.77
2026-04-12,BR,Brazil,Fitness_Wearables,74.47
2026-04-19,BR,Brazil,Fitness_Wearables,83.28
2026-04-26,BR,Brazil,Fitness_Wearables,82.88
2026-05-03,BR,Brazil,Fitness_Wearables,73.37
2026-05-10,BR,Brazil,Fitness_Wearables,68.07
2026-05-17,BR,Brazil,Fitness_Wearables,67.07
2026-05-24,BR,Brazil,Fitness_Wearables,67.27
2026-05-31,BR,Brazil,Fitness_Wearables,69.67
2026-06-07,BR,Brazil,Fitness_Wearables,66.77
2026-06-14,BR,Brazil,Fitness_Wearables,89.29
2026-06-21,BR,Brazil,Fitness_Wearables,100
2026-06-28,BR,Brazil,Fitness_Wearables,68.87
2026-07-05,BR,Brazil,Fitness_Wearables,63.56
2026-07-12,BR,Brazil,Fitness_Wearables,67.87
2026-07-19,BR,Brazil,Fitness_Wearables,78.18
2026-07-26,BR,Brazil,Fitness_Wearables,85.19
2026-08-02,BR,Brazil,Fitness_Wearables,82.78
2026-08-09,BR,Brazil,Fitness_Wearables,75.48
2026-08-16,BR,Brazil,Fitness_Wearables,77.18
2026-08-23,BR,Brazil,Fitness_Wearables,67.07
2023-01-01,BR,Brazil,Fashion_Beauty,51.29
2023-01-08,BR,Brazil,Fashion_Beauty,52.65
2023-01-15,BR,Brazil,Fashion_Beauty,51.05
2023-01-22,BR,Brazil,Fashion_Beauty,51.91
2023-01-29,BR,Brazil,Fashion_Beauty,50.68
2023-02-05,BR,Brazil,Fashion_Beauty,49.57
2023-02-12,BR,Brazil,Fashion_Beauty,48.58
2023-02-19,BR,Brazil,Fashion_Beauty,48.21
2023-02-26,BR,Brazil,Fashion_Beauty,50.8
2023-03-05,BR,Brazil,Fashion_Beauty,55.24
2023-03-12,BR,Brazil,Fashion_Beauty,55.49
2023-03-19,BR,Brazil,Fashion_Beauty,51.91
2023-03-26,BR,Brazil,Fashion_Beauty,50.43
2023-04-02,BR,Brazil,Fashion_Beauty,50.43
2023-04-09,BR,Brazil,Fashion_Beauty,49.69
2023-04-16,BR,Brazil,Fashion_Beauty,54.01
2023-04-23,BR,Brazil,Fashion_Beauty,51.91
2023-04-30,BR,Brazil,Fashion_Beauty,54.87
2023-05-07,BR,Brazil,Fashion_Beauty,52.9
2023-05-14,BR,Brazil,Fashion_Beauty,50.68
2023-05-21,BR,Brazil,Fashion_Beauty,51.42
2023-05-28,BR,Brazil,Fashion_Beauty,53.39
2023-06-04,BR,Brazil,Fashion_Beauty,55.61
2023-06-11,BR,Brazil,Fashion_Beauty,54.5
2023-06-18,BR,Brazil,Fashion_Beauty,52.65
2023-06-25,BR,Brazil,Fashion_Beauty,53.39
2023-07-02,BR,Brazil,Fashion_Beauty,58.08
2023-07-09,BR,Brazil,Fashion_Beauty,53.39
2023-07-16,BR,Brazil,Fashion_Beauty,50.43
2023-07-23,BR,Brazil,Fashion_Beauty,52.53
2023-07-30,BR,Brazil,Fashion_Beauty,51.66
2023-08-06,BR,Brazil,Fashion_Beauty,49.69
2023-08-13,BR,Brazil,Fashion_Beauty,48.71
2023-08-20,BR,Brazil,Fashion_Beauty,48.95
2023-08-27,BR,Brazil,Fashion_Beauty,51.54
2023-09-03,BR,Brazil,Fashion_Beauty,50.43
2023-09-10,BR,Brazil,Fashion_Beauty,51.05
2023-09-17,BR,Brazil,Fashion_Beauty,49.45
2023-09-24,BR,Brazil,Fashion_Beauty,47.72
2023-10-01,BR,Brazil,Fashion_Beauty,49.45
2023-10-08,BR,Brazil,Fashion_Beauty,51.66
2023-10-15,BR,Brazil,Fashion_Beauty,51.42
2023-10-22,BR,Brazil,Fashion_Beauty,48.09
2023-10-29,BR,Brazil,Fashion_Beauty,51.17
2023-11-05,BR,Brazil,Fashion_Beauty,52.16
2023-11-12,BR,Brazil,Fashion_Beauty,50.31
2023-11-19,BR,Brazil,Fashion_Beauty,56.72
2023-11-26,BR,Brazil,Fashion_Beauty,51.42
2023-12-03,BR,Brazil,Fashion_Beauty,53.39
2023-12-10,BR,Brazil,Fashion_Beauty,59.93
2023-12-17,BR,Brazil,Fashion_Beauty,58.2
2023-12-24,BR,Brazil,Fashion_Beauty,56.6
2023-12-31,BR,Brazil,Fashion_Beauty,50.55
2024-01-07,BR,Brazil,Fashion_Beauty,52.9
2024-01-14,BR,Brazil,Fashion_Beauty,50.18
2024-01-21,BR,Brazil,Fashion_Beauty,50.92
2024-01-28,BR,Brazil,Fashion_Beauty,50.55
2024-02-04,BR,Brazil,Fashion_Beauty,51.54
2024-02-11,BR,Brazil,Fashion_Beauty,49.57
2024-02-18,BR,Brazil,Fashion_Beauty,50.43
2024-02-25,BR,Brazil,Fashion_Beauty,50.8
2024-03-03,BR,Brazil,Fashion_Beauty,50.06
2024-03-10,BR,Brazil,Fashion_Beauty,51.29
2024-03-17,BR,Brazil,Fashion_Beauty,49.08
2024-03-24,BR,Brazil,Fashion_Beauty,50.18
2024-03-31,BR,Brazil,Fashion_Beauty,49.45
2024-04-07,BR,Brazil,Fashion_Beauty,48.58
2024-04-14,BR,Brazil,Fashion_Beauty,46.73
2024-04-21,BR,Brazil,Fashion_Beauty,47.84
2024-04-28,BR,Brazil,Fashion_Beauty,51.29
2024-05-05,BR,Brazil,Fashion_Beauty,49.08
2024-05-12,BR,Brazil,Fashion_Beauty,47.97
2024-05-19,BR,Brazil,Fashion_Beauty,49.94
2024-05-26,BR,Brazil,Fashion_Beauty,50.55
2024-06-02,BR,Brazil,Fashion_Beauty,50.8
2024-06-09,BR,Brazil,Fashion_Beauty,52.4
2024-06-16,BR,Brazil,Fashion_Beauty,50.55
2024-06-23,BR,Brazil,Fashion_Beauty,49.2
2024-06-30,BR,Brazil,Fashion_Beauty,51.29
2024-07-07,BR,Brazil,Fashion_Beauty,51.79
2024-07-14,BR,Brazil,Fashion_Beauty,54.62
2024-07-21,BR,Brazil,Fashion_Beauty,53.14
2024-07-28,BR,Brazil,Fashion_Beauty,51.05
2024-08-04,BR,Brazil,Fashion_Beauty,51.79
2024-08-11,BR,Brazil,Fashion_Beauty,52.77
2024-08-18,BR,Brazil,Fashion_Beauty,51.42
2024-08-25,BR,Brazil,Fashion_Beauty,51.17
2024-09-01,BR,Brazil,Fashion_Beauty,53.64
2024-09-08,BR,Brazil,Fashion_Beauty,52.03
2024-09-15,BR,Brazil,Fashion_Beauty,51.05
2024-09-22,BR,Brazil,Fashion_Beauty,50.18
2024-09-29,BR,Brazil,Fashion_Beauty,50.8
2024-10-06,BR,Brazil,Fashion_Beauty,48.21
2024-10-13,BR,Brazil,Fashion_Beauty,69.3
2024-10-20,BR,Brazil,Fashion_Beauty,53.88
2024-10-27,BR,Brazil,Fashion_Beauty,51.29
2024-11-03,BR,Brazil,Fashion_Beauty,51.91
2024-11-10,BR,Brazil,Fashion_Beauty,55.24
2024-11-17,BR,Brazil,Fashion_Beauty,58.08
2024-11-24,BR,Brazil,Fashion_Beauty,61.53
2024-12-01,BR,Brazil,Fashion_Beauty,62.02
2024-12-08,BR,Brazil,Fashion_Beauty,62.39
2024-12-15,BR,Brazil,Fashion_Beauty,62.89
2024-12-22,BR,Brazil,Fashion_Beauty,63.38
2024-12-29,BR,Brazil,Fashion_Beauty,54.25
2025-01-05,BR,Brazil,Fashion_Beauty,54.5
2025-01-12,BR,Brazil,Fashion_Beauty,56.47
2025-01-19,BR,Brazil,Fashion_Beauty,54.25
2025-01-26,BR,Brazil,Fashion_Beauty,53.76
2025-02-02,BR,Brazil,Fashion_Beauty,52.03
2025-02-09,BR,Brazil,Fashion_Beauty,50.43
2025-02-16,BR,Brazil,Fashion_Beauty,52.77
2025-02-23,BR,Brazil,Fashion_Beauty,51.29
2025-03-02,BR,Brazil,Fashion_Beauty,54.25
2025-03-09,BR,Brazil,Fashion_Beauty,54.13
2025-03-16,BR,Brazil,Fashion_Beauty,55.86
2025-03-23,BR,Brazil,Fashion_Beauty,54.99
2025-03-30,BR,Brazil,Fashion_Beauty,54.5
2025-04-06,BR,Brazil,Fashion_Beauty,53.51
2025-04-13,BR,Brazil,Fashion_Beauty,55.61
2025-04-20,BR,Brazil,Fashion_Beauty,59.31
2025-04-27,BR,Brazil,Fashion_Beauty,64.24
2025-05-04,BR,Brazil,Fashion_Beauty,65.1
2025-05-11,BR,Brazil,Fashion_Beauty,64
2025-05-18,BR,Brazil,Fashion_Beauty,59.31
2025-05-25,BR,Brazil,Fashion_Beauty,57.21
2025-06-01,BR,Brazil,Fashion_Beauty,60.3
2025-06-08,BR,Brazil,Fashion_Beauty,63.75
2025-06-15,BR,Brazil,Fashion_Beauty,63.26
2025-06-22,BR,Brazil,Fashion_Beauty,57.95
2025-06-29,BR,Brazil,Fashion_Beauty,55.73
2025-07-06,BR,Brazil,Fashion_Beauty,55.98
2025-07-13,BR,Brazil,Fashion_Beauty,52.03
2025-07-20,BR,Brazil,Fashion_Beauty,51.91
2025-07-27,BR,Brazil,Fashion_Beauty,50.8
2025-08-03,BR,Brazil,Fashion_Beauty,52.28
2025-08-10,BR,Brazil,Fashion_Beauty,51.66
2025-08-17,BR,Brazil,Fashion_Beauty,49.57
2025-08-24,BR,Brazil,Fashion_Beauty,49.2
2025-08-31,BR,Brazil,Fashion_Beauty,54.01
2025-09-07,BR,Brazil,Fashion_Beauty,52.03
2025-09-14,BR,Brazil,Fashion_Beauty,48.71
2025-09-21,BR,Brazil,Fashion_Beauty,48.21
2025-09-28,BR,Brazil,Fashion_Beauty,51.42
2025-10-05,BR,Brazil,Fashion_Beauty,52.77
2025-10-12,BR,Brazil,Fashion_Beauty,68.68
2025-10-19,BR,Brazil,Fashion_Beauty,52.77
2025-10-26,BR,Brazil,Fashion_Beauty,57.58
2025-11-02,BR,Brazil,Fashion_Beauty,63.13
2025-11-09,BR,Brazil,Fashion_Beauty,66.21
2025-11-16,BR,Brazil,Fashion_Beauty,68.68
2025-11-23,BR,Brazil,Fashion_Beauty,84.96
2025-11-30,BR,Brazil,Fashion_Beauty,91.62
2025-12-07,BR,Brazil,Fashion_Beauty,89.03
2025-12-14,BR,Brazil,Fashion_Beauty,84.22
2025-12-21,BR,Brazil,Fashion_Beauty,71.15
2025-12-28,BR,Brazil,Fashion_Beauty,66.21
2026-01-04,BR,Brazil,Fashion_Beauty,63.75
2026-01-11,BR,Brazil,Fashion_Beauty,65.47
2026-01-18,BR,Brazil,Fashion_Beauty,65.1
2026-01-25,BR,Brazil,Fashion_Beauty,68.06
2026-02-01,BR,Brazil,Fashion_Beauty,69.67
2026-02-08,BR,Brazil,Fashion_Beauty,73
2026-02-15,BR,Brazil,Fashion_Beauty,79.04
2026-02-22,BR,Brazil,Fashion_Beauty,66.95
2026-03-01,BR,Brazil,Fashion_Beauty,61.78
2026-03-08,BR,Brazil,Fashion_Beauty,62.52
2026-03-15,BR,Brazil,Fashion_Beauty,64.86
2026-03-22,BR,Brazil,Fashion_Beauty,59.43
2026-03-29,BR,Brazil,Fashion_Beauty,60.42
2026-04-05,BR,Brazil,Fashion_Beauty,59.31
2026-04-12,BR,Brazil,Fashion_Beauty,66.46
2026-04-19,BR,Brazil,Fashion_Beauty,74.85
2026-04-26,BR,Brazil,Fashion_Beauty,73.74
2026-05-03,BR,Brazil,Fashion_Beauty,66.09
2026-05-10,BR,Brazil,Fashion_Beauty,61.04
2026-05-17,BR,Brazil,Fashion_Beauty,60.17
2026-05-24,BR,Brazil,Fashion_Beauty,57.09
2026-05-31,BR,Brazil,Fashion_Beauty,61.53
2026-06-07,BR,Brazil,Fashion_Beauty,61.04
2026-06-14,BR,Brazil,Fashion_Beauty,85.2
2026-06-21,BR,Brazil,Fashion_Beauty,100
2026-06-28,BR,Brazil,Fashion_Beauty,68.19
2026-07-05,BR,Brazil,Fashion_Beauty,58.82
2026-07-12,BR,Brazil,Fashion_Beauty,59.06
2026-07-19,BR,Brazil,Fashion_Beauty,62.76
2026-07-26,BR,Brazil,Fashion_Beauty,63.01
2026-08-02,BR,Brazil,Fashion_Beauty,61.28
2026-08-09,BR,Brazil,Fashion_Beauty,62.27
2026-08-16,BR,Brazil,Fashion_Beauty,58.57
2026-08-23,BR,Brazil,Fashion_Beauty,58.82
2023-01-01,CA,Canada,Nutrition_Diets,83.35
2023-01-08,CA,Canada,Nutrition_Diets,84.16
2023-01-15,CA,Canada,Nutrition_Diets,83.71
2023-01-22,CA,Canada,Nutrition_Diets,82.45
2023-01-29,CA,Canada,Nutrition_Diets,81.28
2023-02-05,CA,Canada,Nutrition_Diets,80.56
2023-02-12,CA,Canada,Nutrition_Diets,73.81
2023-02-19,CA,Canada,Nutrition_Diets,80.47
2023-02-26,CA,Canada,Nutrition_Diets,81.28
2023-03-05,CA,Canada,Nutrition_Diets,82.18
2023-03-12,CA,Canada,Nutrition_Diets,82
2023-03-19,CA,Canada,Nutrition_Diets,79.57
2023-03-26,CA,Canada,Nutrition_Diets,79.57
2023-04-02,CA,Canada,Nutrition_Diets,74.35
2023-04-09,CA,Canada,Nutrition_Diets,76.24
2023-04-16,CA,Canada,Nutrition_Diets,76.42
2023-04-23,CA,Canada,Nutrition_Diets,72.46
2023-04-30,CA,Canada,Nutrition_Diets,73.54
2023-05-07,CA,Canada,Nutrition_Diets,69.13
2023-05-14,CA,Canada,Nutrition_Diets,72.1
2023-05-21,CA,Canada,Nutrition_Diets,73
2023-05-28,CA,Canada,Nutrition_Diets,72.73
2023-06-04,CA,Canada,Nutrition_Diets,70.48
2023-06-11,CA,Canada,Nutrition_Diets,71.38
2023-06-18,CA,Canada,Nutrition_Diets,72.01
2023-06-25,CA,Canada,Nutrition_Diets,69.31
2023-07-02,CA,Canada,Nutrition_Diets,71.92
2023-07-09,CA,Canada,Nutrition_Diets,70.93
2023-07-16,CA,Canada,Nutrition_Diets,69.76
2023-07-23,CA,Canada,Nutrition_Diets,68.23
2023-07-30,CA,Canada,Nutrition_Diets,66.7
2023-08-06,CA,Canada,Nutrition_Diets,67.78
2023-08-13,CA,Canada,Nutrition_Diets,64.18
2023-08-20,CA,Canada,Nutrition_Diets,63.46
2023-08-27,CA,Canada,Nutrition_Diets,65.53
2023-09-03,CA,Canada,Nutrition_Diets,66.16
2023-09-10,CA,Canada,Nutrition_Diets,65.26
2023-09-17,CA,Canada,Nutrition_Diets,68.23
2023-09-24,CA,Canada,Nutrition_Diets,65.89
2023-10-01,CA,Canada,Nutrition_Diets,63.82
2023-10-08,CA,Canada,Nutrition_Diets,63.1
2023-10-15,CA,Canada,Nutrition_Diets,67.78
2023-10-22,CA,Canada,Nutrition_Diets,66.88
2023-10-29,CA,Canada,Nutrition_Diets,65.08
2023-11-05,CA,Canada,Nutrition_Diets,67.6
2023-11-12,CA,Canada,Nutrition_Diets,66.88
2023-11-19,CA,Canada,Nutrition_Diets,64.72
2023-11-26,CA,Canada,Nutrition_Diets,65.71
2023-12-03,CA,Canada,Nutrition_Diets,64.63
2023-12-10,CA,Canada,Nutrition_Diets,65.53
2023-12-17,CA,Canada,Nutrition_Diets,61.66
2023-12-24,CA,Canada,Nutrition_Diets,62.29
2023-12-31,CA,Canada,Nutrition_Diets,89.29
2024-01-07,CA,Canada,Nutrition_Diets,84.7
2024-01-14,CA,Canada,Nutrition_Diets,81.28
2024-01-21,CA,Canada,Nutrition_Diets,79.66
2024-01-28,CA,Canada,Nutrition_Diets,79.66
2024-02-04,CA,Canada,Nutrition_Diets,77.32
2024-02-11,CA,Canada,Nutrition_Diets,71.47
2024-02-18,CA,Canada,Nutrition_Diets,74.8
2024-02-25,CA,Canada,Nutrition_Diets,74.44
2024-03-03,CA,Canada,Nutrition_Diets,73.27
2024-03-10,CA,Canada,Nutrition_Diets,74.62
2024-03-17,CA,Canada,Nutrition_Diets,78.13
2024-03-24,CA,Canada,Nutrition_Diets,72.55
2024-03-31,CA,Canada,Nutrition_Diets,72.46
2024-04-07,CA,Canada,Nutrition_Diets,70.57
2024-04-14,CA,Canada,Nutrition_Diets,71.74
2024-04-21,CA,Canada,Nutrition_Diets,72.73
2024-04-28,CA,Canada,Nutrition_Diets,72.28
2024-05-05,CA,Canada,Nutrition_Diets,68.5
2024-05-12,CA,Canada,Nutrition_Diets,68.59
2024-05-19,CA,Canada,Nutrition_Diets,69.4
2024-05-26,CA,Canada,Nutrition_Diets,70.84
2024-06-02,CA,Canada,Nutrition_Diets,68.68
2024-06-09,CA,Canada,Nutrition_Diets,68.68
2024-06-16,CA,Canada,Nutrition_Diets,66.43
2024-06-23,CA,Canada,Nutrition_Diets,65.17
2024-06-30,CA,Canada,Nutrition_Diets,63.19
2024-07-07,CA,Canada,Nutrition_Diets,65.98
2024-07-14,CA,Canada,Nutrition_Diets,65.62
2024-07-21,CA,Canada,Nutrition_Diets,67.33
2024-07-28,CA,Canada,Nutrition_Diets,65.44
2024-08-04,CA,Canada,Nutrition_Diets,63.46
2024-08-11,CA,Canada,Nutrition_Diets,68.5
2024-08-18,CA,Canada,Nutrition_Diets,68.14
2024-08-25,CA,Canada,Nutrition_Diets,65.44
2024-09-01,CA,Canada,Nutrition_Diets,65.08
2024-09-08,CA,Canada,Nutrition_Diets,65.98
2024-09-15,CA,Canada,Nutrition_Diets,67.87
2024-09-22,CA,Canada,Nutrition_Diets,69.85
2024-09-29,CA,Canada,Nutrition_Diets,68.59
2024-10-06,CA,Canada,Nutrition_Diets,64.36
2024-10-13,CA,Canada,Nutrition_Diets,64.27
2024-10-20,CA,Canada,Nutrition_Diets,68.23
2024-10-27,CA,Canada,Nutrition_Diets,66.43
2024-11-03,CA,Canada,Nutrition_Diets,64.45
2024-11-10,CA,Canada,Nutrition_Diets,66.07
2024-11-17,CA,Canada,Nutrition_Diets,68.23
2024-11-24,CA,Canada,Nutrition_Diets,63.91
2024-12-01,CA,Canada,Nutrition_Diets,60.76
2024-12-08,CA,Canada,Nutrition_Diets,65.98
2024-12-15,CA,Canada,Nutrition_Diets,61.84
2024-12-22,CA,Canada,Nutrition_Diets,58.87
2024-12-29,CA,Canada,Nutrition_Diets,83.26
2025-01-05,CA,Canada,Nutrition_Diets,86.14
2025-01-12,CA,Canada,Nutrition_Diets,81.37
2025-01-19,CA,Canada,Nutrition_Diets,78.85
2025-01-26,CA,Canada,Nutrition_Diets,77.77
2025-02-02,CA,Canada,Nutrition_Diets,72.55
2025-02-09,CA,Canada,Nutrition_Diets,73.27
2025-02-16,CA,Canada,Nutrition_Diets,74.17
2025-02-23,CA,Canada,Nutrition_Diets,75.25
2025-03-02,CA,Canada,Nutrition_Diets,72.46
2025-03-09,CA,Canada,Nutrition_Diets,75.79
2025-03-16,CA,Canada,Nutrition_Diets,77.05
2025-03-23,CA,Canada,Nutrition_Diets,77.5
2025-03-30,CA,Canada,Nutrition_Diets,72.19
2025-04-06,CA,Canada,Nutrition_Diets,73
2025-04-13,CA,Canada,Nutrition_Diets,68.77
2025-04-20,CA,Canada,Nutrition_Diets,69.49
2025-04-27,CA,Canada,Nutrition_Diets,65.98
2025-05-04,CA,Canada,Nutrition_Diets,67.78
2025-05-11,CA,Canada,Nutrition_Diets,70.66
2025-05-18,CA,Canada,Nutrition_Diets,68.68
2025-05-25,CA,Canada,Nutrition_Diets,72.28
2025-06-01,CA,Canada,Nutrition_Diets,69.13
2025-06-08,CA,Canada,Nutrition_Diets,67.6
2025-06-15,CA,Canada,Nutrition_Diets,64.63
2025-06-22,CA,Canada,Nutrition_Diets,64.45
2025-06-29,CA,Canada,Nutrition_Diets,64.99
2025-07-06,CA,Canada,Nutrition_Diets,68.95
2025-07-13,CA,Canada,Nutrition_Diets,67.24
2025-07-20,CA,Canada,Nutrition_Diets,67.51
2025-07-27,CA,Canada,Nutrition_Diets,67.51
2025-08-03,CA,Canada,Nutrition_Diets,69.67
2025-08-10,CA,Canada,Nutrition_Diets,66.88
2025-08-17,CA,Canada,Nutrition_Diets,64.99
2025-08-24,CA,Canada,Nutrition_Diets,64
2025-08-31,CA,Canada,Nutrition_Diets,63.28
2025-09-07,CA,Canada,Nutrition_Diets,65.71
2025-09-14,CA,Canada,Nutrition_Diets,64.45
2025-09-21,CA,Canada,Nutrition_Diets,63.37
2025-09-28,CA,Canada,Nutrition_Diets,60.22
2025-10-05,CA,Canada,Nutrition_Diets,61.39
2025-10-12,CA,Canada,Nutrition_Diets,60.49
2025-10-19,CA,Canada,Nutrition_Diets,61.48
2025-10-26,CA,Canada,Nutrition_Diets,63.1
2025-11-02,CA,Canada,Nutrition_Diets,71.2
2025-11-09,CA,Canada,Nutrition_Diets,72.28
2025-11-16,CA,Canada,Nutrition_Diets,72.46
2025-11-23,CA,Canada,Nutrition_Diets,75.61
2025-11-30,CA,Canada,Nutrition_Diets,74.35
2025-12-07,CA,Canada,Nutrition_Diets,74.08
2025-12-14,CA,Canada,Nutrition_Diets,70.3
2025-12-21,CA,Canada,Nutrition_Diets,62.47
2025-12-28,CA,Canada,Nutrition_Diets,79.66
2026-01-04,CA,Canada,Nutrition_Diets,92.44
2026-01-11,CA,Canada,Nutrition_Diets,91.63
2026-01-18,CA,Canada,Nutrition_Diets,87.85
2026-01-25,CA,Canada,Nutrition_Diets,90.1
2026-02-01,CA,Canada,Nutrition_Diets,100
2026-02-08,CA,Canada,Nutrition_Diets,86.77
2026-02-15,CA,Canada,Nutrition_Diets,90.19
2026-02-22,CA,Canada,Nutrition_Diets,86.68
2026-03-01,CA,Canada,Nutrition_Diets,84.79
2026-03-08,CA,Canada,Nutrition_Diets,84.16
2026-03-15,CA,Canada,Nutrition_Diets,90.64
2026-03-22,CA,Canada,Nutrition_Diets,90.01
2026-03-29,CA,Canada,Nutrition_Diets,87.58
2026-04-05,CA,Canada,Nutrition_Diets,90.46
2026-04-12,CA,Canada,Nutrition_Diets,85.87
2026-04-19,CA,Canada,Nutrition_Diets,81.37
2026-04-26,CA,Canada,Nutrition_Diets,78.67
2026-05-03,CA,Canada,Nutrition_Diets,75.79
2026-05-10,CA,Canada,Nutrition_Diets,76.69
2026-05-17,CA,Canada,Nutrition_Diets,79.84
2026-05-24,CA,Canada,Nutrition_Diets,78.13
2026-05-31,CA,Canada,Nutrition_Diets,79.75
2026-06-07,CA,Canada,Nutrition_Diets,75.16
2026-06-14,CA,Canada,Nutrition_Diets,77.68
2026-06-21,CA,Canada,Nutrition_Diets,90.28
2026-06-28,CA,Canada,Nutrition_Diets,77.86
2026-07-05,CA,Canada,Nutrition_Diets,80.38
2026-07-12,CA,Canada,Nutrition_Diets,72.64
2026-07-19,CA,Canada,Nutrition_Diets,70.93
2026-07-26,CA,Canada,Nutrition_Diets,67.33
2026-08-02,CA,Canada,Nutrition_Diets,69.13
2026-08-09,CA,Canada,Nutrition_Diets,67.87
2026-08-16,CA,Canada,Nutrition_Diets,67.78
2026-08-23,CA,Canada,Nutrition_Diets,66.52
2023-01-01,CA,Canada,Fitness_Wearables,90.99
2023-01-08,CA,Canada,Fitness_Wearables,81.05
2023-01-15,CA,Canada,Fitness_Wearables,77.17
2023-01-22,CA,Canada,Fitness_Wearables,77.91
2023-01-29,CA,Canada,Fitness_Wearables,75.92
2023-02-05,CA,Canada,Fitness_Wearables,71.73
2023-02-12,CA,Canada,Fitness_Wearables,66.91
2023-02-19,CA,Canada,Fitness_Wearables,75.92
2023-02-26,CA,Canada,Fitness_Wearables,71.83
2023-03-05,CA,Canada,Fitness_Wearables,70.68
2023-03-12,CA,Canada,Fitness_Wearables,69.53
2023-03-19,CA,Canada,Fitness_Wearables,69.42
2023-03-26,CA,Canada,Fitness_Wearables,69.32
2023-04-02,CA,Canada,Fitness_Wearables,72.36
2023-04-09,CA,Canada,Fitness_Wearables,69.95
2023-04-16,CA,Canada,Fitness_Wearables,66.81
2023-04-23,CA,Canada,Fitness_Wearables,66.6
2023-04-30,CA,Canada,Fitness_Wearables,68.06
2023-05-07,CA,Canada,Fitness_Wearables,64.61
2023-05-14,CA,Canada,Fitness_Wearables,66.49
2023-05-21,CA,Canada,Fitness_Wearables,69.11
2023-05-28,CA,Canada,Fitness_Wearables,69.01
2023-06-04,CA,Canada,Fitness_Wearables,65.24
2023-06-11,CA,Canada,Fitness_Wearables,66.49
2023-06-18,CA,Canada,Fitness_Wearables,66.28
2023-06-25,CA,Canada,Fitness_Wearables,69.01
2023-07-02,CA,Canada,Fitness_Wearables,70.58
2023-07-09,CA,Canada,Fitness_Wearables,69.74
2023-07-16,CA,Canada,Fitness_Wearables,70.37
2023-07-23,CA,Canada,Fitness_Wearables,66.18
2023-07-30,CA,Canada,Fitness_Wearables,67.43
2023-08-06,CA,Canada,Fitness_Wearables,70.16
2023-08-13,CA,Canada,Fitness_Wearables,64.61
2023-08-20,CA,Canada,Fitness_Wearables,66.81
2023-08-27,CA,Canada,Fitness_Wearables,68.17
2023-09-03,CA,Canada,Fitness_Wearables,72.77
2023-09-10,CA,Canada,Fitness_Wearables,69.21
2023-09-17,CA,Canada,Fitness_Wearables,67.12
2023-09-24,CA,Canada,Fitness_Wearables,66.18
2023-10-01,CA,Canada,Fitness_Wearables,65.65
2023-10-08,CA,Canada,Fitness_Wearables,66.49
2023-10-15,CA,Canada,Fitness_Wearables,64.92
2023-10-22,CA,Canada,Fitness_Wearables,60.84
2023-10-29,CA,Canada,Fitness_Wearables,61.47
2023-11-05,CA,Canada,Fitness_Wearables,64.92
2023-11-12,CA,Canada,Fitness_Wearables,67.85
2023-11-19,CA,Canada,Fitness_Wearables,71.41
2023-11-26,CA,Canada,Fitness_Wearables,67.75
2023-12-03,CA,Canada,Fitness_Wearables,63.87
2023-12-10,CA,Canada,Fitness_Wearables,61.99
2023-12-17,CA,Canada,Fitness_Wearables,64.71
2023-12-24,CA,Canada,Fitness_Wearables,86.91
2023-12-31,CA,Canada,Fitness_Wearables,90.47
2024-01-07,CA,Canada,Fitness_Wearables,78.43
2024-01-14,CA,Canada,Fitness_Wearables,74.14
2024-01-21,CA,Canada,Fitness_Wearables,72.36
2024-01-28,CA,Canada,Fitness_Wearables,74.55
2024-02-04,CA,Canada,Fitness_Wearables,71.2
2024-02-11,CA,Canada,Fitness_Wearables,70.68
2024-02-18,CA,Canada,Fitness_Wearables,75.18
2024-02-25,CA,Canada,Fitness_Wearables,70.79
2024-03-03,CA,Canada,Fitness_Wearables,71.1
2024-03-10,CA,Canada,Fitness_Wearables,70.58
2024-03-17,CA,Canada,Fitness_Wearables,71.73
2024-03-24,CA,Canada,Fitness_Wearables,74.45
2024-03-31,CA,Canada,Fitness_Wearables,73.09
2024-04-07,CA,Canada,Fitness_Wearables,66.39
2024-04-14,CA,Canada,Fitness_Wearables,67.43
2024-04-21,CA,Canada,Fitness_Wearables,70.68
2024-04-28,CA,Canada,Fitness_Wearables,68.06
2024-05-05,CA,Canada,Fitness_Wearables,67.85
2024-05-12,CA,Canada,Fitness_Wearables,64.71
2024-05-19,CA,Canada,Fitness_Wearables,67.75
2024-05-26,CA,Canada,Fitness_Wearables,66.6
2024-06-02,CA,Canada,Fitness_Wearables,67.43
2024-06-09,CA,Canada,Fitness_Wearables,66.28
2024-06-16,CA,Canada,Fitness_Wearables,65.03
2024-06-23,CA,Canada,Fitness_Wearables,66.81
2024-06-30,CA,Canada,Fitness_Wearables,70.58
2024-07-07,CA,Canada,Fitness_Wearables,67.75
2024-07-14,CA,Canada,Fitness_Wearables,69.74
2024-07-21,CA,Canada,Fitness_Wearables,68.48
2024-07-28,CA,Canada,Fitness_Wearables,66.49
2024-08-04,CA,Canada,Fitness_Wearables,72.57
2024-08-11,CA,Canada,Fitness_Wearables,68.27
2024-08-18,CA,Canada,Fitness_Wearables,70.89
2024-08-25,CA,Canada,Fitness_Wearables,68.38
2024-09-01,CA,Canada,Fitness_Wearables,75.29
2024-09-08,CA,Canada,Fitness_Wearables,71.73
2024-09-15,CA,Canada,Fitness_Wearables,69.01
2024-09-22,CA,Canada,Fitness_Wearables,67.96
2024-09-29,CA,Canada,Fitness_Wearables,69.01
2024-10-06,CA,Canada,Fitness_Wearables,64.08
2024-10-13,CA,Canada,Fitness_Wearables,67.23
2024-10-20,CA,Canada,Fitness_Wearables,63.04
2024-10-27,CA,Canada,Fitness_Wearables,62.2
2024-11-03,CA,Canada,Fitness_Wearables,63.56
2024-11-10,CA,Canada,Fitness_Wearables,67.54
2024-11-17,CA,Canada,Fitness_Wearables,67.85
2024-11-24,CA,Canada,Fitness_Wearables,70.37
2024-12-01,CA,Canada,Fitness_Wearables,65.24
2024-12-08,CA,Canada,Fitness_Wearables,61.36
2024-12-15,CA,Canada,Fitness_Wearables,63.35
2024-12-22,CA,Canada,Fitness_Wearables,80.63
2024-12-29,CA,Canada,Fitness_Wearables,91.31
2025-01-05,CA,Canada,Fitness_Wearables,82.2
2025-01-12,CA,Canada,Fitness_Wearables,77.38
2025-01-19,CA,Canada,Fitness_Wearables,74.14
2025-01-26,CA,Canada,Fitness_Wearables,73.4
2025-02-02,CA,Canada,Fitness_Wearables,67.43
2025-02-09,CA,Canada,Fitness_Wearables,66.7
2025-02-16,CA,Canada,Fitness_Wearables,71.41
2025-02-23,CA,Canada,Fitness_Wearables,71.52
2025-03-02,CA,Canada,Fitness_Wearables,71.2
2025-03-09,CA,Canada,Fitness_Wearables,73.3
2025-03-16,CA,Canada,Fitness_Wearables,72.57
2025-03-23,CA,Canada,Fitness_Wearables,73.72
2025-03-30,CA,Canada,Fitness_Wearables,69.74
2025-04-06,CA,Canada,Fitness_Wearables,68.59
2025-04-13,CA,Canada,Fitness_Wearables,72.36
2025-04-20,CA,Canada,Fitness_Wearables,71.31
2025-04-27,CA,Canada,Fitness_Wearables,67.75
2025-05-04,CA,Canada,Fitness_Wearables,68.69
2025-05-11,CA,Canada,Fitness_Wearables,67.75
2025-05-18,CA,Canada,Fitness_Wearables,69.95
2025-05-25,CA,Canada,Fitness_Wearables,67.64
2025-06-01,CA,Canada,Fitness_Wearables,69.42
2025-06-08,CA,Canada,Fitness_Wearables,67.64
2025-06-15,CA,Canada,Fitness_Wearables,67.54
2025-06-22,CA,Canada,Fitness_Wearables,67.02
2025-06-29,CA,Canada,Fitness_Wearables,74.03
2025-07-06,CA,Canada,Fitness_Wearables,72.98
2025-07-13,CA,Canada,Fitness_Wearables,71.41
2025-07-20,CA,Canada,Fitness_Wearables,69.95
2025-07-27,CA,Canada,Fitness_Wearables,71.2
2025-08-03,CA,Canada,Fitness_Wearables,74.45
2025-08-10,CA,Canada,Fitness_Wearables,69.95
2025-08-17,CA,Canada,Fitness_Wearables,69.84
2025-08-24,CA,Canada,Fitness_Wearables,69.21
2025-08-31,CA,Canada,Fitness_Wearables,72.98
2025-09-07,CA,Canada,Fitness_Wearables,68.9
2025-09-14,CA,Canada,Fitness_Wearables,69.84
2025-09-21,CA,Canada,Fitness_Wearables,66.18
2025-09-28,CA,Canada,Fitness_Wearables,65.55
2025-10-05,CA,Canada,Fitness_Wearables,65.24
2025-10-12,CA,Canada,Fitness_Wearables,68.38
2025-10-19,CA,Canada,Fitness_Wearables,62.51
2025-10-26,CA,Canada,Fitness_Wearables,63.04
2025-11-02,CA,Canada,Fitness_Wearables,71.1
2025-11-09,CA,Canada,Fitness_Wearables,76.86
2025-11-16,CA,Canada,Fitness_Wearables,79.48
2025-11-23,CA,Canada,Fitness_Wearables,82.62
2025-11-30,CA,Canada,Fitness_Wearables,80.42
2025-12-07,CA,Canada,Fitness_Wearables,78.22
2025-12-14,CA,Canada,Fitness_Wearables,76.75
2025-12-21,CA,Canada,Fitness_Wearables,87.43
2025-12-28,CA,Canada,Fitness_Wearables,99.06
2026-01-04,CA,Canada,Fitness_Wearables,100
2026-01-11,CA,Canada,Fitness_Wearables,91.83
2026-01-18,CA,Canada,Fitness_Wearables,86.28
2026-01-25,CA,Canada,Fitness_Wearables,86.91
2026-02-01,CA,Canada,Fitness_Wearables,92.36
2026-02-08,CA,Canada,Fitness_Wearables,87.64
2026-02-15,CA,Canada,Fitness_Wearables,93.93
2026-02-22,CA,Canada,Fitness_Wearables,85.55
2026-03-01,CA,Canada,Fitness_Wearables,80.73
2026-03-08,CA,Canada,Fitness_Wearables,80.94
2026-03-15,CA,Canada,Fitness_Wearables,84.61
2026-03-22,CA,Canada,Fitness_Wearables,82.83
2026-03-29,CA,Canada,Fitness_Wearables,85.55
2026-04-05,CA,Canada,Fitness_Wearables,86.91
2026-04-12,CA,Canada,Fitness_Wearables,80.84
2026-04-19,CA,Canada,Fitness_Wearables,79.06
2026-04-26,CA,Canada,Fitness_Wearables,79.69
2026-05-03,CA,Canada,Fitness_Wearables,80.73
2026-05-10,CA,Canada,Fitness_Wearables,77.59
2026-05-17,CA,Canada,Fitness_Wearables,78.53
2026-05-24,CA,Canada,Fitness_Wearables,79.69
2026-05-31,CA,Canada,Fitness_Wearables,80.94
2026-06-07,CA,Canada,Fitness_Wearables,79.06
2026-06-14,CA,Canada,Fitness_Wearables,79.37
2026-06-21,CA,Canada,Fitness_Wearables,89.11
2026-06-28,CA,Canada,Fitness_Wearables,81.57
2026-07-05,CA,Canada,Fitness_Wearables,81.57
2026-07-12,CA,Canada,Fitness_Wearables,74.55
2026-07-19,CA,Canada,Fitness_Wearables,77.28
2026-07-26,CA,Canada,Fitness_Wearables,74.97
2026-08-02,CA,Canada,Fitness_Wearables,75.71
2026-08-09,CA,Canada,Fitness_Wearables,76.54
2026-08-16,CA,Canada,Fitness_Wearables,76.44
2026-08-23,CA,Canada,Fitness_Wearables,73.19
2023-01-01,CA,Canada,Fashion_Beauty,61.19
2023-01-08,CA,Canada,Fashion_Beauty,61.08
2023-01-15,CA,Canada,Fashion_Beauty,63.07
2023-01-22,CA,Canada,Fashion_Beauty,64.94
2023-01-29,CA,Canada,Fashion_Beauty,63.29
2023-02-05,CA,Canada,Fashion_Beauty,64.61
2023-02-12,CA,Canada,Fashion_Beauty,60.31
2023-02-19,CA,Canada,Fashion_Beauty,63.62
2023-02-26,CA,Canada,Fashion_Beauty,64.72
2023-03-05,CA,Canada,Fashion_Beauty,72.88
2023-03-12,CA,Canada,Fashion_Beauty,71.44
2023-03-19,CA,Canada,Fashion_Beauty,66.15
2023-03-26,CA,Canada,Fashion_Beauty,65.16
2023-04-02,CA,Canada,Fashion_Beauty,65.38
2023-04-09,CA,Canada,Fashion_Beauty,64.06
2023-04-16,CA,Canada,Fashion_Beauty,65.93
2023-04-23,CA,Canada,Fashion_Beauty,63.73
2023-04-30,CA,Canada,Fashion_Beauty,65.82
2023-05-07,CA,Canada,Fashion_Beauty,61.74
2023-05-14,CA,Canada,Fashion_Beauty,62.29
2023-05-21,CA,Canada,Fashion_Beauty,62.62
2023-05-28,CA,Canada,Fashion_Beauty,61.96
2023-06-04,CA,Canada,Fashion_Beauty,61.63
2023-06-11,CA,Canada,Fashion_Beauty,60.09
2023-06-18,CA,Canada,Fashion_Beauty,58.43
2023-06-25,CA,Canada,Fashion_Beauty,57.11
2023-07-02,CA,Canada,Fashion_Beauty,58.99
2023-07-09,CA,Canada,Fashion_Beauty,57.33
2023-07-16,CA,Canada,Fashion_Beauty,59.1
2023-07-23,CA,Canada,Fashion_Beauty,58.43
2023-07-30,CA,Canada,Fashion_Beauty,58.54
2023-08-06,CA,Canada,Fashion_Beauty,58.1
2023-08-13,CA,Canada,Fashion_Beauty,57.33
2023-08-20,CA,Canada,Fashion_Beauty,60.53
2023-08-27,CA,Canada,Fashion_Beauty,59.76
2023-09-03,CA,Canada,Fashion_Beauty,60.97
2023-09-10,CA,Canada,Fashion_Beauty,58.54
2023-09-17,CA,Canada,Fashion_Beauty,61.52
2023-09-24,CA,Canada,Fashion_Beauty,63.18
2023-10-01,CA,Canada,Fashion_Beauty,64.39
2023-10-08,CA,Canada,Fashion_Beauty,62.73
2023-10-15,CA,Canada,Fashion_Beauty,65.38
2023-10-22,CA,Canada,Fashion_Beauty,65.82
2023-10-29,CA,Canada,Fashion_Beauty,65.49
2023-11-05,CA,Canada,Fashion_Beauty,63.95
2023-11-12,CA,Canada,Fashion_Beauty,68.58
2023-11-19,CA,Canada,Fashion_Beauty,72.44
2023-11-26,CA,Canada,Fashion_Beauty,68.8
2023-12-03,CA,Canada,Fashion_Beauty,67.36
2023-12-10,CA,Canada,Fashion_Beauty,64.39
2023-12-17,CA,Canada,Fashion_Beauty,65.71
2023-12-24,CA,Canada,Fashion_Beauty,69.57
2023-12-31,CA,Canada,Fashion_Beauty,62.29
2024-01-07,CA,Canada,Fashion_Beauty,59.76
2024-01-14,CA,Canada,Fashion_Beauty,62.07
2024-01-21,CA,Canada,Fashion_Beauty,61.74
2024-01-28,CA,Canada,Fashion_Beauty,62.29
2024-02-04,CA,Canada,Fashion_Beauty,63.4
2024-02-11,CA,Canada,Fashion_Beauty,60.53
2024-02-18,CA,Canada,Fashion_Beauty,63.62
2024-02-25,CA,Canada,Fashion_Beauty,63.29
2024-03-03,CA,Canada,Fashion_Beauty,62.4
2024-03-10,CA,Canada,Fashion_Beauty,62.73
2024-03-17,CA,Canada,Fashion_Beauty,61.52
2024-03-24,CA,Canada,Fashion_Beauty,65.27
2024-03-31,CA,Canada,Fashion_Beauty,61.19
2024-04-07,CA,Canada,Fashion_Beauty,62.18
2024-04-14,CA,Canada,Fashion_Beauty,62.95
2024-04-21,CA,Canada,Fashion_Beauty,64.83
2024-04-28,CA,Canada,Fashion_Beauty,60.97
2024-05-05,CA,Canada,Fashion_Beauty,60.31
2024-05-12,CA,Canada,Fashion_Beauty,58.32
2024-05-19,CA,Canada,Fashion_Beauty,56.89
2024-05-26,CA,Canada,Fashion_Beauty,60.31
2024-06-02,CA,Canada,Fashion_Beauty,56.78
2024-06-09,CA,Canada,Fashion_Beauty,58.21
2024-06-16,CA,Canada,Fashion_Beauty,55.35
2024-06-23,CA,Canada,Fashion_Beauty,55.57
2024-06-30,CA,Canada,Fashion_Beauty,54.69
2024-07-07,CA,Canada,Fashion_Beauty,56.12
2024-07-14,CA,Canada,Fashion_Beauty,57.88
2024-07-21,CA,Canada,Fashion_Beauty,58.32
2024-07-28,CA,Canada,Fashion_Beauty,56.45
2024-08-04,CA,Canada,Fashion_Beauty,60.42
2024-08-11,CA,Canada,Fashion_Beauty,60.53
2024-08-18,CA,Canada,Fashion_Beauty,63.84
2024-08-25,CA,Canada,Fashion_Beauty,60.97
2024-09-01,CA,Canada,Fashion_Beauty,63.73
2024-09-08,CA,Canada,Fashion_Beauty,61.63
2024-09-15,CA,Canada,Fashion_Beauty,64.06
2024-09-22,CA,Canada,Fashion_Beauty,63.73
2024-09-29,CA,Canada,Fashion_Beauty,67.36
2024-10-06,CA,Canada,Fashion_Beauty,62.51
2024-10-13,CA,Canada,Fashion_Beauty,80.93
2024-10-20,CA,Canada,Fashion_Beauty,68.58
2024-10-27,CA,Canada,Fashion_Beauty,69.13
2024-11-03,CA,Canada,Fashion_Beauty,61.19
2024-11-10,CA,Canada,Fashion_Beauty,64.83
2024-11-17,CA,Canada,Fashion_Beauty,66.59
2024-11-24,CA,Canada,Fashion_Beauty,71.66
2024-12-01,CA,Canada,Fashion_Beauty,66.92
2024-12-08,CA,Canada,Fashion_Beauty,64.5
2024-12-15,CA,Canada,Fashion_Beauty,65.6
2024-12-22,CA,Canada,Fashion_Beauty,67.59
2024-12-29,CA,Canada,Fashion_Beauty,65.82
2025-01-05,CA,Canada,Fashion_Beauty,60.64
2025-01-12,CA,Canada,Fashion_Beauty,62.07
2025-01-19,CA,Canada,Fashion_Beauty,62.18
2025-01-26,CA,Canada,Fashion_Beauty,58.32
2025-02-02,CA,Canada,Fashion_Beauty,59.98
2025-02-09,CA,Canada,Fashion_Beauty,62.29
2025-02-16,CA,Canada,Fashion_Beauty,60.75
2025-02-23,CA,Canada,Fashion_Beauty,60.42
2025-03-02,CA,Canada,Fashion_Beauty,61.3
2025-03-09,CA,Canada,Fashion_Beauty,61.96
2025-03-16,CA,Canada,Fashion_Beauty,64.5
2025-03-23,CA,Canada,Fashion_Beauty,63.07
2025-03-30,CA,Canada,Fashion_Beauty,62.29
2025-04-06,CA,Canada,Fashion_Beauty,64.28
2025-04-13,CA,Canada,Fashion_Beauty,62.29
2025-04-20,CA,Canada,Fashion_Beauty,59.32
2025-04-27,CA,Canada,Fashion_Beauty,58.77
2025-05-04,CA,Canada,Fashion_Beauty,62.95
2025-05-11,CA,Canada,Fashion_Beauty,60.53
2025-05-18,CA,Canada,Fashion_Beauty,59.54
2025-05-25,CA,Canada,Fashion_Beauty,58.99
2025-06-01,CA,Canada,Fashion_Beauty,57.33
2025-06-08,CA,Canada,Fashion_Beauty,61.41
2025-06-15,CA,Canada,Fashion_Beauty,58.21
2025-06-22,CA,Canada,Fashion_Beauty,56.89
2025-06-29,CA,Canada,Fashion_Beauty,58.88
2025-07-06,CA,Canada,Fashion_Beauty,57.11
2025-07-13,CA,Canada,Fashion_Beauty,59.32
2025-07-20,CA,Canada,Fashion_Beauty,59.65
2025-07-27,CA,Canada,Fashion_Beauty,62.51
2025-08-03,CA,Canada,Fashion_Beauty,62.84
2025-08-10,CA,Canada,Fashion_Beauty,62.95
2025-08-17,CA,Canada,Fashion_Beauty,61.96
2025-08-24,CA,Canada,Fashion_Beauty,60.75
2025-08-31,CA,Canada,Fashion_Beauty,62.29
2025-09-07,CA,Canada,Fashion_Beauty,58.88
2025-09-14,CA,Canada,Fashion_Beauty,63.51
2025-09-21,CA,Canada,Fashion_Beauty,62.07
2025-09-28,CA,Canada,Fashion_Beauty,63.4
2025-10-05,CA,Canada,Fashion_Beauty,62.73
2025-10-12,CA,Canada,Fashion_Beauty,85.45
2025-10-19,CA,Canada,Fashion_Beauty,64.5
2025-10-26,CA,Canada,Fashion_Beauty,68.14
2025-11-02,CA,Canada,Fashion_Beauty,71.33
2025-11-09,CA,Canada,Fashion_Beauty,73.98
2025-11-16,CA,Canada,Fashion_Beauty,78.17
2025-11-23,CA,Canada,Fashion_Beauty,89.86
2025-11-30,CA,Canada,Fashion_Beauty,91.29
2025-12-07,CA,Canada,Fashion_Beauty,88.86
2025-12-14,CA,Canada,Fashion_Beauty,86.77
2025-12-21,CA,Canada,Fashion_Beauty,81.04
2025-12-28,CA,Canada,Fashion_Beauty,82.69
2026-01-04,CA,Canada,Fashion_Beauty,84.56
2026-01-11,CA,Canada,Fashion_Beauty,87.21
2026-01-18,CA,Canada,Fashion_Beauty,81.59
2026-01-25,CA,Canada,Fashion_Beauty,83.35
2026-02-01,CA,Canada,Fashion_Beauty,95.92
2026-02-08,CA,Canada,Fashion_Beauty,100
2026-02-15,CA,Canada,Fashion_Beauty,97.02
2026-02-22,CA,Canada,Fashion_Beauty,85.34
2026-03-01,CA,Canada,Fashion_Beauty,72
2026-03-08,CA,Canada,Fashion_Beauty,76.74
2026-03-15,CA,Canada,Fashion_Beauty,78.39
2026-03-22,CA,Canada,Fashion_Beauty,72.88
2026-03-29,CA,Canada,Fashion_Beauty,72.44
2026-04-05,CA,Canada,Fashion_Beauty,75.85
2026-04-12,CA,Canada,Fashion_Beauty,74.64
2026-04-19,CA,Canada,Fashion_Beauty,70.23
2026-04-26,CA,Canada,Fashion_Beauty,68.91
2026-05-03,CA,Canada,Fashion_Beauty,70.78
2026-05-10,CA,Canada,Fashion_Beauty,69.57
2026-05-17,CA,Canada,Fashion_Beauty,70.89
2026-05-24,CA,Canada,Fashion_Beauty,69.57
2026-05-31,CA,Canada,Fashion_Beauty,70.67
2026-06-07,CA,Canada,Fashion_Beauty,68.14
2026-06-14,CA,Canada,Fashion_Beauty,71.11
2026-06-21,CA,Canada,Fashion_Beauty,80.04
2026-06-28,CA,Canada,Fashion_Beauty,65.38
2026-07-05,CA,Canada,Fashion_Beauty,71
2026-07-12,CA,Canada,Fashion_Beauty,64.72
2026-07-19,CA,Canada,Fashion_Beauty,63.73
2026-07-26,CA,Canada,Fashion_Beauty,62.4
2026-08-02,CA,Canada,Fashion_Beauty,62.51
2026-08-09,CA,Canada,Fashion_Beauty,66.81
2026-08-16,CA,Canada,Fashion_Beauty,68.91
2026-08-23,CA,Canada,Fashion_Beauty,67.25
2023-01-01,CN,China,Nutrition_Diets,3.46
2023-01-08,CN,China,Nutrition_Diets,5.11
2023-01-15,CN,China,Nutrition_Diets,5.11
2023-01-22,CN,China,Nutrition_Diets,6.17
2023-01-29,CN,China,Nutrition_Diets,6.17
2023-02-05,CN,China,Nutrition_Diets,5.71
2023-02-12,CN,China,Nutrition_Diets,6.17
2023-02-19,CN,China,Nutrition_Diets,6.17
2023-02-26,CN,China,Nutrition_Diets,7.22
2023-03-05,CN,China,Nutrition_Diets,6.47
2023-03-12,CN,China,Nutrition_Diets,6.62
2023-03-19,CN,China,Nutrition_Diets,5.41
2023-03-26,CN,China,Nutrition_Diets,5.86
2023-04-02,CN,China,Nutrition_Diets,6.32
2023-04-09,CN,China,Nutrition_Diets,6.32
2023-04-16,CN,China,Nutrition_Diets,5.11
2023-04-23,CN,China,Nutrition_Diets,6.47
2023-04-30,CN,China,Nutrition_Diets,6.47
2023-05-07,CN,China,Nutrition_Diets,5.86
2023-05-14,CN,China,Nutrition_Diets,6.92
2023-05-21,CN,China,Nutrition_Diets,6.32
2023-05-28,CN,China,Nutrition_Diets,7.07
2023-06-04,CN,China,Nutrition_Diets,6.47
2023-06-11,CN,China,Nutrition_Diets,4.51
2023-06-18,CN,China,Nutrition_Diets,8.27
2023-06-25,CN,China,Nutrition_Diets,6.32
2023-07-02,CN,China,Nutrition_Diets,5.41
2023-07-09,CN,China,Nutrition_Diets,5.56
2023-07-16,CN,China,Nutrition_Diets,6.47
2023-07-23,CN,China,Nutrition_Diets,5.26
2023-07-30,CN,China,Nutrition_Diets,5.86
2023-08-06,CN,China,Nutrition_Diets,4.96
2023-08-13,CN,China,Nutrition_Diets,5.11
2023-08-20,CN,China,Nutrition_Diets,6.92
2023-08-27,CN,China,Nutrition_Diets,6.02
2023-09-03,CN,China,Nutrition_Diets,6.02
2023-09-10,CN,China,Nutrition_Diets,5.41
2023-09-17,CN,China,Nutrition_Diets,5.26
2023-09-24,CN,China,Nutrition_Diets,6.02
2023-10-01,CN,China,Nutrition_Diets,6.62
2023-10-08,CN,China,Nutrition_Diets,6.77
2023-10-15,CN,China,Nutrition_Diets,6.02
2023-10-22,CN,China,Nutrition_Diets,7.07
2023-10-29,CN,China,Nutrition_Diets,5.71
2023-11-05,CN,China,Nutrition_Diets,5.71
2023-11-12,CN,China,Nutrition_Diets,5.56
2023-11-19,CN,China,Nutrition_Diets,6.17
2023-11-26,CN,China,Nutrition_Diets,6.02
2023-12-03,CN,China,Nutrition_Diets,6.17
2023-12-10,CN,China,Nutrition_Diets,5.56
2023-12-17,CN,China,Nutrition_Diets,5.86
2023-12-24,CN,China,Nutrition_Diets,6.17
2023-12-31,CN,China,Nutrition_Diets,6.32
2024-01-07,CN,China,Nutrition_Diets,6.17
2024-01-14,CN,China,Nutrition_Diets,7.67
2024-01-21,CN,China,Nutrition_Diets,6.47
2024-01-28,CN,China,Nutrition_Diets,5.11
2024-02-04,CN,China,Nutrition_Diets,4.66
2024-02-11,CN,China,Nutrition_Diets,4.81
2024-02-18,CN,China,Nutrition_Diets,5.71
2024-02-25,CN,China,Nutrition_Diets,6.32
2024-03-03,CN,China,Nutrition_Diets,6.32
2024-03-10,CN,China,Nutrition_Diets,8.42
2024-03-17,CN,China,Nutrition_Diets,6.62
2024-03-24,CN,China,Nutrition_Diets,7.82
2024-03-31,CN,China,Nutrition_Diets,7.07
2024-04-07,CN,China,Nutrition_Diets,7.22
2024-04-14,CN,China,Nutrition_Diets,6.32
2024-04-21,CN,China,Nutrition_Diets,7.22
2024-04-28,CN,China,Nutrition_Diets,7.82
2024-05-05,CN,China,Nutrition_Diets,7.82
2024-05-12,CN,China,Nutrition_Diets,7.67
2024-05-19,CN,China,Nutrition_Diets,6.32
2024-05-26,CN,China,Nutrition_Diets,5.11
2024-06-02,CN,China,Nutrition_Diets,6.77
2024-06-09,CN,China,Nutrition_Diets,7.52
2024-06-16,CN,China,Nutrition_Diets,6.47
2024-06-23,CN,China,Nutrition_Diets,6.92
2024-06-30,CN,China,Nutrition_Diets,5.11
2024-07-07,CN,China,Nutrition_Diets,4.66
2024-07-14,CN,China,Nutrition_Diets,5.71
2024-07-21,CN,China,Nutrition_Diets,4.81
2024-07-28,CN,China,Nutrition_Diets,5.11
2024-08-04,CN,China,Nutrition_Diets,7.22
2024-08-11,CN,China,Nutrition_Diets,5.71
2024-08-18,CN,China,Nutrition_Diets,7.52
2024-08-25,CN,China,Nutrition_Diets,5.71
2024-09-01,CN,China,Nutrition_Diets,5.26
2024-09-08,CN,China,Nutrition_Diets,6.02
2024-09-15,CN,China,Nutrition_Diets,6.02
2024-09-22,CN,China,Nutrition_Diets,7.67
2024-09-29,CN,China,Nutrition_Diets,6.77
2024-10-06,CN,China,Nutrition_Diets,7.07
2024-10-13,CN,China,Nutrition_Diets,6.62
2024-10-20,CN,China,Nutrition_Diets,6.32
2024-10-27,CN,China,Nutrition_Diets,6.92
2024-11-03,CN,China,Nutrition_Diets,5.86
2024-11-10,CN,China,Nutrition_Diets,6.77
2024-11-17,CN,China,Nutrition_Diets,6.17
2024-11-24,CN,China,Nutrition_Diets,5.26
2024-12-01,CN,China,Nutrition_Diets,7.37
2024-12-08,CN,China,Nutrition_Diets,5.71
2024-12-15,CN,China,Nutrition_Diets,5.86
2024-12-22,CN,China,Nutrition_Diets,4.81
2024-12-29,CN,China,Nutrition_Diets,5.11
2025-01-05,CN,China,Nutrition_Diets,6.92
2025-01-12,CN,China,Nutrition_Diets,4.36
2025-01-19,CN,China,Nutrition_Diets,6.17
2025-01-26,CN,China,Nutrition_Diets,4.96
2025-02-02,CN,China,Nutrition_Diets,6.47
2025-02-09,CN,China,Nutrition_Diets,7.52
2025-02-16,CN,China,Nutrition_Diets,7.22
2025-02-23,CN,China,Nutrition_Diets,8.57
2025-03-02,CN,China,Nutrition_Diets,8.42
2025-03-09,CN,China,Nutrition_Diets,6.77
2025-03-16,CN,China,Nutrition_Diets,8.12
2025-03-23,CN,China,Nutrition_Diets,6.47
2025-03-30,CN,China,Nutrition_Diets,6.17
2025-04-06,CN,China,Nutrition_Diets,6.02
2025-04-13,CN,China,Nutrition_Diets,6.92
2025-04-20,CN,China,Nutrition_Diets,7.07
2025-04-27,CN,China,Nutrition_Diets,6.32
2025-05-04,CN,China,Nutrition_Diets,6.17
2025-05-11,CN,China,Nutrition_Diets,5.86
2025-05-18,CN,China,Nutrition_Diets,7.37
2025-05-25,CN,China,Nutrition_Diets,6.77
2025-06-01,CN,China,Nutrition_Diets,7.82
2025-06-08,CN,China,Nutrition_Diets,9.77
2025-06-15,CN,China,Nutrition_Diets,6.32
2025-06-22,CN,China,Nutrition_Diets,5.86
2025-06-29,CN,China,Nutrition_Diets,5.71
2025-07-06,CN,China,Nutrition_Diets,6.02
2025-07-13,CN,China,Nutrition_Diets,6.62
2025-07-20,CN,China,Nutrition_Diets,3.16
2025-07-27,CN,China,Nutrition_Diets,4.96
2025-08-03,CN,China,Nutrition_Diets,4.66
2025-08-10,CN,China,Nutrition_Diets,4.81
2025-08-17,CN,China,Nutrition_Diets,5.41
2025-08-24,CN,China,Nutrition_Diets,4.06
2025-08-31,CN,China,Nutrition_Diets,8.72
2025-09-07,CN,China,Nutrition_Diets,8.12
2025-09-14,CN,China,Nutrition_Diets,4.81
2025-09-21,CN,China,Nutrition_Diets,24.36
2025-09-28,CN,China,Nutrition_Diets,53.53
2025-10-05,CN,China,Nutrition_Diets,60.3
2025-10-12,CN,China,Nutrition_Diets,37.59
2025-10-19,CN,China,Nutrition_Diets,41.2
2025-10-26,CN,China,Nutrition_Diets,57.59
2025-11-02,CN,China,Nutrition_Diets,77.89
2025-11-09,CN,China,Nutrition_Diets,86.17
2025-11-16,CN,China,Nutrition_Diets,91.28
2025-11-23,CN,China,Nutrition_Diets,100
2025-11-30,CN,China,Nutrition_Diets,86.92
2025-12-07,CN,China,Nutrition_Diets,63.16
2025-12-14,CN,China,Nutrition_Diets,46.92
2025-12-21,CN,China,Nutrition_Diets,29.17
2025-12-28,CN,China,Nutrition_Diets,16.24
2026-01-04,CN,China,Nutrition_Diets,15.79
2026-01-11,CN,China,Nutrition_Diets,14.74
2026-01-18,CN,China,Nutrition_Diets,10.53
2026-01-25,CN,China,Nutrition_Diets,10.53
2026-02-01,CN,China,Nutrition_Diets,14.29
2026-02-08,CN,China,Nutrition_Diets,17.74
2026-02-15,CN,China,Nutrition_Diets,25.11
2026-02-22,CN,China,Nutrition_Diets,17.59
2026-03-01,CN,China,Nutrition_Diets,10.53
2026-03-08,CN,China,Nutrition_Diets,9.77
2026-03-15,CN,China,Nutrition_Diets,11.43
2026-03-22,CN,China,Nutrition_Diets,11.28
2026-03-29,CN,China,Nutrition_Diets,15.94
2026-04-05,CN,China,Nutrition_Diets,14.14
2026-04-12,CN,China,Nutrition_Diets,25.71
2026-04-19,CN,China,Nutrition_Diets,26.02
2026-04-26,CN,China,Nutrition_Diets,34.74
2026-05-03,CN,China,Nutrition_Diets,16.09
2026-05-10,CN,China,Nutrition_Diets,13.38
2026-05-17,CN,China,Nutrition_Diets,19.4
2026-05-24,CN,China,Nutrition_Diets,17.59
2026-05-31,CN,China,Nutrition_Diets,17.74
2026-06-07,CN,China,Nutrition_Diets,13.98
2026-06-14,CN,China,Nutrition_Diets,12.78
2026-06-21,CN,China,Nutrition_Diets,8.27
2026-06-28,CN,China,Nutrition_Diets,10.83
2026-07-05,CN,China,Nutrition_Diets,11.28
2026-07-12,CN,China,Nutrition_Diets,7.52
2026-07-19,CN,China,Nutrition_Diets,8.42
2026-07-26,CN,China,Nutrition_Diets,6.47
2026-08-02,CN,China,Nutrition_Diets,5.56
2026-08-09,CN,China,Nutrition_Diets,5.26
2026-08-16,CN,China,Nutrition_Diets,5.26
2026-08-23,CN,China,Nutrition_Diets,6.02
2023-01-01,CN,China,Fitness_Wearables,28.59
2023-01-08,CN,China,Fitness_Wearables,25.12
2023-01-15,CN,China,Fitness_Wearables,32.92
2023-01-22,CN,China,Fitness_Wearables,24.01
2023-01-29,CN,China,Fitness_Wearables,26.61
2023-02-05,CN,China,Fitness_Wearables,28.71
2023-02-12,CN,China,Fitness_Wearables,26.49
2023-02-19,CN,China,Fitness_Wearables,29.08
2023-02-26,CN,China,Fitness_Wearables,29.95
2023-03-05,CN,China,Fitness_Wearables,29.08
2023-03-12,CN,China,Fitness_Wearables,28.84
2023-03-19,CN,China,Fitness_Wearables,24.75
2023-03-26,CN,China,Fitness_Wearables,25.87
2023-04-02,CN,China,Fitness_Wearables,25
2023-04-09,CN,China,Fitness_Wearables,27.97
2023-04-16,CN,China,Fitness_Wearables,27.6
2023-04-23,CN,China,Fitness_Wearables,28.09
2023-04-30,CN,China,Fitness_Wearables,27.85
2023-05-07,CN,China,Fitness_Wearables,29.58
2023-05-14,CN,China,Fitness_Wearables,27.6
2023-05-21,CN,China,Fitness_Wearables,29.7
2023-05-28,CN,China,Fitness_Wearables,30.32
2023-06-04,CN,China,Fitness_Wearables,27.48
2023-06-11,CN,China,Fitness_Wearables,30.57
2023-06-18,CN,China,Fitness_Wearables,29.83
2023-06-25,CN,China,Fitness_Wearables,27.97
2023-07-02,CN,China,Fitness_Wearables,28.09
2023-07-09,CN,China,Fitness_Wearables,29.08
2023-07-16,CN,China,Fitness_Wearables,29.21
2023-07-23,CN,China,Fitness_Wearables,27.35
2023-07-30,CN,China,Fitness_Wearables,28.47
2023-08-06,CN,China,Fitness_Wearables,26.11
2023-08-13,CN,China,Fitness_Wearables,26.24
2023-08-20,CN,China,Fitness_Wearables,25.5
2023-08-27,CN,China,Fitness_Wearables,26.86
2023-09-03,CN,China,Fitness_Wearables,27.35
2023-09-10,CN,China,Fitness_Wearables,30.07
2023-09-17,CN,China,Fitness_Wearables,32.05
2023-09-24,CN,China,Fitness_Wearables,28.09
2023-10-01,CN,China,Fitness_Wearables,31.19
2023-10-08,CN,China,Fitness_Wearables,30.2
2023-10-15,CN,China,Fitness_Wearables,30.57
2023-10-22,CN,China,Fitness_Wearables,28.71
2023-10-29,CN,China,Fitness_Wearables,27.23
2023-11-05,CN,China,Fitness_Wearables,25.12
2023-11-12,CN,China,Fitness_Wearables,25.62
2023-11-19,CN,China,Fitness_Wearables,28.22
2023-11-26,CN,China,Fitness_Wearables,26.73
2023-12-03,CN,China,Fitness_Wearables,29.21
2023-12-10,CN,China,Fitness_Wearables,26.86
2023-12-17,CN,China,Fitness_Wearables,27.1
2023-12-24,CN,China,Fitness_Wearables,22.77
2023-12-31,CN,China,Fitness_Wearables,26.86
2024-01-07,CN,China,Fitness_Wearables,26.49
2024-01-14,CN,China,Fitness_Wearables,24.63
2024-01-21,CN,China,Fitness_Wearables,29.46
2024-01-28,CN,China,Fitness_Wearables,24.75
2024-02-04,CN,China,Fitness_Wearables,21.29
2024-02-11,CN,China,Fitness_Wearables,28.34
2024-02-18,CN,China,Fitness_Wearables,25.12
2024-02-25,CN,China,Fitness_Wearables,25.5
2024-03-03,CN,China,Fitness_Wearables,28.22
2024-03-10,CN,China,Fitness_Wearables,24.63
2024-03-17,CN,China,Fitness_Wearables,26.49
2024-03-24,CN,China,Fitness_Wearables,25.87
2024-03-31,CN,China,Fitness_Wearables,24.75
2024-04-07,CN,China,Fitness_Wearables,25.12
2024-04-14,CN,China,Fitness_Wearables,25.37
2024-04-21,CN,China,Fitness_Wearables,25
2024-04-28,CN,China,Fitness_Wearables,26.61
2024-05-05,CN,China,Fitness_Wearables,23.76
2024-05-12,CN,China,Fitness_Wearables,27.72
2024-05-19,CN,China,Fitness_Wearables,25.99
2024-05-26,CN,China,Fitness_Wearables,29.21
2024-06-02,CN,China,Fitness_Wearables,27.72
2024-06-09,CN,China,Fitness_Wearables,29.58
2024-06-16,CN,China,Fitness_Wearables,28.22
2024-06-23,CN,China,Fitness_Wearables,31.44
2024-06-30,CN,China,Fitness_Wearables,26.49
2024-07-07,CN,China,Fitness_Wearables,30.94
2024-07-14,CN,China,Fitness_Wearables,25.62
2024-07-21,CN,China,Fitness_Wearables,25.37
2024-07-28,CN,China,Fitness_Wearables,25.74
2024-08-04,CN,China,Fitness_Wearables,27.97
2024-08-11,CN,China,Fitness_Wearables,32.43
2024-08-18,CN,China,Fitness_Wearables,29.58
2024-08-25,CN,China,Fitness_Wearables,28.84
2024-09-01,CN,China,Fitness_Wearables,31.56
2024-09-08,CN,China,Fitness_Wearables,32.18
2024-09-15,CN,China,Fitness_Wearables,34.03
2024-09-22,CN,China,Fitness_Wearables,33.04
2024-09-29,CN,China,Fitness_Wearables,29.46
2024-10-06,CN,China,Fitness_Wearables,31.56
2024-10-13,CN,China,Fitness_Wearables,28.59
2024-10-20,CN,China,Fitness_Wearables,26.49
2024-10-27,CN,China,Fitness_Wearables,30.57
2024-11-03,CN,China,Fitness_Wearables,25.37
2024-11-10,CN,China,Fitness_Wearables,30.07
2024-11-17,CN,China,Fitness_Wearables,27.1
2024-11-24,CN,China,Fitness_Wearables,24.5
2024-12-01,CN,China,Fitness_Wearables,30.07
2024-12-08,CN,China,Fitness_Wearables,25.37
2024-12-15,CN,China,Fitness_Wearables,25.25
2024-12-22,CN,China,Fitness_Wearables,26.36
2024-12-29,CN,China,Fitness_Wearables,29.46
2025-01-05,CN,China,Fitness_Wearables,34.9
2025-01-12,CN,China,Fitness_Wearables,28.84
2025-01-19,CN,China,Fitness_Wearables,24.13
2025-01-26,CN,China,Fitness_Wearables,19.31
2025-02-02,CN,China,Fitness_Wearables,30.69
2025-02-09,CN,China,Fitness_Wearables,30.94
2025-02-16,CN,China,Fitness_Wearables,31.56
2025-02-23,CN,China,Fitness_Wearables,29.08
2025-03-02,CN,China,Fitness_Wearables,28.71
2025-03-09,CN,China,Fitness_Wearables,27.48
2025-03-16,CN,China,Fitness_Wearables,30.94
2025-03-23,CN,China,Fitness_Wearables,25.37
2025-03-30,CN,China,Fitness_Wearables,27.72
2025-04-06,CN,China,Fitness_Wearables,22.4
2025-04-13,CN,China,Fitness_Wearables,25.87
2025-04-20,CN,China,Fitness_Wearables,27.48
2025-04-27,CN,China,Fitness_Wearables,31.31
2025-05-04,CN,China,Fitness_Wearables,26.73
2025-05-11,CN,China,Fitness_Wearables,27.35
2025-05-18,CN,China,Fitness_Wearables,29.46
2025-05-25,CN,China,Fitness_Wearables,26.24
2025-06-01,CN,China,Fitness_Wearables,29.33
2025-06-08,CN,China,Fitness_Wearables,35.89
2025-06-15,CN,China,Fitness_Wearables,32.43
2025-06-22,CN,China,Fitness_Wearables,27.85
2025-06-29,CN,China,Fitness_Wearables,31.56
2025-07-06,CN,China,Fitness_Wearables,28.47
2025-07-13,CN,China,Fitness_Wearables,34.16
2025-07-20,CN,China,Fitness_Wearables,41.34
2025-07-27,CN,China,Fitness_Wearables,40.1
2025-08-03,CN,China,Fitness_Wearables,37.62
2025-08-10,CN,China,Fitness_Wearables,37.13
2025-08-17,CN,China,Fitness_Wearables,40.72
2025-08-24,CN,China,Fitness_Wearables,32.8
2025-08-31,CN,China,Fitness_Wearables,27.85
2025-09-07,CN,China,Fitness_Wearables,31.44
2025-09-14,CN,China,Fitness_Wearables,28.47
2025-09-21,CN,China,Fitness_Wearables,34.53
2025-09-28,CN,China,Fitness_Wearables,37.25
2025-10-05,CN,China,Fitness_Wearables,39.98
2025-10-12,CN,China,Fitness_Wearables,37.25
2025-10-19,CN,China,Fitness_Wearables,40.1
2025-10-26,CN,China,Fitness_Wearables,48.89
2025-11-02,CN,China,Fitness_Wearables,48.76
2025-11-09,CN,China,Fitness_Wearables,53.59
2025-11-16,CN,China,Fitness_Wearables,55.57
2025-11-23,CN,China,Fitness_Wearables,56.68
2025-11-30,CN,China,Fitness_Wearables,51.86
2025-12-07,CN,China,Fitness_Wearables,52.72
2025-12-14,CN,China,Fitness_Wearables,60.52
2025-12-21,CN,China,Fitness_Wearables,58.79
2025-12-28,CN,China,Fitness_Wearables,44.93
2026-01-04,CN,China,Fitness_Wearables,39.98
2026-01-11,CN,China,Fitness_Wearables,44.93
2026-01-18,CN,China,Fitness_Wearables,34.53
2026-01-25,CN,China,Fitness_Wearables,35.02
2026-02-01,CN,China,Fitness_Wearables,43.56
2026-02-08,CN,China,Fitness_Wearables,67.2
2026-02-15,CN,China,Fitness_Wearables,100
2026-02-22,CN,China,Fitness_Wearables,60.64
2026-03-01,CN,China,Fitness_Wearables,37.25
2026-03-08,CN,China,Fitness_Wearables,37.25
2026-03-15,CN,China,Fitness_Wearables,44.18
2026-03-22,CN,China,Fitness_Wearables,46.53
2026-03-29,CN,China,Fitness_Wearables,67.7
2026-04-05,CN,China,Fitness_Wearables,50.74
2026-04-12,CN,China,Fitness_Wearables,77.85
2026-04-19,CN,China,Fitness_Wearables,89.85
2026-04-26,CN,China,Fitness_Wearables,75.25
2026-05-03,CN,China,Fitness_Wearables,50.37
2026-05-10,CN,China,Fitness_Wearables,46.53
2026-05-17,CN,China,Fitness_Wearables,57.05
2026-05-24,CN,China,Fitness_Wearables,57.05
2026-05-31,CN,China,Fitness_Wearables,51.98
2026-06-07,CN,China,Fitness_Wearables,47.65
2026-06-14,CN,China,Fitness_Wearables,44.55
2026-06-21,CN,China,Fitness_Wearables,33.29
2026-06-28,CN,China,Fitness_Wearables,39.48
2026-07-05,CN,China,Fitness_Wearables,37.13
2026-07-12,CN,China,Fitness_Wearables,29.83
2026-07-19,CN,China,Fitness_Wearables,28.84
2026-07-26,CN,China,Fitness_Wearables,30.82
2026-08-02,CN,China,Fitness_Wearables,27.1
2026-08-09,CN,China,Fitness_Wearables,28.84
2026-08-16,CN,China,Fitness_Wearables,26.36
2026-08-23,CN,China,Fitness_Wearables,27.97
2023-01-01,CN,China,Fashion_Beauty,10.68
2023-01-08,CN,China,Fashion_Beauty,12.92
2023-01-15,CN,China,Fashion_Beauty,11.18
2023-01-22,CN,China,Fashion_Beauty,10.81
2023-01-29,CN,China,Fashion_Beauty,13.79
2023-02-05,CN,China,Fashion_Beauty,14.53
2023-02-12,CN,China,Fashion_Beauty,14.66
2023-02-19,CN,China,Fashion_Beauty,15.4
2023-02-26,CN,China,Fashion_Beauty,13.91
2023-03-05,CN,China,Fashion_Beauty,17.02
2023-03-12,CN,China,Fashion_Beauty,14.53
2023-03-19,CN,China,Fashion_Beauty,15.16
2023-03-26,CN,China,Fashion_Beauty,15.78
2023-04-02,CN,China,Fashion_Beauty,13.04
2023-04-09,CN,China,Fashion_Beauty,13.91
2023-04-16,CN,China,Fashion_Beauty,15.28
2023-04-23,CN,China,Fashion_Beauty,13.42
2023-04-30,CN,China,Fashion_Beauty,14.16
2023-05-07,CN,China,Fashion_Beauty,14.91
2023-05-14,CN,China,Fashion_Beauty,16.15
2023-05-21,CN,China,Fashion_Beauty,15.16
2023-05-28,CN,China,Fashion_Beauty,15.03
2023-06-04,CN,China,Fashion_Beauty,14.53
2023-06-11,CN,China,Fashion_Beauty,13.54
2023-06-18,CN,China,Fashion_Beauty,12.92
2023-06-25,CN,China,Fashion_Beauty,15.28
2023-07-02,CN,China,Fashion_Beauty,14.16
2023-07-09,CN,China,Fashion_Beauty,13.04
2023-07-16,CN,China,Fashion_Beauty,13.66
2023-07-23,CN,China,Fashion_Beauty,14.04
2023-07-30,CN,China,Fashion_Beauty,14.04
2023-08-06,CN,China,Fashion_Beauty,13.79
2023-08-13,CN,China,Fashion_Beauty,14.91
2023-08-20,CN,China,Fashion_Beauty,15.16
2023-08-27,CN,China,Fashion_Beauty,12.92
2023-09-03,CN,China,Fashion_Beauty,14.91
2023-09-10,CN,China,Fashion_Beauty,14.91
2023-09-17,CN,China,Fashion_Beauty,15.16
2023-09-24,CN,China,Fashion_Beauty,14.41
2023-10-01,CN,China,Fashion_Beauty,14.29
2023-10-08,CN,China,Fashion_Beauty,17.02
2023-10-15,CN,China,Fashion_Beauty,15.53
2023-10-22,CN,China,Fashion_Beauty,14.04
2023-10-29,CN,China,Fashion_Beauty,17.27
2023-11-05,CN,China,Fashion_Beauty,16.02
2023-11-12,CN,China,Fashion_Beauty,14.53
2023-11-19,CN,China,Fashion_Beauty,14.66
2023-11-26,CN,China,Fashion_Beauty,16.89
2023-12-03,CN,China,Fashion_Beauty,17.39
2023-12-10,CN,China,Fashion_Beauty,17.02
2023-12-17,CN,China,Fashion_Beauty,14.78
2023-12-24,CN,China,Fashion_Beauty,14.04
2023-12-31,CN,China,Fashion_Beauty,13.04
2024-01-07,CN,China,Fashion_Beauty,15.28
2024-01-14,CN,China,Fashion_Beauty,18.63
2024-01-21,CN,China,Fashion_Beauty,16.52
2024-01-28,CN,China,Fashion_Beauty,17.02
2024-02-04,CN,China,Fashion_Beauty,12.42
2024-02-11,CN,China,Fashion_Beauty,11.06
2024-02-18,CN,China,Fashion_Beauty,13.04
2024-02-25,CN,China,Fashion_Beauty,15.28
2024-03-03,CN,China,Fashion_Beauty,12.42
2024-03-10,CN,China,Fashion_Beauty,14.41
2024-03-17,CN,China,Fashion_Beauty,15.4
2024-03-24,CN,China,Fashion_Beauty,17.02
2024-03-31,CN,China,Fashion_Beauty,15.53
2024-04-07,CN,China,Fashion_Beauty,15.65
2024-04-14,CN,China,Fashion_Beauty,16.52
2024-04-21,CN,China,Fashion_Beauty,15.53
2024-04-28,CN,China,Fashion_Beauty,15.4
2024-05-05,CN,China,Fashion_Beauty,15.78
2024-05-12,CN,China,Fashion_Beauty,14.91
2024-05-19,CN,China,Fashion_Beauty,15.4
2024-05-26,CN,China,Fashion_Beauty,14.16
2024-06-02,CN,China,Fashion_Beauty,13.54
2024-06-09,CN,China,Fashion_Beauty,14.91
2024-06-16,CN,China,Fashion_Beauty,15.28
2024-06-23,CN,China,Fashion_Beauty,13.54
2024-06-30,CN,China,Fashion_Beauty,12.67
2024-07-07,CN,China,Fashion_Beauty,14.91
2024-07-14,CN,China,Fashion_Beauty,16.77
2024-07-21,CN,China,Fashion_Beauty,14.16
2024-07-28,CN,China,Fashion_Beauty,13.42
2024-08-04,CN,China,Fashion_Beauty,13.91
2024-08-11,CN,China,Fashion_Beauty,16.4
2024-08-18,CN,China,Fashion_Beauty,15.65
2024-08-25,CN,China,Fashion_Beauty,15.65
2024-09-01,CN,China,Fashion_Beauty,15.03
2024-09-08,CN,China,Fashion_Beauty,16.02
2024-09-15,CN,China,Fashion_Beauty,16.77
2024-09-22,CN,China,Fashion_Beauty,14.91
2024-09-29,CN,China,Fashion_Beauty,16.15
2024-10-06,CN,China,Fashion_Beauty,16.89
2024-10-13,CN,China,Fashion_Beauty,19.25
2024-10-20,CN,China,Fashion_Beauty,20.25
2024-10-27,CN,China,Fashion_Beauty,17.39
2024-11-03,CN,China,Fashion_Beauty,15.16
2024-11-10,CN,China,Fashion_Beauty,17.52
2024-11-17,CN,China,Fashion_Beauty,14.78
2024-11-24,CN,China,Fashion_Beauty,15.53
2024-12-01,CN,China,Fashion_Beauty,15.16
2024-12-08,CN,China,Fashion_Beauty,14.66
2024-12-15,CN,China,Fashion_Beauty,15.28
2024-12-22,CN,China,Fashion_Beauty,16.15
2024-12-29,CN,China,Fashion_Beauty,18.14
2025-01-05,CN,China,Fashion_Beauty,16.52
2025-01-12,CN,China,Fashion_Beauty,13.29
2025-01-19,CN,China,Fashion_Beauty,13.04
2025-01-26,CN,China,Fashion_Beauty,13.17
2025-02-02,CN,China,Fashion_Beauty,12.67
2025-02-09,CN,China,Fashion_Beauty,13.79
2025-02-16,CN,China,Fashion_Beauty,17.14
2025-02-23,CN,China,Fashion_Beauty,16.89
2025-03-02,CN,China,Fashion_Beauty,14.41
2025-03-09,CN,China,Fashion_Beauty,17.14
2025-03-16,CN,China,Fashion_Beauty,17.52
2025-03-23,CN,China,Fashion_Beauty,17.39
2025-03-30,CN,China,Fashion_Beauty,15.9
2025-04-06,CN,China,Fashion_Beauty,14.91
2025-04-13,CN,China,Fashion_Beauty,15.4
2025-04-20,CN,China,Fashion_Beauty,16.89
2025-04-27,CN,China,Fashion_Beauty,17.27
2025-05-04,CN,China,Fashion_Beauty,17.89
2025-05-11,CN,China,Fashion_Beauty,16.52
2025-05-18,CN,China,Fashion_Beauty,15.9
2025-05-25,CN,China,Fashion_Beauty,15.65
2025-06-01,CN,China,Fashion_Beauty,17.02
2025-06-08,CN,China,Fashion_Beauty,17.64
2025-06-15,CN,China,Fashion_Beauty,16.4
2025-06-22,CN,China,Fashion_Beauty,15.28
2025-06-29,CN,China,Fashion_Beauty,15.65
2025-07-06,CN,China,Fashion_Beauty,15.65
2025-07-13,CN,China,Fashion_Beauty,15.78
2025-07-20,CN,China,Fashion_Beauty,16.4
2025-07-27,CN,China,Fashion_Beauty,15.28
2025-08-03,CN,China,Fashion_Beauty,15.28
2025-08-10,CN,China,Fashion_Beauty,15.4
2025-08-17,CN,China,Fashion_Beauty,15.16
2025-08-24,CN,China,Fashion_Beauty,13.54
2025-08-31,CN,China,Fashion_Beauty,15.65
2025-09-07,CN,China,Fashion_Beauty,16.52
2025-09-14,CN,China,Fashion_Beauty,15.4
2025-09-21,CN,China,Fashion_Beauty,15.4
2025-09-28,CN,China,Fashion_Beauty,13.66
2025-10-05,CN,China,Fashion_Beauty,16.27
2025-10-12,CN,China,Fashion_Beauty,16.89
2025-10-19,CN,China,Fashion_Beauty,17.76
2025-10-26,CN,China,Fashion_Beauty,18.63
2025-11-02,CN,China,Fashion_Beauty,17.76
2025-11-09,CN,China,Fashion_Beauty,15.16
2025-11-16,CN,China,Fashion_Beauty,18.01
2025-11-23,CN,China,Fashion_Beauty,17.39
2025-11-30,CN,China,Fashion_Beauty,18.26
2025-12-07,CN,China,Fashion_Beauty,24.47
2025-12-14,CN,China,Fashion_Beauty,29.19
2025-12-21,CN,China,Fashion_Beauty,29.32
2025-12-28,CN,China,Fashion_Beauty,23.23
2026-01-04,CN,China,Fashion_Beauty,24.35
2026-01-11,CN,China,Fashion_Beauty,23.73
2026-01-18,CN,China,Fashion_Beauty,19.5
2026-01-25,CN,China,Fashion_Beauty,21.12
2026-02-01,CN,China,Fashion_Beauty,28.07
2026-02-08,CN,China,Fashion_Beauty,60.99
2026-02-15,CN,China,Fashion_Beauty,100
2026-02-22,CN,China,Fashion_Beauty,48.32
2026-03-01,CN,China,Fashion_Beauty,18.51
2026-03-08,CN,China,Fashion_Beauty,20.37
2026-03-15,CN,China,Fashion_Beauty,21.37
2026-03-22,CN,China,Fashion_Beauty,24.72
2026-03-29,CN,China,Fashion_Beauty,30.56
2026-04-05,CN,China,Fashion_Beauty,26.71
2026-04-12,CN,China,Fashion_Beauty,37.52
2026-04-19,CN,China,Fashion_Beauty,45.59
2026-04-26,CN,China,Fashion_Beauty,37.39
2026-05-03,CN,China,Fashion_Beauty,27.33
2026-05-10,CN,China,Fashion_Beauty,26.58
2026-05-17,CN,China,Fashion_Beauty,32.05
2026-05-24,CN,China,Fashion_Beauty,29.32
2026-05-31,CN,China,Fashion_Beauty,27.58
2026-06-07,CN,China,Fashion_Beauty,24.6
2026-06-14,CN,China,Fashion_Beauty,22.86
2026-06-21,CN,China,Fashion_Beauty,15.9
2026-06-28,CN,China,Fashion_Beauty,19.01
2026-07-05,CN,China,Fashion_Beauty,16.65
2026-07-12,CN,China,Fashion_Beauty,15.28
2026-07-19,CN,China,Fashion_Beauty,15.53
2026-07-26,CN,China,Fashion_Beauty,15.9
2026-08-02,CN,China,Fashion_Beauty,14.53
2026-08-09,CN,China,Fashion_Beauty,12.67
2026-08-16,CN,China,Fashion_Beauty,14.16
2026-08-23,CN,China,Fashion_Beauty,13.79
2023-01-01,DE,Germany,Nutrition_Diets,49.86
2023-01-08,DE,Germany,Nutrition_Diets,49.18
2023-01-15,DE,Germany,Nutrition_Diets,48.02
2023-01-22,DE,Germany,Nutrition_Diets,46.57
2023-01-29,DE,Germany,Nutrition_Diets,45.22
2023-02-05,DE,Germany,Nutrition_Diets,44.93
2023-02-12,DE,Germany,Nutrition_Diets,43.19
2023-02-19,DE,Germany,Nutrition_Diets,45.7
2023-02-26,DE,Germany,Nutrition_Diets,45.12
2023-03-05,DE,Germany,Nutrition_Diets,43.09
2023-03-12,DE,Germany,Nutrition_Diets,44.06
2023-03-19,DE,Germany,Nutrition_Diets,43.48
2023-03-26,DE,Germany,Nutrition_Diets,41.45
2023-04-02,DE,Germany,Nutrition_Diets,40.58
2023-04-09,DE,Germany,Nutrition_Diets,41.93
2023-04-16,DE,Germany,Nutrition_Diets,42.51
2023-04-23,DE,Germany,Nutrition_Diets,41.93
2023-04-30,DE,Germany,Nutrition_Diets,42.51
2023-05-07,DE,Germany,Nutrition_Diets,42.13
2023-05-14,DE,Germany,Nutrition_Diets,40.48
2023-05-21,DE,Germany,Nutrition_Diets,41.45
2023-05-28,DE,Germany,Nutrition_Diets,40.39
2023-06-04,DE,Germany,Nutrition_Diets,41.64
2023-06-11,DE,Germany,Nutrition_Diets,41.16
2023-06-18,DE,Germany,Nutrition_Diets,40.19
2023-06-25,DE,Germany,Nutrition_Diets,42.42
2023-07-02,DE,Germany,Nutrition_Diets,42.13
2023-07-09,DE,Germany,Nutrition_Diets,39.61
2023-07-16,DE,Germany,Nutrition_Diets,39.13
2023-07-23,DE,Germany,Nutrition_Diets,39.42
2023-07-30,DE,Germany,Nutrition_Diets,39.32
2023-08-06,DE,Germany,Nutrition_Diets,39.03
2023-08-13,DE,Germany,Nutrition_Diets,42.22
2023-08-20,DE,Germany,Nutrition_Diets,40.29
2023-08-27,DE,Germany,Nutrition_Diets,37.68
2023-09-03,DE,Germany,Nutrition_Diets,37.58
2023-09-10,DE,Germany,Nutrition_Diets,35.46
2023-09-17,DE,Germany,Nutrition_Diets,35.36
2023-09-24,DE,Germany,Nutrition_Diets,37.49
2023-10-01,DE,Germany,Nutrition_Diets,35.36
2023-10-08,DE,Germany,Nutrition_Diets,36.23
2023-10-15,DE,Germany,Nutrition_Diets,35.75
2023-10-22,DE,Germany,Nutrition_Diets,36.81
2023-10-29,DE,Germany,Nutrition_Diets,36.62
2023-11-05,DE,Germany,Nutrition_Diets,38.45
2023-11-12,DE,Germany,Nutrition_Diets,37.2
2023-11-19,DE,Germany,Nutrition_Diets,35.27
2023-11-26,DE,Germany,Nutrition_Diets,33.33
2023-12-03,DE,Germany,Nutrition_Diets,33.62
2023-12-10,DE,Germany,Nutrition_Diets,34.4
2023-12-17,DE,Germany,Nutrition_Diets,32.37
2023-12-24,DE,Germany,Nutrition_Diets,33.33
2023-12-31,DE,Germany,Nutrition_Diets,43.77
2024-01-07,DE,Germany,Nutrition_Diets,46.96
2024-01-14,DE,Germany,Nutrition_Diets,43.38
2024-01-21,DE,Germany,Nutrition_Diets,43.19
2024-01-28,DE,Germany,Nutrition_Diets,41.84
2024-02-04,DE,Germany,Nutrition_Diets,40.97
2024-02-11,DE,Germany,Nutrition_Diets,39.32
2024-02-18,DE,Germany,Nutrition_Diets,39.52
2024-02-25,DE,Germany,Nutrition_Diets,42.51
2024-03-03,DE,Germany,Nutrition_Diets,39.52
2024-03-10,DE,Germany,Nutrition_Diets,38.55
2024-03-17,DE,Germany,Nutrition_Diets,38.26
2024-03-24,DE,Germany,Nutrition_Diets,37.97
2024-03-31,DE,Germany,Nutrition_Diets,36.62
2024-04-07,DE,Germany,Nutrition_Diets,38.74
2024-04-14,DE,Germany,Nutrition_Diets,40.87
2024-04-21,DE,Germany,Nutrition_Diets,39.81
2024-04-28,DE,Germany,Nutrition_Diets,37.2
2024-05-05,DE,Germany,Nutrition_Diets,36.81
2024-05-12,DE,Germany,Nutrition_Diets,37
2024-05-19,DE,Germany,Nutrition_Diets,36.71
2024-05-26,DE,Germany,Nutrition_Diets,37.1
2024-06-02,DE,Germany,Nutrition_Diets,37.2
2024-06-09,DE,Germany,Nutrition_Diets,35.75
2024-06-16,DE,Germany,Nutrition_Diets,35.85
2024-06-23,DE,Germany,Nutrition_Diets,34.88
2024-06-30,DE,Germany,Nutrition_Diets,35.27
2024-07-07,DE,Germany,Nutrition_Diets,36.71
2024-07-14,DE,Germany,Nutrition_Diets,35.27
2024-07-21,DE,Germany,Nutrition_Diets,38.07
2024-07-28,DE,Germany,Nutrition_Diets,36.52
2024-08-04,DE,Germany,Nutrition_Diets,34.98
2024-08-11,DE,Germany,Nutrition_Diets,36.71
2024-08-18,DE,Germany,Nutrition_Diets,37.87
2024-08-25,DE,Germany,Nutrition_Diets,37.39
2024-09-01,DE,Germany,Nutrition_Diets,36.43
2024-09-08,DE,Germany,Nutrition_Diets,35.46
2024-09-15,DE,Germany,Nutrition_Diets,36.23
2024-09-22,DE,Germany,Nutrition_Diets,35.75
2024-09-29,DE,Germany,Nutrition_Diets,37.1
2024-10-06,DE,Germany,Nutrition_Diets,35.46
2024-10-13,DE,Germany,Nutrition_Diets,36.23
2024-10-20,DE,Germany,Nutrition_Diets,37.39
2024-10-27,DE,Germany,Nutrition_Diets,37.87
2024-11-03,DE,Germany,Nutrition_Diets,35.94
2024-11-10,DE,Germany,Nutrition_Diets,37
2024-11-17,DE,Germany,Nutrition_Diets,37.2
2024-11-24,DE,Germany,Nutrition_Diets,36.91
2024-12-01,DE,Germany,Nutrition_Diets,34.3
2024-12-08,DE,Germany,Nutrition_Diets,34.3
2024-12-15,DE,Germany,Nutrition_Diets,34.2
2024-12-22,DE,Germany,Nutrition_Diets,34.59
2024-12-29,DE,Germany,Nutrition_Diets,42.13
2025-01-05,DE,Germany,Nutrition_Diets,45.6
2025-01-12,DE,Germany,Nutrition_Diets,45.6
2025-01-19,DE,Germany,Nutrition_Diets,45.22
2025-01-26,DE,Germany,Nutrition_Diets,43.77
2025-02-02,DE,Germany,Nutrition_Diets,43.09
2025-02-09,DE,Germany,Nutrition_Diets,40.1
2025-02-16,DE,Germany,Nutrition_Diets,41.35
2025-02-23,DE,Germany,Nutrition_Diets,37.97
2025-03-02,DE,Germany,Nutrition_Diets,39.03
2025-03-09,DE,Germany,Nutrition_Diets,41.84
2025-03-16,DE,Germany,Nutrition_Diets,39.9
2025-03-23,DE,Germany,Nutrition_Diets,40.58
2025-03-30,DE,Germany,Nutrition_Diets,39.9
2025-04-06,DE,Germany,Nutrition_Diets,39.71
2025-04-13,DE,Germany,Nutrition_Diets,40.29
2025-04-20,DE,Germany,Nutrition_Diets,39.9
2025-04-27,DE,Germany,Nutrition_Diets,38.84
2025-05-04,DE,Germany,Nutrition_Diets,37.78
2025-05-11,DE,Germany,Nutrition_Diets,41.84
2025-05-18,DE,Germany,Nutrition_Diets,40.1
2025-05-25,DE,Germany,Nutrition_Diets,38.16
2025-06-01,DE,Germany,Nutrition_Diets,38.74
2025-06-08,DE,Germany,Nutrition_Diets,38.84
2025-06-15,DE,Germany,Nutrition_Diets,38.26
2025-06-22,DE,Germany,Nutrition_Diets,38.55
2025-06-29,DE,Germany,Nutrition_Diets,35.75
2025-07-06,DE,Germany,Nutrition_Diets,37
2025-07-13,DE,Germany,Nutrition_Diets,37.49
2025-07-20,DE,Germany,Nutrition_Diets,37.97
2025-07-27,DE,Germany,Nutrition_Diets,36.71
2025-08-03,DE,Germany,Nutrition_Diets,40
2025-08-10,DE,Germany,Nutrition_Diets,37.97
2025-08-17,DE,Germany,Nutrition_Diets,36.14
2025-08-24,DE,Germany,Nutrition_Diets,36.71
2025-08-31,DE,Germany,Nutrition_Diets,36.23
2025-09-07,DE,Germany,Nutrition_Diets,33.72
2025-09-14,DE,Germany,Nutrition_Diets,32.46
2025-09-21,DE,Germany,Nutrition_Diets,34.3
2025-09-28,DE,Germany,Nutrition_Diets,33.82
2025-10-05,DE,Germany,Nutrition_Diets,34.98
2025-10-12,DE,Germany,Nutrition_Diets,36.23
2025-10-19,DE,Germany,Nutrition_Diets,35.46
2025-10-26,DE,Germany,Nutrition_Diets,44.54
2025-11-02,DE,Germany,Nutrition_Diets,57.68
2025-11-09,DE,Germany,Nutrition_Diets,55.85
2025-11-16,DE,Germany,Nutrition_Diets,52.37
2025-11-23,DE,Germany,Nutrition_Diets,56.14
2025-11-30,DE,Germany,Nutrition_Diets,57.2
2025-12-07,DE,Germany,Nutrition_Diets,56.14
2025-12-14,DE,Germany,Nutrition_Diets,55.27
2025-12-21,DE,Germany,Nutrition_Diets,50.63
2025-12-28,DE,Germany,Nutrition_Diets,58.07
2026-01-04,DE,Germany,Nutrition_Diets,62.22
2026-01-11,DE,Germany,Nutrition_Diets,62.13
2026-01-18,DE,Germany,Nutrition_Diets,63.67
2026-01-25,DE,Germany,Nutrition_Diets,63.57
2026-02-01,DE,Germany,Nutrition_Diets,63.77
2026-02-08,DE,Germany,Nutrition_Diets,64.93
2026-02-15,DE,Germany,Nutrition_Diets,73.91
2026-02-22,DE,Germany,Nutrition_Diets,76.33
2026-03-01,DE,Germany,Nutrition_Diets,61.84
2026-03-08,DE,Germany,Nutrition_Diets,67.73
2026-03-15,DE,Germany,Nutrition_Diets,69.18
2026-03-22,DE,Germany,Nutrition_Diets,72.56
2026-03-29,DE,Germany,Nutrition_Diets,81.26
2026-04-05,DE,Germany,Nutrition_Diets,72.66
2026-04-12,DE,Germany,Nutrition_Diets,72.08
2026-04-19,DE,Germany,Nutrition_Diets,69.66
2026-04-26,DE,Germany,Nutrition_Diets,62.22
2026-05-03,DE,Germany,Nutrition_Diets,62.71
2026-05-10,DE,Germany,Nutrition_Diets,65.12
2026-05-17,DE,Germany,Nutrition_Diets,64.06
2026-05-24,DE,Germany,Nutrition_Diets,65.6
2026-05-31,DE,Germany,Nutrition_Diets,70.53
2026-06-07,DE,Germany,Nutrition_Diets,70.53
2026-06-14,DE,Germany,Nutrition_Diets,69.18
2026-06-21,DE,Germany,Nutrition_Diets,64.93
2026-06-28,DE,Germany,Nutrition_Diets,88.02
2026-07-05,DE,Germany,Nutrition_Diets,100
2026-07-12,DE,Germany,Nutrition_Diets,63
2026-07-19,DE,Germany,Nutrition_Diets,47.15
2026-07-26,DE,Germany,Nutrition_Diets,48.31
2026-08-02,DE,Germany,Nutrition_Diets,47.25
2026-08-09,DE,Germany,Nutrition_Diets,56.52
2026-08-16,DE,Germany,Nutrition_Diets,69.57
2026-08-23,DE,Germany,Nutrition_Diets,65.31
2023-01-01,DE,Germany,Fitness_Wearables,89.9
2023-01-08,DE,Germany,Fitness_Wearables,83.88
2023-01-15,DE,Germany,Fitness_Wearables,77.75
2023-01-22,DE,Germany,Fitness_Wearables,74.35
2023-01-29,DE,Germany,Fitness_Wearables,71.62
2023-02-05,DE,Germany,Fitness_Wearables,68.22
2023-02-12,DE,Germany,Fitness_Wearables,65.04
2023-02-19,DE,Germany,Fitness_Wearables,66.74
2023-02-26,DE,Germany,Fitness_Wearables,68.56
2023-03-05,DE,Germany,Fitness_Wearables,65.61
2023-03-12,DE,Germany,Fitness_Wearables,63.11
2023-03-19,DE,Germany,Fitness_Wearables,63.68
2023-03-26,DE,Germany,Fitness_Wearables,64.47
2023-04-02,DE,Germany,Fitness_Wearables,66.4
2023-04-09,DE,Germany,Fitness_Wearables,66.52
2023-04-16,DE,Germany,Fitness_Wearables,65.72
2023-04-23,DE,Germany,Fitness_Wearables,64.36
2023-04-30,DE,Germany,Fitness_Wearables,64.7
2023-05-07,DE,Germany,Fitness_Wearables,61.98
2023-05-14,DE,Germany,Fitness_Wearables,62.88
2023-05-21,DE,Germany,Fitness_Wearables,60.27
2023-05-28,DE,Germany,Fitness_Wearables,63.22
2023-06-04,DE,Germany,Fitness_Wearables,63.45
2023-06-11,DE,Germany,Fitness_Wearables,59.82
2023-06-18,DE,Germany,Fitness_Wearables,56.64
2023-06-25,DE,Germany,Fitness_Wearables,64.25
2023-07-02,DE,Germany,Fitness_Wearables,71.28
2023-07-09,DE,Germany,Fitness_Wearables,64.36
2023-07-16,DE,Germany,Fitness_Wearables,65.38
2023-07-23,DE,Germany,Fitness_Wearables,64.25
2023-07-30,DE,Germany,Fitness_Wearables,67.88
2023-08-06,DE,Germany,Fitness_Wearables,65.04
2023-08-13,DE,Germany,Fitness_Wearables,63.11
2023-08-20,DE,Germany,Fitness_Wearables,63
2023-08-27,DE,Germany,Fitness_Wearables,67.54
2023-09-03,DE,Germany,Fitness_Wearables,64.25
2023-09-10,DE,Germany,Fitness_Wearables,64.93
2023-09-17,DE,Germany,Fitness_Wearables,65.83
2023-09-24,DE,Germany,Fitness_Wearables,64.81
2023-10-01,DE,Germany,Fitness_Wearables,67.08
2023-10-08,DE,Germany,Fitness_Wearables,64.13
2023-10-15,DE,Germany,Fitness_Wearables,62.2
2023-10-22,DE,Germany,Fitness_Wearables,63.11
2023-10-29,DE,Germany,Fitness_Wearables,64.81
2023-11-05,DE,Germany,Fitness_Wearables,65.15
2023-11-12,DE,Germany,Fitness_Wearables,67.08
2023-11-19,DE,Germany,Fitness_Wearables,71.51
2023-11-26,DE,Germany,Fitness_Wearables,61.63
2023-12-03,DE,Germany,Fitness_Wearables,58.68
2023-12-10,DE,Germany,Fitness_Wearables,59.93
2023-12-17,DE,Germany,Fitness_Wearables,68.1
2023-12-24,DE,Germany,Fitness_Wearables,78.89
2023-12-31,DE,Germany,Fitness_Wearables,83.65
2024-01-07,DE,Germany,Fitness_Wearables,75.94
2024-01-14,DE,Germany,Fitness_Wearables,73.33
2024-01-21,DE,Germany,Fitness_Wearables,71.62
2024-01-28,DE,Germany,Fitness_Wearables,72.19
2024-02-04,DE,Germany,Fitness_Wearables,70.15
2024-02-11,DE,Germany,Fitness_Wearables,69.35
2024-02-18,DE,Germany,Fitness_Wearables,67.2
2024-02-25,DE,Germany,Fitness_Wearables,68.67
2024-03-03,DE,Germany,Fitness_Wearables,67.42
2024-03-10,DE,Germany,Fitness_Wearables,65.38
2024-03-17,DE,Germany,Fitness_Wearables,65.15
2024-03-24,DE,Germany,Fitness_Wearables,69.47
2024-03-31,DE,Germany,Fitness_Wearables,70.37
2024-04-07,DE,Germany,Fitness_Wearables,66.74
2024-04-14,DE,Germany,Fitness_Wearables,66.97
2024-04-21,DE,Germany,Fitness_Wearables,67.42
2024-04-28,DE,Germany,Fitness_Wearables,69.69
2024-05-05,DE,Germany,Fitness_Wearables,63.22
2024-05-12,DE,Germany,Fitness_Wearables,62.54
2024-05-19,DE,Germany,Fitness_Wearables,67.54
2024-05-26,DE,Germany,Fitness_Wearables,66.17
2024-06-02,DE,Germany,Fitness_Wearables,64.59
2024-06-09,DE,Germany,Fitness_Wearables,60.73
2024-06-16,DE,Germany,Fitness_Wearables,58.8
2024-06-23,DE,Germany,Fitness_Wearables,63
2024-06-30,DE,Germany,Fitness_Wearables,65.61
2024-07-07,DE,Germany,Fitness_Wearables,63.68
2024-07-14,DE,Germany,Fitness_Wearables,64.47
2024-07-21,DE,Germany,Fitness_Wearables,63.79
2024-07-28,DE,Germany,Fitness_Wearables,66.63
2024-08-04,DE,Germany,Fitness_Wearables,65.61
2024-08-11,DE,Germany,Fitness_Wearables,64.93
2024-08-18,DE,Germany,Fitness_Wearables,65.49
2024-08-25,DE,Germany,Fitness_Wearables,68.22
2024-09-01,DE,Germany,Fitness_Wearables,67.54
2024-09-08,DE,Germany,Fitness_Wearables,70.6
2024-09-15,DE,Germany,Fitness_Wearables,68.67
2024-09-22,DE,Germany,Fitness_Wearables,67.99
2024-09-29,DE,Germany,Fitness_Wearables,68.22
2024-10-06,DE,Germany,Fitness_Wearables,65.95
2024-10-13,DE,Germany,Fitness_Wearables,66.97
2024-10-20,DE,Germany,Fitness_Wearables,66.06
2024-10-27,DE,Germany,Fitness_Wearables,69.47
2024-11-03,DE,Germany,Fitness_Wearables,64.47
2024-11-10,DE,Germany,Fitness_Wearables,65.38
2024-11-17,DE,Germany,Fitness_Wearables,68.22
2024-11-24,DE,Germany,Fitness_Wearables,71.74
2024-12-01,DE,Germany,Fitness_Wearables,65.15
2024-12-08,DE,Germany,Fitness_Wearables,64.25
2024-12-15,DE,Germany,Fitness_Wearables,63.68
2024-12-22,DE,Germany,Fitness_Wearables,80.36
2024-12-29,DE,Germany,Fitness_Wearables,89.22
2025-01-05,DE,Germany,Fitness_Wearables,81.95
2025-01-12,DE,Germany,Fitness_Wearables,78.21
2025-01-19,DE,Germany,Fitness_Wearables,75.37
2025-01-26,DE,Germany,Fitness_Wearables,75.26
2025-02-02,DE,Germany,Fitness_Wearables,72.19
2025-02-09,DE,Germany,Fitness_Wearables,67.88
2025-02-16,DE,Germany,Fitness_Wearables,66.4
2025-02-23,DE,Germany,Fitness_Wearables,62.43
2025-03-02,DE,Germany,Fitness_Wearables,65.27
2025-03-09,DE,Germany,Fitness_Wearables,66.63
2025-03-16,DE,Germany,Fitness_Wearables,66.4
2025-03-23,DE,Germany,Fitness_Wearables,68.22
2025-03-30,DE,Germany,Fitness_Wearables,67.54
2025-04-06,DE,Germany,Fitness_Wearables,65.95
2025-04-13,DE,Germany,Fitness_Wearables,74.01
2025-04-20,DE,Germany,Fitness_Wearables,75.14
2025-04-27,DE,Germany,Fitness_Wearables,70.83
2025-05-04,DE,Germany,Fitness_Wearables,66.86
2025-05-11,DE,Germany,Fitness_Wearables,69.13
2025-05-18,DE,Germany,Fitness_Wearables,67.76
2025-05-25,DE,Germany,Fitness_Wearables,69.35
2025-06-01,DE,Germany,Fitness_Wearables,66.74
2025-06-08,DE,Germany,Fitness_Wearables,68.1
2025-06-15,DE,Germany,Fitness_Wearables,66.52
2025-06-22,DE,Germany,Fitness_Wearables,65.27
2025-06-29,DE,Germany,Fitness_Wearables,64.47
2025-07-06,DE,Germany,Fitness_Wearables,69.24
2025-07-13,DE,Germany,Fitness_Wearables,66.63
2025-07-20,DE,Germany,Fitness_Wearables,68.33
2025-07-27,DE,Germany,Fitness_Wearables,68.9
2025-08-03,DE,Germany,Fitness_Wearables,73.89
2025-08-10,DE,Germany,Fitness_Wearables,66.17
2025-08-17,DE,Germany,Fitness_Wearables,66.52
2025-08-24,DE,Germany,Fitness_Wearables,67.88
2025-08-31,DE,Germany,Fitness_Wearables,69.81
2025-09-07,DE,Germany,Fitness_Wearables,68.67
2025-09-14,DE,Germany,Fitness_Wearables,65.72
2025-09-21,DE,Germany,Fitness_Wearables,68.56
2025-09-28,DE,Germany,Fitness_Wearables,68.33
2025-10-05,DE,Germany,Fitness_Wearables,65.49
2025-10-12,DE,Germany,Fitness_Wearables,68.9
2025-10-19,DE,Germany,Fitness_Wearables,66.74
2025-10-26,DE,Germany,Fitness_Wearables,72.3
2025-11-02,DE,Germany,Fitness_Wearables,82.29
2025-11-09,DE,Germany,Fitness_Wearables,80.14
2025-11-16,DE,Germany,Fitness_Wearables,83.54
2025-11-23,DE,Germany,Fitness_Wearables,86.38
2025-11-30,DE,Germany,Fitness_Wearables,82.63
2025-12-07,DE,Germany,Fitness_Wearables,82.52
2025-12-14,DE,Germany,Fitness_Wearables,80.93
2025-12-21,DE,Germany,Fitness_Wearables,95.91
2025-12-28,DE,Germany,Fitness_Wearables,100
2026-01-04,DE,Germany,Fitness_Wearables,99.55
2026-01-11,DE,Germany,Fitness_Wearables,94.44
2026-01-18,DE,Germany,Fitness_Wearables,91.15
2026-01-25,DE,Germany,Fitness_Wearables,85.24
2026-02-01,DE,Germany,Fitness_Wearables,86.72
2026-02-08,DE,Germany,Fitness_Wearables,92.62
2026-02-15,DE,Germany,Fitness_Wearables,97.39
2026-02-22,DE,Germany,Fitness_Wearables,95.57
2026-03-01,DE,Germany,Fitness_Wearables,79.11
2026-03-08,DE,Germany,Fitness_Wearables,82.18
2026-03-15,DE,Germany,Fitness_Wearables,84.68
2026-03-22,DE,Germany,Fitness_Wearables,84.22
2026-03-29,DE,Germany,Fitness_Wearables,94.32
2026-04-05,DE,Germany,Fitness_Wearables,83.65
2026-04-12,DE,Germany,Fitness_Wearables,82.75
2026-04-19,DE,Germany,Fitness_Wearables,80.36
2026-04-26,DE,Germany,Fitness_Wearables,81.04
2026-05-03,DE,Germany,Fitness_Wearables,83.77
2026-05-10,DE,Germany,Fitness_Wearables,88.2
2026-05-17,DE,Germany,Fitness_Wearables,77.19
2026-05-24,DE,Germany,Fitness_Wearables,82.52
2026-05-31,DE,Germany,Fitness_Wearables,87.4
2026-06-07,DE,Germany,Fitness_Wearables,85.13
2026-06-14,DE,Germany,Fitness_Wearables,77.64
2026-06-21,DE,Germany,Fitness_Wearables,75.03
2026-06-28,DE,Germany,Fitness_Wearables,87.97
2026-07-05,DE,Germany,Fitness_Wearables,95.23
2026-07-12,DE,Germany,Fitness_Wearables,76.16
2026-07-19,DE,Germany,Fitness_Wearables,73.78
2026-07-26,DE,Germany,Fitness_Wearables,76.28
2026-08-02,DE,Germany,Fitness_Wearables,77.87
2026-08-09,DE,Germany,Fitness_Wearables,82.52
2026-08-16,DE,Germany,Fitness_Wearables,94.32
2026-08-23,DE,Germany,Fitness_Wearables,92.51
2023-01-01,DE,Germany,Fashion_Beauty,44.69
2023-01-08,DE,Germany,Fashion_Beauty,44.36
2023-01-15,DE,Germany,Fashion_Beauty,46.93
2023-01-22,DE,Germany,Fashion_Beauty,47.04
2023-01-29,DE,Germany,Fashion_Beauty,44.58
2023-02-05,DE,Germany,Fashion_Beauty,44.92
2023-02-12,DE,Germany,Fashion_Beauty,44.36
2023-02-19,DE,Germany,Fashion_Beauty,44.25
2023-02-26,DE,Germany,Fashion_Beauty,48.6
2023-03-05,DE,Germany,Fashion_Beauty,48.83
2023-03-12,DE,Germany,Fashion_Beauty,45.47
2023-03-19,DE,Germany,Fashion_Beauty,46.03
2023-03-26,DE,Germany,Fashion_Beauty,47.04
2023-04-02,DE,Germany,Fashion_Beauty,45.59
2023-04-09,DE,Germany,Fashion_Beauty,48.16
2023-04-16,DE,Germany,Fashion_Beauty,45.47
2023-04-23,DE,Germany,Fashion_Beauty,45.92
2023-04-30,DE,Germany,Fashion_Beauty,46.15
2023-05-07,DE,Germany,Fashion_Beauty,45.59
2023-05-14,DE,Germany,Fashion_Beauty,42.79
2023-05-21,DE,Germany,Fashion_Beauty,42.01
2023-05-28,DE,Germany,Fashion_Beauty,41.9
2023-06-04,DE,Germany,Fashion_Beauty,43.8
2023-06-11,DE,Germany,Fashion_Beauty,43.46
2023-06-18,DE,Germany,Fashion_Beauty,40.89
2023-06-25,DE,Germany,Fashion_Beauty,45.7
2023-07-02,DE,Germany,Fashion_Beauty,42.46
2023-07-09,DE,Germany,Fashion_Beauty,41.56
2023-07-16,DE,Germany,Fashion_Beauty,40.11
2023-07-23,DE,Germany,Fashion_Beauty,41.45
2023-07-30,DE,Germany,Fashion_Beauty,40.89
2023-08-06,DE,Germany,Fashion_Beauty,41.34
2023-08-13,DE,Germany,Fashion_Beauty,38.99
2023-08-20,DE,Germany,Fashion_Beauty,39.55
2023-08-27,DE,Germany,Fashion_Beauty,41.56
2023-09-03,DE,Germany,Fashion_Beauty,41.12
2023-09-10,DE,Germany,Fashion_Beauty,41.56
2023-09-17,DE,Germany,Fashion_Beauty,43.02
2023-09-24,DE,Germany,Fashion_Beauty,47.04
2023-10-01,DE,Germany,Fashion_Beauty,44.69
2023-10-08,DE,Germany,Fashion_Beauty,44.36
2023-10-15,DE,Germany,Fashion_Beauty,44.36
2023-10-22,DE,Germany,Fashion_Beauty,44.69
2023-10-29,DE,Germany,Fashion_Beauty,45.25
2023-11-05,DE,Germany,Fashion_Beauty,45.81
2023-11-12,DE,Germany,Fashion_Beauty,43.8
2023-11-19,DE,Germany,Fashion_Beauty,46.93
2023-11-26,DE,Germany,Fashion_Beauty,41.68
2023-12-03,DE,Germany,Fashion_Beauty,43.02
2023-12-10,DE,Germany,Fashion_Beauty,44.36
2023-12-17,DE,Germany,Fashion_Beauty,36.76
2023-12-24,DE,Germany,Fashion_Beauty,40
2023-12-31,DE,Germany,Fashion_Beauty,39.66
2024-01-07,DE,Germany,Fashion_Beauty,41.12
2024-01-14,DE,Germany,Fashion_Beauty,41.45
2024-01-21,DE,Germany,Fashion_Beauty,42.91
2024-01-28,DE,Germany,Fashion_Beauty,41.56
2024-02-04,DE,Germany,Fashion_Beauty,43.13
2024-02-11,DE,Germany,Fashion_Beauty,41.12
2024-02-18,DE,Germany,Fashion_Beauty,40.89
2024-02-25,DE,Germany,Fashion_Beauty,41.79
2024-03-03,DE,Germany,Fashion_Beauty,41.45
2024-03-10,DE,Germany,Fashion_Beauty,41.9
2024-03-17,DE,Germany,Fashion_Beauty,39.55
2024-03-24,DE,Germany,Fashion_Beauty,39.89
2024-03-31,DE,Germany,Fashion_Beauty,41.79
2024-04-07,DE,Germany,Fashion_Beauty,41.68
2024-04-14,DE,Germany,Fashion_Beauty,40
2024-04-21,DE,Germany,Fashion_Beauty,41.9
2024-04-28,DE,Germany,Fashion_Beauty,38.88
2024-05-05,DE,Germany,Fashion_Beauty,39.33
2024-05-12,DE,Germany,Fashion_Beauty,37.65
2024-05-19,DE,Germany,Fashion_Beauty,39.89
2024-05-26,DE,Germany,Fashion_Beauty,39.11
2024-06-02,DE,Germany,Fashion_Beauty,37.54
2024-06-09,DE,Germany,Fashion_Beauty,36.54
2024-06-16,DE,Germany,Fashion_Beauty,37.21
2024-06-23,DE,Germany,Fashion_Beauty,35.2
2024-06-30,DE,Germany,Fashion_Beauty,38.32
2024-07-07,DE,Germany,Fashion_Beauty,38.88
2024-07-14,DE,Germany,Fashion_Beauty,35.87
2024-07-21,DE,Germany,Fashion_Beauty,37.32
2024-07-28,DE,Germany,Fashion_Beauty,36.87
2024-08-04,DE,Germany,Fashion_Beauty,37.09
2024-08-11,DE,Germany,Fashion_Beauty,37.77
2024-08-18,DE,Germany,Fashion_Beauty,38.32
2024-08-25,DE,Germany,Fashion_Beauty,39.22
2024-09-01,DE,Germany,Fashion_Beauty,39.55
2024-09-08,DE,Germany,Fashion_Beauty,41.79
2024-09-15,DE,Germany,Fashion_Beauty,43.91
2024-09-22,DE,Germany,Fashion_Beauty,44.36
2024-09-29,DE,Germany,Fashion_Beauty,43.8
2024-10-06,DE,Germany,Fashion_Beauty,43.91
2024-10-13,DE,Germany,Fashion_Beauty,47.82
2024-10-20,DE,Germany,Fashion_Beauty,42.79
2024-10-27,DE,Germany,Fashion_Beauty,45.92
2024-11-03,DE,Germany,Fashion_Beauty,41.9
2024-11-10,DE,Germany,Fashion_Beauty,44.02
2024-11-17,DE,Germany,Fashion_Beauty,43.24
2024-11-24,DE,Germany,Fashion_Beauty,44.13
2024-12-01,DE,Germany,Fashion_Beauty,43.24
2024-12-08,DE,Germany,Fashion_Beauty,42.23
2024-12-15,DE,Germany,Fashion_Beauty,40
2024-12-22,DE,Germany,Fashion_Beauty,40.78
2024-12-29,DE,Germany,Fashion_Beauty,39.55
2025-01-05,DE,Germany,Fashion_Beauty,39.66
2025-01-12,DE,Germany,Fashion_Beauty,40.22
2025-01-19,DE,Germany,Fashion_Beauty,40.45
2025-01-26,DE,Germany,Fashion_Beauty,42.79
2025-02-02,DE,Germany,Fashion_Beauty,41.9
2025-02-09,DE,Germany,Fashion_Beauty,38.44
2025-02-16,DE,Germany,Fashion_Beauty,39.89
2025-02-23,DE,Germany,Fashion_Beauty,39.22
2025-03-02,DE,Germany,Fashion_Beauty,41.01
2025-03-09,DE,Germany,Fashion_Beauty,42.68
2025-03-16,DE,Germany,Fashion_Beauty,42.57
2025-03-23,DE,Germany,Fashion_Beauty,44.02
2025-03-30,DE,Germany,Fashion_Beauty,47.15
2025-04-06,DE,Germany,Fashion_Beauty,43.69
2025-04-13,DE,Germany,Fashion_Beauty,42.01
2025-04-20,DE,Germany,Fashion_Beauty,42.35
2025-04-27,DE,Germany,Fashion_Beauty,42.01
2025-05-04,DE,Germany,Fashion_Beauty,41.23
2025-05-11,DE,Germany,Fashion_Beauty,43.13
2025-05-18,DE,Germany,Fashion_Beauty,40.22
2025-05-25,DE,Germany,Fashion_Beauty,40.22
2025-06-01,DE,Germany,Fashion_Beauty,40.22
2025-06-08,DE,Germany,Fashion_Beauty,40.34
2025-06-15,DE,Germany,Fashion_Beauty,40.34
2025-06-22,DE,Germany,Fashion_Beauty,39.33
2025-06-29,DE,Germany,Fashion_Beauty,38.99
2025-07-06,DE,Germany,Fashion_Beauty,37.99
2025-07-13,DE,Germany,Fashion_Beauty,38.44
2025-07-20,DE,Germany,Fashion_Beauty,37.77
2025-07-27,DE,Germany,Fashion_Beauty,38.21
2025-08-03,DE,Germany,Fashion_Beauty,42.35
2025-08-10,DE,Germany,Fashion_Beauty,37.77
2025-08-17,DE,Germany,Fashion_Beauty,37.65
2025-08-24,DE,Germany,Fashion_Beauty,37.99
2025-08-31,DE,Germany,Fashion_Beauty,38.77
2025-09-07,DE,Germany,Fashion_Beauty,38.1
2025-09-14,DE,Germany,Fashion_Beauty,37.54
2025-09-21,DE,Germany,Fashion_Beauty,41.34
2025-09-28,DE,Germany,Fashion_Beauty,41.9
2025-10-05,DE,Germany,Fashion_Beauty,41.34
2025-10-12,DE,Germany,Fashion_Beauty,49.27
2025-10-19,DE,Germany,Fashion_Beauty,40.11
2025-10-26,DE,Germany,Fashion_Beauty,45.7
2025-11-02,DE,Germany,Fashion_Beauty,61.56
2025-11-09,DE,Germany,Fashion_Beauty,56.31
2025-11-16,DE,Germany,Fashion_Beauty,57.21
2025-11-23,DE,Germany,Fashion_Beauty,62.79
2025-11-30,DE,Germany,Fashion_Beauty,65.7
2025-12-07,DE,Germany,Fashion_Beauty,59.78
2025-12-14,DE,Germany,Fashion_Beauty,58.32
2025-12-21,DE,Germany,Fashion_Beauty,53.41
2025-12-28,DE,Germany,Fashion_Beauty,53.74
2026-01-04,DE,Germany,Fashion_Beauty,50.84
2026-01-11,DE,Germany,Fashion_Beauty,50.5
2026-01-18,DE,Germany,Fashion_Beauty,57.65
2026-01-25,DE,Germany,Fashion_Beauty,60.11
2026-02-01,DE,Germany,Fashion_Beauty,61.23
2026-02-08,DE,Germany,Fashion_Beauty,75.75
2026-02-15,DE,Germany,Fashion_Beauty,100
2026-02-22,DE,Germany,Fashion_Beauty,89.39
2026-03-01,DE,Germany,Fashion_Beauty,61.68
2026-03-08,DE,Germany,Fashion_Beauty,62.01
2026-03-15,DE,Germany,Fashion_Beauty,59.33
2026-03-22,DE,Germany,Fashion_Beauty,58.44
2026-03-29,DE,Germany,Fashion_Beauty,59.44
2026-04-05,DE,Germany,Fashion_Beauty,56.2
2026-04-12,DE,Germany,Fashion_Beauty,54.19
2026-04-19,DE,Germany,Fashion_Beauty,53.85
2026-04-26,DE,Germany,Fashion_Beauty,51.96
2026-05-03,DE,Germany,Fashion_Beauty,55.08
2026-05-10,DE,Germany,Fashion_Beauty,58.1
2026-05-17,DE,Germany,Fashion_Beauty,51.4
2026-05-24,DE,Germany,Fashion_Beauty,53.07
2026-05-31,DE,Germany,Fashion_Beauty,58.1
2026-06-07,DE,Germany,Fashion_Beauty,56.2
2026-06-14,DE,Germany,Fashion_Beauty,56.87
2026-06-21,DE,Germany,Fashion_Beauty,57.21
2026-06-28,DE,Germany,Fashion_Beauty,69.05
2026-07-05,DE,Germany,Fashion_Beauty,71.28
2026-07-12,DE,Germany,Fashion_Beauty,49.83
2026-07-19,DE,Germany,Fashion_Beauty,45.14
2026-07-26,DE,Germany,Fashion_Beauty,46.15
2026-08-02,DE,Germany,Fashion_Beauty,49.16
2026-08-09,DE,Germany,Fashion_Beauty,58.66
2026-08-16,DE,Germany,Fashion_Beauty,76.87
2026-08-23,DE,Germany,Fashion_Beauty,79.33
2023-01-01,FR,France,Nutrition_Diets,39.24
2023-01-08,FR,France,Nutrition_Diets,37.36
2023-01-15,FR,France,Nutrition_Diets,37.44
2023-01-22,FR,France,Nutrition_Diets,38.92
2023-01-29,FR,France,Nutrition_Diets,39.24
2023-02-05,FR,France,Nutrition_Diets,35.8
2023-02-12,FR,France,Nutrition_Diets,34.89
2023-02-19,FR,France,Nutrition_Diets,37.6
2023-02-26,FR,France,Nutrition_Diets,37.27
2023-03-05,FR,France,Nutrition_Diets,37.36
2023-03-12,FR,France,Nutrition_Diets,36.54
2023-03-19,FR,France,Nutrition_Diets,35.63
2023-03-26,FR,France,Nutrition_Diets,37.19
2023-04-02,FR,France,Nutrition_Diets,35.14
2023-04-09,FR,France,Nutrition_Diets,35.39
2023-04-16,FR,France,Nutrition_Diets,36.12
2023-04-23,FR,France,Nutrition_Diets,34.89
2023-04-30,FR,France,Nutrition_Diets,40.07
2023-05-07,FR,France,Nutrition_Diets,36.86
2023-05-14,FR,France,Nutrition_Diets,34.24
2023-05-21,FR,France,Nutrition_Diets,36.29
2023-05-28,FR,France,Nutrition_Diets,35.39
2023-06-04,FR,France,Nutrition_Diets,34.32
2023-06-11,FR,France,Nutrition_Diets,34.24
2023-06-18,FR,France,Nutrition_Diets,32.35
2023-06-25,FR,France,Nutrition_Diets,32.18
2023-07-02,FR,France,Nutrition_Diets,32.76
2023-07-09,FR,France,Nutrition_Diets,30.21
2023-07-16,FR,France,Nutrition_Diets,34.32
2023-07-23,FR,France,Nutrition_Diets,32.02
2023-07-30,FR,France,Nutrition_Diets,32.18
2023-08-06,FR,France,Nutrition_Diets,31.53
2023-08-13,FR,France,Nutrition_Diets,32.59
2023-08-20,FR,France,Nutrition_Diets,33.17
2023-08-27,FR,France,Nutrition_Diets,32.59
2023-09-03,FR,France,Nutrition_Diets,31.53
2023-09-10,FR,France,Nutrition_Diets,31.36
2023-09-17,FR,France,Nutrition_Diets,31.61
2023-09-24,FR,France,Nutrition_Diets,29.8
2023-10-01,FR,France,Nutrition_Diets,30.21
2023-10-08,FR,France,Nutrition_Diets,29.56
2023-10-15,FR,France,Nutrition_Diets,28.74
2023-10-22,FR,France,Nutrition_Diets,30.13
2023-10-29,FR,France,Nutrition_Diets,28.9
2023-11-05,FR,France,Nutrition_Diets,28.57
2023-11-12,FR,France,Nutrition_Diets,30.13
2023-11-19,FR,France,Nutrition_Diets,29.39
2023-11-26,FR,France,Nutrition_Diets,28.41
2023-12-03,FR,France,Nutrition_Diets,28
2023-12-10,FR,France,Nutrition_Diets,28.33
2023-12-17,FR,France,Nutrition_Diets,28.82
2023-12-24,FR,France,Nutrition_Diets,31.44
2023-12-31,FR,France,Nutrition_Diets,36.29
2024-01-07,FR,France,Nutrition_Diets,33.66
2024-01-14,FR,France,Nutrition_Diets,33
2024-01-21,FR,France,Nutrition_Diets,33.58
2024-01-28,FR,France,Nutrition_Diets,33.58
2024-02-04,FR,France,Nutrition_Diets,32.76
2024-02-11,FR,France,Nutrition_Diets,33.66
2024-02-18,FR,France,Nutrition_Diets,34.07
2024-02-25,FR,France,Nutrition_Diets,35.39
2024-03-03,FR,France,Nutrition_Diets,33.66
2024-03-10,FR,France,Nutrition_Diets,33.66
2024-03-17,FR,France,Nutrition_Diets,33.58
2024-03-24,FR,France,Nutrition_Diets,32.92
2024-03-31,FR,France,Nutrition_Diets,32.02
2024-04-07,FR,France,Nutrition_Diets,32.84
2024-04-14,FR,France,Nutrition_Diets,32.35
2024-04-21,FR,France,Nutrition_Diets,33.91
2024-04-28,FR,France,Nutrition_Diets,32.76
2024-05-05,FR,France,Nutrition_Diets,30.87
2024-05-12,FR,France,Nutrition_Diets,32.68
2024-05-19,FR,France,Nutrition_Diets,31.2
2024-05-26,FR,France,Nutrition_Diets,32.35
2024-06-02,FR,France,Nutrition_Diets,32.35
2024-06-09,FR,France,Nutrition_Diets,30.3
2024-06-16,FR,France,Nutrition_Diets,29.89
2024-06-23,FR,France,Nutrition_Diets,31.03
2024-06-30,FR,France,Nutrition_Diets,28
2024-07-07,FR,France,Nutrition_Diets,29.47
2024-07-14,FR,France,Nutrition_Diets,31.03
2024-07-21,FR,France,Nutrition_Diets,34.4
2024-07-28,FR,France,Nutrition_Diets,29.8
2024-08-04,FR,France,Nutrition_Diets,31.03
2024-08-11,FR,France,Nutrition_Diets,32.1
2024-08-18,FR,France,Nutrition_Diets,33.09
2024-08-25,FR,France,Nutrition_Diets,34.81
2024-09-01,FR,France,Nutrition_Diets,32.76
2024-09-08,FR,France,Nutrition_Diets,31.44
2024-09-15,FR,France,Nutrition_Diets,30.79
2024-09-22,FR,France,Nutrition_Diets,32.1
2024-09-29,FR,France,Nutrition_Diets,33.09
2024-10-06,FR,France,Nutrition_Diets,31.61
2024-10-13,FR,France,Nutrition_Diets,31.53
2024-10-20,FR,France,Nutrition_Diets,32.1
2024-10-27,FR,France,Nutrition_Diets,32.51
2024-11-03,FR,France,Nutrition_Diets,32.02
2024-11-10,FR,France,Nutrition_Diets,32.51
2024-11-17,FR,France,Nutrition_Diets,32.43
2024-11-24,FR,France,Nutrition_Diets,31.36
2024-12-01,FR,France,Nutrition_Diets,30.21
2024-12-08,FR,France,Nutrition_Diets,28.98
2024-12-15,FR,France,Nutrition_Diets,29.23
2024-12-22,FR,France,Nutrition_Diets,30.71
2024-12-29,FR,France,Nutrition_Diets,35.55
2025-01-05,FR,France,Nutrition_Diets,37.27
2025-01-12,FR,France,Nutrition_Diets,35.55
2025-01-19,FR,France,Nutrition_Diets,36.45
2025-01-26,FR,France,Nutrition_Diets,35.55
2025-02-02,FR,France,Nutrition_Diets,35.47
2025-02-09,FR,France,Nutrition_Diets,35.47
2025-02-16,FR,France,Nutrition_Diets,36.37
2025-02-23,FR,France,Nutrition_Diets,35.71
2025-03-02,FR,France,Nutrition_Diets,35.63
2025-03-09,FR,France,Nutrition_Diets,35.96
2025-03-16,FR,France,Nutrition_Diets,38.18
2025-03-23,FR,France,Nutrition_Diets,37.36
2025-03-30,FR,France,Nutrition_Diets,37.68
2025-04-06,FR,France,Nutrition_Diets,37.44
2025-04-13,FR,France,Nutrition_Diets,35.3
2025-04-20,FR,France,Nutrition_Diets,36.7
2025-04-27,FR,France,Nutrition_Diets,34.4
2025-05-04,FR,France,Nutrition_Diets,34.15
2025-05-11,FR,France,Nutrition_Diets,34.81
2025-05-18,FR,France,Nutrition_Diets,35.06
2025-05-25,FR,France,Nutrition_Diets,33.58
2025-06-01,FR,France,Nutrition_Diets,34.07
2025-06-08,FR,France,Nutrition_Diets,34.24
2025-06-15,FR,France,Nutrition_Diets,34.73
2025-06-22,FR,France,Nutrition_Diets,33.83
2025-06-29,FR,France,Nutrition_Diets,32.59
2025-07-06,FR,France,Nutrition_Diets,31.69
2025-07-13,FR,France,Nutrition_Diets,34.48
2025-07-20,FR,France,Nutrition_Diets,36.37
2025-07-27,FR,France,Nutrition_Diets,35.14
2025-08-03,FR,France,Nutrition_Diets,35.8
2025-08-10,FR,France,Nutrition_Diets,34.56
2025-08-17,FR,France,Nutrition_Diets,34.07
2025-08-24,FR,France,Nutrition_Diets,33.99
2025-08-31,FR,France,Nutrition_Diets,33.5
2025-09-07,FR,France,Nutrition_Diets,31.61
2025-09-14,FR,France,Nutrition_Diets,31.77
2025-09-21,FR,France,Nutrition_Diets,30.46
2025-09-28,FR,France,Nutrition_Diets,30.95
2025-10-05,FR,France,Nutrition_Diets,30.95
2025-10-12,FR,France,Nutrition_Diets,30.54
2025-10-19,FR,France,Nutrition_Diets,31.12
2025-10-26,FR,France,Nutrition_Diets,41.79
2025-11-02,FR,France,Nutrition_Diets,57.47
2025-11-09,FR,France,Nutrition_Diets,57.39
2025-11-16,FR,France,Nutrition_Diets,55.99
2025-11-23,FR,France,Nutrition_Diets,63.88
2025-11-30,FR,France,Nutrition_Diets,66.01
2025-12-07,FR,France,Nutrition_Diets,60.76
2025-12-14,FR,France,Nutrition_Diets,57.55
2025-12-21,FR,France,Nutrition_Diets,53.12
2025-12-28,FR,France,Nutrition_Diets,60.43
2026-01-04,FR,France,Nutrition_Diets,59.85
2026-01-11,FR,France,Nutrition_Diets,60.67
2026-01-18,FR,France,Nutrition_Diets,67.98
2026-01-25,FR,France,Nutrition_Diets,74.47
2026-02-01,FR,France,Nutrition_Diets,81.12
2026-02-08,FR,France,Nutrition_Diets,91.79
2026-02-15,FR,France,Nutrition_Diets,87.11
2026-02-22,FR,France,Nutrition_Diets,85.96
2026-03-01,FR,France,Nutrition_Diets,66.01
2026-03-08,FR,France,Nutrition_Diets,73.4
2026-03-15,FR,France,Nutrition_Diets,75.45
2026-03-22,FR,France,Nutrition_Diets,85.88
2026-03-29,FR,France,Nutrition_Diets,100
2026-04-05,FR,France,Nutrition_Diets,75.78
2026-04-12,FR,France,Nutrition_Diets,71.43
2026-04-19,FR,France,Nutrition_Diets,67.82
2026-04-26,FR,France,Nutrition_Diets,61.66
2026-05-03,FR,France,Nutrition_Diets,59.61
2026-05-10,FR,France,Nutrition_Diets,58.95
2026-05-17,FR,France,Nutrition_Diets,58.78
2026-05-24,FR,France,Nutrition_Diets,56.81
2026-05-31,FR,France,Nutrition_Diets,51.48
2026-06-07,FR,France,Nutrition_Diets,40.97
2026-06-14,FR,France,Nutrition_Diets,40.8
2026-06-21,FR,France,Nutrition_Diets,46.22
2026-06-28,FR,France,Nutrition_Diets,65.02
2026-07-05,FR,France,Nutrition_Diets,75.37
2026-07-12,FR,France,Nutrition_Diets,61.49
2026-07-19,FR,France,Nutrition_Diets,47.29
2026-07-26,FR,France,Nutrition_Diets,44.66
2026-08-02,FR,France,Nutrition_Diets,41.54
2026-08-09,FR,France,Nutrition_Diets,37.19
2026-08-16,FR,France,Nutrition_Diets,38.34
2026-08-23,FR,France,Nutrition_Diets,37.77
2023-01-01,FR,France,Fitness_Wearables,65.68
2023-01-08,FR,France,Fitness_Wearables,63.78
2023-01-15,FR,France,Fitness_Wearables,59.56
2023-01-22,FR,France,Fitness_Wearables,58.82
2023-01-29,FR,France,Fitness_Wearables,57.97
2023-02-05,FR,France,Fitness_Wearables,55.12
2023-02-12,FR,France,Fitness_Wearables,53.33
2023-02-19,FR,France,Fitness_Wearables,51.43
2023-02-26,FR,France,Fitness_Wearables,55.33
2023-03-05,FR,France,Fitness_Wearables,54.8
2023-03-12,FR,France,Fitness_Wearables,54.38
2023-03-19,FR,France,Fitness_Wearables,51.32
2023-03-26,FR,France,Fitness_Wearables,55.12
2023-04-02,FR,France,Fitness_Wearables,54.91
2023-04-09,FR,France,Fitness_Wearables,53.54
2023-04-16,FR,France,Fitness_Wearables,50.9
2023-04-23,FR,France,Fitness_Wearables,51.74
2023-04-30,FR,France,Fitness_Wearables,57.76
2023-05-07,FR,France,Fitness_Wearables,53.22
2023-05-14,FR,France,Fitness_Wearables,54.17
2023-05-21,FR,France,Fitness_Wearables,51.32
2023-05-28,FR,France,Fitness_Wearables,53.22
2023-06-04,FR,France,Fitness_Wearables,51.74
2023-06-11,FR,France,Fitness_Wearables,52.38
2023-06-18,FR,France,Fitness_Wearables,48.36
2023-06-25,FR,France,Fitness_Wearables,51.53
2023-07-02,FR,France,Fitness_Wearables,54.17
2023-07-09,FR,France,Fitness_Wearables,51.32
2023-07-16,FR,France,Fitness_Wearables,51.21
2023-07-23,FR,France,Fitness_Wearables,54.49
2023-07-30,FR,France,Fitness_Wearables,57.55
2023-08-06,FR,France,Fitness_Wearables,56.07
2023-08-13,FR,France,Fitness_Wearables,58.18
2023-08-20,FR,France,Fitness_Wearables,59.77
2023-08-27,FR,France,Fitness_Wearables,68.53
2023-09-03,FR,France,Fitness_Wearables,73.18
2023-09-10,FR,France,Fitness_Wearables,72.54
2023-09-17,FR,France,Fitness_Wearables,64.84
2023-09-24,FR,France,Fitness_Wearables,59.45
2023-10-01,FR,France,Fitness_Wearables,59.35
2023-10-08,FR,France,Fitness_Wearables,56.81
2023-10-15,FR,France,Fitness_Wearables,53.64
2023-10-22,FR,France,Fitness_Wearables,51.95
2023-10-29,FR,France,Fitness_Wearables,56.07
2023-11-05,FR,France,Fitness_Wearables,55.65
2023-11-12,FR,France,Fitness_Wearables,57.23
2023-11-19,FR,France,Fitness_Wearables,59.03
2023-11-26,FR,France,Fitness_Wearables,56.07
2023-12-03,FR,France,Fitness_Wearables,51.95
2023-12-10,FR,France,Fitness_Wearables,51.32
2023-12-17,FR,France,Fitness_Wearables,50.37
2023-12-24,FR,France,Fitness_Wearables,67.27
2023-12-31,FR,France,Fitness_Wearables,66.74
2024-01-07,FR,France,Fitness_Wearables,62.83
2024-01-14,FR,France,Fitness_Wearables,60.93
2024-01-21,FR,France,Fitness_Wearables,60.51
2024-01-28,FR,France,Fitness_Wearables,62.62
2024-02-04,FR,France,Fitness_Wearables,58.08
2024-02-11,FR,France,Fitness_Wearables,55.44
2024-02-18,FR,France,Fitness_Wearables,56.07
2024-02-25,FR,France,Fitness_Wearables,58.29
2024-03-03,FR,France,Fitness_Wearables,56.18
2024-03-10,FR,France,Fitness_Wearables,54.49
2024-03-17,FR,France,Fitness_Wearables,56.6
2024-03-24,FR,France,Fitness_Wearables,55.65
2024-03-31,FR,France,Fitness_Wearables,59.24
2024-04-07,FR,France,Fitness_Wearables,55.97
2024-04-14,FR,France,Fitness_Wearables,55.23
2024-04-21,FR,France,Fitness_Wearables,55.97
2024-04-28,FR,France,Fitness_Wearables,63.78
2024-05-05,FR,France,Fitness_Wearables,57.55
2024-05-12,FR,France,Fitness_Wearables,55.12
2024-05-19,FR,France,Fitness_Wearables,55.54
2024-05-26,FR,France,Fitness_Wearables,52.38
2024-06-02,FR,France,Fitness_Wearables,55.54
2024-06-09,FR,France,Fitness_Wearables,51.11
2024-06-16,FR,France,Fitness_Wearables,52.59
2024-06-23,FR,France,Fitness_Wearables,53.96
2024-06-30,FR,France,Fitness_Wearables,51.43
2024-07-07,FR,France,Fitness_Wearables,51.85
2024-07-14,FR,France,Fitness_Wearables,55.12
2024-07-21,FR,France,Fitness_Wearables,56.6
2024-07-28,FR,France,Fitness_Wearables,61.14
2024-08-04,FR,France,Fitness_Wearables,59.66
2024-08-11,FR,France,Fitness_Wearables,58.71
2024-08-18,FR,France,Fitness_Wearables,66.42
2024-08-25,FR,France,Fitness_Wearables,75.71
2024-09-01,FR,France,Fitness_Wearables,80.89
2024-09-08,FR,France,Fitness_Wearables,79.41
2024-09-15,FR,France,Fitness_Wearables,72.86
2024-09-22,FR,France,Fitness_Wearables,70.96
2024-09-29,FR,France,Fitness_Wearables,66.31
2024-10-06,FR,France,Fitness_Wearables,62.3
2024-10-13,FR,France,Fitness_Wearables,59.56
2024-10-20,FR,France,Fitness_Wearables,57.66
2024-10-27,FR,France,Fitness_Wearables,60.51
2024-11-03,FR,France,Fitness_Wearables,56.81
2024-11-10,FR,France,Fitness_Wearables,59.87
2024-11-17,FR,France,Fitness_Wearables,60.72
2024-11-24,FR,France,Fitness_Wearables,65.58
2024-12-01,FR,France,Fitness_Wearables,62.41
2024-12-08,FR,France,Fitness_Wearables,57.13
2024-12-15,FR,France,Fitness_Wearables,52.59
2024-12-22,FR,France,Fitness_Wearables,71.38
2024-12-29,FR,France,Fitness_Wearables,71.7
2025-01-05,FR,France,Fitness_Wearables,72.02
2025-01-12,FR,France,Fitness_Wearables,64.31
2025-01-19,FR,France,Fitness_Wearables,67.79
2025-01-26,FR,France,Fitness_Wearables,65.89
2025-02-02,FR,France,Fitness_Wearables,65.15
2025-02-09,FR,France,Fitness_Wearables,60.3
2025-02-16,FR,France,Fitness_Wearables,60.3
2025-02-23,FR,France,Fitness_Wearables,61.25
2025-03-02,FR,France,Fitness_Wearables,57.13
2025-03-09,FR,France,Fitness_Wearables,59.03
2025-03-16,FR,France,Fitness_Wearables,60.4
2025-03-23,FR,France,Fitness_Wearables,59.45
2025-03-30,FR,France,Fitness_Wearables,60.61
2025-04-06,FR,France,Fitness_Wearables,55.65
2025-04-13,FR,France,Fitness_Wearables,59.13
2025-04-20,FR,France,Fitness_Wearables,63.57
2025-04-27,FR,France,Fitness_Wearables,69.06
2025-05-04,FR,France,Fitness_Wearables,61.67
2025-05-11,FR,France,Fitness_Wearables,59.03
2025-05-18,FR,France,Fitness_Wearables,54.59
2025-05-25,FR,France,Fitness_Wearables,57.02
2025-06-01,FR,France,Fitness_Wearables,53.22
2025-06-08,FR,France,Fitness_Wearables,57.66
2025-06-15,FR,France,Fitness_Wearables,55.97
2025-06-22,FR,France,Fitness_Wearables,56.81
2025-06-29,FR,France,Fitness_Wearables,54.7
2025-07-06,FR,France,Fitness_Wearables,55.97
2025-07-13,FR,France,Fitness_Wearables,57.87
2025-07-20,FR,France,Fitness_Wearables,59.56
2025-07-27,FR,France,Fitness_Wearables,61.25
2025-08-03,FR,France,Fitness_Wearables,61.35
2025-08-10,FR,France,Fitness_Wearables,57.76
2025-08-17,FR,France,Fitness_Wearables,66.31
2025-08-24,FR,France,Fitness_Wearables,76.87
2025-08-31,FR,France,Fitness_Wearables,80.89
2025-09-07,FR,France,Fitness_Wearables,79.51
2025-09-14,FR,France,Fitness_Wearables,75.82
2025-09-21,FR,France,Fitness_Wearables,66.74
2025-09-28,FR,France,Fitness_Wearables,63.25
2025-10-05,FR,France,Fitness_Wearables,61.25
2025-10-12,FR,France,Fitness_Wearables,58.5
2025-10-19,FR,France,Fitness_Wearables,59.24
2025-10-26,FR,France,Fitness_Wearables,66.21
2025-11-02,FR,France,Fitness_Wearables,73.92
2025-11-09,FR,France,Fitness_Wearables,78.67
2025-11-16,FR,France,Fitness_Wearables,79.51
2025-11-23,FR,France,Fitness_Wearables,87.86
2025-11-30,FR,France,Fitness_Wearables,83.1
2025-12-07,FR,France,Fitness_Wearables,78.88
2025-12-14,FR,France,Fitness_Wearables,77.61
2025-12-21,FR,France,Fitness_Wearables,87.96
2025-12-28,FR,France,Fitness_Wearables,89.23
2026-01-04,FR,France,Fitness_Wearables,79.41
2026-01-11,FR,France,Fitness_Wearables,81.1
2026-01-18,FR,France,Fitness_Wearables,84.27
2026-01-25,FR,France,Fitness_Wearables,85.53
2026-02-01,FR,France,Fitness_Wearables,90.29
2026-02-08,FR,France,Fitness_Wearables,100
2026-02-15,FR,France,Fitness_Wearables,93.98
2026-02-22,FR,France,Fitness_Wearables,91.13
2026-03-01,FR,France,Fitness_Wearables,75.18
2026-03-08,FR,France,Fitness_Wearables,78.14
2026-03-15,FR,France,Fitness_Wearables,70.96
2026-03-22,FR,France,Fitness_Wearables,76.98
2026-03-29,FR,France,Fitness_Wearables,80.36
2026-04-05,FR,France,Fitness_Wearables,78.78
2026-04-12,FR,France,Fitness_Wearables,74.76
2026-04-19,FR,France,Fitness_Wearables,70.96
2026-04-26,FR,France,Fitness_Wearables,78.04
2026-05-03,FR,France,Fitness_Wearables,71.59
2026-05-10,FR,France,Fitness_Wearables,74.76
2026-05-17,FR,France,Fitness_Wearables,69.06
2026-05-24,FR,France,Fitness_Wearables,65.89
2026-05-31,FR,France,Fitness_Wearables,67.05
2026-06-07,FR,France,Fitness_Wearables,63.46
2026-06-14,FR,France,Fitness_Wearables,55.97
2026-06-21,FR,France,Fitness_Wearables,55.97
2026-06-28,FR,France,Fitness_Wearables,65.15
2026-07-05,FR,France,Fitness_Wearables,67.37
2026-07-12,FR,France,Fitness_Wearables,65.15
2026-07-19,FR,France,Fitness_Wearables,61.25
2026-07-26,FR,France,Fitness_Wearables,64.84
2026-08-02,FR,France,Fitness_Wearables,63.46
2026-08-09,FR,France,Fitness_Wearables,66.21
2026-08-16,FR,France,Fitness_Wearables,70.54
2026-08-23,FR,France,Fitness_Wearables,76.66
2023-01-01,FR,France,Fashion_Beauty,28.18
2023-01-08,FR,France,Fashion_Beauty,31.05
2023-01-15,FR,France,Fashion_Beauty,36.03
2023-01-22,FR,France,Fashion_Beauty,35.79
2023-01-29,FR,France,Fashion_Beauty,29.68
2023-02-05,FR,France,Fashion_Beauty,28.43
2023-02-12,FR,France,Fashion_Beauty,28.05
2023-02-19,FR,France,Fashion_Beauty,29.8
2023-02-26,FR,France,Fashion_Beauty,36.41
2023-03-05,FR,France,Fashion_Beauty,32.79
2023-03-12,FR,France,Fashion_Beauty,30.17
2023-03-19,FR,France,Fashion_Beauty,28.05
2023-03-26,FR,France,Fashion_Beauty,28.3
2023-04-02,FR,France,Fashion_Beauty,29.43
2023-04-09,FR,France,Fashion_Beauty,29.05
2023-04-16,FR,France,Fashion_Beauty,29.8
2023-04-23,FR,France,Fashion_Beauty,28.3
2023-04-30,FR,France,Fashion_Beauty,28.05
2023-05-07,FR,France,Fashion_Beauty,28.93
2023-05-14,FR,France,Fashion_Beauty,29.43
2023-05-21,FR,France,Fashion_Beauty,27.68
2023-05-28,FR,France,Fashion_Beauty,27.68
2023-06-04,FR,France,Fashion_Beauty,26.81
2023-06-11,FR,France,Fashion_Beauty,28.8
2023-06-18,FR,France,Fashion_Beauty,32.67
2023-06-25,FR,France,Fashion_Beauty,29.68
2023-07-02,FR,France,Fashion_Beauty,29.3
2023-07-09,FR,France,Fashion_Beauty,25.44
2023-07-16,FR,France,Fashion_Beauty,25.06
2023-07-23,FR,France,Fashion_Beauty,25.56
2023-07-30,FR,France,Fashion_Beauty,26.06
2023-08-06,FR,France,Fashion_Beauty,24.81
2023-08-13,FR,France,Fashion_Beauty,24.56
2023-08-20,FR,France,Fashion_Beauty,25.94
2023-08-27,FR,France,Fashion_Beauty,28.3
2023-09-03,FR,France,Fashion_Beauty,27.68
2023-09-10,FR,France,Fashion_Beauty,27.81
2023-09-17,FR,France,Fashion_Beauty,31.55
2023-09-24,FR,France,Fashion_Beauty,43.27
2023-10-01,FR,France,Fashion_Beauty,36.03
2023-10-08,FR,France,Fashion_Beauty,29.43
2023-10-15,FR,France,Fashion_Beauty,29.8
2023-10-22,FR,France,Fashion_Beauty,29.3
2023-10-29,FR,France,Fashion_Beauty,32.54
2023-11-05,FR,France,Fashion_Beauty,31.55
2023-11-12,FR,France,Fashion_Beauty,30.92
2023-11-19,FR,France,Fashion_Beauty,32.04
2023-11-26,FR,France,Fashion_Beauty,31.67
2023-12-03,FR,France,Fashion_Beauty,30.92
2023-12-10,FR,France,Fashion_Beauty,30.17
2023-12-17,FR,France,Fashion_Beauty,29.18
2023-12-24,FR,France,Fashion_Beauty,29.68
2023-12-31,FR,France,Fashion_Beauty,29.05
2024-01-07,FR,France,Fashion_Beauty,29.93
2024-01-14,FR,France,Fashion_Beauty,34.66
2024-01-21,FR,France,Fashion_Beauty,34.41
2024-01-28,FR,France,Fashion_Beauty,31.3
2024-02-04,FR,France,Fashion_Beauty,29.8
2024-02-11,FR,France,Fashion_Beauty,31.05
2024-02-18,FR,France,Fashion_Beauty,33.04
2024-02-25,FR,France,Fashion_Beauty,36.78
2024-03-03,FR,France,Fashion_Beauty,34.66
2024-03-10,FR,France,Fashion_Beauty,31.92
2024-03-17,FR,France,Fashion_Beauty,31.17
2024-03-24,FR,France,Fashion_Beauty,30.67
2024-03-31,FR,France,Fashion_Beauty,32.29
2024-04-07,FR,France,Fashion_Beauty,28.93
2024-04-14,FR,France,Fashion_Beauty,30.17
2024-04-21,FR,France,Fashion_Beauty,28.3
2024-04-28,FR,France,Fashion_Beauty,28.55
2024-05-05,FR,France,Fashion_Beauty,28.18
2024-05-12,FR,France,Fashion_Beauty,29.43
2024-05-19,FR,France,Fashion_Beauty,27.68
2024-05-26,FR,France,Fashion_Beauty,27.56
2024-06-02,FR,France,Fashion_Beauty,27.43
2024-06-09,FR,France,Fashion_Beauty,31.42
2024-06-16,FR,France,Fashion_Beauty,29.3
2024-06-23,FR,France,Fashion_Beauty,30.17
2024-06-30,FR,France,Fashion_Beauty,25.44
2024-07-07,FR,France,Fashion_Beauty,25.44
2024-07-14,FR,France,Fashion_Beauty,25.81
2024-07-21,FR,France,Fashion_Beauty,25.06
2024-07-28,FR,France,Fashion_Beauty,22.94
2024-08-04,FR,France,Fashion_Beauty,24.44
2024-08-11,FR,France,Fashion_Beauty,25.81
2024-08-18,FR,France,Fashion_Beauty,27.68
2024-08-25,FR,France,Fashion_Beauty,28.8
2024-09-01,FR,France,Fashion_Beauty,28.3
2024-09-08,FR,France,Fashion_Beauty,31.17
2024-09-15,FR,France,Fashion_Beauty,31.67
2024-09-22,FR,France,Fashion_Beauty,43.52
2024-09-29,FR,France,Fashion_Beauty,37.16
2024-10-06,FR,France,Fashion_Beauty,31.8
2024-10-13,FR,France,Fashion_Beauty,33.54
2024-10-20,FR,France,Fashion_Beauty,31.17
2024-10-27,FR,France,Fashion_Beauty,33.17
2024-11-03,FR,France,Fashion_Beauty,33.04
2024-11-10,FR,France,Fashion_Beauty,32.92
2024-11-17,FR,France,Fashion_Beauty,31.42
2024-11-24,FR,France,Fashion_Beauty,33.54
2024-12-01,FR,France,Fashion_Beauty,32.04
2024-12-08,FR,France,Fashion_Beauty,31.05
2024-12-15,FR,France,Fashion_Beauty,29.18
2024-12-22,FR,France,Fashion_Beauty,28.93
2024-12-29,FR,France,Fashion_Beauty,28.18
2025-01-05,FR,France,Fashion_Beauty,30.92
2025-01-12,FR,France,Fashion_Beauty,31.92
2025-01-19,FR,France,Fashion_Beauty,35.41
2025-01-26,FR,France,Fashion_Beauty,35.16
2025-02-02,FR,France,Fashion_Beauty,31.55
2025-02-09,FR,France,Fashion_Beauty,30.17
2025-02-16,FR,France,Fashion_Beauty,29.8
2025-02-23,FR,France,Fashion_Beauty,30.92
2025-03-02,FR,France,Fashion_Beauty,36.41
2025-03-09,FR,France,Fashion_Beauty,34.41
2025-03-16,FR,France,Fashion_Beauty,30.67
2025-03-23,FR,France,Fashion_Beauty,30.92
2025-03-30,FR,France,Fashion_Beauty,31.8
2025-04-06,FR,France,Fashion_Beauty,29.93
2025-04-13,FR,France,Fashion_Beauty,30.92
2025-04-20,FR,France,Fashion_Beauty,30.92
2025-04-27,FR,France,Fashion_Beauty,30.17
2025-05-04,FR,France,Fashion_Beauty,30.55
2025-05-11,FR,France,Fashion_Beauty,30.67
2025-05-18,FR,France,Fashion_Beauty,29.68
2025-05-25,FR,France,Fashion_Beauty,28.68
2025-06-01,FR,France,Fashion_Beauty,30.3
2025-06-08,FR,France,Fashion_Beauty,31.42
2025-06-15,FR,France,Fashion_Beauty,29.93
2025-06-22,FR,France,Fashion_Beauty,34.16
2025-06-29,FR,France,Fashion_Beauty,29.68
2025-07-06,FR,France,Fashion_Beauty,29.3
2025-07-13,FR,France,Fashion_Beauty,28.3
2025-07-20,FR,France,Fashion_Beauty,27.31
2025-07-27,FR,France,Fashion_Beauty,27.43
2025-08-03,FR,France,Fashion_Beauty,28.55
2025-08-10,FR,France,Fashion_Beauty,27.56
2025-08-17,FR,France,Fashion_Beauty,28.68
2025-08-24,FR,France,Fashion_Beauty,29.3
2025-08-31,FR,France,Fashion_Beauty,29.3
2025-09-07,FR,France,Fashion_Beauty,30.67
2025-09-14,FR,France,Fashion_Beauty,32.29
2025-09-21,FR,France,Fashion_Beauty,32.92
2025-09-28,FR,France,Fashion_Beauty,48.88
2025-10-05,FR,France,Fashion_Beauty,38.15
2025-10-12,FR,France,Fashion_Beauty,33.42
2025-10-19,FR,France,Fashion_Beauty,31.42
2025-10-26,FR,France,Fashion_Beauty,36.78
2025-11-02,FR,France,Fashion_Beauty,45.89
2025-11-09,FR,France,Fashion_Beauty,45.14
2025-11-16,FR,France,Fashion_Beauty,45.26
2025-11-23,FR,France,Fashion_Beauty,52.37
2025-11-30,FR,France,Fashion_Beauty,54.86
2025-12-07,FR,France,Fashion_Beauty,51.75
2025-12-14,FR,France,Fashion_Beauty,49.38
2025-12-21,FR,France,Fashion_Beauty,46.01
2025-12-28,FR,France,Fashion_Beauty,46.13
2026-01-04,FR,France,Fashion_Beauty,42.39
2026-01-11,FR,France,Fashion_Beauty,43.14
2026-01-18,FR,France,Fashion_Beauty,53.99
2026-01-25,FR,France,Fashion_Beauty,54.74
2026-02-01,FR,France,Fashion_Beauty,57.98
2026-02-08,FR,France,Fashion_Beauty,100
2026-02-15,FR,France,Fashion_Beauty,91.52
2026-02-22,FR,France,Fashion_Beauty,76.93
2026-03-01,FR,France,Fashion_Beauty,53.99
2026-03-08,FR,France,Fashion_Beauty,49.75
2026-03-15,FR,France,Fashion_Beauty,42.39
2026-03-22,FR,France,Fashion_Beauty,42.77
2026-03-29,FR,France,Fashion_Beauty,46.88
2026-04-05,FR,France,Fashion_Beauty,41.52
2026-04-12,FR,France,Fashion_Beauty,41.27
2026-04-19,FR,France,Fashion_Beauty,42.02
2026-04-26,FR,France,Fashion_Beauty,39.65
2026-05-03,FR,France,Fashion_Beauty,40.4
2026-05-10,FR,France,Fashion_Beauty,39.78
2026-05-17,FR,France,Fashion_Beauty,37.53
2026-05-24,FR,France,Fashion_Beauty,35.41
2026-05-31,FR,France,Fashion_Beauty,35.16
2026-06-07,FR,France,Fashion_Beauty,32.54
2026-06-14,FR,France,Fashion_Beauty,31.8
2026-06-21,FR,France,Fashion_Beauty,37.28
2026-06-28,FR,France,Fashion_Beauty,38.03
2026-07-05,FR,France,Fashion_Beauty,37.66
2026-07-12,FR,France,Fashion_Beauty,31.8
2026-07-19,FR,France,Fashion_Beauty,29.93
2026-07-26,FR,France,Fashion_Beauty,30.17
2026-08-02,FR,France,Fashion_Beauty,29.68
2026-08-09,FR,France,Fashion_Beauty,28.93
2026-08-16,FR,France,Fashion_Beauty,32.79
2026-08-23,FR,France,Fashion_Beauty,34.66
2023-01-01,GB,United_Kingdom,Nutrition_Diets,88.31
2023-01-08,GB,United_Kingdom,Nutrition_Diets,86.01
2023-01-15,GB,United_Kingdom,Nutrition_Diets,79.22
2023-01-22,GB,United_Kingdom,Nutrition_Diets,77.22
2023-01-29,GB,United_Kingdom,Nutrition_Diets,79.92
2023-02-05,GB,United_Kingdom,Nutrition_Diets,77.32
2023-02-12,GB,United_Kingdom,Nutrition_Diets,75.12
2023-02-19,GB,United_Kingdom,Nutrition_Diets,79.82
2023-02-26,GB,United_Kingdom,Nutrition_Diets,76.72
2023-03-05,GB,United_Kingdom,Nutrition_Diets,75.92
2023-03-12,GB,United_Kingdom,Nutrition_Diets,77.02
2023-03-19,GB,United_Kingdom,Nutrition_Diets,78.42
2023-03-26,GB,United_Kingdom,Nutrition_Diets,74.03
2023-04-02,GB,United_Kingdom,Nutrition_Diets,70.33
2023-04-09,GB,United_Kingdom,Nutrition_Diets,75.62
2023-04-16,GB,United_Kingdom,Nutrition_Diets,83.42
2023-04-23,GB,United_Kingdom,Nutrition_Diets,82.22
2023-04-30,GB,United_Kingdom,Nutrition_Diets,77.92
2023-05-07,GB,United_Kingdom,Nutrition_Diets,77.02
2023-05-14,GB,United_Kingdom,Nutrition_Diets,78.52
2023-05-21,GB,United_Kingdom,Nutrition_Diets,78.02
2023-05-28,GB,United_Kingdom,Nutrition_Diets,72.13
2023-06-04,GB,United_Kingdom,Nutrition_Diets,77.22
2023-06-11,GB,United_Kingdom,Nutrition_Diets,74.93
2023-06-18,GB,United_Kingdom,Nutrition_Diets,73.23
2023-06-25,GB,United_Kingdom,Nutrition_Diets,75.42
2023-07-02,GB,United_Kingdom,Nutrition_Diets,78.72
2023-07-09,GB,United_Kingdom,Nutrition_Diets,74.43
2023-07-16,GB,United_Kingdom,Nutrition_Diets,73.63
2023-07-23,GB,United_Kingdom,Nutrition_Diets,70.53
2023-07-30,GB,United_Kingdom,Nutrition_Diets,70.43
2023-08-06,GB,United_Kingdom,Nutrition_Diets,70.03
2023-08-13,GB,United_Kingdom,Nutrition_Diets,73.13
2023-08-20,GB,United_Kingdom,Nutrition_Diets,68.53
2023-08-27,GB,United_Kingdom,Nutrition_Diets,67.03
2023-09-03,GB,United_Kingdom,Nutrition_Diets,67.93
2023-09-10,GB,United_Kingdom,Nutrition_Diets,67.93
2023-09-17,GB,United_Kingdom,Nutrition_Diets,65.43
2023-09-24,GB,United_Kingdom,Nutrition_Diets,64.54
2023-10-01,GB,United_Kingdom,Nutrition_Diets,62.84
2023-10-08,GB,United_Kingdom,Nutrition_Diets,63.54
2023-10-15,GB,United_Kingdom,Nutrition_Diets,61.24
2023-10-22,GB,United_Kingdom,Nutrition_Diets,62.84
2023-10-29,GB,United_Kingdom,Nutrition_Diets,59.84
2023-11-05,GB,United_Kingdom,Nutrition_Diets,61.04
2023-11-12,GB,United_Kingdom,Nutrition_Diets,62.94
2023-11-19,GB,United_Kingdom,Nutrition_Diets,65.03
2023-11-26,GB,United_Kingdom,Nutrition_Diets,59.04
2023-12-03,GB,United_Kingdom,Nutrition_Diets,57.74
2023-12-10,GB,United_Kingdom,Nutrition_Diets,58.74
2023-12-17,GB,United_Kingdom,Nutrition_Diets,59.04
2023-12-24,GB,United_Kingdom,Nutrition_Diets,62.04
2023-12-31,GB,United_Kingdom,Nutrition_Diets,89.01
2024-01-07,GB,United_Kingdom,Nutrition_Diets,82.92
2024-01-14,GB,United_Kingdom,Nutrition_Diets,79.92
2024-01-21,GB,United_Kingdom,Nutrition_Diets,79.92
2024-01-28,GB,United_Kingdom,Nutrition_Diets,75.22
2024-02-04,GB,United_Kingdom,Nutrition_Diets,73.93
2024-02-11,GB,United_Kingdom,Nutrition_Diets,69.53
2024-02-18,GB,United_Kingdom,Nutrition_Diets,73.03
2024-02-25,GB,United_Kingdom,Nutrition_Diets,74.13
2024-03-03,GB,United_Kingdom,Nutrition_Diets,72.93
2024-03-10,GB,United_Kingdom,Nutrition_Diets,71.33
2024-03-17,GB,United_Kingdom,Nutrition_Diets,77.02
2024-03-24,GB,United_Kingdom,Nutrition_Diets,69.13
2024-03-31,GB,United_Kingdom,Nutrition_Diets,70.53
2024-04-07,GB,United_Kingdom,Nutrition_Diets,70.83
2024-04-14,GB,United_Kingdom,Nutrition_Diets,72.93
2024-04-21,GB,United_Kingdom,Nutrition_Diets,76.12
2024-04-28,GB,United_Kingdom,Nutrition_Diets,73.03
2024-05-05,GB,United_Kingdom,Nutrition_Diets,69.33
2024-05-12,GB,United_Kingdom,Nutrition_Diets,75.32
2024-05-19,GB,United_Kingdom,Nutrition_Diets,71.03
2024-05-26,GB,United_Kingdom,Nutrition_Diets,68.93
2024-06-02,GB,United_Kingdom,Nutrition_Diets,76.42
2024-06-09,GB,United_Kingdom,Nutrition_Diets,83.02
2024-06-16,GB,United_Kingdom,Nutrition_Diets,71.73
2024-06-23,GB,United_Kingdom,Nutrition_Diets,70.23
2024-06-30,GB,United_Kingdom,Nutrition_Diets,65.53
2024-07-07,GB,United_Kingdom,Nutrition_Diets,67.73
2024-07-14,GB,United_Kingdom,Nutrition_Diets,66.93
2024-07-21,GB,United_Kingdom,Nutrition_Diets,70.23
2024-07-28,GB,United_Kingdom,Nutrition_Diets,67.43
2024-08-04,GB,United_Kingdom,Nutrition_Diets,71.33
2024-08-11,GB,United_Kingdom,Nutrition_Diets,69.23
2024-08-18,GB,United_Kingdom,Nutrition_Diets,66.53
2024-08-25,GB,United_Kingdom,Nutrition_Diets,66.73
2024-09-01,GB,United_Kingdom,Nutrition_Diets,68.93
2024-09-08,GB,United_Kingdom,Nutrition_Diets,67.03
2024-09-15,GB,United_Kingdom,Nutrition_Diets,66.73
2024-09-22,GB,United_Kingdom,Nutrition_Diets,65.93
2024-09-29,GB,United_Kingdom,Nutrition_Diets,67.93
2024-10-06,GB,United_Kingdom,Nutrition_Diets,68.63
2024-10-13,GB,United_Kingdom,Nutrition_Diets,68.43
2024-10-20,GB,United_Kingdom,Nutrition_Diets,69.33
2024-10-27,GB,United_Kingdom,Nutrition_Diets,66.23
2024-11-03,GB,United_Kingdom,Nutrition_Diets,67.03
2024-11-10,GB,United_Kingdom,Nutrition_Diets,67.13
2024-11-17,GB,United_Kingdom,Nutrition_Diets,63.24
2024-11-24,GB,United_Kingdom,Nutrition_Diets,62.94
2024-12-01,GB,United_Kingdom,Nutrition_Diets,63.44
2024-12-08,GB,United_Kingdom,Nutrition_Diets,60.64
2024-12-15,GB,United_Kingdom,Nutrition_Diets,60.84
2024-12-22,GB,United_Kingdom,Nutrition_Diets,57.94
2024-12-29,GB,United_Kingdom,Nutrition_Diets,81.82
2025-01-05,GB,United_Kingdom,Nutrition_Diets,87.31
2025-01-12,GB,United_Kingdom,Nutrition_Diets,87.91
2025-01-19,GB,United_Kingdom,Nutrition_Diets,82.62
2025-01-26,GB,United_Kingdom,Nutrition_Diets,83.22
2025-02-02,GB,United_Kingdom,Nutrition_Diets,81.02
2025-02-09,GB,United_Kingdom,Nutrition_Diets,76.12
2025-02-16,GB,United_Kingdom,Nutrition_Diets,76.92
2025-02-23,GB,United_Kingdom,Nutrition_Diets,77.82
2025-03-02,GB,United_Kingdom,Nutrition_Diets,78.82
2025-03-09,GB,United_Kingdom,Nutrition_Diets,78.32
2025-03-16,GB,United_Kingdom,Nutrition_Diets,77.62
2025-03-23,GB,United_Kingdom,Nutrition_Diets,76.22
2025-03-30,GB,United_Kingdom,Nutrition_Diets,72.73
2025-04-06,GB,United_Kingdom,Nutrition_Diets,75.42
2025-04-13,GB,United_Kingdom,Nutrition_Diets,73.53
2025-04-20,GB,United_Kingdom,Nutrition_Diets,75.62
2025-04-27,GB,United_Kingdom,Nutrition_Diets,79.62
2025-05-04,GB,United_Kingdom,Nutrition_Diets,77.72
2025-05-11,GB,United_Kingdom,Nutrition_Diets,80.62
2025-05-18,GB,United_Kingdom,Nutrition_Diets,74.83
2025-05-25,GB,United_Kingdom,Nutrition_Diets,72.73
2025-06-01,GB,United_Kingdom,Nutrition_Diets,75.32
2025-06-08,GB,United_Kingdom,Nutrition_Diets,73.83
2025-06-15,GB,United_Kingdom,Nutrition_Diets,72.03
2025-06-22,GB,United_Kingdom,Nutrition_Diets,73.33
2025-06-29,GB,United_Kingdom,Nutrition_Diets,69.33
2025-07-06,GB,United_Kingdom,Nutrition_Diets,68.33
2025-07-13,GB,United_Kingdom,Nutrition_Diets,69.63
2025-07-20,GB,United_Kingdom,Nutrition_Diets,68.33
2025-07-27,GB,United_Kingdom,Nutrition_Diets,67.53
2025-08-03,GB,United_Kingdom,Nutrition_Diets,71.13
2025-08-10,GB,United_Kingdom,Nutrition_Diets,71.13
2025-08-17,GB,United_Kingdom,Nutrition_Diets,70.33
2025-08-24,GB,United_Kingdom,Nutrition_Diets,69.13
2025-08-31,GB,United_Kingdom,Nutrition_Diets,67.93
2025-09-07,GB,United_Kingdom,Nutrition_Diets,67.83
2025-09-14,GB,United_Kingdom,Nutrition_Diets,62.94
2025-09-21,GB,United_Kingdom,Nutrition_Diets,65.83
2025-09-28,GB,United_Kingdom,Nutrition_Diets,65.13
2025-10-05,GB,United_Kingdom,Nutrition_Diets,66.63
2025-10-12,GB,United_Kingdom,Nutrition_Diets,66.53
2025-10-19,GB,United_Kingdom,Nutrition_Diets,63.04
2025-10-26,GB,United_Kingdom,Nutrition_Diets,66.93
2025-11-02,GB,United_Kingdom,Nutrition_Diets,71.13
2025-11-09,GB,United_Kingdom,Nutrition_Diets,71.13
2025-11-16,GB,United_Kingdom,Nutrition_Diets,68.13
2025-11-23,GB,United_Kingdom,Nutrition_Diets,70.83
2025-11-30,GB,United_Kingdom,Nutrition_Diets,71.93
2025-12-07,GB,United_Kingdom,Nutrition_Diets,69.93
2025-12-14,GB,United_Kingdom,Nutrition_Diets,67.03
2025-12-21,GB,United_Kingdom,Nutrition_Diets,62.04
2025-12-28,GB,United_Kingdom,Nutrition_Diets,80.82
2026-01-04,GB,United_Kingdom,Nutrition_Diets,86.91
2026-01-11,GB,United_Kingdom,Nutrition_Diets,87.51
2026-01-18,GB,United_Kingdom,Nutrition_Diets,89.61
2026-01-25,GB,United_Kingdom,Nutrition_Diets,89.01
2026-02-01,GB,United_Kingdom,Nutrition_Diets,93.41
2026-02-08,GB,United_Kingdom,Nutrition_Diets,91.91
2026-02-15,GB,United_Kingdom,Nutrition_Diets,91.21
2026-02-22,GB,United_Kingdom,Nutrition_Diets,88.31
2026-03-01,GB,United_Kingdom,Nutrition_Diets,81.52
2026-03-08,GB,United_Kingdom,Nutrition_Diets,84.32
2026-03-15,GB,United_Kingdom,Nutrition_Diets,86.41
2026-03-22,GB,United_Kingdom,Nutrition_Diets,95.1
2026-03-29,GB,United_Kingdom,Nutrition_Diets,100
2026-04-05,GB,United_Kingdom,Nutrition_Diets,99.1
2026-04-12,GB,United_Kingdom,Nutrition_Diets,86.91
2026-04-19,GB,United_Kingdom,Nutrition_Diets,87.41
2026-04-26,GB,United_Kingdom,Nutrition_Diets,89.41
2026-05-03,GB,United_Kingdom,Nutrition_Diets,82.02
2026-05-10,GB,United_Kingdom,Nutrition_Diets,83.02
2026-05-17,GB,United_Kingdom,Nutrition_Diets,81.32
2026-05-24,GB,United_Kingdom,Nutrition_Diets,76.52
2026-05-31,GB,United_Kingdom,Nutrition_Diets,80.42
2026-06-07,GB,United_Kingdom,Nutrition_Diets,72.93
2026-06-14,GB,United_Kingdom,Nutrition_Diets,70.53
2026-06-21,GB,United_Kingdom,Nutrition_Diets,80.02
2026-06-28,GB,United_Kingdom,Nutrition_Diets,90.01
2026-07-05,GB,United_Kingdom,Nutrition_Diets,92.71
2026-07-12,GB,United_Kingdom,Nutrition_Diets,91.81
2026-07-19,GB,United_Kingdom,Nutrition_Diets,86.91
2026-07-26,GB,United_Kingdom,Nutrition_Diets,86.71
2026-08-02,GB,United_Kingdom,Nutrition_Diets,83.82
2026-08-09,GB,United_Kingdom,Nutrition_Diets,85.71
2026-08-16,GB,United_Kingdom,Nutrition_Diets,78.12
2026-08-23,GB,United_Kingdom,Nutrition_Diets,75.42
2023-01-01,GB,United_Kingdom,Fitness_Wearables,90.17
2023-01-08,GB,United_Kingdom,Fitness_Wearables,81.37
2023-01-15,GB,United_Kingdom,Fitness_Wearables,74.64
2023-01-22,GB,United_Kingdom,Fitness_Wearables,74.84
2023-01-29,GB,United_Kingdom,Fitness_Wearables,77.33
2023-02-05,GB,United_Kingdom,Fitness_Wearables,73.19
2023-02-12,GB,United_Kingdom,Fitness_Wearables,67.29
2023-02-19,GB,United_Kingdom,Fitness_Wearables,72.26
2023-02-26,GB,United_Kingdom,Fitness_Wearables,70.29
2023-03-05,GB,United_Kingdom,Fitness_Wearables,69.57
2023-03-12,GB,United_Kingdom,Fitness_Wearables,67.18
2023-03-19,GB,United_Kingdom,Fitness_Wearables,67.81
2023-03-26,GB,United_Kingdom,Fitness_Wearables,67.81
2023-04-02,GB,United_Kingdom,Fitness_Wearables,66.05
2023-04-09,GB,United_Kingdom,Fitness_Wearables,66.46
2023-04-16,GB,United_Kingdom,Fitness_Wearables,68.43
2023-04-23,GB,United_Kingdom,Fitness_Wearables,68.84
2023-04-30,GB,United_Kingdom,Fitness_Wearables,67.81
2023-05-07,GB,United_Kingdom,Fitness_Wearables,68.74
2023-05-14,GB,United_Kingdom,Fitness_Wearables,66.87
2023-05-21,GB,United_Kingdom,Fitness_Wearables,66.77
2023-05-28,GB,United_Kingdom,Fitness_Wearables,67.49
2023-06-04,GB,United_Kingdom,Fitness_Wearables,66.25
2023-06-11,GB,United_Kingdom,Fitness_Wearables,66.05
2023-06-18,GB,United_Kingdom,Fitness_Wearables,66.15
2023-06-25,GB,United_Kingdom,Fitness_Wearables,66.46
2023-07-02,GB,United_Kingdom,Fitness_Wearables,70.19
2023-07-09,GB,United_Kingdom,Fitness_Wearables,67.6
2023-07-16,GB,United_Kingdom,Fitness_Wearables,67.91
2023-07-23,GB,United_Kingdom,Fitness_Wearables,67.29
2023-07-30,GB,United_Kingdom,Fitness_Wearables,70.6
2023-08-06,GB,United_Kingdom,Fitness_Wearables,69.77
2023-08-13,GB,United_Kingdom,Fitness_Wearables,68.12
2023-08-20,GB,United_Kingdom,Fitness_Wearables,65.73
2023-08-27,GB,United_Kingdom,Fitness_Wearables,67.08
2023-09-03,GB,United_Kingdom,Fitness_Wearables,68.32
2023-09-10,GB,United_Kingdom,Fitness_Wearables,70.6
2023-09-17,GB,United_Kingdom,Fitness_Wearables,69.67
2023-09-24,GB,United_Kingdom,Fitness_Wearables,69.05
2023-10-01,GB,United_Kingdom,Fitness_Wearables,67.91
2023-10-08,GB,United_Kingdom,Fitness_Wearables,64.49
2023-10-15,GB,United_Kingdom,Fitness_Wearables,62.32
2023-10-22,GB,United_Kingdom,Fitness_Wearables,62.11
2023-10-29,GB,United_Kingdom,Fitness_Wearables,62.53
2023-11-05,GB,United_Kingdom,Fitness_Wearables,64.08
2023-11-12,GB,United_Kingdom,Fitness_Wearables,66.77
2023-11-19,GB,United_Kingdom,Fitness_Wearables,71.33
2023-11-26,GB,United_Kingdom,Fitness_Wearables,63.25
2023-12-03,GB,United_Kingdom,Fitness_Wearables,60.56
2023-12-10,GB,United_Kingdom,Fitness_Wearables,60.87
2023-12-17,GB,United_Kingdom,Fitness_Wearables,60.14
2023-12-24,GB,United_Kingdom,Fitness_Wearables,80.33
2023-12-31,GB,United_Kingdom,Fitness_Wearables,89.75
2024-01-07,GB,United_Kingdom,Fitness_Wearables,81.47
2024-01-14,GB,United_Kingdom,Fitness_Wearables,79.61
2024-01-21,GB,United_Kingdom,Fitness_Wearables,76.19
2024-01-28,GB,United_Kingdom,Fitness_Wearables,79.3
2024-02-04,GB,United_Kingdom,Fitness_Wearables,74.84
2024-02-11,GB,United_Kingdom,Fitness_Wearables,70.6
2024-02-18,GB,United_Kingdom,Fitness_Wearables,73.5
2024-02-25,GB,United_Kingdom,Fitness_Wearables,71.43
2024-03-03,GB,United_Kingdom,Fitness_Wearables,72.46
2024-03-10,GB,United_Kingdom,Fitness_Wearables,68.84
2024-03-17,GB,United_Kingdom,Fitness_Wearables,71.12
2024-03-24,GB,United_Kingdom,Fitness_Wearables,70.91
2024-03-31,GB,United_Kingdom,Fitness_Wearables,71.64
2024-04-07,GB,United_Kingdom,Fitness_Wearables,71.95
2024-04-14,GB,United_Kingdom,Fitness_Wearables,72.15
2024-04-21,GB,United_Kingdom,Fitness_Wearables,73.6
2024-04-28,GB,United_Kingdom,Fitness_Wearables,71.53
2024-05-05,GB,United_Kingdom,Fitness_Wearables,70.08
2024-05-12,GB,United_Kingdom,Fitness_Wearables,67.6
2024-05-19,GB,United_Kingdom,Fitness_Wearables,68.94
2024-05-26,GB,United_Kingdom,Fitness_Wearables,69.57
2024-06-02,GB,United_Kingdom,Fitness_Wearables,69.15
2024-06-09,GB,United_Kingdom,Fitness_Wearables,64.49
2024-06-16,GB,United_Kingdom,Fitness_Wearables,64.6
2024-06-23,GB,United_Kingdom,Fitness_Wearables,65.73
2024-06-30,GB,United_Kingdom,Fitness_Wearables,63.77
2024-07-07,GB,United_Kingdom,Fitness_Wearables,64.8
2024-07-14,GB,United_Kingdom,Fitness_Wearables,67.18
2024-07-21,GB,United_Kingdom,Fitness_Wearables,69.88
2024-07-28,GB,United_Kingdom,Fitness_Wearables,68.84
2024-08-04,GB,United_Kingdom,Fitness_Wearables,72.15
2024-08-11,GB,United_Kingdom,Fitness_Wearables,67.29
2024-08-18,GB,United_Kingdom,Fitness_Wearables,66.67
2024-08-25,GB,United_Kingdom,Fitness_Wearables,67.29
2024-09-01,GB,United_Kingdom,Fitness_Wearables,72.46
2024-09-08,GB,United_Kingdom,Fitness_Wearables,73.29
2024-09-15,GB,United_Kingdom,Fitness_Wearables,69.88
2024-09-22,GB,United_Kingdom,Fitness_Wearables,69.77
2024-09-29,GB,United_Kingdom,Fitness_Wearables,69.36
2024-10-06,GB,United_Kingdom,Fitness_Wearables,70.5
2024-10-13,GB,United_Kingdom,Fitness_Wearables,66.46
2024-10-20,GB,United_Kingdom,Fitness_Wearables,65.94
2024-10-27,GB,United_Kingdom,Fitness_Wearables,63.25
2024-11-03,GB,United_Kingdom,Fitness_Wearables,66.46
2024-11-10,GB,United_Kingdom,Fitness_Wearables,67.81
2024-11-17,GB,United_Kingdom,Fitness_Wearables,68.43
2024-11-24,GB,United_Kingdom,Fitness_Wearables,70.29
2024-12-01,GB,United_Kingdom,Fitness_Wearables,66.05
2024-12-08,GB,United_Kingdom,Fitness_Wearables,63.87
2024-12-15,GB,United_Kingdom,Fitness_Wearables,62.11
2024-12-22,GB,United_Kingdom,Fitness_Wearables,74.12
2024-12-29,GB,United_Kingdom,Fitness_Wearables,85.61
2025-01-05,GB,United_Kingdom,Fitness_Wearables,88.41
2025-01-12,GB,United_Kingdom,Fitness_Wearables,82.19
2025-01-19,GB,United_Kingdom,Fitness_Wearables,79.4
2025-01-26,GB,United_Kingdom,Fitness_Wearables,82.09
2025-02-02,GB,United_Kingdom,Fitness_Wearables,77.12
2025-02-09,GB,United_Kingdom,Fitness_Wearables,72.05
2025-02-16,GB,United_Kingdom,Fitness_Wearables,70.6
2025-02-23,GB,United_Kingdom,Fitness_Wearables,72.36
2025-03-02,GB,United_Kingdom,Fitness_Wearables,72.67
2025-03-09,GB,United_Kingdom,Fitness_Wearables,70.7
2025-03-16,GB,United_Kingdom,Fitness_Wearables,73.71
2025-03-23,GB,United_Kingdom,Fitness_Wearables,72.57
2025-03-30,GB,United_Kingdom,Fitness_Wearables,71.53
2025-04-06,GB,United_Kingdom,Fitness_Wearables,69.77
2025-04-13,GB,United_Kingdom,Fitness_Wearables,71.95
2025-04-20,GB,United_Kingdom,Fitness_Wearables,73.6
2025-04-27,GB,United_Kingdom,Fitness_Wearables,75.67
2025-05-04,GB,United_Kingdom,Fitness_Wearables,72.67
2025-05-11,GB,United_Kingdom,Fitness_Wearables,72.26
2025-05-18,GB,United_Kingdom,Fitness_Wearables,70.19
2025-05-25,GB,United_Kingdom,Fitness_Wearables,73.81
2025-06-01,GB,United_Kingdom,Fitness_Wearables,71.95
2025-06-08,GB,United_Kingdom,Fitness_Wearables,70.39
2025-06-15,GB,United_Kingdom,Fitness_Wearables,68.74
2025-06-22,GB,United_Kingdom,Fitness_Wearables,70.5
2025-06-29,GB,United_Kingdom,Fitness_Wearables,69.67
2025-07-06,GB,United_Kingdom,Fitness_Wearables,68.43
2025-07-13,GB,United_Kingdom,Fitness_Wearables,70.19
2025-07-20,GB,United_Kingdom,Fitness_Wearables,72.05
2025-07-27,GB,United_Kingdom,Fitness_Wearables,72.46
2025-08-03,GB,United_Kingdom,Fitness_Wearables,71.84
2025-08-10,GB,United_Kingdom,Fitness_Wearables,69.67
2025-08-17,GB,United_Kingdom,Fitness_Wearables,71.33
2025-08-24,GB,United_Kingdom,Fitness_Wearables,71.12
2025-08-31,GB,United_Kingdom,Fitness_Wearables,73.08
2025-09-07,GB,United_Kingdom,Fitness_Wearables,73.91
2025-09-14,GB,United_Kingdom,Fitness_Wearables,68.74
2025-09-21,GB,United_Kingdom,Fitness_Wearables,71.12
2025-09-28,GB,United_Kingdom,Fitness_Wearables,71.01
2025-10-05,GB,United_Kingdom,Fitness_Wearables,69.67
2025-10-12,GB,United_Kingdom,Fitness_Wearables,68.94
2025-10-19,GB,United_Kingdom,Fitness_Wearables,65.73
2025-10-26,GB,United_Kingdom,Fitness_Wearables,68.63
2025-11-02,GB,United_Kingdom,Fitness_Wearables,73.29
2025-11-09,GB,United_Kingdom,Fitness_Wearables,76.09
2025-11-16,GB,United_Kingdom,Fitness_Wearables,78.36
2025-11-23,GB,United_Kingdom,Fitness_Wearables,77.95
2025-11-30,GB,United_Kingdom,Fitness_Wearables,78.67
2025-12-07,GB,United_Kingdom,Fitness_Wearables,76.4
2025-12-14,GB,United_Kingdom,Fitness_Wearables,74.02
2025-12-21,GB,United_Kingdom,Fitness_Wearables,80.85
2025-12-28,GB,United_Kingdom,Fitness_Wearables,98.45
2026-01-04,GB,United_Kingdom,Fitness_Wearables,94.51
2026-01-11,GB,United_Kingdom,Fitness_Wearables,90.17
2026-01-18,GB,United_Kingdom,Fitness_Wearables,88.92
2026-01-25,GB,United_Kingdom,Fitness_Wearables,91.72
2026-02-01,GB,United_Kingdom,Fitness_Wearables,94.31
2026-02-08,GB,United_Kingdom,Fitness_Wearables,98.34
2026-02-15,GB,United_Kingdom,Fitness_Wearables,100
2026-02-22,GB,United_Kingdom,Fitness_Wearables,94.62
2026-03-01,GB,United_Kingdom,Fitness_Wearables,80.95
2026-03-08,GB,United_Kingdom,Fitness_Wearables,83.64
2026-03-15,GB,United_Kingdom,Fitness_Wearables,78.99
2026-03-22,GB,United_Kingdom,Fitness_Wearables,86.85
2026-03-29,GB,United_Kingdom,Fitness_Wearables,86.85
2026-04-05,GB,United_Kingdom,Fitness_Wearables,88.1
2026-04-12,GB,United_Kingdom,Fitness_Wearables,81.57
2026-04-19,GB,United_Kingdom,Fitness_Wearables,81.78
2026-04-26,GB,United_Kingdom,Fitness_Wearables,86.23
2026-05-03,GB,United_Kingdom,Fitness_Wearables,81.78
2026-05-10,GB,United_Kingdom,Fitness_Wearables,80.54
2026-05-17,GB,United_Kingdom,Fitness_Wearables,78.88
2026-05-24,GB,United_Kingdom,Fitness_Wearables,75.57
2026-05-31,GB,United_Kingdom,Fitness_Wearables,82.19
2026-06-07,GB,United_Kingdom,Fitness_Wearables,74.22
2026-06-14,GB,United_Kingdom,Fitness_Wearables,74.12
2026-06-21,GB,United_Kingdom,Fitness_Wearables,78.36
2026-06-28,GB,United_Kingdom,Fitness_Wearables,82.82
2026-07-05,GB,United_Kingdom,Fitness_Wearables,81.26
2026-07-12,GB,United_Kingdom,Fitness_Wearables,80.64
2026-07-19,GB,United_Kingdom,Fitness_Wearables,84.27
2026-07-26,GB,United_Kingdom,Fitness_Wearables,88.92
2026-08-02,GB,United_Kingdom,Fitness_Wearables,87.99
2026-08-09,GB,United_Kingdom,Fitness_Wearables,95.86
2026-08-16,GB,United_Kingdom,Fitness_Wearables,86.44
2026-08-23,GB,United_Kingdom,Fitness_Wearables,84.99
2023-01-01,GB,United_Kingdom,Fashion_Beauty,48.95
2023-01-08,GB,United_Kingdom,Fashion_Beauty,50.82
2023-01-15,GB,United_Kingdom,Fashion_Beauty,50.7
2023-01-22,GB,United_Kingdom,Fashion_Beauty,51.4
2023-01-29,GB,United_Kingdom,Fashion_Beauty,51.17
2023-02-05,GB,United_Kingdom,Fashion_Beauty,51.4
2023-02-12,GB,United_Kingdom,Fashion_Beauty,51.4
2023-02-19,GB,United_Kingdom,Fashion_Beauty,54.43
2023-02-26,GB,United_Kingdom,Fashion_Beauty,53.38
2023-03-05,GB,United_Kingdom,Fashion_Beauty,54.55
2023-03-12,GB,United_Kingdom,Fashion_Beauty,51.05
2023-03-19,GB,United_Kingdom,Fashion_Beauty,50.93
2023-03-26,GB,United_Kingdom,Fashion_Beauty,50.7
2023-04-02,GB,United_Kingdom,Fashion_Beauty,50.82
2023-04-09,GB,United_Kingdom,Fashion_Beauty,50.93
2023-04-16,GB,United_Kingdom,Fashion_Beauty,51.17
2023-04-23,GB,United_Kingdom,Fashion_Beauty,51.4
2023-04-30,GB,United_Kingdom,Fashion_Beauty,50.35
2023-05-07,GB,United_Kingdom,Fashion_Beauty,49.65
2023-05-14,GB,United_Kingdom,Fashion_Beauty,50.7
2023-05-21,GB,United_Kingdom,Fashion_Beauty,51.17
2023-05-28,GB,United_Kingdom,Fashion_Beauty,49.65
2023-06-04,GB,United_Kingdom,Fashion_Beauty,49.65
2023-06-11,GB,United_Kingdom,Fashion_Beauty,49.07
2023-06-18,GB,United_Kingdom,Fashion_Beauty,49.3
2023-06-25,GB,United_Kingdom,Fashion_Beauty,48.48
2023-07-02,GB,United_Kingdom,Fashion_Beauty,50
2023-07-09,GB,United_Kingdom,Fashion_Beauty,45.69
2023-07-16,GB,United_Kingdom,Fashion_Beauty,46.39
2023-07-23,GB,United_Kingdom,Fashion_Beauty,46.97
2023-07-30,GB,United_Kingdom,Fashion_Beauty,48.6
2023-08-06,GB,United_Kingdom,Fashion_Beauty,46.85
2023-08-13,GB,United_Kingdom,Fashion_Beauty,47.44
2023-08-20,GB,United_Kingdom,Fashion_Beauty,46.85
2023-08-27,GB,United_Kingdom,Fashion_Beauty,48.48
2023-09-03,GB,United_Kingdom,Fashion_Beauty,46.27
2023-09-10,GB,United_Kingdom,Fashion_Beauty,50.12
2023-09-17,GB,United_Kingdom,Fashion_Beauty,51.98
2023-09-24,GB,United_Kingdom,Fashion_Beauty,52.68
2023-10-01,GB,United_Kingdom,Fashion_Beauty,51.98
2023-10-08,GB,United_Kingdom,Fashion_Beauty,50
2023-10-15,GB,United_Kingdom,Fashion_Beauty,52.21
2023-10-22,GB,United_Kingdom,Fashion_Beauty,56.41
2023-10-29,GB,United_Kingdom,Fashion_Beauty,54.43
2023-11-05,GB,United_Kingdom,Fashion_Beauty,55.48
2023-11-12,GB,United_Kingdom,Fashion_Beauty,60.14
2023-11-19,GB,United_Kingdom,Fashion_Beauty,66.55
2023-11-26,GB,United_Kingdom,Fashion_Beauty,63.17
2023-12-03,GB,United_Kingdom,Fashion_Beauty,65.62
2023-12-10,GB,United_Kingdom,Fashion_Beauty,63.05
2023-12-17,GB,United_Kingdom,Fashion_Beauty,57.58
2023-12-24,GB,United_Kingdom,Fashion_Beauty,57.81
2023-12-31,GB,United_Kingdom,Fashion_Beauty,49.53
2024-01-07,GB,United_Kingdom,Fashion_Beauty,48.6
2024-01-14,GB,United_Kingdom,Fashion_Beauty,50.35
2024-01-21,GB,United_Kingdom,Fashion_Beauty,48.37
2024-01-28,GB,United_Kingdom,Fashion_Beauty,49.53
2024-02-04,GB,United_Kingdom,Fashion_Beauty,49.77
2024-02-11,GB,United_Kingdom,Fashion_Beauty,49.77
2024-02-18,GB,United_Kingdom,Fashion_Beauty,51.05
2024-02-25,GB,United_Kingdom,Fashion_Beauty,50.82
2024-03-03,GB,United_Kingdom,Fashion_Beauty,50.58
2024-03-10,GB,United_Kingdom,Fashion_Beauty,48.37
2024-03-17,GB,United_Kingdom,Fashion_Beauty,48.72
2024-03-24,GB,United_Kingdom,Fashion_Beauty,50.23
2024-03-31,GB,United_Kingdom,Fashion_Beauty,49.42
2024-04-07,GB,United_Kingdom,Fashion_Beauty,48.6
2024-04-14,GB,United_Kingdom,Fashion_Beauty,48.14
2024-04-21,GB,United_Kingdom,Fashion_Beauty,49.42
2024-04-28,GB,United_Kingdom,Fashion_Beauty,48.6
2024-05-05,GB,United_Kingdom,Fashion_Beauty,48.02
2024-05-12,GB,United_Kingdom,Fashion_Beauty,46.74
2024-05-19,GB,United_Kingdom,Fashion_Beauty,47.67
2024-05-26,GB,United_Kingdom,Fashion_Beauty,49.18
2024-06-02,GB,United_Kingdom,Fashion_Beauty,48.48
2024-06-09,GB,United_Kingdom,Fashion_Beauty,47.55
2024-06-16,GB,United_Kingdom,Fashion_Beauty,45.57
2024-06-23,GB,United_Kingdom,Fashion_Beauty,46.62
2024-06-30,GB,United_Kingdom,Fashion_Beauty,44.76
2024-07-07,GB,United_Kingdom,Fashion_Beauty,46.39
2024-07-14,GB,United_Kingdom,Fashion_Beauty,44.99
2024-07-21,GB,United_Kingdom,Fashion_Beauty,47.44
2024-07-28,GB,United_Kingdom,Fashion_Beauty,44.99
2024-08-04,GB,United_Kingdom,Fashion_Beauty,46.39
2024-08-11,GB,United_Kingdom,Fashion_Beauty,47.44
2024-08-18,GB,United_Kingdom,Fashion_Beauty,48.72
2024-08-25,GB,United_Kingdom,Fashion_Beauty,47.79
2024-09-01,GB,United_Kingdom,Fashion_Beauty,50.47
2024-09-08,GB,United_Kingdom,Fashion_Beauty,53.38
2024-09-15,GB,United_Kingdom,Fashion_Beauty,52.21
2024-09-22,GB,United_Kingdom,Fashion_Beauty,52.68
2024-09-29,GB,United_Kingdom,Fashion_Beauty,54.2
2024-10-06,GB,United_Kingdom,Fashion_Beauty,53.15
2024-10-13,GB,United_Kingdom,Fashion_Beauty,56.76
2024-10-20,GB,United_Kingdom,Fashion_Beauty,55.48
2024-10-27,GB,United_Kingdom,Fashion_Beauty,56.88
2024-11-03,GB,United_Kingdom,Fashion_Beauty,53.15
2024-11-10,GB,United_Kingdom,Fashion_Beauty,56.06
2024-11-17,GB,United_Kingdom,Fashion_Beauty,58.97
2024-11-24,GB,United_Kingdom,Fashion_Beauty,65.03
2024-12-01,GB,United_Kingdom,Fashion_Beauty,61.54
2024-12-08,GB,United_Kingdom,Fashion_Beauty,60.26
2024-12-15,GB,United_Kingdom,Fashion_Beauty,56.53
2024-12-22,GB,United_Kingdom,Fashion_Beauty,56.06
2024-12-29,GB,United_Kingdom,Fashion_Beauty,48.83
2025-01-05,GB,United_Kingdom,Fashion_Beauty,48.48
2025-01-12,GB,United_Kingdom,Fashion_Beauty,48.83
2025-01-19,GB,United_Kingdom,Fashion_Beauty,48.14
2025-01-26,GB,United_Kingdom,Fashion_Beauty,49.18
2025-02-02,GB,United_Kingdom,Fashion_Beauty,49.07
2025-02-09,GB,United_Kingdom,Fashion_Beauty,48.37
2025-02-16,GB,United_Kingdom,Fashion_Beauty,48.72
2025-02-23,GB,United_Kingdom,Fashion_Beauty,49.42
2025-03-02,GB,United_Kingdom,Fashion_Beauty,49.18
2025-03-09,GB,United_Kingdom,Fashion_Beauty,50.47
2025-03-16,GB,United_Kingdom,Fashion_Beauty,49.65
2025-03-23,GB,United_Kingdom,Fashion_Beauty,50.12
2025-03-30,GB,United_Kingdom,Fashion_Beauty,47.55
2025-04-06,GB,United_Kingdom,Fashion_Beauty,48.6
2025-04-13,GB,United_Kingdom,Fashion_Beauty,49.18
2025-04-20,GB,United_Kingdom,Fashion_Beauty,48.6
2025-04-27,GB,United_Kingdom,Fashion_Beauty,48.48
2025-05-04,GB,United_Kingdom,Fashion_Beauty,50.82
2025-05-11,GB,United_Kingdom,Fashion_Beauty,46.39
2025-05-18,GB,United_Kingdom,Fashion_Beauty,46.74
2025-05-25,GB,United_Kingdom,Fashion_Beauty,48.14
2025-06-01,GB,United_Kingdom,Fashion_Beauty,46.62
2025-06-08,GB,United_Kingdom,Fashion_Beauty,44.41
2025-06-15,GB,United_Kingdom,Fashion_Beauty,45.92
2025-06-22,GB,United_Kingdom,Fashion_Beauty,46.5
2025-06-29,GB,United_Kingdom,Fashion_Beauty,46.39
2025-07-06,GB,United_Kingdom,Fashion_Beauty,46.62
2025-07-13,GB,United_Kingdom,Fashion_Beauty,45.45
2025-07-20,GB,United_Kingdom,Fashion_Beauty,46.27
2025-07-27,GB,United_Kingdom,Fashion_Beauty,47.55
2025-08-03,GB,United_Kingdom,Fashion_Beauty,48.37
2025-08-10,GB,United_Kingdom,Fashion_Beauty,46.5
2025-08-17,GB,United_Kingdom,Fashion_Beauty,49.3
2025-08-24,GB,United_Kingdom,Fashion_Beauty,49.53
2025-08-31,GB,United_Kingdom,Fashion_Beauty,51.28
2025-09-07,GB,United_Kingdom,Fashion_Beauty,50.93
2025-09-14,GB,United_Kingdom,Fashion_Beauty,49.53
2025-09-21,GB,United_Kingdom,Fashion_Beauty,53.15
2025-09-28,GB,United_Kingdom,Fashion_Beauty,53.15
2025-10-05,GB,United_Kingdom,Fashion_Beauty,56.29
2025-10-12,GB,United_Kingdom,Fashion_Beauty,63.05
2025-10-19,GB,United_Kingdom,Fashion_Beauty,53.96
2025-10-26,GB,United_Kingdom,Fashion_Beauty,59.44
2025-11-02,GB,United_Kingdom,Fashion_Beauty,57.93
2025-11-09,GB,United_Kingdom,Fashion_Beauty,59.67
2025-11-16,GB,United_Kingdom,Fashion_Beauty,65.27
2025-11-23,GB,United_Kingdom,Fashion_Beauty,72.73
2025-11-30,GB,United_Kingdom,Fashion_Beauty,72.49
2025-12-07,GB,United_Kingdom,Fashion_Beauty,72.26
2025-12-14,GB,United_Kingdom,Fashion_Beauty,70.28
2025-12-21,GB,United_Kingdom,Fashion_Beauty,66.2
2025-12-28,GB,United_Kingdom,Fashion_Beauty,60.49
2026-01-04,GB,United_Kingdom,Fashion_Beauty,65.03
2026-01-11,GB,United_Kingdom,Fashion_Beauty,55.36
2026-01-18,GB,United_Kingdom,Fashion_Beauty,57.46
2026-01-25,GB,United_Kingdom,Fashion_Beauty,60.02
2026-02-01,GB,United_Kingdom,Fashion_Beauty,66.55
2026-02-08,GB,United_Kingdom,Fashion_Beauty,87.88
2026-02-15,GB,United_Kingdom,Fashion_Beauty,100
2026-02-22,GB,United_Kingdom,Fashion_Beauty,80.65
2026-03-01,GB,United_Kingdom,Fashion_Beauty,55.48
2026-03-08,GB,United_Kingdom,Fashion_Beauty,59.67
2026-03-15,GB,United_Kingdom,Fashion_Beauty,56.53
2026-03-22,GB,United_Kingdom,Fashion_Beauty,59.91
2026-03-29,GB,United_Kingdom,Fashion_Beauty,60.37
2026-04-05,GB,United_Kingdom,Fashion_Beauty,58.74
2026-04-12,GB,United_Kingdom,Fashion_Beauty,55.59
2026-04-19,GB,United_Kingdom,Fashion_Beauty,55.48
2026-04-26,GB,United_Kingdom,Fashion_Beauty,58.16
2026-05-03,GB,United_Kingdom,Fashion_Beauty,56.41
2026-05-10,GB,United_Kingdom,Fashion_Beauty,55.71
2026-05-17,GB,United_Kingdom,Fashion_Beauty,56.41
2026-05-24,GB,United_Kingdom,Fashion_Beauty,52.91
2026-05-31,GB,United_Kingdom,Fashion_Beauty,54.9
2026-06-07,GB,United_Kingdom,Fashion_Beauty,52.56
2026-06-14,GB,United_Kingdom,Fashion_Beauty,51.63
2026-06-21,GB,United_Kingdom,Fashion_Beauty,54.2
2026-06-28,GB,United_Kingdom,Fashion_Beauty,58.28
2026-07-05,GB,United_Kingdom,Fashion_Beauty,58.39
2026-07-12,GB,United_Kingdom,Fashion_Beauty,58.39
2026-07-19,GB,United_Kingdom,Fashion_Beauty,60.37
2026-07-26,GB,United_Kingdom,Fashion_Beauty,62.94
2026-08-02,GB,United_Kingdom,Fashion_Beauty,61.89
2026-08-09,GB,United_Kingdom,Fashion_Beauty,63.64
2026-08-16,GB,United_Kingdom,Fashion_Beauty,60.49
2026-08-23,GB,United_Kingdom,Fashion_Beauty,59.44
2023-01-01,IN,India,Nutrition_Diets,74.45
2023-01-08,IN,India,Nutrition_Diets,72.88
2023-01-15,IN,India,Nutrition_Diets,75.75
2023-01-22,IN,India,Nutrition_Diets,75.1
2023-01-29,IN,India,Nutrition_Diets,78.49
2023-02-05,IN,India,Nutrition_Diets,77.44
2023-02-12,IN,India,Nutrition_Diets,77.05
2023-02-19,IN,India,Nutrition_Diets,85.14
2023-02-26,IN,India,Nutrition_Diets,85.4
2023-03-05,IN,India,Nutrition_Diets,78.23
2023-03-12,IN,India,Nutrition_Diets,82.92
2023-03-19,IN,India,Nutrition_Diets,83.7
2023-03-26,IN,India,Nutrition_Diets,80.57
2023-04-02,IN,India,Nutrition_Diets,80.18
2023-04-09,IN,India,Nutrition_Diets,82.66
2023-04-16,IN,India,Nutrition_Diets,77.31
2023-04-23,IN,India,Nutrition_Diets,79.92
2023-04-30,IN,India,Nutrition_Diets,75.23
2023-05-07,IN,India,Nutrition_Diets,80.05
2023-05-14,IN,India,Nutrition_Diets,74.71
2023-05-21,IN,India,Nutrition_Diets,78.1
2023-05-28,IN,India,Nutrition_Diets,82.53
2023-06-04,IN,India,Nutrition_Diets,85.14
2023-06-11,IN,India,Nutrition_Diets,93.48
2023-06-18,IN,India,Nutrition_Diets,89.18
2023-06-25,IN,India,Nutrition_Diets,85.14
2023-07-02,IN,India,Nutrition_Diets,91.66
2023-07-09,IN,India,Nutrition_Diets,83.44
2023-07-16,IN,India,Nutrition_Diets,80.57
2023-07-23,IN,India,Nutrition_Diets,80.57
2023-07-30,IN,India,Nutrition_Diets,83.44
2023-08-06,IN,India,Nutrition_Diets,87.35
2023-08-13,IN,India,Nutrition_Diets,80.31
2023-08-20,IN,India,Nutrition_Diets,81.1
2023-08-27,IN,India,Nutrition_Diets,75.88
2023-09-03,IN,India,Nutrition_Diets,79.79
2023-09-10,IN,India,Nutrition_Diets,80.18
2023-09-17,IN,India,Nutrition_Diets,81.75
2023-09-24,IN,India,Nutrition_Diets,80.44
2023-10-01,IN,India,Nutrition_Diets,83.96
2023-10-08,IN,India,Nutrition_Diets,77.57
2023-10-15,IN,India,Nutrition_Diets,71.45
2023-10-22,IN,India,Nutrition_Diets,69.62
2023-10-29,IN,India,Nutrition_Diets,72.49
2023-11-05,IN,India,Nutrition_Diets,68.06
2023-11-12,IN,India,Nutrition_Diets,67.67
2023-11-19,IN,India,Nutrition_Diets,79.27
2023-11-26,IN,India,Nutrition_Diets,79.14
2023-12-03,IN,India,Nutrition_Diets,77.18
2023-12-10,IN,India,Nutrition_Diets,78.75
2023-12-17,IN,India,Nutrition_Diets,71.97
2023-12-24,IN,India,Nutrition_Diets,70.01
2023-12-31,IN,India,Nutrition_Diets,77.18
2024-01-07,IN,India,Nutrition_Diets,85.79
2024-01-14,IN,India,Nutrition_Diets,78.23
2024-01-21,IN,India,Nutrition_Diets,72.49
2024-01-28,IN,India,Nutrition_Diets,74.45
2024-02-04,IN,India,Nutrition_Diets,73.27
2024-02-11,IN,India,Nutrition_Diets,72.88
2024-02-18,IN,India,Nutrition_Diets,75.88
2024-02-25,IN,India,Nutrition_Diets,76.92
2024-03-03,IN,India,Nutrition_Diets,73.01
2024-03-10,IN,India,Nutrition_Diets,76.4
2024-03-17,IN,India,Nutrition_Diets,78.49
2024-03-24,IN,India,Nutrition_Diets,68.71
2024-03-31,IN,India,Nutrition_Diets,77.18
2024-04-07,IN,India,Nutrition_Diets,76.01
2024-04-14,IN,India,Nutrition_Diets,78.1
2024-04-21,IN,India,Nutrition_Diets,82.53
2024-04-28,IN,India,Nutrition_Diets,79.4
2024-05-05,IN,India,Nutrition_Diets,76.53
2024-05-12,IN,India,Nutrition_Diets,77.18
2024-05-19,IN,India,Nutrition_Diets,78.75
2024-05-26,IN,India,Nutrition_Diets,78.88
2024-06-02,IN,India,Nutrition_Diets,70.27
2024-06-09,IN,India,Nutrition_Diets,78.49
2024-06-16,IN,India,Nutrition_Diets,79.14
2024-06-23,IN,India,Nutrition_Diets,79.01
2024-06-30,IN,India,Nutrition_Diets,81.49
2024-07-07,IN,India,Nutrition_Diets,80.31
2024-07-14,IN,India,Nutrition_Diets,82.79
2024-07-21,IN,India,Nutrition_Diets,81.88
2024-07-28,IN,India,Nutrition_Diets,79.79
2024-08-04,IN,India,Nutrition_Diets,78.88
2024-08-11,IN,India,Nutrition_Diets,75.75
2024-08-18,IN,India,Nutrition_Diets,78.23
2024-08-25,IN,India,Nutrition_Diets,79.79
2024-09-01,IN,India,Nutrition_Diets,81.75
2024-09-08,IN,India,Nutrition_Diets,82.01
2024-09-15,IN,India,Nutrition_Diets,79.66
2024-09-22,IN,India,Nutrition_Diets,79.4
2024-09-29,IN,India,Nutrition_Diets,78.23
2024-10-06,IN,India,Nutrition_Diets,70.93
2024-10-13,IN,India,Nutrition_Diets,72.49
2024-10-20,IN,India,Nutrition_Diets,72.88
2024-10-27,IN,India,Nutrition_Diets,65.84
2024-11-03,IN,India,Nutrition_Diets,74.84
2024-11-10,IN,India,Nutrition_Diets,74.32
2024-11-17,IN,India,Nutrition_Diets,76.14
2024-11-24,IN,India,Nutrition_Diets,74.45
2024-12-01,IN,India,Nutrition_Diets,73.53
2024-12-08,IN,India,Nutrition_Diets,72.1
2024-12-15,IN,India,Nutrition_Diets,68.58
2024-12-22,IN,India,Nutrition_Diets,66.88
2024-12-29,IN,India,Nutrition_Diets,68.19
2025-01-05,IN,India,Nutrition_Diets,74.45
2025-01-12,IN,India,Nutrition_Diets,72.1
2025-01-19,IN,India,Nutrition_Diets,75.49
2025-01-26,IN,India,Nutrition_Diets,76.53
2025-02-02,IN,India,Nutrition_Diets,76.4
2025-02-09,IN,India,Nutrition_Diets,74.19
2025-02-16,IN,India,Nutrition_Diets,77.97
2025-02-23,IN,India,Nutrition_Diets,74.58
2025-03-02,IN,India,Nutrition_Diets,75.49
2025-03-09,IN,India,Nutrition_Diets,75.1
2025-03-16,IN,India,Nutrition_Diets,83.83
2025-03-23,IN,India,Nutrition_Diets,73.01
2025-03-30,IN,India,Nutrition_Diets,73.79
2025-04-06,IN,India,Nutrition_Diets,76.53
2025-04-13,IN,India,Nutrition_Diets,77.57
2025-04-20,IN,India,Nutrition_Diets,75.23
2025-04-27,IN,India,Nutrition_Diets,76.14
2025-05-04,IN,India,Nutrition_Diets,70.93
2025-05-11,IN,India,Nutrition_Diets,78.62
2025-05-18,IN,India,Nutrition_Diets,77.71
2025-05-25,IN,India,Nutrition_Diets,75.1
2025-06-01,IN,India,Nutrition_Diets,79.4
2025-06-08,IN,India,Nutrition_Diets,82.66
2025-06-15,IN,India,Nutrition_Diets,80.05
2025-06-22,IN,India,Nutrition_Diets,79.66
2025-06-29,IN,India,Nutrition_Diets,80.83
2025-07-06,IN,India,Nutrition_Diets,81.23
2025-07-13,IN,India,Nutrition_Diets,81.23
2025-07-20,IN,India,Nutrition_Diets,76.53
2025-07-27,IN,India,Nutrition_Diets,79.14
2025-08-03,IN,India,Nutrition_Diets,77.05
2025-08-10,IN,India,Nutrition_Diets,75.62
2025-08-17,IN,India,Nutrition_Diets,76.27
2025-08-24,IN,India,Nutrition_Diets,75.1
2025-08-31,IN,India,Nutrition_Diets,75.23
2025-09-07,IN,India,Nutrition_Diets,72.36
2025-09-14,IN,India,Nutrition_Diets,69.49
2025-09-21,IN,India,Nutrition_Diets,65.58
2025-09-28,IN,India,Nutrition_Diets,61.93
2025-10-05,IN,India,Nutrition_Diets,67.54
2025-10-12,IN,India,Nutrition_Diets,65.45
2025-10-19,IN,India,Nutrition_Diets,60.63
2025-10-26,IN,India,Nutrition_Diets,73.79
2025-11-02,IN,India,Nutrition_Diets,81.49
2025-11-09,IN,India,Nutrition_Diets,83.96
2025-11-16,IN,India,Nutrition_Diets,83.05
2025-11-23,IN,India,Nutrition_Diets,85.53
2025-11-30,IN,India,Nutrition_Diets,87.74
2025-12-07,IN,India,Nutrition_Diets,87.87
2025-12-14,IN,India,Nutrition_Diets,84.49
2025-12-21,IN,India,Nutrition_Diets,77.44
2025-12-28,IN,India,Nutrition_Diets,78.75
2026-01-04,IN,India,Nutrition_Diets,84.35
2026-01-11,IN,India,Nutrition_Diets,76.79
2026-01-18,IN,India,Nutrition_Diets,83.18
2026-01-25,IN,India,Nutrition_Diets,84.75
2026-02-01,IN,India,Nutrition_Diets,83.83
2026-02-08,IN,India,Nutrition_Diets,91.13
2026-02-15,IN,India,Nutrition_Diets,100
2026-02-22,IN,India,Nutrition_Diets,93.74
2026-03-01,IN,India,Nutrition_Diets,77.31
2026-03-08,IN,India,Nutrition_Diets,85.92
2026-03-15,IN,India,Nutrition_Diets,83.57
2026-03-22,IN,India,Nutrition_Diets,82.66
2026-03-29,IN,India,Nutrition_Diets,83.96
2026-04-05,IN,India,Nutrition_Diets,85.4
2026-04-12,IN,India,Nutrition_Diets,83.44
2026-04-19,IN,India,Nutrition_Diets,84.49
2026-04-26,IN,India,Nutrition_Diets,80.83
2026-05-03,IN,India,Nutrition_Diets,83.44
2026-05-10,IN,India,Nutrition_Diets,83.44
2026-05-17,IN,India,Nutrition_Diets,81.49
2026-05-24,IN,India,Nutrition_Diets,83.31
2026-05-31,IN,India,Nutrition_Diets,92.7
2026-06-07,IN,India,Nutrition_Diets,92.31
2026-06-14,IN,India,Nutrition_Diets,86.44
2026-06-21,IN,India,Nutrition_Diets,84.88
2026-06-28,IN,India,Nutrition_Diets,87.74
2026-07-05,IN,India,Nutrition_Diets,89.57
2026-07-12,IN,India,Nutrition_Diets,87.35
2026-07-19,IN,India,Nutrition_Diets,82.53
2026-07-26,IN,India,Nutrition_Diets,90.87
2026-08-02,IN,India,Nutrition_Diets,88.66
2026-08-09,IN,India,Nutrition_Diets,84.88
2026-08-16,IN,India,Nutrition_Diets,89.96
2026-08-23,IN,India,Nutrition_Diets,80.7
2023-01-01,IN,India,Fitness_Wearables,80.1
2023-01-08,IN,India,Fitness_Wearables,76.87
2023-01-15,IN,India,Fitness_Wearables,76.53
2023-01-22,IN,India,Fitness_Wearables,75.51
2023-01-29,IN,India,Fitness_Wearables,78.74
2023-02-05,IN,India,Fitness_Wearables,76.02
2023-02-12,IN,India,Fitness_Wearables,74.32
2023-02-19,IN,India,Fitness_Wearables,78.74
2023-02-26,IN,India,Fitness_Wearables,78.74
2023-03-05,IN,India,Fitness_Wearables,77.55
2023-03-12,IN,India,Fitness_Wearables,77.72
2023-03-19,IN,India,Fitness_Wearables,74.49
2023-03-26,IN,India,Fitness_Wearables,71.77
2023-04-02,IN,India,Fitness_Wearables,71.09
2023-04-09,IN,India,Fitness_Wearables,72.45
2023-04-16,IN,India,Fitness_Wearables,70.41
2023-04-23,IN,India,Fitness_Wearables,74.49
2023-04-30,IN,India,Fitness_Wearables,74.66
2023-05-07,IN,India,Fitness_Wearables,72.62
2023-05-14,IN,India,Fitness_Wearables,71.09
2023-05-21,IN,India,Fitness_Wearables,73.3
2023-05-28,IN,India,Fitness_Wearables,76.53
2023-06-04,IN,India,Fitness_Wearables,80.1
2023-06-11,IN,India,Fitness_Wearables,84.86
2023-06-18,IN,India,Fitness_Wearables,92.35
2023-06-25,IN,India,Fitness_Wearables,82.65
2023-07-02,IN,India,Fitness_Wearables,87.24
2023-07-09,IN,India,Fitness_Wearables,83.67
2023-07-16,IN,India,Fitness_Wearables,79.93
2023-07-23,IN,India,Fitness_Wearables,81.12
2023-07-30,IN,India,Fitness_Wearables,81.12
2023-08-06,IN,India,Fitness_Wearables,81.12
2023-08-13,IN,India,Fitness_Wearables,78.74
2023-08-20,IN,India,Fitness_Wearables,78.91
2023-08-27,IN,India,Fitness_Wearables,78.74
2023-09-03,IN,India,Fitness_Wearables,76.36
2023-09-10,IN,India,Fitness_Wearables,76.87
2023-09-17,IN,India,Fitness_Wearables,77.89
2023-09-24,IN,India,Fitness_Wearables,75.85
2023-10-01,IN,India,Fitness_Wearables,78.57
2023-10-08,IN,India,Fitness_Wearables,74.66
2023-10-15,IN,India,Fitness_Wearables,70.24
2023-10-22,IN,India,Fitness_Wearables,71.09
2023-10-29,IN,India,Fitness_Wearables,72.11
2023-11-05,IN,India,Fitness_Wearables,71.43
2023-11-12,IN,India,Fitness_Wearables,71.77
2023-11-19,IN,India,Fitness_Wearables,77.04
2023-11-26,IN,India,Fitness_Wearables,78.06
2023-12-03,IN,India,Fitness_Wearables,77.21
2023-12-10,IN,India,Fitness_Wearables,75.68
2023-12-17,IN,India,Fitness_Wearables,72.62
2023-12-24,IN,India,Fitness_Wearables,75
2023-12-31,IN,India,Fitness_Wearables,77.04
2024-01-07,IN,India,Fitness_Wearables,78.57
2024-01-14,IN,India,Fitness_Wearables,75.17
2024-01-21,IN,India,Fitness_Wearables,72.11
2024-01-28,IN,India,Fitness_Wearables,72.28
2024-02-04,IN,India,Fitness_Wearables,71.77
2024-02-11,IN,India,Fitness_Wearables,69.22
2024-02-18,IN,India,Fitness_Wearables,72.62
2024-02-25,IN,India,Fitness_Wearables,73.64
2024-03-03,IN,India,Fitness_Wearables,72.11
2024-03-10,IN,India,Fitness_Wearables,74.32
2024-03-17,IN,India,Fitness_Wearables,69.56
2024-03-24,IN,India,Fitness_Wearables,64.63
2024-03-31,IN,India,Fitness_Wearables,67.86
2024-04-07,IN,India,Fitness_Wearables,68.2
2024-04-14,IN,India,Fitness_Wearables,70.07
2024-04-21,IN,India,Fitness_Wearables,68.88
2024-04-28,IN,India,Fitness_Wearables,70.92
2024-05-05,IN,India,Fitness_Wearables,70.75
2024-05-12,IN,India,Fitness_Wearables,69.22
2024-05-19,IN,India,Fitness_Wearables,71.09
2024-05-26,IN,India,Fitness_Wearables,70.41
2024-06-02,IN,India,Fitness_Wearables,64.12
2024-06-09,IN,India,Fitness_Wearables,71.77
2024-06-16,IN,India,Fitness_Wearables,79.08
2024-06-23,IN,India,Fitness_Wearables,71.09
2024-06-30,IN,India,Fitness_Wearables,71.6
2024-07-07,IN,India,Fitness_Wearables,73.64
2024-07-14,IN,India,Fitness_Wearables,75
2024-07-21,IN,India,Fitness_Wearables,72.28
2024-07-28,IN,India,Fitness_Wearables,72.28
2024-08-04,IN,India,Fitness_Wearables,74.49
2024-08-11,IN,India,Fitness_Wearables,74.49
2024-08-18,IN,India,Fitness_Wearables,76.7
2024-08-25,IN,India,Fitness_Wearables,75.17
2024-09-01,IN,India,Fitness_Wearables,75.51
2024-09-08,IN,India,Fitness_Wearables,77.55
2024-09-15,IN,India,Fitness_Wearables,75.51
2024-09-22,IN,India,Fitness_Wearables,73.3
2024-09-29,IN,India,Fitness_Wearables,75
2024-10-06,IN,India,Fitness_Wearables,69.05
2024-10-13,IN,India,Fitness_Wearables,67.86
2024-10-20,IN,India,Fitness_Wearables,71.26
2024-10-27,IN,India,Fitness_Wearables,63.1
2024-11-03,IN,India,Fitness_Wearables,71.26
2024-11-10,IN,India,Fitness_Wearables,74.32
2024-11-17,IN,India,Fitness_Wearables,72.45
2024-11-24,IN,India,Fitness_Wearables,73.3
2024-12-01,IN,India,Fitness_Wearables,71.77
2024-12-08,IN,India,Fitness_Wearables,72.28
2024-12-15,IN,India,Fitness_Wearables,67.52
2024-12-22,IN,India,Fitness_Wearables,65.65
2024-12-29,IN,India,Fitness_Wearables,69.73
2025-01-05,IN,India,Fitness_Wearables,73.47
2025-01-12,IN,India,Fitness_Wearables,69.9
2025-01-19,IN,India,Fitness_Wearables,72.96
2025-01-26,IN,India,Fitness_Wearables,69.9
2025-02-02,IN,India,Fitness_Wearables,69.39
2025-02-09,IN,India,Fitness_Wearables,70.07
2025-02-16,IN,India,Fitness_Wearables,69.05
2025-02-23,IN,India,Fitness_Wearables,67.18
2025-03-02,IN,India,Fitness_Wearables,77.04
2025-03-09,IN,India,Fitness_Wearables,82.99
2025-03-16,IN,India,Fitness_Wearables,86.05
2025-03-23,IN,India,Fitness_Wearables,63.61
2025-03-30,IN,India,Fitness_Wearables,64.12
2025-04-06,IN,India,Fitness_Wearables,67.52
2025-04-13,IN,India,Fitness_Wearables,67.18
2025-04-20,IN,India,Fitness_Wearables,67.01
2025-04-27,IN,India,Fitness_Wearables,67.69
2025-05-04,IN,India,Fitness_Wearables,65.14
2025-05-11,IN,India,Fitness_Wearables,69.9
2025-05-18,IN,India,Fitness_Wearables,67.86
2025-05-25,IN,India,Fitness_Wearables,67.35
2025-06-01,IN,India,Fitness_Wearables,71.43
2025-06-08,IN,India,Fitness_Wearables,71.09
2025-06-15,IN,India,Fitness_Wearables,79.59
2025-06-22,IN,India,Fitness_Wearables,71.77
2025-06-29,IN,India,Fitness_Wearables,74.66
2025-07-06,IN,India,Fitness_Wearables,73.81
2025-07-13,IN,India,Fitness_Wearables,73.64
2025-07-20,IN,India,Fitness_Wearables,68.71
2025-07-27,IN,India,Fitness_Wearables,72.11
2025-08-03,IN,India,Fitness_Wearables,73.64
2025-08-10,IN,India,Fitness_Wearables,70.75
2025-08-17,IN,India,Fitness_Wearables,72.11
2025-08-24,IN,India,Fitness_Wearables,68.37
2025-08-31,IN,India,Fitness_Wearables,68.54
2025-09-07,IN,India,Fitness_Wearables,67.86
2025-09-14,IN,India,Fitness_Wearables,80.27
2025-09-21,IN,India,Fitness_Wearables,89.63
2025-09-28,IN,India,Fitness_Wearables,87.41
2025-10-05,IN,India,Fitness_Wearables,90.82
2025-10-12,IN,India,Fitness_Wearables,89.46
2025-10-19,IN,India,Fitness_Wearables,64.12
2025-10-26,IN,India,Fitness_Wearables,67.01
2025-11-02,IN,India,Fitness_Wearables,75.34
2025-11-09,IN,India,Fitness_Wearables,76.7
2025-11-16,IN,India,Fitness_Wearables,80.27
2025-11-23,IN,India,Fitness_Wearables,80.27
2025-11-30,IN,India,Fitness_Wearables,82.31
2025-12-07,IN,India,Fitness_Wearables,82.82
2025-12-14,IN,India,Fitness_Wearables,79.76
2025-12-21,IN,India,Fitness_Wearables,79.42
2025-12-28,IN,India,Fitness_Wearables,81.8
2026-01-04,IN,India,Fitness_Wearables,82.65
2026-01-11,IN,India,Fitness_Wearables,76.02
2026-01-18,IN,India,Fitness_Wearables,80.61
2026-01-25,IN,India,Fitness_Wearables,80.1
2026-02-01,IN,India,Fitness_Wearables,78.4
2026-02-08,IN,India,Fitness_Wearables,89.8
2026-02-15,IN,India,Fitness_Wearables,100
2026-02-22,IN,India,Fitness_Wearables,82.48
2026-03-01,IN,India,Fitness_Wearables,70.58
2026-03-08,IN,India,Fitness_Wearables,75.85
2026-03-15,IN,India,Fitness_Wearables,73.98
2026-03-22,IN,India,Fitness_Wearables,71.09
2026-03-29,IN,India,Fitness_Wearables,72.62
2026-04-05,IN,India,Fitness_Wearables,78.4
2026-04-12,IN,India,Fitness_Wearables,73.3
2026-04-19,IN,India,Fitness_Wearables,72.79
2026-04-26,IN,India,Fitness_Wearables,72.62
2026-05-03,IN,India,Fitness_Wearables,75.85
2026-05-10,IN,India,Fitness_Wearables,79.42
2026-05-17,IN,India,Fitness_Wearables,74.32
2026-05-24,IN,India,Fitness_Wearables,77.55
2026-05-31,IN,India,Fitness_Wearables,86.22
2026-06-07,IN,India,Fitness_Wearables,80.78
2026-06-14,IN,India,Fitness_Wearables,87.41
2026-06-21,IN,India,Fitness_Wearables,86.39
2026-06-28,IN,India,Fitness_Wearables,81.12
2026-07-05,IN,India,Fitness_Wearables,84.86
2026-07-12,IN,India,Fitness_Wearables,81.29
2026-07-19,IN,India,Fitness_Wearables,79.08
2026-07-26,IN,India,Fitness_Wearables,84.35
2026-08-02,IN,India,Fitness_Wearables,85.88
2026-08-09,IN,India,Fitness_Wearables,91.33
2026-08-16,IN,India,Fitness_Wearables,83.5
2026-08-23,IN,India,Fitness_Wearables,76.36
2023-01-01,IN,India,Fashion_Beauty,53.33
2023-01-08,IN,India,Fashion_Beauty,54.06
2023-01-15,IN,India,Fashion_Beauty,54.43
2023-01-22,IN,India,Fashion_Beauty,57.64
2023-01-29,IN,India,Fashion_Beauty,58.13
2023-02-05,IN,India,Fashion_Beauty,55.17
2023-02-12,IN,India,Fashion_Beauty,54.31
2023-02-19,IN,India,Fashion_Beauty,54.06
2023-02-26,IN,India,Fashion_Beauty,54.56
2023-03-05,IN,India,Fashion_Beauty,54.68
2023-03-12,IN,India,Fashion_Beauty,55.42
2023-03-19,IN,India,Fashion_Beauty,53.69
2023-03-26,IN,India,Fashion_Beauty,52.34
2023-04-02,IN,India,Fashion_Beauty,52.96
2023-04-09,IN,India,Fashion_Beauty,53.08
2023-04-16,IN,India,Fashion_Beauty,52.83
2023-04-23,IN,India,Fashion_Beauty,53.33
2023-04-30,IN,India,Fashion_Beauty,52.83
2023-05-07,IN,India,Fashion_Beauty,52.34
2023-05-14,IN,India,Fashion_Beauty,50
2023-05-21,IN,India,Fashion_Beauty,49.88
2023-05-28,IN,India,Fashion_Beauty,55.42
2023-06-04,IN,India,Fashion_Beauty,52.96
2023-06-11,IN,India,Fashion_Beauty,57.51
2023-06-18,IN,India,Fashion_Beauty,53.82
2023-06-25,IN,India,Fashion_Beauty,53.69
2023-07-02,IN,India,Fashion_Beauty,54.43
2023-07-09,IN,India,Fashion_Beauty,50
2023-07-16,IN,India,Fashion_Beauty,50.74
2023-07-23,IN,India,Fashion_Beauty,51.72
2023-07-30,IN,India,Fashion_Beauty,52.46
2023-08-06,IN,India,Fashion_Beauty,52.09
2023-08-13,IN,India,Fashion_Beauty,52.71
2023-08-20,IN,India,Fashion_Beauty,52.96
2023-08-27,IN,India,Fashion_Beauty,53.33
2023-09-03,IN,India,Fashion_Beauty,53.82
2023-09-10,IN,India,Fashion_Beauty,51.97
2023-09-17,IN,India,Fashion_Beauty,56.77
2023-09-24,IN,India,Fashion_Beauty,55.42
2023-10-01,IN,India,Fashion_Beauty,56.65
2023-10-08,IN,India,Fashion_Beauty,56.03
2023-10-15,IN,India,Fashion_Beauty,53.57
2023-10-22,IN,India,Fashion_Beauty,55.17
2023-10-29,IN,India,Fashion_Beauty,56.16
2023-11-05,IN,India,Fashion_Beauty,56.4
2023-11-12,IN,India,Fashion_Beauty,54.68
2023-11-19,IN,India,Fashion_Beauty,55.79
2023-11-26,IN,India,Fashion_Beauty,58
2023-12-03,IN,India,Fashion_Beauty,57.39
2023-12-10,IN,India,Fashion_Beauty,60.71
2023-12-17,IN,India,Fashion_Beauty,55.54
2023-12-24,IN,India,Fashion_Beauty,55.05
2023-12-31,IN,India,Fashion_Beauty,53.08
2024-01-07,IN,India,Fashion_Beauty,55.05
2024-01-14,IN,India,Fashion_Beauty,54.19
2024-01-21,IN,India,Fashion_Beauty,53.08
2024-01-28,IN,India,Fashion_Beauty,52.22
2024-02-04,IN,India,Fashion_Beauty,53.45
2024-02-11,IN,India,Fashion_Beauty,51.48
2024-02-18,IN,India,Fashion_Beauty,50.86
2024-02-25,IN,India,Fashion_Beauty,51.72
2024-03-03,IN,India,Fashion_Beauty,51.72
2024-03-10,IN,India,Fashion_Beauty,51.23
2024-03-17,IN,India,Fashion_Beauty,52.46
2024-03-24,IN,India,Fashion_Beauty,50.74
2024-03-31,IN,India,Fashion_Beauty,52.83
2024-04-07,IN,India,Fashion_Beauty,53.45
2024-04-14,IN,India,Fashion_Beauty,50
2024-04-21,IN,India,Fashion_Beauty,49.14
2024-04-28,IN,India,Fashion_Beauty,49.01
2024-05-05,IN,India,Fashion_Beauty,48.15
2024-05-12,IN,India,Fashion_Beauty,46.31
2024-05-19,IN,India,Fashion_Beauty,47.54
2024-05-26,IN,India,Fashion_Beauty,48.4
2024-06-02,IN,India,Fashion_Beauty,44.21
2024-06-09,IN,India,Fashion_Beauty,48.28
2024-06-16,IN,India,Fashion_Beauty,50
2024-06-23,IN,India,Fashion_Beauty,46.92
2024-06-30,IN,India,Fashion_Beauty,48.03
2024-07-07,IN,India,Fashion_Beauty,49.88
2024-07-14,IN,India,Fashion_Beauty,51.48
2024-07-21,IN,India,Fashion_Beauty,51.23
2024-07-28,IN,India,Fashion_Beauty,51.85
2024-08-04,IN,India,Fashion_Beauty,54.68
2024-08-11,IN,India,Fashion_Beauty,59.36
2024-08-18,IN,India,Fashion_Beauty,56.28
2024-08-25,IN,India,Fashion_Beauty,56.53
2024-09-01,IN,India,Fashion_Beauty,57.88
2024-09-08,IN,India,Fashion_Beauty,56.9
2024-09-15,IN,India,Fashion_Beauty,55.67
2024-09-22,IN,India,Fashion_Beauty,53.57
2024-09-29,IN,India,Fashion_Beauty,55.42
2024-10-06,IN,India,Fashion_Beauty,55.3
2024-10-13,IN,India,Fashion_Beauty,54.19
2024-10-20,IN,India,Fashion_Beauty,55.42
2024-10-27,IN,India,Fashion_Beauty,55.67
2024-11-03,IN,India,Fashion_Beauty,54.43
2024-11-10,IN,India,Fashion_Beauty,56.03
2024-11-17,IN,India,Fashion_Beauty,55.3
2024-11-24,IN,India,Fashion_Beauty,58
2024-12-01,IN,India,Fashion_Beauty,55.91
2024-12-08,IN,India,Fashion_Beauty,54.68
2024-12-15,IN,India,Fashion_Beauty,52.71
2024-12-22,IN,India,Fashion_Beauty,52.46
2024-12-29,IN,India,Fashion_Beauty,51.97
2025-01-05,IN,India,Fashion_Beauty,55.3
2025-01-12,IN,India,Fashion_Beauty,53.45
2025-01-19,IN,India,Fashion_Beauty,53.45
2025-01-26,IN,India,Fashion_Beauty,54.8
2025-02-02,IN,India,Fashion_Beauty,55.05
2025-02-09,IN,India,Fashion_Beauty,54.68
2025-02-16,IN,India,Fashion_Beauty,51.85
2025-02-23,IN,India,Fashion_Beauty,50.74
2025-03-02,IN,India,Fashion_Beauty,56.28
2025-03-09,IN,India,Fashion_Beauty,57.27
2025-03-16,IN,India,Fashion_Beauty,59.85
2025-03-23,IN,India,Fashion_Beauty,52.34
2025-03-30,IN,India,Fashion_Beauty,55.67
2025-04-06,IN,India,Fashion_Beauty,49.63
2025-04-13,IN,India,Fashion_Beauty,51.11
2025-04-20,IN,India,Fashion_Beauty,47.17
2025-04-27,IN,India,Fashion_Beauty,49.88
2025-05-04,IN,India,Fashion_Beauty,46.18
2025-05-11,IN,India,Fashion_Beauty,49.75
2025-05-18,IN,India,Fashion_Beauty,48.52
2025-05-25,IN,India,Fashion_Beauty,47.66
2025-06-01,IN,India,Fashion_Beauty,49.51
2025-06-08,IN,India,Fashion_Beauty,50.49
2025-06-15,IN,India,Fashion_Beauty,47.91
2025-06-22,IN,India,Fashion_Beauty,47.04
2025-06-29,IN,India,Fashion_Beauty,50.62
2025-07-06,IN,India,Fashion_Beauty,49.75
2025-07-13,IN,India,Fashion_Beauty,49.88
2025-07-20,IN,India,Fashion_Beauty,47.78
2025-07-27,IN,India,Fashion_Beauty,50
2025-08-03,IN,India,Fashion_Beauty,52.59
2025-08-10,IN,India,Fashion_Beauty,53.2
2025-08-17,IN,India,Fashion_Beauty,50.49
2025-08-24,IN,India,Fashion_Beauty,48.77
2025-08-31,IN,India,Fashion_Beauty,50.62
2025-09-07,IN,India,Fashion_Beauty,50.37
2025-09-14,IN,India,Fashion_Beauty,51.11
2025-09-21,IN,India,Fashion_Beauty,52.46
2025-09-28,IN,India,Fashion_Beauty,53.08
2025-10-05,IN,India,Fashion_Beauty,55.3
2025-10-12,IN,India,Fashion_Beauty,58.37
2025-10-19,IN,India,Fashion_Beauty,51.48
2025-10-26,IN,India,Fashion_Beauty,54.43
2025-11-02,IN,India,Fashion_Beauty,59.73
2025-11-09,IN,India,Fashion_Beauty,64.16
2025-11-16,IN,India,Fashion_Beauty,66.75
2025-11-23,IN,India,Fashion_Beauty,70.69
2025-11-30,IN,India,Fashion_Beauty,67.73
2025-12-07,IN,India,Fashion_Beauty,67
2025-12-14,IN,India,Fashion_Beauty,62.32
2025-12-21,IN,India,Fashion_Beauty,62.68
2025-12-28,IN,India,Fashion_Beauty,61.21
2026-01-04,IN,India,Fashion_Beauty,60.96
2026-01-11,IN,India,Fashion_Beauty,60.1
2026-01-18,IN,India,Fashion_Beauty,61.45
2026-01-25,IN,India,Fashion_Beauty,62.93
2026-02-01,IN,India,Fashion_Beauty,64.29
2026-02-08,IN,India,Fashion_Beauty,87.07
2026-02-15,IN,India,Fashion_Beauty,100
2026-02-22,IN,India,Fashion_Beauty,71.43
2026-03-01,IN,India,Fashion_Beauty,58.74
2026-03-08,IN,India,Fashion_Beauty,58.74
2026-03-15,IN,India,Fashion_Beauty,57.76
2026-03-22,IN,India,Fashion_Beauty,53.57
2026-03-29,IN,India,Fashion_Beauty,55.54
2026-04-05,IN,India,Fashion_Beauty,57.02
2026-04-12,IN,India,Fashion_Beauty,56.4
2026-04-19,IN,India,Fashion_Beauty,54.31
2026-04-26,IN,India,Fashion_Beauty,54.19
2026-05-03,IN,India,Fashion_Beauty,54.43
2026-05-10,IN,India,Fashion_Beauty,56.03
2026-05-17,IN,India,Fashion_Beauty,54.06
2026-05-24,IN,India,Fashion_Beauty,56.53
2026-05-31,IN,India,Fashion_Beauty,56.53
2026-06-07,IN,India,Fashion_Beauty,52.59
2026-06-14,IN,India,Fashion_Beauty,52.71
2026-06-21,IN,India,Fashion_Beauty,52.83
2026-06-28,IN,India,Fashion_Beauty,52.46
2026-07-05,IN,India,Fashion_Beauty,54.06
2026-07-12,IN,India,Fashion_Beauty,54.43
2026-07-19,IN,India,Fashion_Beauty,52.34
2026-07-26,IN,India,Fashion_Beauty,54.19
2026-08-02,IN,India,Fashion_Beauty,56.03
2026-08-09,IN,India,Fashion_Beauty,57.88
2026-08-16,IN,India,Fashion_Beauty,57.76
2026-08-23,IN,India,Fashion_Beauty,56.4
2023-01-01,JP,Japan,Nutrition_Diets,10.04
2023-01-08,JP,Japan,Nutrition_Diets,11.31
2023-01-15,JP,Japan,Nutrition_Diets,11.7
2023-01-22,JP,Japan,Nutrition_Diets,11.21
2023-01-29,JP,Japan,Nutrition_Diets,11.21
2023-02-05,JP,Japan,Nutrition_Diets,10.72
2023-02-12,JP,Japan,Nutrition_Diets,10.53
2023-02-19,JP,Japan,Nutrition_Diets,10.53
2023-02-26,JP,Japan,Nutrition_Diets,10.53
2023-03-05,JP,Japan,Nutrition_Diets,10.92
2023-03-12,JP,Japan,Nutrition_Diets,11.21
2023-03-19,JP,Japan,Nutrition_Diets,10.33
2023-03-26,JP,Japan,Nutrition_Diets,11.7
2023-04-02,JP,Japan,Nutrition_Diets,11.5
2023-04-09,JP,Japan,Nutrition_Diets,11.7
2023-04-16,JP,Japan,Nutrition_Diets,12.77
2023-04-23,JP,Japan,Nutrition_Diets,12.18
2023-04-30,JP,Japan,Nutrition_Diets,11.21
2023-05-07,JP,Japan,Nutrition_Diets,12.48
2023-05-14,JP,Japan,Nutrition_Diets,13.16
2023-05-21,JP,Japan,Nutrition_Diets,13.06
2023-05-28,JP,Japan,Nutrition_Diets,12.18
2023-06-04,JP,Japan,Nutrition_Diets,12.77
2023-06-11,JP,Japan,Nutrition_Diets,13.26
2023-06-18,JP,Japan,Nutrition_Diets,12.18
2023-06-25,JP,Japan,Nutrition_Diets,12.38
2023-07-02,JP,Japan,Nutrition_Diets,11.21
2023-07-09,JP,Japan,Nutrition_Diets,11.99
2023-07-16,JP,Japan,Nutrition_Diets,11.5
2023-07-23,JP,Japan,Nutrition_Diets,11.6
2023-07-30,JP,Japan,Nutrition_Diets,11.5
2023-08-06,JP,Japan,Nutrition_Diets,9.55
2023-08-13,JP,Japan,Nutrition_Diets,10.33
2023-08-20,JP,Japan,Nutrition_Diets,11.4
2023-08-27,JP,Japan,Nutrition_Diets,10.14
2023-09-03,JP,Japan,Nutrition_Diets,11.89
2023-09-10,JP,Japan,Nutrition_Diets,11.01
2023-09-17,JP,Japan,Nutrition_Diets,12.18
2023-09-24,JP,Japan,Nutrition_Diets,11.99
2023-10-01,JP,Japan,Nutrition_Diets,12.09
2023-10-08,JP,Japan,Nutrition_Diets,12.28
2023-10-15,JP,Japan,Nutrition_Diets,12.87
2023-10-22,JP,Japan,Nutrition_Diets,12.87
2023-10-29,JP,Japan,Nutrition_Diets,11.7
2023-11-05,JP,Japan,Nutrition_Diets,12.48
2023-11-12,JP,Japan,Nutrition_Diets,12.09
2023-11-19,JP,Japan,Nutrition_Diets,11.11
2023-11-26,JP,Japan,Nutrition_Diets,11.89
2023-12-03,JP,Japan,Nutrition_Diets,11.4
2023-12-10,JP,Japan,Nutrition_Diets,10.82
2023-12-17,JP,Japan,Nutrition_Diets,10.43
2023-12-24,JP,Japan,Nutrition_Diets,9.94
2023-12-31,JP,Japan,Nutrition_Diets,9.94
2024-01-07,JP,Japan,Nutrition_Diets,11.99
2024-01-14,JP,Japan,Nutrition_Diets,11.4
2024-01-21,JP,Japan,Nutrition_Diets,12.09
2024-01-28,JP,Japan,Nutrition_Diets,12.28
2024-02-04,JP,Japan,Nutrition_Diets,12.09
2024-02-11,JP,Japan,Nutrition_Diets,12.38
2024-02-18,JP,Japan,Nutrition_Diets,12.67
2024-02-25,JP,Japan,Nutrition_Diets,13.06
2024-03-03,JP,Japan,Nutrition_Diets,12.57
2024-03-10,JP,Japan,Nutrition_Diets,12.67
2024-03-17,JP,Japan,Nutrition_Diets,12.77
2024-03-24,JP,Japan,Nutrition_Diets,12.48
2024-03-31,JP,Japan,Nutrition_Diets,12.38
2024-04-07,JP,Japan,Nutrition_Diets,14.33
2024-04-14,JP,Japan,Nutrition_Diets,14.13
2024-04-21,JP,Japan,Nutrition_Diets,13.35
2024-04-28,JP,Japan,Nutrition_Diets,12.77
2024-05-05,JP,Japan,Nutrition_Diets,13.84
2024-05-12,JP,Japan,Nutrition_Diets,14.52
2024-05-19,JP,Japan,Nutrition_Diets,14.62
2024-05-26,JP,Japan,Nutrition_Diets,13.94
2024-06-02,JP,Japan,Nutrition_Diets,13.84
2024-06-09,JP,Japan,Nutrition_Diets,13.74
2024-06-16,JP,Japan,Nutrition_Diets,13.26
2024-06-23,JP,Japan,Nutrition_Diets,12.77
2024-06-30,JP,Japan,Nutrition_Diets,13.65
2024-07-07,JP,Japan,Nutrition_Diets,13.16
2024-07-14,JP,Japan,Nutrition_Diets,12.09
2024-07-21,JP,Japan,Nutrition_Diets,11.6
2024-07-28,JP,Japan,Nutrition_Diets,11.99
2024-08-04,JP,Japan,Nutrition_Diets,10.92
2024-08-11,JP,Japan,Nutrition_Diets,10.53
2024-08-18,JP,Japan,Nutrition_Diets,11.5
2024-08-25,JP,Japan,Nutrition_Diets,11.01
2024-09-01,JP,Japan,Nutrition_Diets,12.18
2024-09-08,JP,Japan,Nutrition_Diets,12.67
2024-09-15,JP,Japan,Nutrition_Diets,12.77
2024-09-22,JP,Japan,Nutrition_Diets,13.35
2024-09-29,JP,Japan,Nutrition_Diets,13.45
2024-10-06,JP,Japan,Nutrition_Diets,13.74
2024-10-13,JP,Japan,Nutrition_Diets,14.13
2024-10-20,JP,Japan,Nutrition_Diets,14.33
2024-10-27,JP,Japan,Nutrition_Diets,12.09
2024-11-03,JP,Japan,Nutrition_Diets,13.26
2024-11-10,JP,Japan,Nutrition_Diets,13.35
2024-11-17,JP,Japan,Nutrition_Diets,13.06
2024-11-24,JP,Japan,Nutrition_Diets,12.77
2024-12-01,JP,Japan,Nutrition_Diets,12.38
2024-12-08,JP,Japan,Nutrition_Diets,11.5
2024-12-15,JP,Japan,Nutrition_Diets,11.7
2024-12-22,JP,Japan,Nutrition_Diets,11.4
2024-12-29,JP,Japan,Nutrition_Diets,9.94
2025-01-05,JP,Japan,Nutrition_Diets,12.96
2025-01-12,JP,Japan,Nutrition_Diets,14.52
2025-01-19,JP,Japan,Nutrition_Diets,12.87
2025-01-26,JP,Japan,Nutrition_Diets,11.99
2025-02-02,JP,Japan,Nutrition_Diets,11.6
2025-02-09,JP,Japan,Nutrition_Diets,12.28
2025-02-16,JP,Japan,Nutrition_Diets,14.04
2025-02-23,JP,Japan,Nutrition_Diets,12.96
2025-03-02,JP,Japan,Nutrition_Diets,12.28
2025-03-09,JP,Japan,Nutrition_Diets,11.89
2025-03-16,JP,Japan,Nutrition_Diets,12.67
2025-03-23,JP,Japan,Nutrition_Diets,13.35
2025-03-30,JP,Japan,Nutrition_Diets,13.94
2025-04-06,JP,Japan,Nutrition_Diets,16.76
2025-04-13,JP,Japan,Nutrition_Diets,17.64
2025-04-20,JP,Japan,Nutrition_Diets,17.54
2025-04-27,JP,Japan,Nutrition_Diets,15.59
2025-05-04,JP,Japan,Nutrition_Diets,14.04
2025-05-11,JP,Japan,Nutrition_Diets,13.94
2025-05-18,JP,Japan,Nutrition_Diets,14.81
2025-05-25,JP,Japan,Nutrition_Diets,15.59
2025-06-01,JP,Japan,Nutrition_Diets,14.81
2025-06-08,JP,Japan,Nutrition_Diets,16.08
2025-06-15,JP,Japan,Nutrition_Diets,15.4
2025-06-22,JP,Japan,Nutrition_Diets,14.13
2025-06-29,JP,Japan,Nutrition_Diets,13.94
2025-07-06,JP,Japan,Nutrition_Diets,11.6
2025-07-13,JP,Japan,Nutrition_Diets,11.7
2025-07-20,JP,Japan,Nutrition_Diets,10.62
2025-07-27,JP,Japan,Nutrition_Diets,10.62
2025-08-03,JP,Japan,Nutrition_Diets,17.54
2025-08-10,JP,Japan,Nutrition_Diets,14.91
2025-08-17,JP,Japan,Nutrition_Diets,11.11
2025-08-24,JP,Japan,Nutrition_Diets,11.6
2025-08-31,JP,Japan,Nutrition_Diets,11.5
2025-09-07,JP,Japan,Nutrition_Diets,11.7
2025-09-14,JP,Japan,Nutrition_Diets,11.31
2025-09-21,JP,Japan,Nutrition_Diets,11.21
2025-09-28,JP,Japan,Nutrition_Diets,11.21
2025-10-05,JP,Japan,Nutrition_Diets,11.7
2025-10-12,JP,Japan,Nutrition_Diets,11.89
2025-10-19,JP,Japan,Nutrition_Diets,11.7
2025-10-26,JP,Japan,Nutrition_Diets,26.41
2025-11-02,JP,Japan,Nutrition_Diets,50.78
2025-11-09,JP,Japan,Nutrition_Diets,50.97
2025-11-16,JP,Japan,Nutrition_Diets,50.78
2025-11-23,JP,Japan,Nutrition_Diets,59.26
2025-11-30,JP,Japan,Nutrition_Diets,66.86
2025-12-07,JP,Japan,Nutrition_Diets,63.55
2025-12-14,JP,Japan,Nutrition_Diets,60.33
2025-12-21,JP,Japan,Nutrition_Diets,49.32
2025-12-28,JP,Japan,Nutrition_Diets,48.25
2026-01-04,JP,Japan,Nutrition_Diets,51.95
2026-01-11,JP,Japan,Nutrition_Diets,55.65
2026-01-18,JP,Japan,Nutrition_Diets,61.31
2026-01-25,JP,Japan,Nutrition_Diets,68.23
2026-02-01,JP,Japan,Nutrition_Diets,62.09
2026-02-08,JP,Japan,Nutrition_Diets,57.89
2026-02-15,JP,Japan,Nutrition_Diets,56.63
2026-02-22,JP,Japan,Nutrition_Diets,61.4
2026-03-01,JP,Japan,Nutrition_Diets,65.59
2026-03-08,JP,Japan,Nutrition_Diets,83.63
2026-03-15,JP,Japan,Nutrition_Diets,87.91
2026-03-22,JP,Japan,Nutrition_Diets,89.08
2026-03-29,JP,Japan,Nutrition_Diets,90.25
2026-04-05,JP,Japan,Nutrition_Diets,98.15
2026-04-12,JP,Japan,Nutrition_Diets,100
2026-04-19,JP,Japan,Nutrition_Diets,91.13
2026-04-26,JP,Japan,Nutrition_Diets,76.61
2026-05-03,JP,Japan,Nutrition_Diets,82.36
2026-05-10,JP,Japan,Nutrition_Diets,90.84
2026-05-17,JP,Japan,Nutrition_Diets,89.96
2026-05-24,JP,Japan,Nutrition_Diets,91.33
2026-05-31,JP,Japan,Nutrition_Diets,85.28
2026-06-07,JP,Japan,Nutrition_Diets,92.2
2026-06-14,JP,Japan,Nutrition_Diets,68.71
2026-06-21,JP,Japan,Nutrition_Diets,72.61
2026-06-28,JP,Japan,Nutrition_Diets,91.33
2026-07-05,JP,Japan,Nutrition_Diets,87.13
2026-07-12,JP,Japan,Nutrition_Diets,56.14
2026-07-19,JP,Japan,Nutrition_Diets,34.31
2026-07-26,JP,Japan,Nutrition_Diets,25.24
2026-08-02,JP,Japan,Nutrition_Diets,22.51
2026-08-09,JP,Japan,Nutrition_Diets,21.83
2026-08-16,JP,Japan,Nutrition_Diets,13.35
2026-08-23,JP,Japan,Nutrition_Diets,11.5
2023-01-01,JP,Japan,Fitness_Wearables,30.97
2023-01-08,JP,Japan,Fitness_Wearables,29.31
2023-01-15,JP,Japan,Fitness_Wearables,28.43
2023-01-22,JP,Japan,Fitness_Wearables,27.32
2023-01-29,JP,Japan,Fitness_Wearables,27.54
2023-02-05,JP,Japan,Fitness_Wearables,26.66
2023-02-12,JP,Japan,Fitness_Wearables,27.1
2023-02-19,JP,Japan,Fitness_Wearables,25.88
2023-02-26,JP,Japan,Fitness_Wearables,27.77
2023-03-05,JP,Japan,Fitness_Wearables,26.55
2023-03-12,JP,Japan,Fitness_Wearables,26.44
2023-03-19,JP,Japan,Fitness_Wearables,26.11
2023-03-26,JP,Japan,Fitness_Wearables,28.43
2023-04-02,JP,Japan,Fitness_Wearables,27.65
2023-04-09,JP,Japan,Fitness_Wearables,27.99
2023-04-16,JP,Japan,Fitness_Wearables,27.77
2023-04-23,JP,Japan,Fitness_Wearables,26.88
2023-04-30,JP,Japan,Fitness_Wearables,27.99
2023-05-07,JP,Japan,Fitness_Wearables,28.1
2023-05-14,JP,Japan,Fitness_Wearables,27.77
2023-05-21,JP,Japan,Fitness_Wearables,28.54
2023-05-28,JP,Japan,Fitness_Wearables,28.21
2023-06-04,JP,Japan,Fitness_Wearables,30.75
2023-06-11,JP,Japan,Fitness_Wearables,28.21
2023-06-18,JP,Japan,Fitness_Wearables,28.21
2023-06-25,JP,Japan,Fitness_Wearables,29.98
2023-07-02,JP,Japan,Fitness_Wearables,28.98
2023-07-09,JP,Japan,Fitness_Wearables,31.86
2023-07-16,JP,Japan,Fitness_Wearables,30.53
2023-07-23,JP,Japan,Fitness_Wearables,32.19
2023-07-30,JP,Japan,Fitness_Wearables,28.1
2023-08-06,JP,Japan,Fitness_Wearables,27.1
2023-08-13,JP,Japan,Fitness_Wearables,27.88
2023-08-20,JP,Japan,Fitness_Wearables,27.32
2023-08-27,JP,Japan,Fitness_Wearables,29.31
2023-09-03,JP,Japan,Fitness_Wearables,28.54
2023-09-10,JP,Japan,Fitness_Wearables,32.41
2023-09-17,JP,Japan,Fitness_Wearables,33.63
2023-09-24,JP,Japan,Fitness_Wearables,33.85
2023-10-01,JP,Japan,Fitness_Wearables,33.08
2023-10-08,JP,Japan,Fitness_Wearables,33.08
2023-10-15,JP,Japan,Fitness_Wearables,33.3
2023-10-22,JP,Japan,Fitness_Wearables,32.3
2023-10-29,JP,Japan,Fitness_Wearables,31.97
2023-11-05,JP,Japan,Fitness_Wearables,31.42
2023-11-12,JP,Japan,Fitness_Wearables,28.87
2023-11-19,JP,Japan,Fitness_Wearables,31.31
2023-11-26,JP,Japan,Fitness_Wearables,31.08
2023-12-03,JP,Japan,Fitness_Wearables,30.97
2023-12-10,JP,Japan,Fitness_Wearables,29.42
2023-12-17,JP,Japan,Fitness_Wearables,28.76
2023-12-24,JP,Japan,Fitness_Wearables,28.87
2023-12-31,JP,Japan,Fitness_Wearables,32.96
2024-01-07,JP,Japan,Fitness_Wearables,32.63
2024-01-14,JP,Japan,Fitness_Wearables,29.98
2024-01-21,JP,Japan,Fitness_Wearables,32.3
2024-01-28,JP,Japan,Fitness_Wearables,32.74
2024-02-04,JP,Japan,Fitness_Wearables,31.64
2024-02-11,JP,Japan,Fitness_Wearables,33.85
2024-02-18,JP,Japan,Fitness_Wearables,32.52
2024-02-25,JP,Japan,Fitness_Wearables,33.63
2024-03-03,JP,Japan,Fitness_Wearables,32.19
2024-03-10,JP,Japan,Fitness_Wearables,32.41
2024-03-17,JP,Japan,Fitness_Wearables,32.41
2024-03-24,JP,Japan,Fitness_Wearables,31.53
2024-03-31,JP,Japan,Fitness_Wearables,32.74
2024-04-07,JP,Japan,Fitness_Wearables,33.85
2024-04-14,JP,Japan,Fitness_Wearables,32.63
2024-04-21,JP,Japan,Fitness_Wearables,32.19
2024-04-28,JP,Japan,Fitness_Wearables,32.41
2024-05-05,JP,Japan,Fitness_Wearables,34.96
2024-05-12,JP,Japan,Fitness_Wearables,33.52
2024-05-19,JP,Japan,Fitness_Wearables,33.08
2024-05-26,JP,Japan,Fitness_Wearables,32.85
2024-06-02,JP,Japan,Fitness_Wearables,33.63
2024-06-09,JP,Japan,Fitness_Wearables,34.73
2024-06-16,JP,Japan,Fitness_Wearables,31.86
2024-06-23,JP,Japan,Fitness_Wearables,32.85
2024-06-30,JP,Japan,Fitness_Wearables,31.42
2024-07-07,JP,Japan,Fitness_Wearables,32.96
2024-07-14,JP,Japan,Fitness_Wearables,33.19
2024-07-21,JP,Japan,Fitness_Wearables,32.3
2024-07-28,JP,Japan,Fitness_Wearables,31.86
2024-08-04,JP,Japan,Fitness_Wearables,28.87
2024-08-11,JP,Japan,Fitness_Wearables,32.19
2024-08-18,JP,Japan,Fitness_Wearables,32.08
2024-08-25,JP,Japan,Fitness_Wearables,31.42
2024-09-01,JP,Japan,Fitness_Wearables,31.31
2024-09-08,JP,Japan,Fitness_Wearables,39.27
2024-09-15,JP,Japan,Fitness_Wearables,36.84
2024-09-22,JP,Japan,Fitness_Wearables,37.94
2024-09-29,JP,Japan,Fitness_Wearables,35.51
2024-10-06,JP,Japan,Fitness_Wearables,36.62
2024-10-13,JP,Japan,Fitness_Wearables,35.62
2024-10-20,JP,Japan,Fitness_Wearables,34.73
2024-10-27,JP,Japan,Fitness_Wearables,31.53
2024-11-03,JP,Japan,Fitness_Wearables,31.86
2024-11-10,JP,Japan,Fitness_Wearables,32.19
2024-11-17,JP,Japan,Fitness_Wearables,31.86
2024-11-24,JP,Japan,Fitness_Wearables,32.63
2024-12-01,JP,Japan,Fitness_Wearables,32.63
2024-12-08,JP,Japan,Fitness_Wearables,30.75
2024-12-15,JP,Japan,Fitness_Wearables,30.2
2024-12-22,JP,Japan,Fitness_Wearables,29.54
2024-12-29,JP,Japan,Fitness_Wearables,35.73
2025-01-05,JP,Japan,Fitness_Wearables,35.84
2025-01-12,JP,Japan,Fitness_Wearables,34.07
2025-01-19,JP,Japan,Fitness_Wearables,33.19
2025-01-26,JP,Japan,Fitness_Wearables,32.52
2025-02-02,JP,Japan,Fitness_Wearables,30.64
2025-02-09,JP,Japan,Fitness_Wearables,30.97
2025-02-16,JP,Japan,Fitness_Wearables,30.97
2025-02-23,JP,Japan,Fitness_Wearables,30.2
2025-03-02,JP,Japan,Fitness_Wearables,28.65
2025-03-09,JP,Japan,Fitness_Wearables,29.54
2025-03-16,JP,Japan,Fitness_Wearables,30.64
2025-03-23,JP,Japan,Fitness_Wearables,31.75
2025-03-30,JP,Japan,Fitness_Wearables,33.19
2025-04-06,JP,Japan,Fitness_Wearables,36.06
2025-04-13,JP,Japan,Fitness_Wearables,37.5
2025-04-20,JP,Japan,Fitness_Wearables,36.06
2025-04-27,JP,Japan,Fitness_Wearables,35.18
2025-05-04,JP,Japan,Fitness_Wearables,34.4
2025-05-11,JP,Japan,Fitness_Wearables,33.85
2025-05-18,JP,Japan,Fitness_Wearables,33.85
2025-05-25,JP,Japan,Fitness_Wearables,33.08
2025-06-01,JP,Japan,Fitness_Wearables,35.29
2025-06-08,JP,Japan,Fitness_Wearables,34.4
2025-06-15,JP,Japan,Fitness_Wearables,35.07
2025-06-22,JP,Japan,Fitness_Wearables,33.52
2025-06-29,JP,Japan,Fitness_Wearables,30.97
2025-07-06,JP,Japan,Fitness_Wearables,32.08
2025-07-13,JP,Japan,Fitness_Wearables,30.31
2025-07-20,JP,Japan,Fitness_Wearables,29.76
2025-07-27,JP,Japan,Fitness_Wearables,29.42
2025-08-03,JP,Japan,Fitness_Wearables,35.29
2025-08-10,JP,Japan,Fitness_Wearables,32.41
2025-08-17,JP,Japan,Fitness_Wearables,30.64
2025-08-24,JP,Japan,Fitness_Wearables,29.31
2025-08-31,JP,Japan,Fitness_Wearables,30.2
2025-09-07,JP,Japan,Fitness_Wearables,33.96
2025-09-14,JP,Japan,Fitness_Wearables,36.28
2025-09-21,JP,Japan,Fitness_Wearables,37.06
2025-09-28,JP,Japan,Fitness_Wearables,34.73
2025-10-05,JP,Japan,Fitness_Wearables,33.52
2025-10-12,JP,Japan,Fitness_Wearables,33.52
2025-10-19,JP,Japan,Fitness_Wearables,31.53
2025-10-26,JP,Japan,Fitness_Wearables,42.15
2025-11-02,JP,Japan,Fitness_Wearables,63.61
2025-11-09,JP,Japan,Fitness_Wearables,64.93
2025-11-16,JP,Japan,Fitness_Wearables,72.46
2025-11-23,JP,Japan,Fitness_Wearables,83.19
2025-11-30,JP,Japan,Fitness_Wearables,85.84
2025-12-07,JP,Japan,Fitness_Wearables,86.28
2025-12-14,JP,Japan,Fitness_Wearables,83.85
2025-12-21,JP,Japan,Fitness_Wearables,69.8
2025-12-28,JP,Japan,Fitness_Wearables,75.22
2026-01-04,JP,Japan,Fitness_Wearables,77.54
2026-01-11,JP,Japan,Fitness_Wearables,80.53
2026-01-18,JP,Japan,Fitness_Wearables,82.96
2026-01-25,JP,Japan,Fitness_Wearables,86.17
2026-02-01,JP,Japan,Fitness_Wearables,79.98
2026-02-08,JP,Japan,Fitness_Wearables,77.77
2026-02-15,JP,Japan,Fitness_Wearables,78.76
2026-02-22,JP,Japan,Fitness_Wearables,75.22
2026-03-01,JP,Japan,Fitness_Wearables,79.09
2026-03-08,JP,Japan,Fitness_Wearables,93.36
2026-03-15,JP,Japan,Fitness_Wearables,92.59
2026-03-22,JP,Japan,Fitness_Wearables,92.26
2026-03-29,JP,Japan,Fitness_Wearables,88.27
2026-04-05,JP,Japan,Fitness_Wearables,98.45
2026-04-12,JP,Japan,Fitness_Wearables,100
2026-04-19,JP,Japan,Fitness_Wearables,91.48
2026-04-26,JP,Japan,Fitness_Wearables,88.83
2026-05-03,JP,Japan,Fitness_Wearables,90.49
2026-05-10,JP,Japan,Fitness_Wearables,96.24
2026-05-17,JP,Japan,Fitness_Wearables,87.94
2026-05-24,JP,Japan,Fitness_Wearables,92.59
2026-05-31,JP,Japan,Fitness_Wearables,90.6
2026-06-07,JP,Japan,Fitness_Wearables,94.14
2026-06-14,JP,Japan,Fitness_Wearables,74.78
2026-06-21,JP,Japan,Fitness_Wearables,78.65
2026-06-28,JP,Japan,Fitness_Wearables,88.83
2026-07-05,JP,Japan,Fitness_Wearables,88.05
2026-07-12,JP,Japan,Fitness_Wearables,68.14
2026-07-19,JP,Japan,Fitness_Wearables,51.77
2026-07-26,JP,Japan,Fitness_Wearables,42.59
2026-08-02,JP,Japan,Fitness_Wearables,41.04
2026-08-09,JP,Japan,Fitness_Wearables,45.69
2026-08-16,JP,Japan,Fitness_Wearables,38.38
2026-08-23,JP,Japan,Fitness_Wearables,44.03
2023-01-01,JP,Japan,Fashion_Beauty,18.81
2023-01-08,JP,Japan,Fashion_Beauty,19.4
2023-01-15,JP,Japan,Fashion_Beauty,20.24
2023-01-22,JP,Japan,Fashion_Beauty,20
2023-01-29,JP,Japan,Fashion_Beauty,19.05
2023-02-05,JP,Japan,Fashion_Beauty,19.4
2023-02-12,JP,Japan,Fashion_Beauty,20.36
2023-02-19,JP,Japan,Fashion_Beauty,19.17
2023-02-26,JP,Japan,Fashion_Beauty,19.05
2023-03-05,JP,Japan,Fashion_Beauty,20.36
2023-03-12,JP,Japan,Fashion_Beauty,20.48
2023-03-19,JP,Japan,Fashion_Beauty,19.88
2023-03-26,JP,Japan,Fashion_Beauty,21.07
2023-04-02,JP,Japan,Fashion_Beauty,19.88
2023-04-09,JP,Japan,Fashion_Beauty,19.64
2023-04-16,JP,Japan,Fashion_Beauty,20.83
2023-04-23,JP,Japan,Fashion_Beauty,19.76
2023-04-30,JP,Japan,Fashion_Beauty,19.17
2023-05-07,JP,Japan,Fashion_Beauty,20
2023-05-14,JP,Japan,Fashion_Beauty,20.83
2023-05-21,JP,Japan,Fashion_Beauty,22.02
2023-05-28,JP,Japan,Fashion_Beauty,21.55
2023-06-04,JP,Japan,Fashion_Beauty,19.52
2023-06-11,JP,Japan,Fashion_Beauty,19.29
2023-06-18,JP,Japan,Fashion_Beauty,20.71
2023-06-25,JP,Japan,Fashion_Beauty,20.83
2023-07-02,JP,Japan,Fashion_Beauty,20.71
2023-07-09,JP,Japan,Fashion_Beauty,22.38
2023-07-16,JP,Japan,Fashion_Beauty,20.71
2023-07-23,JP,Japan,Fashion_Beauty,20.12
2023-07-30,JP,Japan,Fashion_Beauty,18.81
2023-08-06,JP,Japan,Fashion_Beauty,18.1
2023-08-13,JP,Japan,Fashion_Beauty,18.21
2023-08-20,JP,Japan,Fashion_Beauty,19.4
2023-08-27,JP,Japan,Fashion_Beauty,20.71
2023-09-03,JP,Japan,Fashion_Beauty,22.14
2023-09-10,JP,Japan,Fashion_Beauty,20.6
2023-09-17,JP,Japan,Fashion_Beauty,21.07
2023-09-24,JP,Japan,Fashion_Beauty,21.67
2023-10-01,JP,Japan,Fashion_Beauty,21.9
2023-10-08,JP,Japan,Fashion_Beauty,23.57
2023-10-15,JP,Japan,Fashion_Beauty,22.5
2023-10-22,JP,Japan,Fashion_Beauty,23.69
2023-10-29,JP,Japan,Fashion_Beauty,22.86
2023-11-05,JP,Japan,Fashion_Beauty,22.86
2023-11-12,JP,Japan,Fashion_Beauty,23.33
2023-11-19,JP,Japan,Fashion_Beauty,23.33
2023-11-26,JP,Japan,Fashion_Beauty,23.93
2023-12-03,JP,Japan,Fashion_Beauty,22.62
2023-12-10,JP,Japan,Fashion_Beauty,21.9
2023-12-17,JP,Japan,Fashion_Beauty,22.38
2023-12-24,JP,Japan,Fashion_Beauty,23.21
2023-12-31,JP,Japan,Fashion_Beauty,21.55
2024-01-07,JP,Japan,Fashion_Beauty,22.14
2024-01-14,JP,Japan,Fashion_Beauty,21.55
2024-01-21,JP,Japan,Fashion_Beauty,21.55
2024-01-28,JP,Japan,Fashion_Beauty,22.38
2024-02-04,JP,Japan,Fashion_Beauty,22.26
2024-02-11,JP,Japan,Fashion_Beauty,22.38
2024-02-18,JP,Japan,Fashion_Beauty,23.45
2024-02-25,JP,Japan,Fashion_Beauty,23.1
2024-03-03,JP,Japan,Fashion_Beauty,23.1
2024-03-10,JP,Japan,Fashion_Beauty,23.69
2024-03-17,JP,Japan,Fashion_Beauty,23.81
2024-03-24,JP,Japan,Fashion_Beauty,23.57
2024-03-31,JP,Japan,Fashion_Beauty,23.33
2024-04-07,JP,Japan,Fashion_Beauty,23.81
2024-04-14,JP,Japan,Fashion_Beauty,24.05
2024-04-21,JP,Japan,Fashion_Beauty,23.33
2024-04-28,JP,Japan,Fashion_Beauty,22.86
2024-05-05,JP,Japan,Fashion_Beauty,23.69
2024-05-12,JP,Japan,Fashion_Beauty,23.81
2024-05-19,JP,Japan,Fashion_Beauty,23.1
2024-05-26,JP,Japan,Fashion_Beauty,23.81
2024-06-02,JP,Japan,Fashion_Beauty,22.74
2024-06-09,JP,Japan,Fashion_Beauty,23.45
2024-06-16,JP,Japan,Fashion_Beauty,24.52
2024-06-23,JP,Japan,Fashion_Beauty,22.5
2024-06-30,JP,Japan,Fashion_Beauty,23.33
2024-07-07,JP,Japan,Fashion_Beauty,22.62
2024-07-14,JP,Japan,Fashion_Beauty,21.67
2024-07-21,JP,Japan,Fashion_Beauty,23.33
2024-07-28,JP,Japan,Fashion_Beauty,21.67
2024-08-04,JP,Japan,Fashion_Beauty,21.31
2024-08-11,JP,Japan,Fashion_Beauty,21.43
2024-08-18,JP,Japan,Fashion_Beauty,21.19
2024-08-25,JP,Japan,Fashion_Beauty,20.71
2024-09-01,JP,Japan,Fashion_Beauty,24.05
2024-09-08,JP,Japan,Fashion_Beauty,24.29
2024-09-15,JP,Japan,Fashion_Beauty,23.81
2024-09-22,JP,Japan,Fashion_Beauty,25.48
2024-09-29,JP,Japan,Fashion_Beauty,25.48
2024-10-06,JP,Japan,Fashion_Beauty,24.64
2024-10-13,JP,Japan,Fashion_Beauty,27.62
2024-10-20,JP,Japan,Fashion_Beauty,26.9
2024-10-27,JP,Japan,Fashion_Beauty,25.48
2024-11-03,JP,Japan,Fashion_Beauty,25.12
2024-11-10,JP,Japan,Fashion_Beauty,24.76
2024-11-17,JP,Japan,Fashion_Beauty,25.71
2024-11-24,JP,Japan,Fashion_Beauty,25.83
2024-12-01,JP,Japan,Fashion_Beauty,25.24
2024-12-08,JP,Japan,Fashion_Beauty,24.05
2024-12-15,JP,Japan,Fashion_Beauty,24.76
2024-12-22,JP,Japan,Fashion_Beauty,24.88
2024-12-29,JP,Japan,Fashion_Beauty,23.45
2025-01-05,JP,Japan,Fashion_Beauty,23.69
2025-01-12,JP,Japan,Fashion_Beauty,25.83
2025-01-19,JP,Japan,Fashion_Beauty,26.43
2025-01-26,JP,Japan,Fashion_Beauty,22.98
2025-02-02,JP,Japan,Fashion_Beauty,22.86
2025-02-09,JP,Japan,Fashion_Beauty,23.57
2025-02-16,JP,Japan,Fashion_Beauty,24.4
2025-02-23,JP,Japan,Fashion_Beauty,24.29
2025-03-02,JP,Japan,Fashion_Beauty,23.93
2025-03-09,JP,Japan,Fashion_Beauty,23.45
2025-03-16,JP,Japan,Fashion_Beauty,25.24
2025-03-23,JP,Japan,Fashion_Beauty,25.24
2025-03-30,JP,Japan,Fashion_Beauty,27.02
2025-04-06,JP,Japan,Fashion_Beauty,31.55
2025-04-13,JP,Japan,Fashion_Beauty,32.86
2025-04-20,JP,Japan,Fashion_Beauty,30.36
2025-04-27,JP,Japan,Fashion_Beauty,28.33
2025-05-04,JP,Japan,Fashion_Beauty,28.21
2025-05-11,JP,Japan,Fashion_Beauty,27.5
2025-05-18,JP,Japan,Fashion_Beauty,27.38
2025-05-25,JP,Japan,Fashion_Beauty,27.74
2025-06-01,JP,Japan,Fashion_Beauty,25.36
2025-06-08,JP,Japan,Fashion_Beauty,26.31
2025-06-15,JP,Japan,Fashion_Beauty,27.26
2025-06-22,JP,Japan,Fashion_Beauty,27.38
2025-06-29,JP,Japan,Fashion_Beauty,23.45
2025-07-06,JP,Japan,Fashion_Beauty,22.5
2025-07-13,JP,Japan,Fashion_Beauty,21.07
2025-07-20,JP,Japan,Fashion_Beauty,21.07
2025-07-27,JP,Japan,Fashion_Beauty,20.12
2025-08-03,JP,Japan,Fashion_Beauty,27.26
2025-08-10,JP,Japan,Fashion_Beauty,24.4
2025-08-17,JP,Japan,Fashion_Beauty,21.31
2025-08-24,JP,Japan,Fashion_Beauty,20.95
2025-08-31,JP,Japan,Fashion_Beauty,20.12
2025-09-07,JP,Japan,Fashion_Beauty,23.1
2025-09-14,JP,Japan,Fashion_Beauty,26.07
2025-09-21,JP,Japan,Fashion_Beauty,32.5
2025-09-28,JP,Japan,Fashion_Beauty,24.88
2025-10-05,JP,Japan,Fashion_Beauty,25.83
2025-10-12,JP,Japan,Fashion_Beauty,27.5
2025-10-19,JP,Japan,Fashion_Beauty,24.52
2025-10-26,JP,Japan,Fashion_Beauty,40.71
2025-11-02,JP,Japan,Fashion_Beauty,64.4
2025-11-09,JP,Japan,Fashion_Beauty,68.33
2025-11-16,JP,Japan,Fashion_Beauty,65.24
2025-11-23,JP,Japan,Fashion_Beauty,81.07
2025-11-30,JP,Japan,Fashion_Beauty,90.83
2025-12-07,JP,Japan,Fashion_Beauty,88.1
2025-12-14,JP,Japan,Fashion_Beauty,84.29
2025-12-21,JP,Japan,Fashion_Beauty,68.81
2025-12-28,JP,Japan,Fashion_Beauty,64.4
2026-01-04,JP,Japan,Fashion_Beauty,59.76
2026-01-11,JP,Japan,Fashion_Beauty,70.48
2026-01-18,JP,Japan,Fashion_Beauty,78.1
2026-01-25,JP,Japan,Fashion_Beauty,82.98
2026-02-01,JP,Japan,Fashion_Beauty,76.07
2026-02-08,JP,Japan,Fashion_Beauty,85.36
2026-02-15,JP,Japan,Fashion_Beauty,90.6
2026-02-22,JP,Japan,Fashion_Beauty,80.48
2026-03-01,JP,Japan,Fashion_Beauty,82.74
2026-03-08,JP,Japan,Fashion_Beauty,100
2026-03-15,JP,Japan,Fashion_Beauty,89.29
2026-03-22,JP,Japan,Fashion_Beauty,81.79
2026-03-29,JP,Japan,Fashion_Beauty,80.12
2026-04-05,JP,Japan,Fashion_Beauty,83.93
2026-04-12,JP,Japan,Fashion_Beauty,84.05
2026-04-19,JP,Japan,Fashion_Beauty,78.69
2026-04-26,JP,Japan,Fashion_Beauty,72.62
2026-05-03,JP,Japan,Fashion_Beauty,73.45
2026-05-10,JP,Japan,Fashion_Beauty,82.26
2026-05-17,JP,Japan,Fashion_Beauty,74.17
2026-05-24,JP,Japan,Fashion_Beauty,71.9
2026-05-31,JP,Japan,Fashion_Beauty,71.43
2026-06-07,JP,Japan,Fashion_Beauty,71.31
2026-06-14,JP,Japan,Fashion_Beauty,57.5
2026-06-21,JP,Japan,Fashion_Beauty,63.57
2026-06-28,JP,Japan,Fashion_Beauty,71.9
2026-07-05,JP,Japan,Fashion_Beauty,70.24
2026-07-12,JP,Japan,Fashion_Beauty,52.14
2026-07-19,JP,Japan,Fashion_Beauty,39.05
2026-07-26,JP,Japan,Fashion_Beauty,32.38
2026-08-02,JP,Japan,Fashion_Beauty,30.24
2026-08-09,JP,Japan,Fashion_Beauty,32.98
2026-08-16,JP,Japan,Fashion_Beauty,23.57
2026-08-23,JP,Japan,Fashion_Beauty,22.38
2023-01-01,KE,Kenya,Nutrition_Diets,75.96
2023-01-08,KE,Kenya,Nutrition_Diets,82.14
2023-01-15,KE,Kenya,Nutrition_Diets,81.04
2023-01-22,KE,Kenya,Nutrition_Diets,79.6
2023-01-29,KE,Kenya,Nutrition_Diets,82.58
2023-02-05,KE,Kenya,Nutrition_Diets,90.85
2023-02-12,KE,Kenya,Nutrition_Diets,83.79
2023-02-19,KE,Kenya,Nutrition_Diets,87.32
2023-02-26,KE,Kenya,Nutrition_Diets,79.82
2023-03-05,KE,Kenya,Nutrition_Diets,89.08
2023-03-12,KE,Kenya,Nutrition_Diets,89.31
2023-03-19,KE,Kenya,Nutrition_Diets,86.33
2023-03-26,KE,Kenya,Nutrition_Diets,85.89
2023-04-02,KE,Kenya,Nutrition_Diets,82.8
2023-04-09,KE,Kenya,Nutrition_Diets,82.36
2023-04-16,KE,Kenya,Nutrition_Diets,81.04
2023-04-23,KE,Kenya,Nutrition_Diets,80.82
2023-04-30,KE,Kenya,Nutrition_Diets,80.82
2023-05-07,KE,Kenya,Nutrition_Diets,84.67
2023-05-14,KE,Kenya,Nutrition_Diets,86.22
2023-05-21,KE,Kenya,Nutrition_Diets,91.73
2023-05-28,KE,Kenya,Nutrition_Diets,90.41
2023-06-04,KE,Kenya,Nutrition_Diets,96.47
2023-06-11,KE,Kenya,Nutrition_Diets,97.57
2023-06-18,KE,Kenya,Nutrition_Diets,100
2023-06-25,KE,Kenya,Nutrition_Diets,90.19
2023-07-02,KE,Kenya,Nutrition_Diets,97.24
2023-07-09,KE,Kenya,Nutrition_Diets,93.83
2023-07-16,KE,Kenya,Nutrition_Diets,89.64
2023-07-23,KE,Kenya,Nutrition_Diets,91.51
2023-07-30,KE,Kenya,Nutrition_Diets,82.58
2023-08-06,KE,Kenya,Nutrition_Diets,74.53
2023-08-13,KE,Kenya,Nutrition_Diets,72.66
2023-08-20,KE,Kenya,Nutrition_Diets,76.19
2023-08-27,KE,Kenya,Nutrition_Diets,76.74
2023-09-03,KE,Kenya,Nutrition_Diets,82.8
2023-09-10,KE,Kenya,Nutrition_Diets,85.56
2023-09-17,KE,Kenya,Nutrition_Diets,87.87
2023-09-24,KE,Kenya,Nutrition_Diets,79.49
2023-10-01,KE,Kenya,Nutrition_Diets,82.47
2023-10-08,KE,Kenya,Nutrition_Diets,82.03
2023-10-15,KE,Kenya,Nutrition_Diets,82.8
2023-10-22,KE,Kenya,Nutrition_Diets,76.07
2023-10-29,KE,Kenya,Nutrition_Diets,72.55
2023-11-05,KE,Kenya,Nutrition_Diets,68.36
2023-11-12,KE,Kenya,Nutrition_Diets,74.09
2023-11-19,KE,Kenya,Nutrition_Diets,73.21
2023-11-26,KE,Kenya,Nutrition_Diets,72.11
2023-12-03,KE,Kenya,Nutrition_Diets,69.24
2023-12-10,KE,Kenya,Nutrition_Diets,67.81
2023-12-17,KE,Kenya,Nutrition_Diets,57.55
2023-12-24,KE,Kenya,Nutrition_Diets,57.77
2023-12-31,KE,Kenya,Nutrition_Diets,75.96
2024-01-07,KE,Kenya,Nutrition_Diets,76.96
2024-01-14,KE,Kenya,Nutrition_Diets,82.03
2024-01-21,KE,Kenya,Nutrition_Diets,89.42
2024-01-28,KE,Kenya,Nutrition_Diets,79.49
2024-02-04,KE,Kenya,Nutrition_Diets,74.75
2024-02-11,KE,Kenya,Nutrition_Diets,68.58
2024-02-18,KE,Kenya,Nutrition_Diets,73.43
2024-02-25,KE,Kenya,Nutrition_Diets,71
2024-03-03,KE,Kenya,Nutrition_Diets,70.12
2024-03-10,KE,Kenya,Nutrition_Diets,67.81
2024-03-17,KE,Kenya,Nutrition_Diets,76.41
2024-03-24,KE,Kenya,Nutrition_Diets,66.59
2024-03-31,KE,Kenya,Nutrition_Diets,62.51
2024-04-07,KE,Kenya,Nutrition_Diets,63.29
2024-04-14,KE,Kenya,Nutrition_Diets,66.04
2024-04-21,KE,Kenya,Nutrition_Diets,62.95
2024-04-28,KE,Kenya,Nutrition_Diets,60.97
2024-05-05,KE,Kenya,Nutrition_Diets,67.03
2024-05-12,KE,Kenya,Nutrition_Diets,71.33
2024-05-19,KE,Kenya,Nutrition_Diets,73.76
2024-05-26,KE,Kenya,Nutrition_Diets,77.62
2024-06-02,KE,Kenya,Nutrition_Diets,76.63
2024-06-09,KE,Kenya,Nutrition_Diets,79.16
2024-06-16,KE,Kenya,Nutrition_Diets,69.57
2024-06-23,KE,Kenya,Nutrition_Diets,60.75
2024-06-30,KE,Kenya,Nutrition_Diets,71
2024-07-07,KE,Kenya,Nutrition_Diets,75.3
2024-07-14,KE,Kenya,Nutrition_Diets,71.78
2024-07-21,KE,Kenya,Nutrition_Diets,69.68
2024-07-28,KE,Kenya,Nutrition_Diets,70.78
2024-08-04,KE,Kenya,Nutrition_Diets,68.69
2024-08-11,KE,Kenya,Nutrition_Diets,67.7
2024-08-18,KE,Kenya,Nutrition_Diets,63.84
2024-08-25,KE,Kenya,Nutrition_Diets,63.4
2024-09-01,KE,Kenya,Nutrition_Diets,68.8
2024-09-08,KE,Kenya,Nutrition_Diets,75.96
2024-09-15,KE,Kenya,Nutrition_Diets,73.87
2024-09-22,KE,Kenya,Nutrition_Diets,69.79
2024-09-29,KE,Kenya,Nutrition_Diets,65.27
2024-10-06,KE,Kenya,Nutrition_Diets,68.03
2024-10-13,KE,Kenya,Nutrition_Diets,67.03
2024-10-20,KE,Kenya,Nutrition_Diets,62.07
2024-10-27,KE,Kenya,Nutrition_Diets,62.51
2024-11-03,KE,Kenya,Nutrition_Diets,65.27
2024-11-10,KE,Kenya,Nutrition_Diets,71.44
2024-11-17,KE,Kenya,Nutrition_Diets,65.93
2024-11-24,KE,Kenya,Nutrition_Diets,62.95
2024-12-01,KE,Kenya,Nutrition_Diets,58.32
2024-12-08,KE,Kenya,Nutrition_Diets,57.66
2024-12-15,KE,Kenya,Nutrition_Diets,56.01
2024-12-22,KE,Kenya,Nutrition_Diets,47.41
2024-12-29,KE,Kenya,Nutrition_Diets,59.65
2025-01-05,KE,Kenya,Nutrition_Diets,69.35
2025-01-12,KE,Kenya,Nutrition_Diets,70.56
2025-01-19,KE,Kenya,Nutrition_Diets,74.75
2025-01-26,KE,Kenya,Nutrition_Diets,72.77
2025-02-02,KE,Kenya,Nutrition_Diets,79.27
2025-02-09,KE,Kenya,Nutrition_Diets,76.85
2025-02-16,KE,Kenya,Nutrition_Diets,81.48
2025-02-23,KE,Kenya,Nutrition_Diets,67.81
2025-03-02,KE,Kenya,Nutrition_Diets,72.11
2025-03-09,KE,Kenya,Nutrition_Diets,68.91
2025-03-16,KE,Kenya,Nutrition_Diets,80.26
2025-03-23,KE,Kenya,Nutrition_Diets,71.44
2025-03-30,KE,Kenya,Nutrition_Diets,62.62
2025-04-06,KE,Kenya,Nutrition_Diets,62.95
2025-04-13,KE,Kenya,Nutrition_Diets,64.83
2025-04-20,KE,Kenya,Nutrition_Diets,65.27
2025-04-27,KE,Kenya,Nutrition_Diets,73.98
2025-05-04,KE,Kenya,Nutrition_Diets,81.15
2025-05-11,KE,Kenya,Nutrition_Diets,86.44
2025-05-18,KE,Kenya,Nutrition_Diets,93.83
2025-05-25,KE,Kenya,Nutrition_Diets,87.32
2025-06-01,KE,Kenya,Nutrition_Diets,69.02
2025-06-08,KE,Kenya,Nutrition_Diets,77.07
2025-06-15,KE,Kenya,Nutrition_Diets,74.64
2025-06-22,KE,Kenya,Nutrition_Diets,64.06
2025-06-29,KE,Kenya,Nutrition_Diets,64.61
2025-07-06,KE,Kenya,Nutrition_Diets,68.36
2025-07-13,KE,Kenya,Nutrition_Diets,63.51
2025-07-20,KE,Kenya,Nutrition_Diets,68.25
2025-07-27,KE,Kenya,Nutrition_Diets,62.4
2025-08-03,KE,Kenya,Nutrition_Diets,58.99
2025-08-10,KE,Kenya,Nutrition_Diets,60.64
2025-08-17,KE,Kenya,Nutrition_Diets,54.58
2025-08-24,KE,Kenya,Nutrition_Diets,57.33
2025-08-31,KE,Kenya,Nutrition_Diets,68.25
2025-09-07,KE,Kenya,Nutrition_Diets,65.6
2025-09-14,KE,Kenya,Nutrition_Diets,62.07
2025-09-21,KE,Kenya,Nutrition_Diets,62.95
2025-09-28,KE,Kenya,Nutrition_Diets,64.28
2025-10-05,KE,Kenya,Nutrition_Diets,63.73
2025-10-12,KE,Kenya,Nutrition_Diets,55.13
2025-10-19,KE,Kenya,Nutrition_Diets,54.91
2025-10-26,KE,Kenya,Nutrition_Diets,63.07
2025-11-02,KE,Kenya,Nutrition_Diets,66.04
2025-11-09,KE,Kenya,Nutrition_Diets,65.27
2025-11-16,KE,Kenya,Nutrition_Diets,69.46
2025-11-23,KE,Kenya,Nutrition_Diets,67.14
2025-11-30,KE,Kenya,Nutrition_Diets,64.06
2025-12-07,KE,Kenya,Nutrition_Diets,63.29
2025-12-14,KE,Kenya,Nutrition_Diets,60.97
2025-12-21,KE,Kenya,Nutrition_Diets,42.23
2025-12-28,KE,Kenya,Nutrition_Diets,46.75
2026-01-04,KE,Kenya,Nutrition_Diets,58.43
2026-01-11,KE,Kenya,Nutrition_Diets,67.14
2026-01-18,KE,Kenya,Nutrition_Diets,72.22
2026-01-25,KE,Kenya,Nutrition_Diets,68.03
2026-02-01,KE,Kenya,Nutrition_Diets,65.27
2026-02-08,KE,Kenya,Nutrition_Diets,69.79
2026-02-15,KE,Kenya,Nutrition_Diets,64.06
2026-02-22,KE,Kenya,Nutrition_Diets,62.29
2026-03-01,KE,Kenya,Nutrition_Diets,58.88
2026-03-08,KE,Kenya,Nutrition_Diets,66.92
2026-03-15,KE,Kenya,Nutrition_Diets,60.31
2026-03-22,KE,Kenya,Nutrition_Diets,67.81
2026-03-29,KE,Kenya,Nutrition_Diets,63.4
2026-04-05,KE,Kenya,Nutrition_Diets,61.52
2026-04-12,KE,Kenya,Nutrition_Diets,63.51
2026-04-19,KE,Kenya,Nutrition_Diets,63.95
2026-04-26,KE,Kenya,Nutrition_Diets,74.2
2026-05-03,KE,Kenya,Nutrition_Diets,74.2
2026-05-10,KE,Kenya,Nutrition_Diets,72.66
2026-05-17,KE,Kenya,Nutrition_Diets,67.36
2026-05-24,KE,Kenya,Nutrition_Diets,64.06
2026-05-31,KE,Kenya,Nutrition_Diets,73.32
2026-06-07,KE,Kenya,Nutrition_Diets,69.02
2026-06-14,KE,Kenya,Nutrition_Diets,57.44
2026-06-21,KE,Kenya,Nutrition_Diets,56.89
2026-06-28,KE,Kenya,Nutrition_Diets,62.29
2026-07-05,KE,Kenya,Nutrition_Diets,62.73
2026-07-12,KE,Kenya,Nutrition_Diets,57
2026-07-19,KE,Kenya,Nutrition_Diets,64.5
2026-07-26,KE,Kenya,Nutrition_Diets,57.22
2026-08-02,KE,Kenya,Nutrition_Diets,51.05
2026-08-09,KE,Kenya,Nutrition_Diets,52.81
2026-08-16,KE,Kenya,Nutrition_Diets,48.62
2026-08-23,KE,Kenya,Nutrition_Diets,55.46
2023-01-01,KE,Kenya,Fitness_Wearables,71.74
2023-01-08,KE,Kenya,Fitness_Wearables,74.32
2023-01-15,KE,Kenya,Fitness_Wearables,71.06
2023-01-22,KE,Kenya,Fitness_Wearables,73.37
2023-01-29,KE,Kenya,Fitness_Wearables,75.14
2023-02-05,KE,Kenya,Fitness_Wearables,83.56
2023-02-12,KE,Kenya,Fitness_Wearables,73.64
2023-02-19,KE,Kenya,Fitness_Wearables,77.45
2023-02-26,KE,Kenya,Fitness_Wearables,78.53
2023-03-05,KE,Kenya,Fitness_Wearables,73.37
2023-03-12,KE,Kenya,Fitness_Wearables,71.88
2023-03-19,KE,Kenya,Fitness_Wearables,64.81
2023-03-26,KE,Kenya,Fitness_Wearables,77.85
2023-04-02,KE,Kenya,Fitness_Wearables,66.44
2023-04-09,KE,Kenya,Fitness_Wearables,69.43
2023-04-16,KE,Kenya,Fitness_Wearables,69.57
2023-04-23,KE,Kenya,Fitness_Wearables,65.63
2023-04-30,KE,Kenya,Fitness_Wearables,67.39
2023-05-07,KE,Kenya,Fitness_Wearables,67.66
2023-05-14,KE,Kenya,Fitness_Wearables,69.97
2023-05-21,KE,Kenya,Fitness_Wearables,76.49
2023-05-28,KE,Kenya,Fitness_Wearables,74.86
2023-06-04,KE,Kenya,Fitness_Wearables,79.48
2023-06-11,KE,Kenya,Fitness_Wearables,83.42
2023-06-18,KE,Kenya,Fitness_Wearables,81.39
2023-06-25,KE,Kenya,Fitness_Wearables,79.76
2023-07-02,KE,Kenya,Fitness_Wearables,79.21
2023-07-09,KE,Kenya,Fitness_Wearables,76.22
2023-07-16,KE,Kenya,Fitness_Wearables,72.28
2023-07-23,KE,Kenya,Fitness_Wearables,86.28
2023-07-30,KE,Kenya,Fitness_Wearables,74.18
2023-08-06,KE,Kenya,Fitness_Wearables,69.02
2023-08-13,KE,Kenya,Fitness_Wearables,75.41
2023-08-20,KE,Kenya,Fitness_Wearables,76.9
2023-08-27,KE,Kenya,Fitness_Wearables,80.43
2023-09-03,KE,Kenya,Fitness_Wearables,82.74
2023-09-10,KE,Kenya,Fitness_Wearables,81.79
2023-09-17,KE,Kenya,Fitness_Wearables,81.66
2023-09-24,KE,Kenya,Fitness_Wearables,72.42
2023-10-01,KE,Kenya,Fitness_Wearables,71.74
2023-10-08,KE,Kenya,Fitness_Wearables,75.95
2023-10-15,KE,Kenya,Fitness_Wearables,76.63
2023-10-22,KE,Kenya,Fitness_Wearables,71.47
2023-10-29,KE,Kenya,Fitness_Wearables,67.66
2023-11-05,KE,Kenya,Fitness_Wearables,63.18
2023-11-12,KE,Kenya,Fitness_Wearables,71.47
2023-11-19,KE,Kenya,Fitness_Wearables,72.28
2023-11-26,KE,Kenya,Fitness_Wearables,73.23
2023-12-03,KE,Kenya,Fitness_Wearables,64.13
2023-12-10,KE,Kenya,Fitness_Wearables,67.26
2023-12-17,KE,Kenya,Fitness_Wearables,57.61
2023-12-24,KE,Kenya,Fitness_Wearables,61.41
2023-12-31,KE,Kenya,Fitness_Wearables,75.82
2024-01-07,KE,Kenya,Fitness_Wearables,81.52
2024-01-14,KE,Kenya,Fitness_Wearables,82.61
2024-01-21,KE,Kenya,Fitness_Wearables,81.11
2024-01-28,KE,Kenya,Fitness_Wearables,80.57
2024-02-04,KE,Kenya,Fitness_Wearables,72.69
2024-02-11,KE,Kenya,Fitness_Wearables,68.34
2024-02-18,KE,Kenya,Fitness_Wearables,67.26
2024-02-25,KE,Kenya,Fitness_Wearables,66.71
2024-03-03,KE,Kenya,Fitness_Wearables,69.43
2024-03-10,KE,Kenya,Fitness_Wearables,74.32
2024-03-17,KE,Kenya,Fitness_Wearables,74.32
2024-03-24,KE,Kenya,Fitness_Wearables,68.75
2024-03-31,KE,Kenya,Fitness_Wearables,66.98
2024-04-07,KE,Kenya,Fitness_Wearables,60.73
2024-04-14,KE,Kenya,Fitness_Wearables,67.8
2024-04-21,KE,Kenya,Fitness_Wearables,69.57
2024-04-28,KE,Kenya,Fitness_Wearables,70.65
2024-05-05,KE,Kenya,Fitness_Wearables,64.67
2024-05-12,KE,Kenya,Fitness_Wearables,67.12
2024-05-19,KE,Kenya,Fitness_Wearables,66.71
2024-05-26,KE,Kenya,Fitness_Wearables,73.23
2024-06-02,KE,Kenya,Fitness_Wearables,78.26
2024-06-09,KE,Kenya,Fitness_Wearables,78.67
2024-06-16,KE,Kenya,Fitness_Wearables,71.87
2024-06-23,KE,Kenya,Fitness_Wearables,69.43
2024-06-30,KE,Kenya,Fitness_Wearables,65.35
2024-07-07,KE,Kenya,Fitness_Wearables,73.23
2024-07-14,KE,Kenya,Fitness_Wearables,63.45
2024-07-21,KE,Kenya,Fitness_Wearables,71.74
2024-07-28,KE,Kenya,Fitness_Wearables,79.08
2024-08-04,KE,Kenya,Fitness_Wearables,72.69
2024-08-11,KE,Kenya,Fitness_Wearables,70.52
2024-08-18,KE,Kenya,Fitness_Wearables,68.48
2024-08-25,KE,Kenya,Fitness_Wearables,69.02
2024-09-01,KE,Kenya,Fitness_Wearables,72.15
2024-09-08,KE,Kenya,Fitness_Wearables,78.67
2024-09-15,KE,Kenya,Fitness_Wearables,71.88
2024-09-22,KE,Kenya,Fitness_Wearables,72.96
2024-09-29,KE,Kenya,Fitness_Wearables,69.43
2024-10-06,KE,Kenya,Fitness_Wearables,68.34
2024-10-13,KE,Kenya,Fitness_Wearables,69.02
2024-10-20,KE,Kenya,Fitness_Wearables,59.65
2024-10-27,KE,Kenya,Fitness_Wearables,64.4
2024-11-03,KE,Kenya,Fitness_Wearables,61.14
2024-11-10,KE,Kenya,Fitness_Wearables,69.97
2024-11-17,KE,Kenya,Fitness_Wearables,65.22
2024-11-24,KE,Kenya,Fitness_Wearables,63.99
2024-12-01,KE,Kenya,Fitness_Wearables,71.74
2024-12-08,KE,Kenya,Fitness_Wearables,63.86
2024-12-15,KE,Kenya,Fitness_Wearables,64.27
2024-12-22,KE,Kenya,Fitness_Wearables,55.71
2024-12-29,KE,Kenya,Fitness_Wearables,65.76
2025-01-05,KE,Kenya,Fitness_Wearables,72.96
2025-01-12,KE,Kenya,Fitness_Wearables,78.67
2025-01-19,KE,Kenya,Fitness_Wearables,84.78
2025-01-26,KE,Kenya,Fitness_Wearables,83.29
2025-02-02,KE,Kenya,Fitness_Wearables,76.36
2025-02-09,KE,Kenya,Fitness_Wearables,79.21
2025-02-16,KE,Kenya,Fitness_Wearables,80.57
2025-02-23,KE,Kenya,Fitness_Wearables,76.36
2025-03-02,KE,Kenya,Fitness_Wearables,83.56
2025-03-09,KE,Kenya,Fitness_Wearables,73.78
2025-03-16,KE,Kenya,Fitness_Wearables,78.53
2025-03-23,KE,Kenya,Fitness_Wearables,73.78
2025-03-30,KE,Kenya,Fitness_Wearables,73.1
2025-04-06,KE,Kenya,Fitness_Wearables,78.13
2025-04-13,KE,Kenya,Fitness_Wearables,70.92
2025-04-20,KE,Kenya,Fitness_Wearables,83.42
2025-04-27,KE,Kenya,Fitness_Wearables,69.97
2025-05-04,KE,Kenya,Fitness_Wearables,70.38
2025-05-11,KE,Kenya,Fitness_Wearables,72.69
2025-05-18,KE,Kenya,Fitness_Wearables,77.17
2025-05-25,KE,Kenya,Fitness_Wearables,73.64
2025-06-01,KE,Kenya,Fitness_Wearables,75.68
2025-06-08,KE,Kenya,Fitness_Wearables,82.34
2025-06-15,KE,Kenya,Fitness_Wearables,77.85
2025-06-22,KE,Kenya,Fitness_Wearables,93.75
2025-06-29,KE,Kenya,Fitness_Wearables,78.53
2025-07-06,KE,Kenya,Fitness_Wearables,70.11
2025-07-13,KE,Kenya,Fitness_Wearables,76.49
2025-07-20,KE,Kenya,Fitness_Wearables,79.35
2025-07-27,KE,Kenya,Fitness_Wearables,72.15
2025-08-03,KE,Kenya,Fitness_Wearables,65.49
2025-08-10,KE,Kenya,Fitness_Wearables,75
2025-08-17,KE,Kenya,Fitness_Wearables,67.8
2025-08-24,KE,Kenya,Fitness_Wearables,72.55
2025-08-31,KE,Kenya,Fitness_Wearables,74.32
2025-09-07,KE,Kenya,Fitness_Wearables,70.92
2025-09-14,KE,Kenya,Fitness_Wearables,64.95
2025-09-21,KE,Kenya,Fitness_Wearables,75.14
2025-09-28,KE,Kenya,Fitness_Wearables,71.33
2025-10-05,KE,Kenya,Fitness_Wearables,65.08
2025-10-12,KE,Kenya,Fitness_Wearables,65.22
2025-10-19,KE,Kenya,Fitness_Wearables,67.53
2025-10-26,KE,Kenya,Fitness_Wearables,72.55
2025-11-02,KE,Kenya,Fitness_Wearables,85.73
2025-11-09,KE,Kenya,Fitness_Wearables,96.6
2025-11-16,KE,Kenya,Fitness_Wearables,87.5
2025-11-23,KE,Kenya,Fitness_Wearables,87.23
2025-11-30,KE,Kenya,Fitness_Wearables,76.63
2025-12-07,KE,Kenya,Fitness_Wearables,84.65
2025-12-14,KE,Kenya,Fitness_Wearables,78.26
2025-12-21,KE,Kenya,Fitness_Wearables,63.04
2025-12-28,KE,Kenya,Fitness_Wearables,69.57
2026-01-04,KE,Kenya,Fitness_Wearables,73.37
2026-01-11,KE,Kenya,Fitness_Wearables,83.7
2026-01-18,KE,Kenya,Fitness_Wearables,100
2026-01-25,KE,Kenya,Fitness_Wearables,90.62
2026-02-01,KE,Kenya,Fitness_Wearables,87.91
2026-02-08,KE,Kenya,Fitness_Wearables,91.85
2026-02-15,KE,Kenya,Fitness_Wearables,89.67
2026-02-22,KE,Kenya,Fitness_Wearables,84.51
2026-03-01,KE,Kenya,Fitness_Wearables,72.96
2026-03-08,KE,Kenya,Fitness_Wearables,77.31
2026-03-15,KE,Kenya,Fitness_Wearables,77.31
2026-03-22,KE,Kenya,Fitness_Wearables,85.33
2026-03-29,KE,Kenya,Fitness_Wearables,80.43
2026-04-05,KE,Kenya,Fitness_Wearables,81.39
2026-04-12,KE,Kenya,Fitness_Wearables,83.83
2026-04-19,KE,Kenya,Fitness_Wearables,86.96
2026-04-26,KE,Kenya,Fitness_Wearables,85.19
2026-05-03,KE,Kenya,Fitness_Wearables,95.11
2026-05-10,KE,Kenya,Fitness_Wearables,93.89
2026-05-17,KE,Kenya,Fitness_Wearables,74.86
2026-05-24,KE,Kenya,Fitness_Wearables,77.04
2026-05-31,KE,Kenya,Fitness_Wearables,81.52
2026-06-07,KE,Kenya,Fitness_Wearables,84.92
2026-06-14,KE,Kenya,Fitness_Wearables,83.15
2026-06-21,KE,Kenya,Fitness_Wearables,74.18
2026-06-28,KE,Kenya,Fitness_Wearables,67.53
2026-07-05,KE,Kenya,Fitness_Wearables,72.01
2026-07-12,KE,Kenya,Fitness_Wearables,83.02
2026-07-19,KE,Kenya,Fitness_Wearables,72.69
2026-07-26,KE,Kenya,Fitness_Wearables,78.53
2026-08-02,KE,Kenya,Fitness_Wearables,69.43
2026-08-09,KE,Kenya,Fitness_Wearables,76.77
2026-08-16,KE,Kenya,Fitness_Wearables,71.33
2026-08-23,KE,Kenya,Fitness_Wearables,72.15
2023-01-01,KE,Kenya,Fashion_Beauty,92.31
2023-01-08,KE,Kenya,Fashion_Beauty,89.53
2023-01-15,KE,Kenya,Fashion_Beauty,84.78
2023-01-22,KE,Kenya,Fashion_Beauty,84.62
2023-01-29,KE,Kenya,Fashion_Beauty,87.07
2023-02-05,KE,Kenya,Fashion_Beauty,85.27
2023-02-12,KE,Kenya,Fashion_Beauty,81.01
2023-02-19,KE,Kenya,Fashion_Beauty,93.45
2023-02-26,KE,Kenya,Fashion_Beauty,86.58
2023-03-05,KE,Kenya,Fashion_Beauty,88.38
2023-03-12,KE,Kenya,Fashion_Beauty,89.69
2023-03-19,KE,Kenya,Fashion_Beauty,91
2023-03-26,KE,Kenya,Fashion_Beauty,87.56
2023-04-02,KE,Kenya,Fashion_Beauty,83.31
2023-04-09,KE,Kenya,Fashion_Beauty,86.42
2023-04-16,KE,Kenya,Fashion_Beauty,82.49
2023-04-23,KE,Kenya,Fashion_Beauty,83.47
2023-04-30,KE,Kenya,Fashion_Beauty,82.49
2023-05-07,KE,Kenya,Fashion_Beauty,89.85
2023-05-14,KE,Kenya,Fashion_Beauty,92.14
2023-05-21,KE,Kenya,Fashion_Beauty,86.74
2023-05-28,KE,Kenya,Fashion_Beauty,93.45
2023-06-04,KE,Kenya,Fashion_Beauty,91.82
2023-06-11,KE,Kenya,Fashion_Beauty,92.14
2023-06-18,KE,Kenya,Fashion_Beauty,98.2
2023-06-25,KE,Kenya,Fashion_Beauty,100
2023-07-02,KE,Kenya,Fashion_Beauty,96.4
2023-07-09,KE,Kenya,Fashion_Beauty,94.44
2023-07-16,KE,Kenya,Fashion_Beauty,88.38
2023-07-23,KE,Kenya,Fashion_Beauty,90.18
2023-07-30,KE,Kenya,Fashion_Beauty,88.71
2023-08-06,KE,Kenya,Fashion_Beauty,77.58
2023-08-13,KE,Kenya,Fashion_Beauty,81.18
2023-08-20,KE,Kenya,Fashion_Beauty,82.49
2023-08-27,KE,Kenya,Fashion_Beauty,79.38
2023-09-03,KE,Kenya,Fashion_Beauty,85.6
2023-09-10,KE,Kenya,Fashion_Beauty,93.62
2023-09-17,KE,Kenya,Fashion_Beauty,84.78
2023-09-24,KE,Kenya,Fashion_Beauty,80.85
2023-10-01,KE,Kenya,Fashion_Beauty,85.27
2023-10-08,KE,Kenya,Fashion_Beauty,81.83
2023-10-15,KE,Kenya,Fashion_Beauty,87.89
2023-10-22,KE,Kenya,Fashion_Beauty,79.87
2023-10-29,KE,Kenya,Fashion_Beauty,81.01
2023-11-05,KE,Kenya,Fashion_Beauty,82.49
2023-11-12,KE,Kenya,Fashion_Beauty,91.16
2023-11-19,KE,Kenya,Fashion_Beauty,89.53
2023-11-26,KE,Kenya,Fashion_Beauty,91.16
2023-12-03,KE,Kenya,Fashion_Beauty,90.18
2023-12-10,KE,Kenya,Fashion_Beauty,92.8
2023-12-17,KE,Kenya,Fashion_Beauty,84.12
2023-12-24,KE,Kenya,Fashion_Beauty,73
2023-12-31,KE,Kenya,Fashion_Beauty,76.6
2024-01-07,KE,Kenya,Fashion_Beauty,81.18
2024-01-14,KE,Kenya,Fashion_Beauty,77.74
2024-01-21,KE,Kenya,Fashion_Beauty,77.58
2024-01-28,KE,Kenya,Fashion_Beauty,78.89
2024-02-04,KE,Kenya,Fashion_Beauty,77.58
2024-02-11,KE,Kenya,Fashion_Beauty,74.3
2024-02-18,KE,Kenya,Fashion_Beauty,80.85
2024-02-25,KE,Kenya,Fashion_Beauty,73.49
2024-03-03,KE,Kenya,Fashion_Beauty,76.92
2024-03-10,KE,Kenya,Fashion_Beauty,74.14
2024-03-17,KE,Kenya,Fashion_Beauty,79.54
2024-03-24,KE,Kenya,Fashion_Beauty,80.03
2024-03-31,KE,Kenya,Fashion_Beauty,77.25
2024-04-07,KE,Kenya,Fashion_Beauty,73.65
2024-04-14,KE,Kenya,Fashion_Beauty,70.7
2024-04-21,KE,Kenya,Fashion_Beauty,73.49
2024-04-28,KE,Kenya,Fashion_Beauty,70.38
2024-05-05,KE,Kenya,Fashion_Beauty,74.96
2024-05-12,KE,Kenya,Fashion_Beauty,70.38
2024-05-19,KE,Kenya,Fashion_Beauty,76.6
2024-05-26,KE,Kenya,Fashion_Beauty,81.01
2024-06-02,KE,Kenya,Fashion_Beauty,85.11
2024-06-09,KE,Kenya,Fashion_Beauty,82.65
2024-06-16,KE,Kenya,Fashion_Beauty,75.29
2024-06-23,KE,Kenya,Fashion_Beauty,75.94
2024-06-30,KE,Kenya,Fashion_Beauty,81.01
2024-07-07,KE,Kenya,Fashion_Beauty,83.96
2024-07-14,KE,Kenya,Fashion_Beauty,74.14
2024-07-21,KE,Kenya,Fashion_Beauty,72.5
2024-07-28,KE,Kenya,Fashion_Beauty,79.38
2024-08-04,KE,Kenya,Fashion_Beauty,76.6
2024-08-11,KE,Kenya,Fashion_Beauty,70.7
2024-08-18,KE,Kenya,Fashion_Beauty,69.56
2024-08-25,KE,Kenya,Fashion_Beauty,65.3
2024-09-01,KE,Kenya,Fashion_Beauty,75.45
2024-09-08,KE,Kenya,Fashion_Beauty,77.91
2024-09-15,KE,Kenya,Fashion_Beauty,72.5
2024-09-22,KE,Kenya,Fashion_Beauty,69.07
2024-09-29,KE,Kenya,Fashion_Beauty,72.01
2024-10-06,KE,Kenya,Fashion_Beauty,75.29
2024-10-13,KE,Kenya,Fashion_Beauty,74.96
2024-10-20,KE,Kenya,Fashion_Beauty,75.61
2024-10-27,KE,Kenya,Fashion_Beauty,83.8
2024-11-03,KE,Kenya,Fashion_Beauty,73.32
2024-11-10,KE,Kenya,Fashion_Beauty,85.92
2024-11-17,KE,Kenya,Fashion_Beauty,81.67
2024-11-24,KE,Kenya,Fashion_Beauty,82.16
2024-12-01,KE,Kenya,Fashion_Beauty,80.52
2024-12-08,KE,Kenya,Fashion_Beauty,76.76
2024-12-15,KE,Kenya,Fashion_Beauty,78.89
2024-12-22,KE,Kenya,Fashion_Beauty,71.03
2024-12-29,KE,Kenya,Fashion_Beauty,70.7
2025-01-05,KE,Kenya,Fashion_Beauty,67.92
2025-01-12,KE,Kenya,Fashion_Beauty,71.52
2025-01-19,KE,Kenya,Fashion_Beauty,70.87
2025-01-26,KE,Kenya,Fashion_Beauty,74.63
2025-02-02,KE,Kenya,Fashion_Beauty,72.67
2025-02-09,KE,Kenya,Fashion_Beauty,75.78
2025-02-16,KE,Kenya,Fashion_Beauty,79.54
2025-02-23,KE,Kenya,Fashion_Beauty,80.03
2025-03-02,KE,Kenya,Fashion_Beauty,71.19
2025-03-09,KE,Kenya,Fashion_Beauty,77.58
2025-03-16,KE,Kenya,Fashion_Beauty,76.43
2025-03-23,KE,Kenya,Fashion_Beauty,77.58
2025-03-30,KE,Kenya,Fashion_Beauty,75.29
2025-04-06,KE,Kenya,Fashion_Beauty,68.25
2025-04-13,KE,Kenya,Fashion_Beauty,70.21
2025-04-20,KE,Kenya,Fashion_Beauty,72.01
2025-04-27,KE,Kenya,Fashion_Beauty,73
2025-05-04,KE,Kenya,Fashion_Beauty,65.96
2025-05-11,KE,Kenya,Fashion_Beauty,71.69
2025-05-18,KE,Kenya,Fashion_Beauty,72.18
2025-05-25,KE,Kenya,Fashion_Beauty,73.32
2025-06-01,KE,Kenya,Fashion_Beauty,71.03
2025-06-08,KE,Kenya,Fashion_Beauty,87.73
2025-06-15,KE,Kenya,Fashion_Beauty,78.23
2025-06-22,KE,Kenya,Fashion_Beauty,80.52
2025-06-29,KE,Kenya,Fashion_Beauty,75.94
2025-07-06,KE,Kenya,Fashion_Beauty,75.12
2025-07-13,KE,Kenya,Fashion_Beauty,71.85
2025-07-20,KE,Kenya,Fashion_Beauty,68.9
2025-07-27,KE,Kenya,Fashion_Beauty,73.16
2025-08-03,KE,Kenya,Fashion_Beauty,78.07
2025-08-10,KE,Kenya,Fashion_Beauty,76.92
2025-08-17,KE,Kenya,Fashion_Beauty,64.98
2025-08-24,KE,Kenya,Fashion_Beauty,64.65
2025-08-31,KE,Kenya,Fashion_Beauty,75.45
2025-09-07,KE,Kenya,Fashion_Beauty,73
2025-09-14,KE,Kenya,Fashion_Beauty,65.63
2025-09-21,KE,Kenya,Fashion_Beauty,70.38
2025-09-28,KE,Kenya,Fashion_Beauty,69.07
2025-10-05,KE,Kenya,Fashion_Beauty,71.19
2025-10-12,KE,Kenya,Fashion_Beauty,68.58
2025-10-19,KE,Kenya,Fashion_Beauty,65.3
2025-10-26,KE,Kenya,Fashion_Beauty,73.98
2025-11-02,KE,Kenya,Fashion_Beauty,83.14
2025-11-09,KE,Kenya,Fashion_Beauty,91.65
2025-11-16,KE,Kenya,Fashion_Beauty,86.91
2025-11-23,KE,Kenya,Fashion_Beauty,97.55
2025-11-30,KE,Kenya,Fashion_Beauty,91
2025-12-07,KE,Kenya,Fashion_Beauty,93.78
2025-12-14,KE,Kenya,Fashion_Beauty,87.73
2025-12-21,KE,Kenya,Fashion_Beauty,69.39
2025-12-28,KE,Kenya,Fashion_Beauty,71.03
2026-01-04,KE,Kenya,Fashion_Beauty,64.16
2026-01-11,KE,Kenya,Fashion_Beauty,68.74
2026-01-18,KE,Kenya,Fashion_Beauty,77.91
2026-01-25,KE,Kenya,Fashion_Beauty,79.71
2026-02-01,KE,Kenya,Fashion_Beauty,74.14
2026-02-08,KE,Kenya,Fashion_Beauty,93.94
2026-02-15,KE,Kenya,Fashion_Beauty,85.92
2026-02-22,KE,Kenya,Fashion_Beauty,84.62
2026-03-01,KE,Kenya,Fashion_Beauty,70.21
2026-03-08,KE,Kenya,Fashion_Beauty,74.14
2026-03-15,KE,Kenya,Fashion_Beauty,71.03
2026-03-22,KE,Kenya,Fashion_Beauty,73.49
2026-03-29,KE,Kenya,Fashion_Beauty,77.25
2026-04-05,KE,Kenya,Fashion_Beauty,81.51
2026-04-12,KE,Kenya,Fashion_Beauty,71.69
2026-04-19,KE,Kenya,Fashion_Beauty,82.65
2026-04-26,KE,Kenya,Fashion_Beauty,79.38
2026-05-03,KE,Kenya,Fashion_Beauty,82.82
2026-05-10,KE,Kenya,Fashion_Beauty,75.78
2026-05-17,KE,Kenya,Fashion_Beauty,66.45
2026-05-24,KE,Kenya,Fashion_Beauty,75.29
2026-05-31,KE,Kenya,Fashion_Beauty,73.32
2026-06-07,KE,Kenya,Fashion_Beauty,69.89
2026-06-14,KE,Kenya,Fashion_Beauty,63.5
2026-06-21,KE,Kenya,Fashion_Beauty,63.18
2026-06-28,KE,Kenya,Fashion_Beauty,61.7
2026-07-05,KE,Kenya,Fashion_Beauty,63.18
2026-07-12,KE,Kenya,Fashion_Beauty,64.65
2026-07-19,KE,Kenya,Fashion_Beauty,67.27
2026-07-26,KE,Kenya,Fashion_Beauty,73.32
2026-08-02,KE,Kenya,Fashion_Beauty,67.43
2026-08-09,KE,Kenya,Fashion_Beauty,70.05
2026-08-16,KE,Kenya,Fashion_Beauty,62.19
2026-08-23,KE,Kenya,Fashion_Beauty,68.58
2023-01-01,MX,Mexico,Nutrition_Diets,35.62
2023-01-08,MX,Mexico,Nutrition_Diets,36.34
2023-01-15,MX,Mexico,Nutrition_Diets,35.62
2023-01-22,MX,Mexico,Nutrition_Diets,34.9
2023-01-29,MX,Mexico,Nutrition_Diets,32.73
2023-02-05,MX,Mexico,Nutrition_Diets,31.65
2023-02-12,MX,Mexico,Nutrition_Diets,29.4
2023-02-19,MX,Mexico,Nutrition_Diets,32.01
2023-02-26,MX,Mexico,Nutrition_Diets,32.28
2023-03-05,MX,Mexico,Nutrition_Diets,32.01
2023-03-12,MX,Mexico,Nutrition_Diets,32.1
2023-03-19,MX,Mexico,Nutrition_Diets,31.38
2023-03-26,MX,Mexico,Nutrition_Diets,32.37
2023-04-02,MX,Mexico,Nutrition_Diets,29.94
2023-04-09,MX,Mexico,Nutrition_Diets,30.75
2023-04-16,MX,Mexico,Nutrition_Diets,30.57
2023-04-23,MX,Mexico,Nutrition_Diets,29.67
2023-04-30,MX,Mexico,Nutrition_Diets,30.3
2023-05-07,MX,Mexico,Nutrition_Diets,27.77
2023-05-14,MX,Mexico,Nutrition_Diets,28.94
2023-05-21,MX,Mexico,Nutrition_Diets,28.4
2023-05-28,MX,Mexico,Nutrition_Diets,30.48
2023-06-04,MX,Mexico,Nutrition_Diets,30.57
2023-06-11,MX,Mexico,Nutrition_Diets,30.3
2023-06-18,MX,Mexico,Nutrition_Diets,32.19
2023-06-25,MX,Mexico,Nutrition_Diets,31.02
2023-07-02,MX,Mexico,Nutrition_Diets,32.01
2023-07-09,MX,Mexico,Nutrition_Diets,30.21
2023-07-16,MX,Mexico,Nutrition_Diets,30.75
2023-07-23,MX,Mexico,Nutrition_Diets,30.21
2023-07-30,MX,Mexico,Nutrition_Diets,31.65
2023-08-06,MX,Mexico,Nutrition_Diets,29.76
2023-08-13,MX,Mexico,Nutrition_Diets,30.03
2023-08-20,MX,Mexico,Nutrition_Diets,28.85
2023-08-27,MX,Mexico,Nutrition_Diets,27.77
2023-09-03,MX,Mexico,Nutrition_Diets,27.86
2023-09-10,MX,Mexico,Nutrition_Diets,25.79
2023-09-17,MX,Mexico,Nutrition_Diets,26.6
2023-09-24,MX,Mexico,Nutrition_Diets,26.15
2023-10-01,MX,Mexico,Nutrition_Diets,26.51
2023-10-08,MX,Mexico,Nutrition_Diets,24.8
2023-10-15,MX,Mexico,Nutrition_Diets,26.51
2023-10-22,MX,Mexico,Nutrition_Diets,24.98
2023-10-29,MX,Mexico,Nutrition_Diets,25.16
2023-11-05,MX,Mexico,Nutrition_Diets,27.5
2023-11-12,MX,Mexico,Nutrition_Diets,26.6
2023-11-19,MX,Mexico,Nutrition_Diets,24.62
2023-11-26,MX,Mexico,Nutrition_Diets,24.44
2023-12-03,MX,Mexico,Nutrition_Diets,23.44
2023-12-10,MX,Mexico,Nutrition_Diets,22.9
2023-12-17,MX,Mexico,Nutrition_Diets,25.43
2023-12-24,MX,Mexico,Nutrition_Diets,25.79
2023-12-31,MX,Mexico,Nutrition_Diets,31.56
2024-01-07,MX,Mexico,Nutrition_Diets,34.54
2024-01-14,MX,Mexico,Nutrition_Diets,31.11
2024-01-21,MX,Mexico,Nutrition_Diets,31.02
2024-01-28,MX,Mexico,Nutrition_Diets,30.93
2024-02-04,MX,Mexico,Nutrition_Diets,31.92
2024-02-11,MX,Mexico,Nutrition_Diets,29.13
2024-02-18,MX,Mexico,Nutrition_Diets,30.66
2024-02-25,MX,Mexico,Nutrition_Diets,31.65
2024-03-03,MX,Mexico,Nutrition_Diets,31.2
2024-03-10,MX,Mexico,Nutrition_Diets,31.83
2024-03-17,MX,Mexico,Nutrition_Diets,30.84
2024-03-24,MX,Mexico,Nutrition_Diets,32.55
2024-03-31,MX,Mexico,Nutrition_Diets,33.99
2024-04-07,MX,Mexico,Nutrition_Diets,31.2
2024-04-14,MX,Mexico,Nutrition_Diets,32.01
2024-04-21,MX,Mexico,Nutrition_Diets,31.29
2024-04-28,MX,Mexico,Nutrition_Diets,30.66
2024-05-05,MX,Mexico,Nutrition_Diets,30.48
2024-05-12,MX,Mexico,Nutrition_Diets,31.74
2024-05-19,MX,Mexico,Nutrition_Diets,29.13
2024-05-26,MX,Mexico,Nutrition_Diets,28.49
2024-06-02,MX,Mexico,Nutrition_Diets,29.31
2024-06-09,MX,Mexico,Nutrition_Diets,30.84
2024-06-16,MX,Mexico,Nutrition_Diets,30.48
2024-06-23,MX,Mexico,Nutrition_Diets,30.12
2024-06-30,MX,Mexico,Nutrition_Diets,29.85
2024-07-07,MX,Mexico,Nutrition_Diets,31.38
2024-07-14,MX,Mexico,Nutrition_Diets,33.99
2024-07-21,MX,Mexico,Nutrition_Diets,31.2
2024-07-28,MX,Mexico,Nutrition_Diets,30.12
2024-08-04,MX,Mexico,Nutrition_Diets,31.74
2024-08-11,MX,Mexico,Nutrition_Diets,29.31
2024-08-18,MX,Mexico,Nutrition_Diets,30.75
2024-08-25,MX,Mexico,Nutrition_Diets,29.04
2024-09-01,MX,Mexico,Nutrition_Diets,28.94
2024-09-08,MX,Mexico,Nutrition_Diets,29.49
2024-09-15,MX,Mexico,Nutrition_Diets,28.67
2024-09-22,MX,Mexico,Nutrition_Diets,28.76
2024-09-29,MX,Mexico,Nutrition_Diets,28.67
2024-10-06,MX,Mexico,Nutrition_Diets,29.58
2024-10-13,MX,Mexico,Nutrition_Diets,30.48
2024-10-20,MX,Mexico,Nutrition_Diets,27.32
2024-10-27,MX,Mexico,Nutrition_Diets,26.87
2024-11-03,MX,Mexico,Nutrition_Diets,28.22
2024-11-10,MX,Mexico,Nutrition_Diets,28.94
2024-11-17,MX,Mexico,Nutrition_Diets,29.22
2024-11-24,MX,Mexico,Nutrition_Diets,28.31
2024-12-01,MX,Mexico,Nutrition_Diets,25.43
2024-12-08,MX,Mexico,Nutrition_Diets,27.14
2024-12-15,MX,Mexico,Nutrition_Diets,28.04
2024-12-22,MX,Mexico,Nutrition_Diets,29.4
2024-12-29,MX,Mexico,Nutrition_Diets,33.45
2025-01-05,MX,Mexico,Nutrition_Diets,35.08
2025-01-12,MX,Mexico,Nutrition_Diets,37.42
2025-01-19,MX,Mexico,Nutrition_Diets,33.27
2025-01-26,MX,Mexico,Nutrition_Diets,32.73
2025-02-02,MX,Mexico,Nutrition_Diets,30.75
2025-02-09,MX,Mexico,Nutrition_Diets,29.58
2025-02-16,MX,Mexico,Nutrition_Diets,32.91
2025-02-23,MX,Mexico,Nutrition_Diets,30.75
2025-03-02,MX,Mexico,Nutrition_Diets,32.73
2025-03-09,MX,Mexico,Nutrition_Diets,33.09
2025-03-16,MX,Mexico,Nutrition_Diets,33.36
2025-03-23,MX,Mexico,Nutrition_Diets,32.01
2025-03-30,MX,Mexico,Nutrition_Diets,30.39
2025-04-06,MX,Mexico,Nutrition_Diets,31.74
2025-04-13,MX,Mexico,Nutrition_Diets,32.73
2025-04-20,MX,Mexico,Nutrition_Diets,34.54
2025-04-27,MX,Mexico,Nutrition_Diets,33.63
2025-05-04,MX,Mexico,Nutrition_Diets,34.36
2025-05-11,MX,Mexico,Nutrition_Diets,33.45
2025-05-18,MX,Mexico,Nutrition_Diets,32.01
2025-05-25,MX,Mexico,Nutrition_Diets,31.92
2025-06-01,MX,Mexico,Nutrition_Diets,36.88
2025-06-08,MX,Mexico,Nutrition_Diets,39.68
2025-06-15,MX,Mexico,Nutrition_Diets,38.05
2025-06-22,MX,Mexico,Nutrition_Diets,38.95
2025-06-29,MX,Mexico,Nutrition_Diets,35.17
2025-07-06,MX,Mexico,Nutrition_Diets,30.39
2025-07-13,MX,Mexico,Nutrition_Diets,31.65
2025-07-20,MX,Mexico,Nutrition_Diets,33.36
2025-07-27,MX,Mexico,Nutrition_Diets,31.92
2025-08-03,MX,Mexico,Nutrition_Diets,33.09
2025-08-10,MX,Mexico,Nutrition_Diets,33.36
2025-08-17,MX,Mexico,Nutrition_Diets,29.94
2025-08-24,MX,Mexico,Nutrition_Diets,27.68
2025-08-31,MX,Mexico,Nutrition_Diets,29.22
2025-09-07,MX,Mexico,Nutrition_Diets,24.26
2025-09-14,MX,Mexico,Nutrition_Diets,23.44
2025-09-21,MX,Mexico,Nutrition_Diets,23.81
2025-09-28,MX,Mexico,Nutrition_Diets,25.52
2025-10-05,MX,Mexico,Nutrition_Diets,25.43
2025-10-12,MX,Mexico,Nutrition_Diets,25.43
2025-10-19,MX,Mexico,Nutrition_Diets,26.24
2025-10-26,MX,Mexico,Nutrition_Diets,33.63
2025-11-02,MX,Mexico,Nutrition_Diets,47.07
2025-11-09,MX,Mexico,Nutrition_Diets,46.35
2025-11-16,MX,Mexico,Nutrition_Diets,46.26
2025-11-23,MX,Mexico,Nutrition_Diets,48.06
2025-11-30,MX,Mexico,Nutrition_Diets,53.83
2025-12-07,MX,Mexico,Nutrition_Diets,49.41
2025-12-14,MX,Mexico,Nutrition_Diets,47.34
2025-12-21,MX,Mexico,Nutrition_Diets,39.31
2025-12-28,MX,Mexico,Nutrition_Diets,47.07
2026-01-04,MX,Mexico,Nutrition_Diets,49.59
2026-01-11,MX,Mexico,Nutrition_Diets,53.38
2026-01-18,MX,Mexico,Nutrition_Diets,53.74
2026-01-25,MX,Mexico,Nutrition_Diets,63.84
2026-02-01,MX,Mexico,Nutrition_Diets,64.65
2026-02-08,MX,Mexico,Nutrition_Diets,59.96
2026-02-15,MX,Mexico,Nutrition_Diets,78.54
2026-02-22,MX,Mexico,Nutrition_Diets,64.38
2026-03-01,MX,Mexico,Nutrition_Diets,51.76
2026-03-08,MX,Mexico,Nutrition_Diets,54.28
2026-03-15,MX,Mexico,Nutrition_Diets,61.05
2026-03-22,MX,Mexico,Nutrition_Diets,60.96
2026-03-29,MX,Mexico,Nutrition_Diets,66.01
2026-04-05,MX,Mexico,Nutrition_Diets,67.45
2026-04-12,MX,Mexico,Nutrition_Diets,50.41
2026-04-19,MX,Mexico,Nutrition_Diets,44.36
2026-04-26,MX,Mexico,Nutrition_Diets,49.14
2026-05-03,MX,Mexico,Nutrition_Diets,52.57
2026-05-10,MX,Mexico,Nutrition_Diets,47.7
2026-05-17,MX,Mexico,Nutrition_Diets,51.4
2026-05-24,MX,Mexico,Nutrition_Diets,49.32
2026-05-31,MX,Mexico,Nutrition_Diets,49.86
2026-06-07,MX,Mexico,Nutrition_Diets,47.07
2026-06-14,MX,Mexico,Nutrition_Diets,70.96
2026-06-21,MX,Mexico,Nutrition_Diets,100
2026-06-28,MX,Mexico,Nutrition_Diets,70.69
2026-07-05,MX,Mexico,Nutrition_Diets,61.86
2026-07-12,MX,Mexico,Nutrition_Diets,61.14
2026-07-19,MX,Mexico,Nutrition_Diets,50.23
2026-07-26,MX,Mexico,Nutrition_Diets,49.5
2026-08-02,MX,Mexico,Nutrition_Diets,41.57
2026-08-09,MX,Mexico,Nutrition_Diets,35.62
2026-08-16,MX,Mexico,Nutrition_Diets,33.63
2026-08-23,MX,Mexico,Nutrition_Diets,27.5
2023-01-01,MX,Mexico,Fitness_Wearables,81.83
2023-01-08,MX,Mexico,Fitness_Wearables,73.99
2023-01-15,MX,Mexico,Fitness_Wearables,68.23
2023-01-22,MX,Mexico,Fitness_Wearables,67.79
2023-01-29,MX,Mexico,Fitness_Wearables,67.03
2023-02-05,MX,Mexico,Fitness_Wearables,65.07
2023-02-12,MX,Mexico,Fitness_Wearables,61.48
2023-02-19,MX,Mexico,Fitness_Wearables,60.5
2023-02-26,MX,Mexico,Fitness_Wearables,60.5
2023-03-05,MX,Mexico,Fitness_Wearables,61.81
2023-03-12,MX,Mexico,Fitness_Wearables,60.39
2023-03-19,MX,Mexico,Fitness_Wearables,59.52
2023-03-26,MX,Mexico,Fitness_Wearables,58
2023-04-02,MX,Mexico,Fitness_Wearables,63.55
2023-04-09,MX,Mexico,Fitness_Wearables,62.35
2023-04-16,MX,Mexico,Fitness_Wearables,62.24
2023-04-23,MX,Mexico,Fitness_Wearables,59.19
2023-04-30,MX,Mexico,Fitness_Wearables,65.18
2023-05-07,MX,Mexico,Fitness_Wearables,59.41
2023-05-14,MX,Mexico,Fitness_Wearables,61.15
2023-05-21,MX,Mexico,Fitness_Wearables,59.52
2023-05-28,MX,Mexico,Fitness_Wearables,67.14
2023-06-04,MX,Mexico,Fitness_Wearables,65.4
2023-06-11,MX,Mexico,Fitness_Wearables,63.33
2023-06-18,MX,Mexico,Fitness_Wearables,65.61
2023-06-25,MX,Mexico,Fitness_Wearables,63.98
2023-07-02,MX,Mexico,Fitness_Wearables,68.44
2023-07-09,MX,Mexico,Fitness_Wearables,69.97
2023-07-16,MX,Mexico,Fitness_Wearables,68.88
2023-07-23,MX,Mexico,Fitness_Wearables,69.21
2023-07-30,MX,Mexico,Fitness_Wearables,70.4
2023-08-06,MX,Mexico,Fitness_Wearables,69.1
2023-08-13,MX,Mexico,Fitness_Wearables,65.94
2023-08-20,MX,Mexico,Fitness_Wearables,61.15
2023-08-27,MX,Mexico,Fitness_Wearables,62.13
2023-09-03,MX,Mexico,Fitness_Wearables,62.89
2023-09-10,MX,Mexico,Fitness_Wearables,62.89
2023-09-17,MX,Mexico,Fitness_Wearables,59.09
2023-09-24,MX,Mexico,Fitness_Wearables,59.74
2023-10-01,MX,Mexico,Fitness_Wearables,58.32
2023-10-08,MX,Mexico,Fitness_Wearables,57.67
2023-10-15,MX,Mexico,Fitness_Wearables,59.3
2023-10-22,MX,Mexico,Fitness_Wearables,54.62
2023-10-29,MX,Mexico,Fitness_Wearables,57.89
2023-11-05,MX,Mexico,Fitness_Wearables,62.79
2023-11-12,MX,Mexico,Fitness_Wearables,64.2
2023-11-19,MX,Mexico,Fitness_Wearables,66.05
2023-11-26,MX,Mexico,Fitness_Wearables,64.42
2023-12-03,MX,Mexico,Fitness_Wearables,55.39
2023-12-10,MX,Mexico,Fitness_Wearables,57.67
2023-12-17,MX,Mexico,Fitness_Wearables,63.55
2023-12-24,MX,Mexico,Fitness_Wearables,73.12
2023-12-31,MX,Mexico,Fitness_Wearables,82.7
2024-01-07,MX,Mexico,Fitness_Wearables,77.48
2024-01-14,MX,Mexico,Fitness_Wearables,68.44
2024-01-21,MX,Mexico,Fitness_Wearables,68.55
2024-01-28,MX,Mexico,Fitness_Wearables,68.01
2024-02-04,MX,Mexico,Fitness_Wearables,68.55
2024-02-11,MX,Mexico,Fitness_Wearables,64.85
2024-02-18,MX,Mexico,Fitness_Wearables,66.81
2024-02-25,MX,Mexico,Fitness_Wearables,67.03
2024-03-03,MX,Mexico,Fitness_Wearables,69.31
2024-03-10,MX,Mexico,Fitness_Wearables,66.27
2024-03-17,MX,Mexico,Fitness_Wearables,67.03
2024-03-24,MX,Mexico,Fitness_Wearables,71.6
2024-03-31,MX,Mexico,Fitness_Wearables,74.76
2024-04-07,MX,Mexico,Fitness_Wearables,66.7
2024-04-14,MX,Mexico,Fitness_Wearables,65.18
2024-04-21,MX,Mexico,Fitness_Wearables,65.29
2024-04-28,MX,Mexico,Fitness_Wearables,69.42
2024-05-05,MX,Mexico,Fitness_Wearables,65.29
2024-05-12,MX,Mexico,Fitness_Wearables,68.12
2024-05-19,MX,Mexico,Fitness_Wearables,68.01
2024-05-26,MX,Mexico,Fitness_Wearables,63.44
2024-06-02,MX,Mexico,Fitness_Wearables,65.72
2024-06-09,MX,Mexico,Fitness_Wearables,68.77
2024-06-16,MX,Mexico,Fitness_Wearables,66.81
2024-06-23,MX,Mexico,Fitness_Wearables,68.01
2024-06-30,MX,Mexico,Fitness_Wearables,67.79
2024-07-07,MX,Mexico,Fitness_Wearables,69.53
2024-07-14,MX,Mexico,Fitness_Wearables,74.1
2024-07-21,MX,Mexico,Fitness_Wearables,71.82
2024-07-28,MX,Mexico,Fitness_Wearables,70.29
2024-08-04,MX,Mexico,Fitness_Wearables,73.88
2024-08-11,MX,Mexico,Fitness_Wearables,70.51
2024-08-18,MX,Mexico,Fitness_Wearables,69.53
2024-08-25,MX,Mexico,Fitness_Wearables,66.92
2024-09-01,MX,Mexico,Fitness_Wearables,68.77
2024-09-08,MX,Mexico,Fitness_Wearables,66.05
2024-09-15,MX,Mexico,Fitness_Wearables,66.16
2024-09-22,MX,Mexico,Fitness_Wearables,63.87
2024-09-29,MX,Mexico,Fitness_Wearables,65.4
2024-10-06,MX,Mexico,Fitness_Wearables,63.33
2024-10-13,MX,Mexico,Fitness_Wearables,65.4
2024-10-20,MX,Mexico,Fitness_Wearables,58.22
2024-10-27,MX,Mexico,Fitness_Wearables,62.79
2024-11-03,MX,Mexico,Fitness_Wearables,61.92
2024-11-10,MX,Mexico,Fitness_Wearables,66.16
2024-11-17,MX,Mexico,Fitness_Wearables,69.97
2024-11-24,MX,Mexico,Fitness_Wearables,63.98
2024-12-01,MX,Mexico,Fitness_Wearables,60.83
2024-12-08,MX,Mexico,Fitness_Wearables,63
2024-12-15,MX,Mexico,Fitness_Wearables,67.68
2024-12-22,MX,Mexico,Fitness_Wearables,78.24
2024-12-29,MX,Mexico,Fitness_Wearables,84.44
2025-01-05,MX,Mexico,Fitness_Wearables,89.55
2025-01-12,MX,Mexico,Fitness_Wearables,80.09
2025-01-19,MX,Mexico,Fitness_Wearables,74.43
2025-01-26,MX,Mexico,Fitness_Wearables,73.23
2025-02-02,MX,Mexico,Fitness_Wearables,73.34
2025-02-09,MX,Mexico,Fitness_Wearables,69.86
2025-02-16,MX,Mexico,Fitness_Wearables,70.18
2025-02-23,MX,Mexico,Fitness_Wearables,67.79
2025-03-02,MX,Mexico,Fitness_Wearables,67.03
2025-03-09,MX,Mexico,Fitness_Wearables,72.14
2025-03-16,MX,Mexico,Fitness_Wearables,69.86
2025-03-23,MX,Mexico,Fitness_Wearables,66.92
2025-03-30,MX,Mexico,Fitness_Wearables,65.61
2025-04-06,MX,Mexico,Fitness_Wearables,64.85
2025-04-13,MX,Mexico,Fitness_Wearables,71.06
2025-04-20,MX,Mexico,Fitness_Wearables,73.78
2025-04-27,MX,Mexico,Fitness_Wearables,75.08
2025-05-04,MX,Mexico,Fitness_Wearables,73.67
2025-05-11,MX,Mexico,Fitness_Wearables,73.23
2025-05-18,MX,Mexico,Fitness_Wearables,71.71
2025-05-25,MX,Mexico,Fitness_Wearables,74.76
2025-06-01,MX,Mexico,Fitness_Wearables,85.2
2025-06-08,MX,Mexico,Fitness_Wearables,77.58
2025-06-15,MX,Mexico,Fitness_Wearables,75.3
2025-06-22,MX,Mexico,Fitness_Wearables,75.95
2025-06-29,MX,Mexico,Fitness_Wearables,77.26
2025-07-06,MX,Mexico,Fitness_Wearables,76.5
2025-07-13,MX,Mexico,Fitness_Wearables,75.52
2025-07-20,MX,Mexico,Fitness_Wearables,78.02
2025-07-27,MX,Mexico,Fitness_Wearables,77.15
2025-08-03,MX,Mexico,Fitness_Wearables,75.63
2025-08-10,MX,Mexico,Fitness_Wearables,69.86
2025-08-17,MX,Mexico,Fitness_Wearables,70.29
2025-08-24,MX,Mexico,Fitness_Wearables,68.12
2025-08-31,MX,Mexico,Fitness_Wearables,68.12
2025-09-07,MX,Mexico,Fitness_Wearables,61.15
2025-09-14,MX,Mexico,Fitness_Wearables,63.11
2025-09-21,MX,Mexico,Fitness_Wearables,61.59
2025-09-28,MX,Mexico,Fitness_Wearables,62.46
2025-10-05,MX,Mexico,Fitness_Wearables,60.17
2025-10-12,MX,Mexico,Fitness_Wearables,60.28
2025-10-19,MX,Mexico,Fitness_Wearables,61.15
2025-10-26,MX,Mexico,Fitness_Wearables,62.57
2025-11-02,MX,Mexico,Fitness_Wearables,69.53
2025-11-09,MX,Mexico,Fitness_Wearables,76.06
2025-11-16,MX,Mexico,Fitness_Wearables,82.48
2025-11-23,MX,Mexico,Fitness_Wearables,79.65
2025-11-30,MX,Mexico,Fitness_Wearables,84.33
2025-12-07,MX,Mexico,Fitness_Wearables,83.68
2025-12-14,MX,Mexico,Fitness_Wearables,83.68
2025-12-21,MX,Mexico,Fitness_Wearables,88.03
2025-12-28,MX,Mexico,Fitness_Wearables,91.4
2026-01-04,MX,Mexico,Fitness_Wearables,100
2026-01-11,MX,Mexico,Fitness_Wearables,90.97
2026-01-18,MX,Mexico,Fitness_Wearables,85.96
2026-01-25,MX,Mexico,Fitness_Wearables,91.51
2026-02-01,MX,Mexico,Fitness_Wearables,92.06
2026-02-08,MX,Mexico,Fitness_Wearables,87.81
2026-02-15,MX,Mexico,Fitness_Wearables,95.54
2026-02-22,MX,Mexico,Fitness_Wearables,86.18
2026-03-01,MX,Mexico,Fitness_Wearables,85.31
2026-03-08,MX,Mexico,Fitness_Wearables,85.2
2026-03-15,MX,Mexico,Fitness_Wearables,83.24
2026-03-22,MX,Mexico,Fitness_Wearables,80.52
2026-03-29,MX,Mexico,Fitness_Wearables,88.36
2026-04-05,MX,Mexico,Fitness_Wearables,91.84
2026-04-12,MX,Mexico,Fitness_Wearables,79.43
2026-04-19,MX,Mexico,Fitness_Wearables,77.8
2026-04-26,MX,Mexico,Fitness_Wearables,79.11
2026-05-03,MX,Mexico,Fitness_Wearables,80.52
2026-05-10,MX,Mexico,Fitness_Wearables,75.41
2026-05-17,MX,Mexico,Fitness_Wearables,73.99
2026-05-24,MX,Mexico,Fitness_Wearables,77.04
2026-05-31,MX,Mexico,Fitness_Wearables,81.07
2026-06-07,MX,Mexico,Fitness_Wearables,72.47
2026-06-14,MX,Mexico,Fitness_Wearables,80.3
2026-06-21,MX,Mexico,Fitness_Wearables,95.54
2026-06-28,MX,Mexico,Fitness_Wearables,75.19
2026-07-05,MX,Mexico,Fitness_Wearables,75.3
2026-07-12,MX,Mexico,Fitness_Wearables,82.48
2026-07-19,MX,Mexico,Fitness_Wearables,85.2
2026-07-26,MX,Mexico,Fitness_Wearables,85.31
2026-08-02,MX,Mexico,Fitness_Wearables,82.48
2026-08-09,MX,Mexico,Fitness_Wearables,78.45
2026-08-16,MX,Mexico,Fitness_Wearables,77.69
2026-08-23,MX,Mexico,Fitness_Wearables,71.27
2023-01-01,MX,Mexico,Fashion_Beauty,62.23
2023-01-08,MX,Mexico,Fashion_Beauty,55.57
2023-01-15,MX,Mexico,Fashion_Beauty,52.45
2023-01-22,MX,Mexico,Fashion_Beauty,55.03
2023-01-29,MX,Mexico,Fashion_Beauty,51.9
2023-02-05,MX,Mexico,Fashion_Beauty,54.76
2023-02-12,MX,Mexico,Fashion_Beauty,51.9
2023-02-19,MX,Mexico,Fashion_Beauty,54.08
2023-02-26,MX,Mexico,Fashion_Beauty,53.4
2023-03-05,MX,Mexico,Fashion_Beauty,56.66
2023-03-12,MX,Mexico,Fashion_Beauty,53.53
2023-03-19,MX,Mexico,Fashion_Beauty,53.94
2023-03-26,MX,Mexico,Fashion_Beauty,52.58
2023-04-02,MX,Mexico,Fashion_Beauty,56.79
2023-04-09,MX,Mexico,Fashion_Beauty,57.47
2023-04-16,MX,Mexico,Fashion_Beauty,55.3
2023-04-23,MX,Mexico,Fashion_Beauty,55.98
2023-04-30,MX,Mexico,Fashion_Beauty,57.07
2023-05-07,MX,Mexico,Fashion_Beauty,56.52
2023-05-14,MX,Mexico,Fashion_Beauty,55.03
2023-05-21,MX,Mexico,Fashion_Beauty,53.8
2023-05-28,MX,Mexico,Fashion_Beauty,58.97
2023-06-04,MX,Mexico,Fashion_Beauty,56.11
2023-06-11,MX,Mexico,Fashion_Beauty,56.25
2023-06-18,MX,Mexico,Fashion_Beauty,55.71
2023-06-25,MX,Mexico,Fashion_Beauty,57.07
2023-07-02,MX,Mexico,Fashion_Beauty,63.59
2023-07-09,MX,Mexico,Fashion_Beauty,57.47
2023-07-16,MX,Mexico,Fashion_Beauty,58.42
2023-07-23,MX,Mexico,Fashion_Beauty,60.87
2023-07-30,MX,Mexico,Fashion_Beauty,58.15
2023-08-06,MX,Mexico,Fashion_Beauty,58.97
2023-08-13,MX,Mexico,Fashion_Beauty,69.02
2023-08-20,MX,Mexico,Fashion_Beauty,60.05
2023-08-27,MX,Mexico,Fashion_Beauty,53.67
2023-09-03,MX,Mexico,Fashion_Beauty,53.53
2023-09-10,MX,Mexico,Fashion_Beauty,53.26
2023-09-17,MX,Mexico,Fashion_Beauty,53.4
2023-09-24,MX,Mexico,Fashion_Beauty,54.35
2023-10-01,MX,Mexico,Fashion_Beauty,54.08
2023-10-08,MX,Mexico,Fashion_Beauty,54.89
2023-10-15,MX,Mexico,Fashion_Beauty,57.07
2023-10-22,MX,Mexico,Fashion_Beauty,54.62
2023-10-29,MX,Mexico,Fashion_Beauty,57.34
2023-11-05,MX,Mexico,Fashion_Beauty,57.07
2023-11-12,MX,Mexico,Fashion_Beauty,60.19
2023-11-19,MX,Mexico,Fashion_Beauty,61.96
2023-11-26,MX,Mexico,Fashion_Beauty,60.19
2023-12-03,MX,Mexico,Fashion_Beauty,60.87
2023-12-10,MX,Mexico,Fashion_Beauty,64.81
2023-12-17,MX,Mexico,Fashion_Beauty,71.88
2023-12-24,MX,Mexico,Fashion_Beauty,72.15
2023-12-31,MX,Mexico,Fashion_Beauty,68.07
2024-01-07,MX,Mexico,Fashion_Beauty,58.97
2024-01-14,MX,Mexico,Fashion_Beauty,56.11
2024-01-21,MX,Mexico,Fashion_Beauty,55.03
2024-01-28,MX,Mexico,Fashion_Beauty,52.58
2024-02-04,MX,Mexico,Fashion_Beauty,55.3
2024-02-11,MX,Mexico,Fashion_Beauty,53.53
2024-02-18,MX,Mexico,Fashion_Beauty,53.53
2024-02-25,MX,Mexico,Fashion_Beauty,52.17
2024-03-03,MX,Mexico,Fashion_Beauty,51.63
2024-03-10,MX,Mexico,Fashion_Beauty,51.36
2024-03-17,MX,Mexico,Fashion_Beauty,51.36
2024-03-24,MX,Mexico,Fashion_Beauty,57.61
2024-03-31,MX,Mexico,Fashion_Beauty,57.34
2024-04-07,MX,Mexico,Fashion_Beauty,50.41
2024-04-14,MX,Mexico,Fashion_Beauty,51.36
2024-04-21,MX,Mexico,Fashion_Beauty,52.17
2024-04-28,MX,Mexico,Fashion_Beauty,54.48
2024-05-05,MX,Mexico,Fashion_Beauty,55.43
2024-05-12,MX,Mexico,Fashion_Beauty,55.03
2024-05-19,MX,Mexico,Fashion_Beauty,51.9
2024-05-26,MX,Mexico,Fashion_Beauty,49.59
2024-06-02,MX,Mexico,Fashion_Beauty,49.32
2024-06-09,MX,Mexico,Fashion_Beauty,54.35
2024-06-16,MX,Mexico,Fashion_Beauty,54.35
2024-06-23,MX,Mexico,Fashion_Beauty,54.89
2024-06-30,MX,Mexico,Fashion_Beauty,53.94
2024-07-07,MX,Mexico,Fashion_Beauty,56.52
2024-07-14,MX,Mexico,Fashion_Beauty,61.28
2024-07-21,MX,Mexico,Fashion_Beauty,60.46
2024-07-28,MX,Mexico,Fashion_Beauty,59.65
2024-08-04,MX,Mexico,Fashion_Beauty,60.73
2024-08-11,MX,Mexico,Fashion_Beauty,78.26
2024-08-18,MX,Mexico,Fashion_Beauty,62.5
2024-08-25,MX,Mexico,Fashion_Beauty,53.12
2024-09-01,MX,Mexico,Fashion_Beauty,53.67
2024-09-08,MX,Mexico,Fashion_Beauty,54.35
2024-09-15,MX,Mexico,Fashion_Beauty,53.4
2024-09-22,MX,Mexico,Fashion_Beauty,60.05
2024-09-29,MX,Mexico,Fashion_Beauty,60.05
2024-10-06,MX,Mexico,Fashion_Beauty,58.97
2024-10-13,MX,Mexico,Fashion_Beauty,77.99
2024-10-20,MX,Mexico,Fashion_Beauty,59.24
2024-10-27,MX,Mexico,Fashion_Beauty,57.61
2024-11-03,MX,Mexico,Fashion_Beauty,56.66
2024-11-10,MX,Mexico,Fashion_Beauty,59.65
2024-11-17,MX,Mexico,Fashion_Beauty,65.76
2024-11-24,MX,Mexico,Fashion_Beauty,66.85
2024-12-01,MX,Mexico,Fashion_Beauty,63.59
2024-12-08,MX,Mexico,Fashion_Beauty,67.12
2024-12-15,MX,Mexico,Fashion_Beauty,72.83
2024-12-22,MX,Mexico,Fashion_Beauty,78.8
2024-12-29,MX,Mexico,Fashion_Beauty,70.92
2025-01-05,MX,Mexico,Fashion_Beauty,62.77
2025-01-12,MX,Mexico,Fashion_Beauty,60.05
2025-01-19,MX,Mexico,Fashion_Beauty,59.1
2025-01-26,MX,Mexico,Fashion_Beauty,58.42
2025-02-02,MX,Mexico,Fashion_Beauty,58.02
2025-02-09,MX,Mexico,Fashion_Beauty,56.11
2025-02-16,MX,Mexico,Fashion_Beauty,56.79
2025-02-23,MX,Mexico,Fashion_Beauty,55.57
2025-03-02,MX,Mexico,Fashion_Beauty,53.8
2025-03-09,MX,Mexico,Fashion_Beauty,54.21
2025-03-16,MX,Mexico,Fashion_Beauty,57.2
2025-03-23,MX,Mexico,Fashion_Beauty,56.39
2025-03-30,MX,Mexico,Fashion_Beauty,54.35
2025-04-06,MX,Mexico,Fashion_Beauty,58.97
2025-04-13,MX,Mexico,Fashion_Beauty,65.49
2025-04-20,MX,Mexico,Fashion_Beauty,61.68
2025-04-27,MX,Mexico,Fashion_Beauty,61.14
2025-05-04,MX,Mexico,Fashion_Beauty,62.36
2025-05-11,MX,Mexico,Fashion_Beauty,58.83
2025-05-18,MX,Mexico,Fashion_Beauty,58.02
2025-05-25,MX,Mexico,Fashion_Beauty,60.33
2025-06-01,MX,Mexico,Fashion_Beauty,61.82
2025-06-08,MX,Mexico,Fashion_Beauty,64.67
2025-06-15,MX,Mexico,Fashion_Beauty,61.41
2025-06-22,MX,Mexico,Fashion_Beauty,63.45
2025-06-29,MX,Mexico,Fashion_Beauty,62.77
2025-07-06,MX,Mexico,Fashion_Beauty,59.37
2025-07-13,MX,Mexico,Fashion_Beauty,60.73
2025-07-20,MX,Mexico,Fashion_Beauty,61.82
2025-07-27,MX,Mexico,Fashion_Beauty,59.92
2025-08-03,MX,Mexico,Fashion_Beauty,64.67
2025-08-10,MX,Mexico,Fashion_Beauty,68.07
2025-08-17,MX,Mexico,Fashion_Beauty,59.78
2025-08-24,MX,Mexico,Fashion_Beauty,55.71
2025-08-31,MX,Mexico,Fashion_Beauty,54.48
2025-09-07,MX,Mexico,Fashion_Beauty,51.9
2025-09-14,MX,Mexico,Fashion_Beauty,54.48
2025-09-21,MX,Mexico,Fashion_Beauty,53.8
2025-09-28,MX,Mexico,Fashion_Beauty,58.29
2025-10-05,MX,Mexico,Fashion_Beauty,56.11
2025-10-12,MX,Mexico,Fashion_Beauty,82.61
2025-10-19,MX,Mexico,Fashion_Beauty,58.97
2025-10-26,MX,Mexico,Fashion_Beauty,61.14
2025-11-02,MX,Mexico,Fashion_Beauty,70.11
2025-11-09,MX,Mexico,Fashion_Beauty,76.63
2025-11-16,MX,Mexico,Fashion_Beauty,80.84
2025-11-23,MX,Mexico,Fashion_Beauty,88.59
2025-11-30,MX,Mexico,Fashion_Beauty,96.06
2025-12-07,MX,Mexico,Fashion_Beauty,100
2025-12-14,MX,Mexico,Fashion_Beauty,95.79
2025-12-21,MX,Mexico,Fashion_Beauty,93.89
2025-12-28,MX,Mexico,Fashion_Beauty,87.64
2026-01-04,MX,Mexico,Fashion_Beauty,83.83
2026-01-11,MX,Mexico,Fashion_Beauty,80.16
2026-01-18,MX,Mexico,Fashion_Beauty,75.82
2026-01-25,MX,Mexico,Fashion_Beauty,81.25
2026-02-01,MX,Mexico,Fashion_Beauty,84.37
2026-02-08,MX,Mexico,Fashion_Beauty,98.64
2026-02-15,MX,Mexico,Fashion_Beauty,98.78
2026-02-22,MX,Mexico,Fashion_Beauty,83.15
2026-03-01,MX,Mexico,Fashion_Beauty,68.89
2026-03-08,MX,Mexico,Fashion_Beauty,68.21
2026-03-15,MX,Mexico,Fashion_Beauty,69.43
2026-03-22,MX,Mexico,Fashion_Beauty,70.52
2026-03-29,MX,Mexico,Fashion_Beauty,74.05
2026-04-05,MX,Mexico,Fashion_Beauty,74.59
2026-04-12,MX,Mexico,Fashion_Beauty,68.21
2026-04-19,MX,Mexico,Fashion_Beauty,68.89
2026-04-26,MX,Mexico,Fashion_Beauty,67.8
2026-05-03,MX,Mexico,Fashion_Beauty,68.61
2026-05-10,MX,Mexico,Fashion_Beauty,66.03
2026-05-17,MX,Mexico,Fashion_Beauty,63.59
2026-05-24,MX,Mexico,Fashion_Beauty,65.35
2026-05-31,MX,Mexico,Fashion_Beauty,63.45
2026-06-07,MX,Mexico,Fashion_Beauty,59.51
2026-06-14,MX,Mexico,Fashion_Beauty,73.37
2026-06-21,MX,Mexico,Fashion_Beauty,88.04
2026-06-28,MX,Mexico,Fashion_Beauty,68.48
2026-07-05,MX,Mexico,Fashion_Beauty,65.49
2026-07-12,MX,Mexico,Fashion_Beauty,68.75
2026-07-19,MX,Mexico,Fashion_Beauty,66.85
2026-07-26,MX,Mexico,Fashion_Beauty,69.16
2026-08-02,MX,Mexico,Fashion_Beauty,63.59
2026-08-09,MX,Mexico,Fashion_Beauty,66.71
2026-08-16,MX,Mexico,Fashion_Beauty,61.14
2026-08-23,MX,Mexico,Fashion_Beauty,55.43
2023-01-01,NG,Nigeria,Nutrition_Diets,79.44
2023-01-08,NG,Nigeria,Nutrition_Diets,84.76
2023-01-15,NG,Nigeria,Nutrition_Diets,90.21
2023-01-22,NG,Nigeria,Nutrition_Diets,90.69
2023-01-29,NG,Nigeria,Nutrition_Diets,82.1
2023-02-05,NG,Nigeria,Nutrition_Diets,85.01
2023-02-12,NG,Nigeria,Nutrition_Diets,78.23
2023-02-19,NG,Nigeria,Nutrition_Diets,73.88
2023-02-26,NG,Nigeria,Nutrition_Diets,72.91
2023-03-05,NG,Nigeria,Nutrition_Diets,83.19
2023-03-12,NG,Nigeria,Nutrition_Diets,77.75
2023-03-19,NG,Nigeria,Nutrition_Diets,85.25
2023-03-26,NG,Nigeria,Nutrition_Diets,88.51
2023-04-02,NG,Nigeria,Nutrition_Diets,82.1
2023-04-09,NG,Nigeria,Nutrition_Diets,81.14
2023-04-16,NG,Nigeria,Nutrition_Diets,85.61
2023-04-23,NG,Nigeria,Nutrition_Diets,86.94
2023-04-30,NG,Nigeria,Nutrition_Diets,89.72
2023-05-07,NG,Nigeria,Nutrition_Diets,95.41
2023-05-14,NG,Nigeria,Nutrition_Diets,100
2023-05-21,NG,Nigeria,Nutrition_Diets,96.86
2023-05-28,NG,Nigeria,Nutrition_Diets,90.93
2023-06-04,NG,Nigeria,Nutrition_Diets,97.1
2023-06-11,NG,Nigeria,Nutrition_Diets,96.61
2023-06-18,NG,Nigeria,Nutrition_Diets,90.33
2023-06-25,NG,Nigeria,Nutrition_Diets,83.43
2023-07-02,NG,Nigeria,Nutrition_Diets,94.92
2023-07-09,NG,Nigeria,Nutrition_Diets,87.18
2023-07-16,NG,Nigeria,Nutrition_Diets,85.49
2023-07-23,NG,Nigeria,Nutrition_Diets,77.27
2023-07-30,NG,Nigeria,Nutrition_Diets,79.2
2023-08-06,NG,Nigeria,Nutrition_Diets,73.88
2023-08-13,NG,Nigeria,Nutrition_Diets,78.72
2023-08-20,NG,Nigeria,Nutrition_Diets,81.38
2023-08-27,NG,Nigeria,Nutrition_Diets,80.17
2023-09-03,NG,Nigeria,Nutrition_Diets,78.96
2023-09-10,NG,Nigeria,Nutrition_Diets,83.8
2023-09-17,NG,Nigeria,Nutrition_Diets,79.44
2023-09-24,NG,Nigeria,Nutrition_Diets,86.46
2023-10-01,NG,Nigeria,Nutrition_Diets,83.43
2023-10-08,NG,Nigeria,Nutrition_Diets,95.77
2023-10-15,NG,Nigeria,Nutrition_Diets,90.45
2023-10-22,NG,Nigeria,Nutrition_Diets,85.25
2023-10-29,NG,Nigeria,Nutrition_Diets,82.95
2023-11-05,NG,Nigeria,Nutrition_Diets,86.34
2023-11-12,NG,Nigeria,Nutrition_Diets,89
2023-11-19,NG,Nigeria,Nutrition_Diets,87.42
2023-11-26,NG,Nigeria,Nutrition_Diets,82.35
2023-12-03,NG,Nigeria,Nutrition_Diets,73.76
2023-12-10,NG,Nigeria,Nutrition_Diets,71.58
2023-12-17,NG,Nigeria,Nutrition_Diets,62.52
2023-12-24,NG,Nigeria,Nutrition_Diets,56.23
2023-12-31,NG,Nigeria,Nutrition_Diets,66.38
2024-01-07,NG,Nigeria,Nutrition_Diets,79.81
2024-01-14,NG,Nigeria,Nutrition_Diets,81.74
2024-01-21,NG,Nigeria,Nutrition_Diets,86.58
2024-01-28,NG,Nigeria,Nutrition_Diets,82.35
2024-02-04,NG,Nigeria,Nutrition_Diets,78.36
2024-02-11,NG,Nigeria,Nutrition_Diets,74.24
2024-02-18,NG,Nigeria,Nutrition_Diets,78.84
2024-02-25,NG,Nigeria,Nutrition_Diets,78.48
2024-03-03,NG,Nigeria,Nutrition_Diets,76.18
2024-03-10,NG,Nigeria,Nutrition_Diets,75.21
2024-03-17,NG,Nigeria,Nutrition_Diets,87.79
2024-03-24,NG,Nigeria,Nutrition_Diets,71.1
2024-03-31,NG,Nigeria,Nutrition_Diets,69.04
2024-04-07,NG,Nigeria,Nutrition_Diets,67.71
2024-04-14,NG,Nigeria,Nutrition_Diets,72.55
2024-04-21,NG,Nigeria,Nutrition_Diets,78.6
2024-04-28,NG,Nigeria,Nutrition_Diets,83.56
2024-05-05,NG,Nigeria,Nutrition_Diets,85.49
2024-05-12,NG,Nigeria,Nutrition_Diets,84.04
2024-05-19,NG,Nigeria,Nutrition_Diets,80.29
2024-05-26,NG,Nigeria,Nutrition_Diets,76.9
2024-06-02,NG,Nigeria,Nutrition_Diets,76.18
2024-06-09,NG,Nigeria,Nutrition_Diets,79.08
2024-06-16,NG,Nigeria,Nutrition_Diets,74.61
2024-06-23,NG,Nigeria,Nutrition_Diets,81.26
2024-06-30,NG,Nigeria,Nutrition_Diets,79.08
2024-07-07,NG,Nigeria,Nutrition_Diets,76.42
2024-07-14,NG,Nigeria,Nutrition_Diets,73.4
2024-07-21,NG,Nigeria,Nutrition_Diets,73.52
2024-07-28,NG,Nigeria,Nutrition_Diets,69.04
2024-08-04,NG,Nigeria,Nutrition_Diets,72.43
2024-08-11,NG,Nigeria,Nutrition_Diets,67.84
2024-08-18,NG,Nigeria,Nutrition_Diets,68.08
2024-08-25,NG,Nigeria,Nutrition_Diets,64.57
2024-09-01,NG,Nigeria,Nutrition_Diets,66.02
2024-09-08,NG,Nigeria,Nutrition_Diets,69.53
2024-09-15,NG,Nigeria,Nutrition_Diets,76.3
2024-09-22,NG,Nigeria,Nutrition_Diets,74.12
2024-09-29,NG,Nigeria,Nutrition_Diets,74.61
2024-10-06,NG,Nigeria,Nutrition_Diets,79.44
2024-10-13,NG,Nigeria,Nutrition_Diets,77.75
2024-10-20,NG,Nigeria,Nutrition_Diets,69.65
2024-10-27,NG,Nigeria,Nutrition_Diets,74.85
2024-11-03,NG,Nigeria,Nutrition_Diets,72.43
2024-11-10,NG,Nigeria,Nutrition_Diets,79.93
2024-11-17,NG,Nigeria,Nutrition_Diets,78.36
2024-11-24,NG,Nigeria,Nutrition_Diets,70.01
2024-12-01,NG,Nigeria,Nutrition_Diets,63.85
2024-12-08,NG,Nigeria,Nutrition_Diets,57.19
2024-12-15,NG,Nigeria,Nutrition_Diets,57.8
2024-12-22,NG,Nigeria,Nutrition_Diets,57.68
2024-12-29,NG,Nigeria,Nutrition_Diets,59.85
2025-01-05,NG,Nigeria,Nutrition_Diets,71.83
2025-01-12,NG,Nigeria,Nutrition_Diets,77.75
2025-01-19,NG,Nigeria,Nutrition_Diets,79.08
2025-01-26,NG,Nigeria,Nutrition_Diets,82.95
2025-02-02,NG,Nigeria,Nutrition_Diets,76.66
2025-02-09,NG,Nigeria,Nutrition_Diets,72.67
2025-02-16,NG,Nigeria,Nutrition_Diets,75.94
2025-02-23,NG,Nigeria,Nutrition_Diets,76.42
2025-03-02,NG,Nigeria,Nutrition_Diets,73.16
2025-03-09,NG,Nigeria,Nutrition_Diets,71.7
2025-03-16,NG,Nigeria,Nutrition_Diets,75.09
2025-03-23,NG,Nigeria,Nutrition_Diets,69.53
2025-03-30,NG,Nigeria,Nutrition_Diets,68.2
2025-04-06,NG,Nigeria,Nutrition_Diets,65.66
2025-04-13,NG,Nigeria,Nutrition_Diets,61.55
2025-04-20,NG,Nigeria,Nutrition_Diets,68.56
2025-04-27,NG,Nigeria,Nutrition_Diets,73.52
2025-05-04,NG,Nigeria,Nutrition_Diets,74.12
2025-05-11,NG,Nigeria,Nutrition_Diets,80.89
2025-05-18,NG,Nigeria,Nutrition_Diets,76.3
2025-05-25,NG,Nigeria,Nutrition_Diets,69.04
2025-06-01,NG,Nigeria,Nutrition_Diets,69.53
2025-06-08,NG,Nigeria,Nutrition_Diets,68.92
2025-06-15,NG,Nigeria,Nutrition_Diets,77.87
2025-06-22,NG,Nigeria,Nutrition_Diets,75.45
2025-06-29,NG,Nigeria,Nutrition_Diets,71.7
2025-07-06,NG,Nigeria,Nutrition_Diets,72.31
2025-07-13,NG,Nigeria,Nutrition_Diets,70.5
2025-07-20,NG,Nigeria,Nutrition_Diets,68.32
2025-07-27,NG,Nigeria,Nutrition_Diets,65.05
2025-08-03,NG,Nigeria,Nutrition_Diets,72.43
2025-08-10,NG,Nigeria,Nutrition_Diets,65.3
2025-08-17,NG,Nigeria,Nutrition_Diets,61.67
2025-08-24,NG,Nigeria,Nutrition_Diets,65.54
2025-08-31,NG,Nigeria,Nutrition_Diets,66.87
2025-09-07,NG,Nigeria,Nutrition_Diets,69.65
2025-09-14,NG,Nigeria,Nutrition_Diets,63.6
2025-09-21,NG,Nigeria,Nutrition_Diets,65.05
2025-09-28,NG,Nigeria,Nutrition_Diets,67.11
2025-10-05,NG,Nigeria,Nutrition_Diets,71.34
2025-10-12,NG,Nigeria,Nutrition_Diets,74.61
2025-10-19,NG,Nigeria,Nutrition_Diets,70.37
2025-10-26,NG,Nigeria,Nutrition_Diets,77.75
2025-11-02,NG,Nigeria,Nutrition_Diets,82.71
2025-11-09,NG,Nigeria,Nutrition_Diets,89.12
2025-11-16,NG,Nigeria,Nutrition_Diets,81.14
2025-11-23,NG,Nigeria,Nutrition_Diets,77.39
2025-11-30,NG,Nigeria,Nutrition_Diets,72.79
2025-12-07,NG,Nigeria,Nutrition_Diets,66.87
2025-12-14,NG,Nigeria,Nutrition_Diets,65.66
2025-12-21,NG,Nigeria,Nutrition_Diets,51.03
2025-12-28,NG,Nigeria,Nutrition_Diets,50.54
2026-01-04,NG,Nigeria,Nutrition_Diets,62.15
2026-01-11,NG,Nigeria,Nutrition_Diets,70.86
2026-01-18,NG,Nigeria,Nutrition_Diets,82.47
2026-01-25,NG,Nigeria,Nutrition_Diets,85.49
2026-02-01,NG,Nigeria,Nutrition_Diets,77.03
2026-02-08,NG,Nigeria,Nutrition_Diets,73.64
2026-02-15,NG,Nigeria,Nutrition_Diets,81.98
2026-02-22,NG,Nigeria,Nutrition_Diets,80.29
2026-03-01,NG,Nigeria,Nutrition_Diets,69.41
2026-03-08,NG,Nigeria,Nutrition_Diets,74
2026-03-15,NG,Nigeria,Nutrition_Diets,69.53
2026-03-22,NG,Nigeria,Nutrition_Diets,77.75
2026-03-29,NG,Nigeria,Nutrition_Diets,73.4
2026-04-05,NG,Nigeria,Nutrition_Diets,73.76
2026-04-12,NG,Nigeria,Nutrition_Diets,72.67
2026-04-19,NG,Nigeria,Nutrition_Diets,75.57
2026-04-26,NG,Nigeria,Nutrition_Diets,74.24
2026-05-03,NG,Nigeria,Nutrition_Diets,81.86
2026-05-10,NG,Nigeria,Nutrition_Diets,82.95
2026-05-17,NG,Nigeria,Nutrition_Diets,78.36
2026-05-24,NG,Nigeria,Nutrition_Diets,70.5
2026-05-31,NG,Nigeria,Nutrition_Diets,75.21
2026-06-07,NG,Nigeria,Nutrition_Diets,74.37
2026-06-14,NG,Nigeria,Nutrition_Diets,68.32
2026-06-21,NG,Nigeria,Nutrition_Diets,73.52
2026-06-28,NG,Nigeria,Nutrition_Diets,66.51
2026-07-05,NG,Nigeria,Nutrition_Diets,66.26
2026-07-12,NG,Nigeria,Nutrition_Diets,65.18
2026-07-19,NG,Nigeria,Nutrition_Diets,63.97
2026-07-26,NG,Nigeria,Nutrition_Diets,63
2026-08-02,NG,Nigeria,Nutrition_Diets,60.82
2026-08-09,NG,Nigeria,Nutrition_Diets,61.31
2026-08-16,NG,Nigeria,Nutrition_Diets,58.52
2026-08-23,NG,Nigeria,Nutrition_Diets,61.55
2023-01-01,NG,Nigeria,Fitness_Wearables,75.97
2023-01-08,NG,Nigeria,Fitness_Wearables,78.15
2023-01-15,NG,Nigeria,Fitness_Wearables,85.55
2023-01-22,NG,Nigeria,Fitness_Wearables,82.69
2023-01-29,NG,Nigeria,Fitness_Wearables,96.47
2023-02-05,NG,Nigeria,Fitness_Wearables,92.77
2023-02-12,NG,Nigeria,Fitness_Wearables,88.24
2023-02-19,NG,Nigeria,Fitness_Wearables,77.31
2023-02-26,NG,Nigeria,Fitness_Wearables,73.11
2023-03-05,NG,Nigeria,Fitness_Wearables,79.16
2023-03-12,NG,Nigeria,Fitness_Wearables,75.8
2023-03-19,NG,Nigeria,Fitness_Wearables,76.13
2023-03-26,NG,Nigeria,Fitness_Wearables,87.9
2023-04-02,NG,Nigeria,Fitness_Wearables,73.45
2023-04-09,NG,Nigeria,Fitness_Wearables,77.82
2023-04-16,NG,Nigeria,Fitness_Wearables,77.48
2023-04-23,NG,Nigeria,Fitness_Wearables,79.66
2023-04-30,NG,Nigeria,Fitness_Wearables,71.43
2023-05-07,NG,Nigeria,Fitness_Wearables,77.31
2023-05-14,NG,Nigeria,Fitness_Wearables,74.45
2023-05-21,NG,Nigeria,Fitness_Wearables,82.02
2023-05-28,NG,Nigeria,Fitness_Wearables,80
2023-06-04,NG,Nigeria,Fitness_Wearables,79.66
2023-06-11,NG,Nigeria,Fitness_Wearables,80.5
2023-06-18,NG,Nigeria,Fitness_Wearables,77.82
2023-06-25,NG,Nigeria,Fitness_Wearables,80.34
2023-07-02,NG,Nigeria,Fitness_Wearables,84.54
2023-07-09,NG,Nigeria,Fitness_Wearables,80.17
2023-07-16,NG,Nigeria,Fitness_Wearables,83.19
2023-07-23,NG,Nigeria,Fitness_Wearables,75.97
2023-07-30,NG,Nigeria,Fitness_Wearables,76.97
2023-08-06,NG,Nigeria,Fitness_Wearables,74.62
2023-08-13,NG,Nigeria,Fitness_Wearables,72.77
2023-08-20,NG,Nigeria,Fitness_Wearables,74.96
2023-08-27,NG,Nigeria,Fitness_Wearables,75.8
2023-09-03,NG,Nigeria,Fitness_Wearables,74.79
2023-09-10,NG,Nigeria,Fitness_Wearables,79.66
2023-09-17,NG,Nigeria,Fitness_Wearables,86.89
2023-09-24,NG,Nigeria,Fitness_Wearables,88.24
2023-10-01,NG,Nigeria,Fitness_Wearables,88.07
2023-10-08,NG,Nigeria,Fitness_Wearables,93.28
2023-10-15,NG,Nigeria,Fitness_Wearables,87.23
2023-10-22,NG,Nigeria,Fitness_Wearables,82.86
2023-10-29,NG,Nigeria,Fitness_Wearables,83.7
2023-11-05,NG,Nigeria,Fitness_Wearables,85.88
2023-11-12,NG,Nigeria,Fitness_Wearables,87.39
2023-11-19,NG,Nigeria,Fitness_Wearables,88.74
2023-11-26,NG,Nigeria,Fitness_Wearables,76.3
2023-12-03,NG,Nigeria,Fitness_Wearables,67.9
2023-12-10,NG,Nigeria,Fitness_Wearables,69.08
2023-12-17,NG,Nigeria,Fitness_Wearables,61.34
2023-12-24,NG,Nigeria,Fitness_Wearables,65.38
2023-12-31,NG,Nigeria,Fitness_Wearables,72.27
2024-01-07,NG,Nigeria,Fitness_Wearables,74.96
2024-01-14,NG,Nigeria,Fitness_Wearables,74.96
2024-01-21,NG,Nigeria,Fitness_Wearables,76.3
2024-01-28,NG,Nigeria,Fitness_Wearables,76.64
2024-02-04,NG,Nigeria,Fitness_Wearables,78.82
2024-02-11,NG,Nigeria,Fitness_Wearables,69.08
2024-02-18,NG,Nigeria,Fitness_Wearables,67.9
2024-02-25,NG,Nigeria,Fitness_Wearables,66.89
2024-03-03,NG,Nigeria,Fitness_Wearables,68.74
2024-03-10,NG,Nigeria,Fitness_Wearables,67.9
2024-03-17,NG,Nigeria,Fitness_Wearables,74.45
2024-03-24,NG,Nigeria,Fitness_Wearables,69.41
2024-03-31,NG,Nigeria,Fitness_Wearables,59.5
2024-04-07,NG,Nigeria,Fitness_Wearables,63.36
2024-04-14,NG,Nigeria,Fitness_Wearables,62.18
2024-04-21,NG,Nigeria,Fitness_Wearables,65.71
2024-04-28,NG,Nigeria,Fitness_Wearables,64.2
2024-05-05,NG,Nigeria,Fitness_Wearables,68.4
2024-05-12,NG,Nigeria,Fitness_Wearables,72.1
2024-05-19,NG,Nigeria,Fitness_Wearables,67.73
2024-05-26,NG,Nigeria,Fitness_Wearables,69.75
2024-06-02,NG,Nigeria,Fitness_Wearables,70.76
2024-06-09,NG,Nigeria,Fitness_Wearables,73.95
2024-06-16,NG,Nigeria,Fitness_Wearables,68.74
2024-06-23,NG,Nigeria,Fitness_Wearables,73.11
2024-06-30,NG,Nigeria,Fitness_Wearables,67.9
2024-07-07,NG,Nigeria,Fitness_Wearables,72.27
2024-07-14,NG,Nigeria,Fitness_Wearables,67.39
2024-07-21,NG,Nigeria,Fitness_Wearables,71.26
2024-07-28,NG,Nigeria,Fitness_Wearables,66.89
2024-08-04,NG,Nigeria,Fitness_Wearables,70.59
2024-08-11,NG,Nigeria,Fitness_Wearables,76.64
2024-08-18,NG,Nigeria,Fitness_Wearables,67.9
2024-08-25,NG,Nigeria,Fitness_Wearables,65.55
2024-09-01,NG,Nigeria,Fitness_Wearables,66.22
2024-09-08,NG,Nigeria,Fitness_Wearables,71.26
2024-09-15,NG,Nigeria,Fitness_Wearables,72.27
2024-09-22,NG,Nigeria,Fitness_Wearables,80.84
2024-09-29,NG,Nigeria,Fitness_Wearables,78.99
2024-10-06,NG,Nigeria,Fitness_Wearables,88.07
2024-10-13,NG,Nigeria,Fitness_Wearables,78.49
2024-10-20,NG,Nigeria,Fitness_Wearables,75.8
2024-10-27,NG,Nigeria,Fitness_Wearables,69.75
2024-11-03,NG,Nigeria,Fitness_Wearables,69.08
2024-11-10,NG,Nigeria,Fitness_Wearables,75.97
2024-11-17,NG,Nigeria,Fitness_Wearables,75.8
2024-11-24,NG,Nigeria,Fitness_Wearables,68.24
2024-12-01,NG,Nigeria,Fitness_Wearables,63.7
2024-12-08,NG,Nigeria,Fitness_Wearables,58.32
2024-12-15,NG,Nigeria,Fitness_Wearables,61.68
2024-12-22,NG,Nigeria,Fitness_Wearables,63.7
2024-12-29,NG,Nigeria,Fitness_Wearables,68.24
2025-01-05,NG,Nigeria,Fitness_Wearables,76.3
2025-01-12,NG,Nigeria,Fitness_Wearables,75.97
2025-01-19,NG,Nigeria,Fitness_Wearables,72.94
2025-01-26,NG,Nigeria,Fitness_Wearables,71.6
2025-02-02,NG,Nigeria,Fitness_Wearables,75.13
2025-02-09,NG,Nigeria,Fitness_Wearables,71.43
2025-02-16,NG,Nigeria,Fitness_Wearables,65.88
2025-02-23,NG,Nigeria,Fitness_Wearables,73.95
2025-03-02,NG,Nigeria,Fitness_Wearables,72.94
2025-03-09,NG,Nigeria,Fitness_Wearables,68.4
2025-03-16,NG,Nigeria,Fitness_Wearables,75.13
2025-03-23,NG,Nigeria,Fitness_Wearables,71.6
2025-03-30,NG,Nigeria,Fitness_Wearables,71.09
2025-04-06,NG,Nigeria,Fitness_Wearables,70.92
2025-04-13,NG,Nigeria,Fitness_Wearables,62.52
2025-04-20,NG,Nigeria,Fitness_Wearables,69.58
2025-04-27,NG,Nigeria,Fitness_Wearables,70.76
2025-05-04,NG,Nigeria,Fitness_Wearables,66.05
2025-05-11,NG,Nigeria,Fitness_Wearables,67.56
2025-05-18,NG,Nigeria,Fitness_Wearables,70.08
2025-05-25,NG,Nigeria,Fitness_Wearables,68.24
2025-06-01,NG,Nigeria,Fitness_Wearables,73.61
2025-06-08,NG,Nigeria,Fitness_Wearables,69.08
2025-06-15,NG,Nigeria,Fitness_Wearables,78.15
2025-06-22,NG,Nigeria,Fitness_Wearables,78.32
2025-06-29,NG,Nigeria,Fitness_Wearables,70.92
2025-07-06,NG,Nigeria,Fitness_Wearables,75.97
2025-07-13,NG,Nigeria,Fitness_Wearables,70.42
2025-07-20,NG,Nigeria,Fitness_Wearables,67.73
2025-07-27,NG,Nigeria,Fitness_Wearables,69.58
2025-08-03,NG,Nigeria,Fitness_Wearables,73.11
2025-08-10,NG,Nigeria,Fitness_Wearables,67.73
2025-08-17,NG,Nigeria,Fitness_Wearables,70.42
2025-08-24,NG,Nigeria,Fitness_Wearables,67.06
2025-08-31,NG,Nigeria,Fitness_Wearables,72.27
2025-09-07,NG,Nigeria,Fitness_Wearables,78.82
2025-09-14,NG,Nigeria,Fitness_Wearables,75.13
2025-09-21,NG,Nigeria,Fitness_Wearables,90.76
2025-09-28,NG,Nigeria,Fitness_Wearables,86.22
2025-10-05,NG,Nigeria,Fitness_Wearables,87.23
2025-10-12,NG,Nigeria,Fitness_Wearables,90.59
2025-10-19,NG,Nigeria,Fitness_Wearables,81.01
2025-10-26,NG,Nigeria,Fitness_Wearables,86.55
2025-11-02,NG,Nigeria,Fitness_Wearables,90.92
2025-11-09,NG,Nigeria,Fitness_Wearables,99.16
2025-11-16,NG,Nigeria,Fitness_Wearables,95.13
2025-11-23,NG,Nigeria,Fitness_Wearables,90.76
2025-11-30,NG,Nigeria,Fitness_Wearables,85.88
2025-12-07,NG,Nigeria,Fitness_Wearables,86.39
2025-12-14,NG,Nigeria,Fitness_Wearables,84.71
2025-12-21,NG,Nigeria,Fitness_Wearables,66.22
2025-12-28,NG,Nigeria,Fitness_Wearables,66.22
2026-01-04,NG,Nigeria,Fitness_Wearables,79.33
2026-01-11,NG,Nigeria,Fitness_Wearables,81.18
2026-01-18,NG,Nigeria,Fitness_Wearables,95.29
2026-01-25,NG,Nigeria,Fitness_Wearables,100
2026-02-01,NG,Nigeria,Fitness_Wearables,90.25
2026-02-08,NG,Nigeria,Fitness_Wearables,89.24
2026-02-15,NG,Nigeria,Fitness_Wearables,95.97
2026-02-22,NG,Nigeria,Fitness_Wearables,88.91
2026-03-01,NG,Nigeria,Fitness_Wearables,78.49
2026-03-08,NG,Nigeria,Fitness_Wearables,78.99
2026-03-15,NG,Nigeria,Fitness_Wearables,75.29
2026-03-22,NG,Nigeria,Fitness_Wearables,85.38
2026-03-29,NG,Nigeria,Fitness_Wearables,84.2
2026-04-05,NG,Nigeria,Fitness_Wearables,81.85
2026-04-12,NG,Nigeria,Fitness_Wearables,85.21
2026-04-19,NG,Nigeria,Fitness_Wearables,80.34
2026-04-26,NG,Nigeria,Fitness_Wearables,80.17
2026-05-03,NG,Nigeria,Fitness_Wearables,84.03
2026-05-10,NG,Nigeria,Fitness_Wearables,87.06
2026-05-17,NG,Nigeria,Fitness_Wearables,79.16
2026-05-24,NG,Nigeria,Fitness_Wearables,75.46
2026-05-31,NG,Nigeria,Fitness_Wearables,81.34
2026-06-07,NG,Nigeria,Fitness_Wearables,86.72
2026-06-14,NG,Nigeria,Fitness_Wearables,73.95
2026-06-21,NG,Nigeria,Fitness_Wearables,77.65
2026-06-28,NG,Nigeria,Fitness_Wearables,73.28
2026-07-05,NG,Nigeria,Fitness_Wearables,75.8
2026-07-12,NG,Nigeria,Fitness_Wearables,86.39
2026-07-19,NG,Nigeria,Fitness_Wearables,77.98
2026-07-26,NG,Nigeria,Fitness_Wearables,79.83
2026-08-02,NG,Nigeria,Fitness_Wearables,90.25
2026-08-09,NG,Nigeria,Fitness_Wearables,82.35
2026-08-16,NG,Nigeria,Fitness_Wearables,77.48
2026-08-23,NG,Nigeria,Fitness_Wearables,73.95
2023-01-01,NG,Nigeria,Fashion_Beauty,88.87
2023-01-08,NG,Nigeria,Fashion_Beauty,90.03
2023-01-15,NG,Nigeria,Fashion_Beauty,82.08
2023-01-22,NG,Nigeria,Fashion_Beauty,85.84
2023-01-29,NG,Nigeria,Fashion_Beauty,76.73
2023-02-05,NG,Nigeria,Fashion_Beauty,77.46
2023-02-12,NG,Nigeria,Fashion_Beauty,74.13
2023-02-19,NG,Nigeria,Fashion_Beauty,71.68
2023-02-26,NG,Nigeria,Fashion_Beauty,71.53
2023-03-05,NG,Nigeria,Fashion_Beauty,84.39
2023-03-12,NG,Nigeria,Fashion_Beauty,81.07
2023-03-19,NG,Nigeria,Fashion_Beauty,86.56
2023-03-26,NG,Nigeria,Fashion_Beauty,88.58
2023-04-02,NG,Nigeria,Fashion_Beauty,89.45
2023-04-09,NG,Nigeria,Fashion_Beauty,86.13
2023-04-16,NG,Nigeria,Fashion_Beauty,85.4
2023-04-23,NG,Nigeria,Fashion_Beauty,85.12
2023-04-30,NG,Nigeria,Fashion_Beauty,84.83
2023-05-07,NG,Nigeria,Fashion_Beauty,84.68
2023-05-14,NG,Nigeria,Fashion_Beauty,83.67
2023-05-21,NG,Nigeria,Fashion_Beauty,88.01
2023-05-28,NG,Nigeria,Fashion_Beauty,85.98
2023-06-04,NG,Nigeria,Fashion_Beauty,88.01
2023-06-11,NG,Nigeria,Fashion_Beauty,95.52
2023-06-18,NG,Nigeria,Fashion_Beauty,92.77
2023-06-25,NG,Nigeria,Fashion_Beauty,89.31
2023-07-02,NG,Nigeria,Fashion_Beauty,91.76
2023-07-09,NG,Nigeria,Fashion_Beauty,86.71
2023-07-16,NG,Nigeria,Fashion_Beauty,88.44
2023-07-23,NG,Nigeria,Fashion_Beauty,80.49
2023-07-30,NG,Nigeria,Fashion_Beauty,82.8
2023-08-06,NG,Nigeria,Fashion_Beauty,80.92
2023-08-13,NG,Nigeria,Fashion_Beauty,78.9
2023-08-20,NG,Nigeria,Fashion_Beauty,81.5
2023-08-27,NG,Nigeria,Fashion_Beauty,77.89
2023-09-03,NG,Nigeria,Fashion_Beauty,83.67
2023-09-10,NG,Nigeria,Fashion_Beauty,81.21
2023-09-17,NG,Nigeria,Fashion_Beauty,73.99
2023-09-24,NG,Nigeria,Fashion_Beauty,76.88
2023-10-01,NG,Nigeria,Fashion_Beauty,82.37
2023-10-08,NG,Nigeria,Fashion_Beauty,81.5
2023-10-15,NG,Nigeria,Fashion_Beauty,81.5
2023-10-22,NG,Nigeria,Fashion_Beauty,77.6
2023-10-29,NG,Nigeria,Fashion_Beauty,86.42
2023-11-05,NG,Nigeria,Fashion_Beauty,87.57
2023-11-12,NG,Nigeria,Fashion_Beauty,90.46
2023-11-19,NG,Nigeria,Fashion_Beauty,92.49
2023-11-26,NG,Nigeria,Fashion_Beauty,83.96
2023-12-03,NG,Nigeria,Fashion_Beauty,90.46
2023-12-10,NG,Nigeria,Fashion_Beauty,100
2023-12-17,NG,Nigeria,Fashion_Beauty,89.16
2023-12-24,NG,Nigeria,Fashion_Beauty,81.36
2023-12-31,NG,Nigeria,Fashion_Beauty,81.36
2024-01-07,NG,Nigeria,Fashion_Beauty,83.96
2024-01-14,NG,Nigeria,Fashion_Beauty,83.67
2024-01-21,NG,Nigeria,Fashion_Beauty,83.53
2024-01-28,NG,Nigeria,Fashion_Beauty,78.18
2024-02-04,NG,Nigeria,Fashion_Beauty,76.3
2024-02-11,NG,Nigeria,Fashion_Beauty,74.13
2024-02-18,NG,Nigeria,Fashion_Beauty,75.29
2024-02-25,NG,Nigeria,Fashion_Beauty,74.13
2024-03-03,NG,Nigeria,Fashion_Beauty,73.41
2024-03-10,NG,Nigeria,Fashion_Beauty,76.3
2024-03-17,NG,Nigeria,Fashion_Beauty,80.64
2024-03-24,NG,Nigeria,Fashion_Beauty,84.39
2024-03-31,NG,Nigeria,Fashion_Beauty,76.59
2024-04-07,NG,Nigeria,Fashion_Beauty,74.42
2024-04-14,NG,Nigeria,Fashion_Beauty,73.84
2024-04-21,NG,Nigeria,Fashion_Beauty,76.01
2024-04-28,NG,Nigeria,Fashion_Beauty,75
2024-05-05,NG,Nigeria,Fashion_Beauty,75.14
2024-05-12,NG,Nigeria,Fashion_Beauty,78.32
2024-05-19,NG,Nigeria,Fashion_Beauty,75.58
2024-05-26,NG,Nigeria,Fashion_Beauty,76.16
2024-06-02,NG,Nigeria,Fashion_Beauty,80.06
2024-06-09,NG,Nigeria,Fashion_Beauty,84.97
2024-06-16,NG,Nigeria,Fashion_Beauty,81.79
2024-06-23,NG,Nigeria,Fashion_Beauty,81.5
2024-06-30,NG,Nigeria,Fashion_Beauty,83.09
2024-07-07,NG,Nigeria,Fashion_Beauty,81.21
2024-07-14,NG,Nigeria,Fashion_Beauty,79.77
2024-07-21,NG,Nigeria,Fashion_Beauty,79.77
2024-07-28,NG,Nigeria,Fashion_Beauty,72.83
2024-08-04,NG,Nigeria,Fashion_Beauty,77.46
2024-08-11,NG,Nigeria,Fashion_Beauty,73.99
2024-08-18,NG,Nigeria,Fashion_Beauty,72.54
2024-08-25,NG,Nigeria,Fashion_Beauty,70.09
2024-09-01,NG,Nigeria,Fashion_Beauty,73.99
2024-09-08,NG,Nigeria,Fashion_Beauty,75.43
2024-09-15,NG,Nigeria,Fashion_Beauty,70.95
2024-09-22,NG,Nigeria,Fashion_Beauty,70.66
2024-09-29,NG,Nigeria,Fashion_Beauty,70.38
2024-10-06,NG,Nigeria,Fashion_Beauty,74.57
2024-10-13,NG,Nigeria,Fashion_Beauty,74.71
2024-10-20,NG,Nigeria,Fashion_Beauty,71.97
2024-10-27,NG,Nigeria,Fashion_Beauty,74.86
2024-11-03,NG,Nigeria,Fashion_Beauty,72.25
2024-11-10,NG,Nigeria,Fashion_Beauty,79.77
2024-11-17,NG,Nigeria,Fashion_Beauty,82.23
2024-11-24,NG,Nigeria,Fashion_Beauty,81.65
2024-12-01,NG,Nigeria,Fashion_Beauty,81.36
2024-12-08,NG,Nigeria,Fashion_Beauty,79.91
2024-12-15,NG,Nigeria,Fashion_Beauty,86.13
2024-12-22,NG,Nigeria,Fashion_Beauty,73.55
2024-12-29,NG,Nigeria,Fashion_Beauty,75.14
2025-01-05,NG,Nigeria,Fashion_Beauty,75
2025-01-12,NG,Nigeria,Fashion_Beauty,74.13
2025-01-19,NG,Nigeria,Fashion_Beauty,74.28
2025-01-26,NG,Nigeria,Fashion_Beauty,76.3
2025-02-02,NG,Nigeria,Fashion_Beauty,74.13
2025-02-09,NG,Nigeria,Fashion_Beauty,70.38
2025-02-16,NG,Nigeria,Fashion_Beauty,69.8
2025-02-23,NG,Nigeria,Fashion_Beauty,70.81
2025-03-02,NG,Nigeria,Fashion_Beauty,69.22
2025-03-09,NG,Nigeria,Fashion_Beauty,70.81
2025-03-16,NG,Nigeria,Fashion_Beauty,80.78
2025-03-23,NG,Nigeria,Fashion_Beauty,77.6
2025-03-30,NG,Nigeria,Fashion_Beauty,72.11
2025-04-06,NG,Nigeria,Fashion_Beauty,71.39
2025-04-13,NG,Nigeria,Fashion_Beauty,70.52
2025-04-20,NG,Nigeria,Fashion_Beauty,70.81
2025-04-27,NG,Nigeria,Fashion_Beauty,70.38
2025-05-04,NG,Nigeria,Fashion_Beauty,70.23
2025-05-11,NG,Nigeria,Fashion_Beauty,69.8
2025-05-18,NG,Nigeria,Fashion_Beauty,71.53
2025-05-25,NG,Nigeria,Fashion_Beauty,71.24
2025-06-01,NG,Nigeria,Fashion_Beauty,77.46
2025-06-08,NG,Nigeria,Fashion_Beauty,74.86
2025-06-15,NG,Nigeria,Fashion_Beauty,75.43
2025-06-22,NG,Nigeria,Fashion_Beauty,75.72
2025-06-29,NG,Nigeria,Fashion_Beauty,78.9
2025-07-06,NG,Nigeria,Fashion_Beauty,75
2025-07-13,NG,Nigeria,Fashion_Beauty,76.01
2025-07-20,NG,Nigeria,Fashion_Beauty,74.57
2025-07-27,NG,Nigeria,Fashion_Beauty,72.54
2025-08-03,NG,Nigeria,Fashion_Beauty,74.42
2025-08-10,NG,Nigeria,Fashion_Beauty,69.36
2025-08-17,NG,Nigeria,Fashion_Beauty,68.5
2025-08-24,NG,Nigeria,Fashion_Beauty,68.06
2025-08-31,NG,Nigeria,Fashion_Beauty,73.7
2025-09-07,NG,Nigeria,Fashion_Beauty,77.6
2025-09-14,NG,Nigeria,Fashion_Beauty,65.32
2025-09-21,NG,Nigeria,Fashion_Beauty,66.62
2025-09-28,NG,Nigeria,Fashion_Beauty,65.46
2025-10-05,NG,Nigeria,Fashion_Beauty,72.54
2025-10-12,NG,Nigeria,Fashion_Beauty,74.57
2025-10-19,NG,Nigeria,Fashion_Beauty,68.5
2025-10-26,NG,Nigeria,Fashion_Beauty,77.46
2025-11-02,NG,Nigeria,Fashion_Beauty,80.92
2025-11-09,NG,Nigeria,Fashion_Beauty,82.23
2025-11-16,NG,Nigeria,Fashion_Beauty,81.36
2025-11-23,NG,Nigeria,Fashion_Beauty,82.37
2025-11-30,NG,Nigeria,Fashion_Beauty,84.54
2025-12-07,NG,Nigeria,Fashion_Beauty,81.07
2025-12-14,NG,Nigeria,Fashion_Beauty,86.42
2025-12-21,NG,Nigeria,Fashion_Beauty,71.39
2025-12-28,NG,Nigeria,Fashion_Beauty,67.34
2026-01-04,NG,Nigeria,Fashion_Beauty,69.65
2026-01-11,NG,Nigeria,Fashion_Beauty,73.27
2026-01-18,NG,Nigeria,Fashion_Beauty,80.64
2026-01-25,NG,Nigeria,Fashion_Beauty,77.6
2026-02-01,NG,Nigeria,Fashion_Beauty,77.31
2026-02-08,NG,Nigeria,Fashion_Beauty,79.19
2026-02-15,NG,Nigeria,Fashion_Beauty,89.74
2026-02-22,NG,Nigeria,Fashion_Beauty,82.95
2026-03-01,NG,Nigeria,Fashion_Beauty,69.65
2026-03-08,NG,Nigeria,Fashion_Beauty,70.09
2026-03-15,NG,Nigeria,Fashion_Beauty,69.94
2026-03-22,NG,Nigeria,Fashion_Beauty,72.25
2026-03-29,NG,Nigeria,Fashion_Beauty,73.27
2026-04-05,NG,Nigeria,Fashion_Beauty,69.08
2026-04-12,NG,Nigeria,Fashion_Beauty,68.93
2026-04-19,NG,Nigeria,Fashion_Beauty,69.51
2026-04-26,NG,Nigeria,Fashion_Beauty,68.93
2026-05-03,NG,Nigeria,Fashion_Beauty,72.11
2026-05-10,NG,Nigeria,Fashion_Beauty,72.25
2026-05-17,NG,Nigeria,Fashion_Beauty,71.1
2026-05-24,NG,Nigeria,Fashion_Beauty,70.23
2026-05-31,NG,Nigeria,Fashion_Beauty,70.52
2026-06-07,NG,Nigeria,Fashion_Beauty,68.79
2026-06-14,NG,Nigeria,Fashion_Beauty,64.88
2026-06-21,NG,Nigeria,Fashion_Beauty,66.33
2026-06-28,NG,Nigeria,Fashion_Beauty,64.74
2026-07-05,NG,Nigeria,Fashion_Beauty,71.39
2026-07-12,NG,Nigeria,Fashion_Beauty,69.51
2026-07-19,NG,Nigeria,Fashion_Beauty,71.39
2026-07-26,NG,Nigeria,Fashion_Beauty,74.42
2026-08-02,NG,Nigeria,Fashion_Beauty,68.64
2026-08-09,NG,Nigeria,Fashion_Beauty,70.23
2026-08-16,NG,Nigeria,Fashion_Beauty,69.51
2026-08-23,NG,Nigeria,Fashion_Beauty,66.91
2023-01-01,SG,Singapore,Nutrition_Diets,56.95
2023-01-08,SG,Singapore,Nutrition_Diets,52.81
2023-01-15,SG,Singapore,Nutrition_Diets,52.39
2023-01-22,SG,Singapore,Nutrition_Diets,55.67
2023-01-29,SG,Singapore,Nutrition_Diets,53.23
2023-02-05,SG,Singapore,Nutrition_Diets,55.99
2023-02-12,SG,Singapore,Nutrition_Diets,53.55
2023-02-19,SG,Singapore,Nutrition_Diets,56.73
2023-02-26,SG,Singapore,Nutrition_Diets,55.46
2023-03-05,SG,Singapore,Nutrition_Diets,54.51
2023-03-12,SG,Singapore,Nutrition_Diets,51.64
2023-03-19,SG,Singapore,Nutrition_Diets,53.34
2023-03-26,SG,Singapore,Nutrition_Diets,52.7
2023-04-02,SG,Singapore,Nutrition_Diets,52.81
2023-04-09,SG,Singapore,Nutrition_Diets,58.32
2023-04-16,SG,Singapore,Nutrition_Diets,53.55
2023-04-23,SG,Singapore,Nutrition_Diets,55.25
2023-04-30,SG,Singapore,Nutrition_Diets,53.76
2023-05-07,SG,Singapore,Nutrition_Diets,54.29
2023-05-14,SG,Singapore,Nutrition_Diets,52.49
2023-05-21,SG,Singapore,Nutrition_Diets,55.36
2023-05-28,SG,Singapore,Nutrition_Diets,53.55
2023-06-04,SG,Singapore,Nutrition_Diets,52.81
2023-06-11,SG,Singapore,Nutrition_Diets,53.87
2023-06-18,SG,Singapore,Nutrition_Diets,55.46
2023-06-25,SG,Singapore,Nutrition_Diets,56.42
2023-07-02,SG,Singapore,Nutrition_Diets,56.84
2023-07-09,SG,Singapore,Nutrition_Diets,57.48
2023-07-16,SG,Singapore,Nutrition_Diets,54.19
2023-07-23,SG,Singapore,Nutrition_Diets,55.04
2023-07-30,SG,Singapore,Nutrition_Diets,54.29
2023-08-06,SG,Singapore,Nutrition_Diets,55.25
2023-08-13,SG,Singapore,Nutrition_Diets,56.52
2023-08-20,SG,Singapore,Nutrition_Diets,56.52
2023-08-27,SG,Singapore,Nutrition_Diets,53.02
2023-09-03,SG,Singapore,Nutrition_Diets,51.01
2023-09-10,SG,Singapore,Nutrition_Diets,55.14
2023-09-17,SG,Singapore,Nutrition_Diets,53.45
2023-09-24,SG,Singapore,Nutrition_Diets,52.17
2023-10-01,SG,Singapore,Nutrition_Diets,50.8
2023-10-08,SG,Singapore,Nutrition_Diets,50.9
2023-10-15,SG,Singapore,Nutrition_Diets,55.46
2023-10-22,SG,Singapore,Nutrition_Diets,50.37
2023-10-29,SG,Singapore,Nutrition_Diets,50.8
2023-11-05,SG,Singapore,Nutrition_Diets,50.48
2023-11-12,SG,Singapore,Nutrition_Diets,49.73
2023-11-19,SG,Singapore,Nutrition_Diets,49.2
2023-11-26,SG,Singapore,Nutrition_Diets,50.27
2023-12-03,SG,Singapore,Nutrition_Diets,46.98
2023-12-10,SG,Singapore,Nutrition_Diets,47.19
2023-12-17,SG,Singapore,Nutrition_Diets,46.34
2023-12-24,SG,Singapore,Nutrition_Diets,50.05
2023-12-31,SG,Singapore,Nutrition_Diets,55.14
2024-01-07,SG,Singapore,Nutrition_Diets,56.1
2024-01-14,SG,Singapore,Nutrition_Diets,52.49
2024-01-21,SG,Singapore,Nutrition_Diets,49.52
2024-01-28,SG,Singapore,Nutrition_Diets,49.73
2024-02-04,SG,Singapore,Nutrition_Diets,51.33
2024-02-11,SG,Singapore,Nutrition_Diets,51.33
2024-02-18,SG,Singapore,Nutrition_Diets,52.39
2024-02-25,SG,Singapore,Nutrition_Diets,50.37
2024-03-03,SG,Singapore,Nutrition_Diets,47.83
2024-03-10,SG,Singapore,Nutrition_Diets,49.63
2024-03-17,SG,Singapore,Nutrition_Diets,53.76
2024-03-24,SG,Singapore,Nutrition_Diets,52.17
2024-03-31,SG,Singapore,Nutrition_Diets,48.78
2024-04-07,SG,Singapore,Nutrition_Diets,53.45
2024-04-14,SG,Singapore,Nutrition_Diets,51.54
2024-04-21,SG,Singapore,Nutrition_Diets,53.13
2024-04-28,SG,Singapore,Nutrition_Diets,53.34
2024-05-05,SG,Singapore,Nutrition_Diets,52.07
2024-05-12,SG,Singapore,Nutrition_Diets,50.69
2024-05-19,SG,Singapore,Nutrition_Diets,52.6
2024-05-26,SG,Singapore,Nutrition_Diets,52.28
2024-06-02,SG,Singapore,Nutrition_Diets,51.64
2024-06-09,SG,Singapore,Nutrition_Diets,53.02
2024-06-16,SG,Singapore,Nutrition_Diets,51.54
2024-06-23,SG,Singapore,Nutrition_Diets,54.19
2024-06-30,SG,Singapore,Nutrition_Diets,51.75
2024-07-07,SG,Singapore,Nutrition_Diets,53.66
2024-07-14,SG,Singapore,Nutrition_Diets,53.02
2024-07-21,SG,Singapore,Nutrition_Diets,53.34
2024-07-28,SG,Singapore,Nutrition_Diets,51.54
2024-08-04,SG,Singapore,Nutrition_Diets,49.95
2024-08-11,SG,Singapore,Nutrition_Diets,49.84
2024-08-18,SG,Singapore,Nutrition_Diets,55.04
2024-08-25,SG,Singapore,Nutrition_Diets,51.01
2024-09-01,SG,Singapore,Nutrition_Diets,52.39
2024-09-08,SG,Singapore,Nutrition_Diets,54.08
2024-09-15,SG,Singapore,Nutrition_Diets,53.45
2024-09-22,SG,Singapore,Nutrition_Diets,50.37
2024-09-29,SG,Singapore,Nutrition_Diets,54.29
2024-10-06,SG,Singapore,Nutrition_Diets,52.6
2024-10-13,SG,Singapore,Nutrition_Diets,50.58
2024-10-20,SG,Singapore,Nutrition_Diets,49.1
2024-10-27,SG,Singapore,Nutrition_Diets,50.16
2024-11-03,SG,Singapore,Nutrition_Diets,47.4
2024-11-10,SG,Singapore,Nutrition_Diets,49.95
2024-11-17,SG,Singapore,Nutrition_Diets,47.51
2024-11-24,SG,Singapore,Nutrition_Diets,45.71
2024-12-01,SG,Singapore,Nutrition_Diets,46.77
2024-12-08,SG,Singapore,Nutrition_Diets,47.3
2024-12-15,SG,Singapore,Nutrition_Diets,44.86
2024-12-22,SG,Singapore,Nutrition_Diets,44.54
2024-12-29,SG,Singapore,Nutrition_Diets,51.43
2025-01-05,SG,Singapore,Nutrition_Diets,50.05
2025-01-12,SG,Singapore,Nutrition_Diets,49.95
2025-01-19,SG,Singapore,Nutrition_Diets,49.73
2025-01-26,SG,Singapore,Nutrition_Diets,52.7
2025-02-02,SG,Singapore,Nutrition_Diets,51.11
2025-02-09,SG,Singapore,Nutrition_Diets,51.75
2025-02-16,SG,Singapore,Nutrition_Diets,50.8
2025-02-23,SG,Singapore,Nutrition_Diets,51.33
2025-03-02,SG,Singapore,Nutrition_Diets,50.69
2025-03-09,SG,Singapore,Nutrition_Diets,49.31
2025-03-16,SG,Singapore,Nutrition_Diets,46.87
2025-03-23,SG,Singapore,Nutrition_Diets,50.16
2025-03-30,SG,Singapore,Nutrition_Diets,48.25
2025-04-06,SG,Singapore,Nutrition_Diets,49.1
2025-04-13,SG,Singapore,Nutrition_Diets,47.4
2025-04-20,SG,Singapore,Nutrition_Diets,47.51
2025-04-27,SG,Singapore,Nutrition_Diets,45.92
2025-05-04,SG,Singapore,Nutrition_Diets,49.42
2025-05-11,SG,Singapore,Nutrition_Diets,49.73
2025-05-18,SG,Singapore,Nutrition_Diets,48.67
2025-05-25,SG,Singapore,Nutrition_Diets,48.36
2025-06-01,SG,Singapore,Nutrition_Diets,49.52
2025-06-08,SG,Singapore,Nutrition_Diets,48.99
2025-06-15,SG,Singapore,Nutrition_Diets,49.42
2025-06-22,SG,Singapore,Nutrition_Diets,50.16
2025-06-29,SG,Singapore,Nutrition_Diets,48.57
2025-07-06,SG,Singapore,Nutrition_Diets,51.54
2025-07-13,SG,Singapore,Nutrition_Diets,49.73
2025-07-20,SG,Singapore,Nutrition_Diets,48.04
2025-07-27,SG,Singapore,Nutrition_Diets,47.83
2025-08-03,SG,Singapore,Nutrition_Diets,46.24
2025-08-10,SG,Singapore,Nutrition_Diets,49.31
2025-08-17,SG,Singapore,Nutrition_Diets,50.37
2025-08-24,SG,Singapore,Nutrition_Diets,46.45
2025-08-31,SG,Singapore,Nutrition_Diets,48.78
2025-09-07,SG,Singapore,Nutrition_Diets,47.93
2025-09-14,SG,Singapore,Nutrition_Diets,48.36
2025-09-21,SG,Singapore,Nutrition_Diets,50.16
2025-09-28,SG,Singapore,Nutrition_Diets,46.02
2025-10-05,SG,Singapore,Nutrition_Diets,48.67
2025-10-12,SG,Singapore,Nutrition_Diets,47.08
2025-10-19,SG,Singapore,Nutrition_Diets,48.36
2025-10-26,SG,Singapore,Nutrition_Diets,53.13
2025-11-02,SG,Singapore,Nutrition_Diets,59.38
2025-11-09,SG,Singapore,Nutrition_Diets,60.55
2025-11-16,SG,Singapore,Nutrition_Diets,63.2
2025-11-23,SG,Singapore,Nutrition_Diets,63.84
2025-11-30,SG,Singapore,Nutrition_Diets,63.31
2025-12-07,SG,Singapore,Nutrition_Diets,65.96
2025-12-14,SG,Singapore,Nutrition_Diets,62.88
2025-12-21,SG,Singapore,Nutrition_Diets,64.58
2025-12-28,SG,Singapore,Nutrition_Diets,66.6
2026-01-04,SG,Singapore,Nutrition_Diets,68.93
2026-01-11,SG,Singapore,Nutrition_Diets,68.82
2026-01-18,SG,Singapore,Nutrition_Diets,73.49
2026-01-25,SG,Singapore,Nutrition_Diets,70.94
2026-02-01,SG,Singapore,Nutrition_Diets,70.31
2026-02-08,SG,Singapore,Nutrition_Diets,63.2
2026-02-15,SG,Singapore,Nutrition_Diets,70.31
2026-02-22,SG,Singapore,Nutrition_Diets,68.19
2026-03-01,SG,Singapore,Nutrition_Diets,69.78
2026-03-08,SG,Singapore,Nutrition_Diets,81.87
2026-03-15,SG,Singapore,Nutrition_Diets,83.03
2026-03-22,SG,Singapore,Nutrition_Diets,86.74
2026-03-29,SG,Singapore,Nutrition_Diets,92.26
2026-04-05,SG,Singapore,Nutrition_Diets,95.65
2026-04-12,SG,Singapore,Nutrition_Diets,100
2026-04-19,SG,Singapore,Nutrition_Diets,91.94
2026-04-26,SG,Singapore,Nutrition_Diets,81.23
2026-05-03,SG,Singapore,Nutrition_Diets,82.71
2026-05-10,SG,Singapore,Nutrition_Diets,93
2026-05-17,SG,Singapore,Nutrition_Diets,92.36
2026-05-24,SG,Singapore,Nutrition_Diets,90.14
2026-05-31,SG,Singapore,Nutrition_Diets,90.35
2026-06-07,SG,Singapore,Nutrition_Diets,93.21
2026-06-14,SG,Singapore,Nutrition_Diets,76.78
2026-06-21,SG,Singapore,Nutrition_Diets,79.11
2026-06-28,SG,Singapore,Nutrition_Diets,90.99
2026-07-05,SG,Singapore,Nutrition_Diets,88.23
2026-07-12,SG,Singapore,Nutrition_Diets,72.43
2026-07-19,SG,Singapore,Nutrition_Diets,89.18
2026-07-26,SG,Singapore,Nutrition_Diets,83.99
2026-08-02,SG,Singapore,Nutrition_Diets,60.87
2026-08-09,SG,Singapore,Nutrition_Diets,56.95
2026-08-16,SG,Singapore,Nutrition_Diets,52.49
2026-08-23,SG,Singapore,Nutrition_Diets,51.01
2023-01-01,SG,Singapore,Fitness_Wearables,70.75
2023-01-08,SG,Singapore,Fitness_Wearables,64.28
2023-01-15,SG,Singapore,Fitness_Wearables,61.59
2023-01-22,SG,Singapore,Fitness_Wearables,66.47
2023-01-29,SG,Singapore,Fitness_Wearables,66.67
2023-02-05,SG,Singapore,Fitness_Wearables,65.57
2023-02-12,SG,Singapore,Fitness_Wearables,61.59
2023-02-19,SG,Singapore,Fitness_Wearables,64.48
2023-02-26,SG,Singapore,Fitness_Wearables,62.89
2023-03-05,SG,Singapore,Fitness_Wearables,63.18
2023-03-12,SG,Singapore,Fitness_Wearables,61.89
2023-03-19,SG,Singapore,Fitness_Wearables,60
2023-03-26,SG,Singapore,Fitness_Wearables,60.1
2023-04-02,SG,Singapore,Fitness_Wearables,61.79
2023-04-09,SG,Singapore,Fitness_Wearables,61.09
2023-04-16,SG,Singapore,Fitness_Wearables,58.91
2023-04-23,SG,Singapore,Fitness_Wearables,59.8
2023-04-30,SG,Singapore,Fitness_Wearables,64.88
2023-05-07,SG,Singapore,Fitness_Wearables,61.49
2023-05-14,SG,Singapore,Fitness_Wearables,61.09
2023-05-21,SG,Singapore,Fitness_Wearables,63.48
2023-05-28,SG,Singapore,Fitness_Wearables,61.99
2023-06-04,SG,Singapore,Fitness_Wearables,63.08
2023-06-11,SG,Singapore,Fitness_Wearables,67.36
2023-06-18,SG,Singapore,Fitness_Wearables,62.49
2023-06-25,SG,Singapore,Fitness_Wearables,65.77
2023-07-02,SG,Singapore,Fitness_Wearables,67.06
2023-07-09,SG,Singapore,Fitness_Wearables,64.88
2023-07-16,SG,Singapore,Fitness_Wearables,61.69
2023-07-23,SG,Singapore,Fitness_Wearables,64.08
2023-07-30,SG,Singapore,Fitness_Wearables,65.27
2023-08-06,SG,Singapore,Fitness_Wearables,64.18
2023-08-13,SG,Singapore,Fitness_Wearables,63.18
2023-08-20,SG,Singapore,Fitness_Wearables,63.18
2023-08-27,SG,Singapore,Fitness_Wearables,64.08
2023-09-03,SG,Singapore,Fitness_Wearables,63.28
2023-09-10,SG,Singapore,Fitness_Wearables,64.08
2023-09-17,SG,Singapore,Fitness_Wearables,64.08
2023-09-24,SG,Singapore,Fitness_Wearables,65.17
2023-10-01,SG,Singapore,Fitness_Wearables,61.19
2023-10-08,SG,Singapore,Fitness_Wearables,60.9
2023-10-15,SG,Singapore,Fitness_Wearables,60.9
2023-10-22,SG,Singapore,Fitness_Wearables,62.19
2023-10-29,SG,Singapore,Fitness_Wearables,59.5
2023-11-05,SG,Singapore,Fitness_Wearables,60.9
2023-11-12,SG,Singapore,Fitness_Wearables,60.8
2023-11-19,SG,Singapore,Fitness_Wearables,61.99
2023-11-26,SG,Singapore,Fitness_Wearables,59.4
2023-12-03,SG,Singapore,Fitness_Wearables,60.5
2023-12-10,SG,Singapore,Fitness_Wearables,59.8
2023-12-17,SG,Singapore,Fitness_Wearables,59.7
2023-12-24,SG,Singapore,Fitness_Wearables,65.17
2023-12-31,SG,Singapore,Fitness_Wearables,68.36
2024-01-07,SG,Singapore,Fitness_Wearables,64.48
2024-01-14,SG,Singapore,Fitness_Wearables,60.4
2024-01-21,SG,Singapore,Fitness_Wearables,61.59
2024-01-28,SG,Singapore,Fitness_Wearables,61.99
2024-02-04,SG,Singapore,Fitness_Wearables,60.5
2024-02-11,SG,Singapore,Fitness_Wearables,64.38
2024-02-18,SG,Singapore,Fitness_Wearables,61.19
2024-02-25,SG,Singapore,Fitness_Wearables,66.67
2024-03-03,SG,Singapore,Fitness_Wearables,60.1
2024-03-10,SG,Singapore,Fitness_Wearables,62.39
2024-03-17,SG,Singapore,Fitness_Wearables,60.9
2024-03-24,SG,Singapore,Fitness_Wearables,64.98
2024-03-31,SG,Singapore,Fitness_Wearables,62.89
2024-04-07,SG,Singapore,Fitness_Wearables,67.46
2024-04-14,SG,Singapore,Fitness_Wearables,64.28
2024-04-21,SG,Singapore,Fitness_Wearables,64.78
2024-04-28,SG,Singapore,Fitness_Wearables,65.27
2024-05-05,SG,Singapore,Fitness_Wearables,63.18
2024-05-12,SG,Singapore,Fitness_Wearables,64.38
2024-05-19,SG,Singapore,Fitness_Wearables,64.38
2024-05-26,SG,Singapore,Fitness_Wearables,66.87
2024-06-02,SG,Singapore,Fitness_Wearables,67.86
2024-06-09,SG,Singapore,Fitness_Wearables,64.48
2024-06-16,SG,Singapore,Fitness_Wearables,67.86
2024-06-23,SG,Singapore,Fitness_Wearables,65.67
2024-06-30,SG,Singapore,Fitness_Wearables,71.74
2024-07-07,SG,Singapore,Fitness_Wearables,71.64
2024-07-14,SG,Singapore,Fitness_Wearables,69.35
2024-07-21,SG,Singapore,Fitness_Wearables,68.16
2024-07-28,SG,Singapore,Fitness_Wearables,65.97
2024-08-04,SG,Singapore,Fitness_Wearables,68.36
2024-08-11,SG,Singapore,Fitness_Wearables,67.66
2024-08-18,SG,Singapore,Fitness_Wearables,68.16
2024-08-25,SG,Singapore,Fitness_Wearables,67.16
2024-09-01,SG,Singapore,Fitness_Wearables,64.98
2024-09-08,SG,Singapore,Fitness_Wearables,70.25
2024-09-15,SG,Singapore,Fitness_Wearables,68.56
2024-09-22,SG,Singapore,Fitness_Wearables,68.06
2024-09-29,SG,Singapore,Fitness_Wearables,67.96
2024-10-06,SG,Singapore,Fitness_Wearables,65.87
2024-10-13,SG,Singapore,Fitness_Wearables,64.58
2024-10-20,SG,Singapore,Fitness_Wearables,62.09
2024-10-27,SG,Singapore,Fitness_Wearables,62.39
2024-11-03,SG,Singapore,Fitness_Wearables,57.51
2024-11-10,SG,Singapore,Fitness_Wearables,59.8
2024-11-17,SG,Singapore,Fitness_Wearables,59.6
2024-11-24,SG,Singapore,Fitness_Wearables,59.8
2024-12-01,SG,Singapore,Fitness_Wearables,61.29
2024-12-08,SG,Singapore,Fitness_Wearables,62.29
2024-12-15,SG,Singapore,Fitness_Wearables,62.19
2024-12-22,SG,Singapore,Fitness_Wearables,62.89
2024-12-29,SG,Singapore,Fitness_Wearables,69.35
2025-01-05,SG,Singapore,Fitness_Wearables,65.27
2025-01-12,SG,Singapore,Fitness_Wearables,61.29
2025-01-19,SG,Singapore,Fitness_Wearables,66.17
2025-01-26,SG,Singapore,Fitness_Wearables,70.25
2025-02-02,SG,Singapore,Fitness_Wearables,64.88
2025-02-09,SG,Singapore,Fitness_Wearables,64.58
2025-02-16,SG,Singapore,Fitness_Wearables,64.98
2025-02-23,SG,Singapore,Fitness_Wearables,64.68
2025-03-02,SG,Singapore,Fitness_Wearables,60.9
2025-03-09,SG,Singapore,Fitness_Wearables,62.29
2025-03-16,SG,Singapore,Fitness_Wearables,63.48
2025-03-23,SG,Singapore,Fitness_Wearables,63.28
2025-03-30,SG,Singapore,Fitness_Wearables,64.48
2025-04-06,SG,Singapore,Fitness_Wearables,61.09
2025-04-13,SG,Singapore,Fitness_Wearables,62.39
2025-04-20,SG,Singapore,Fitness_Wearables,62.99
2025-04-27,SG,Singapore,Fitness_Wearables,65.37
2025-05-04,SG,Singapore,Fitness_Wearables,62.49
2025-05-11,SG,Singapore,Fitness_Wearables,65.27
2025-05-18,SG,Singapore,Fitness_Wearables,67.16
2025-05-25,SG,Singapore,Fitness_Wearables,65.37
2025-06-01,SG,Singapore,Fitness_Wearables,68.76
2025-06-08,SG,Singapore,Fitness_Wearables,68.96
2025-06-15,SG,Singapore,Fitness_Wearables,68.96
2025-06-22,SG,Singapore,Fitness_Wearables,67.56
2025-06-29,SG,Singapore,Fitness_Wearables,70.85
2025-07-06,SG,Singapore,Fitness_Wearables,70.55
2025-07-13,SG,Singapore,Fitness_Wearables,68.36
2025-07-20,SG,Singapore,Fitness_Wearables,67.86
2025-07-27,SG,Singapore,Fitness_Wearables,69.35
2025-08-03,SG,Singapore,Fitness_Wearables,66.27
2025-08-10,SG,Singapore,Fitness_Wearables,66.47
2025-08-17,SG,Singapore,Fitness_Wearables,66.77
2025-08-24,SG,Singapore,Fitness_Wearables,63.98
2025-08-31,SG,Singapore,Fitness_Wearables,65.47
2025-09-07,SG,Singapore,Fitness_Wearables,66.97
2025-09-14,SG,Singapore,Fitness_Wearables,65.57
2025-09-21,SG,Singapore,Fitness_Wearables,65.87
2025-09-28,SG,Singapore,Fitness_Wearables,65.57
2025-10-05,SG,Singapore,Fitness_Wearables,64.58
2025-10-12,SG,Singapore,Fitness_Wearables,62.99
2025-10-19,SG,Singapore,Fitness_Wearables,65.17
2025-10-26,SG,Singapore,Fitness_Wearables,65.27
2025-11-02,SG,Singapore,Fitness_Wearables,74.93
2025-11-09,SG,Singapore,Fitness_Wearables,75.12
2025-11-16,SG,Singapore,Fitness_Wearables,76.82
2025-11-23,SG,Singapore,Fitness_Wearables,78.41
2025-11-30,SG,Singapore,Fitness_Wearables,80
2025-12-07,SG,Singapore,Fitness_Wearables,81.19
2025-12-14,SG,Singapore,Fitness_Wearables,83.58
2025-12-21,SG,Singapore,Fitness_Wearables,86.77
2025-12-28,SG,Singapore,Fitness_Wearables,91.84
2026-01-04,SG,Singapore,Fitness_Wearables,88.76
2026-01-11,SG,Singapore,Fitness_Wearables,83.48
2026-01-18,SG,Singapore,Fitness_Wearables,87.06
2026-01-25,SG,Singapore,Fitness_Wearables,86.67
2026-02-01,SG,Singapore,Fitness_Wearables,80.2
2026-02-08,SG,Singapore,Fitness_Wearables,80
2026-02-15,SG,Singapore,Fitness_Wearables,88.96
2026-02-22,SG,Singapore,Fitness_Wearables,77.11
2026-03-01,SG,Singapore,Fitness_Wearables,77.21
2026-03-08,SG,Singapore,Fitness_Wearables,83.58
2026-03-15,SG,Singapore,Fitness_Wearables,87.36
2026-03-22,SG,Singapore,Fitness_Wearables,93.63
2026-03-29,SG,Singapore,Fitness_Wearables,96.12
2026-04-05,SG,Singapore,Fitness_Wearables,97.51
2026-04-12,SG,Singapore,Fitness_Wearables,98.71
2026-04-19,SG,Singapore,Fitness_Wearables,93.13
2026-04-26,SG,Singapore,Fitness_Wearables,96.82
2026-05-03,SG,Singapore,Fitness_Wearables,89.55
2026-05-10,SG,Singapore,Fitness_Wearables,95.02
2026-05-17,SG,Singapore,Fitness_Wearables,90.45
2026-05-24,SG,Singapore,Fitness_Wearables,98.91
2026-05-31,SG,Singapore,Fitness_Wearables,100
2026-06-07,SG,Singapore,Fitness_Wearables,94.83
2026-06-14,SG,Singapore,Fitness_Wearables,87.36
2026-06-21,SG,Singapore,Fitness_Wearables,85.97
2026-06-28,SG,Singapore,Fitness_Wearables,94.43
2026-07-05,SG,Singapore,Fitness_Wearables,92.34
2026-07-12,SG,Singapore,Fitness_Wearables,82.39
2026-07-19,SG,Singapore,Fitness_Wearables,52.84
2026-07-26,SG,Singapore,Fitness_Wearables,61.39
2026-08-02,SG,Singapore,Fitness_Wearables,59.7
2026-08-09,SG,Singapore,Fitness_Wearables,74.03
2026-08-16,SG,Singapore,Fitness_Wearables,82.79
2026-08-23,SG,Singapore,Fitness_Wearables,76.02
2023-01-01,SG,Singapore,Fashion_Beauty,51.41
2023-01-08,SG,Singapore,Fashion_Beauty,54.87
2023-01-15,SG,Singapore,Fashion_Beauty,54.45
2023-01-22,SG,Singapore,Fashion_Beauty,52.25
2023-01-29,SG,Singapore,Fashion_Beauty,50.37
2023-02-05,SG,Singapore,Fashion_Beauty,50.05
2023-02-12,SG,Singapore,Fashion_Beauty,47.12
2023-02-19,SG,Singapore,Fashion_Beauty,50.26
2023-02-26,SG,Singapore,Fashion_Beauty,52.67
2023-03-05,SG,Singapore,Fashion_Beauty,52.15
2023-03-12,SG,Singapore,Fashion_Beauty,52.46
2023-03-19,SG,Singapore,Fashion_Beauty,49.21
2023-03-26,SG,Singapore,Fashion_Beauty,48.9
2023-04-02,SG,Singapore,Fashion_Beauty,50.79
2023-04-09,SG,Singapore,Fashion_Beauty,46.91
2023-04-16,SG,Singapore,Fashion_Beauty,45.55
2023-04-23,SG,Singapore,Fashion_Beauty,48.27
2023-04-30,SG,Singapore,Fashion_Beauty,49.01
2023-05-07,SG,Singapore,Fashion_Beauty,46.91
2023-05-14,SG,Singapore,Fashion_Beauty,47.64
2023-05-21,SG,Singapore,Fashion_Beauty,50.68
2023-05-28,SG,Singapore,Fashion_Beauty,48.17
2023-06-04,SG,Singapore,Fashion_Beauty,47.75
2023-06-11,SG,Singapore,Fashion_Beauty,49.01
2023-06-18,SG,Singapore,Fashion_Beauty,47.02
2023-06-25,SG,Singapore,Fashion_Beauty,49.84
2023-07-02,SG,Singapore,Fashion_Beauty,49.74
2023-07-09,SG,Singapore,Fashion_Beauty,49.74
2023-07-16,SG,Singapore,Fashion_Beauty,47.43
2023-07-23,SG,Singapore,Fashion_Beauty,50.47
2023-07-30,SG,Singapore,Fashion_Beauty,47.85
2023-08-06,SG,Singapore,Fashion_Beauty,47.02
2023-08-13,SG,Singapore,Fashion_Beauty,47.43
2023-08-20,SG,Singapore,Fashion_Beauty,48.17
2023-08-27,SG,Singapore,Fashion_Beauty,47.23
2023-09-03,SG,Singapore,Fashion_Beauty,50.37
2023-09-10,SG,Singapore,Fashion_Beauty,47.64
2023-09-17,SG,Singapore,Fashion_Beauty,48.9
2023-09-24,SG,Singapore,Fashion_Beauty,48.9
2023-10-01,SG,Singapore,Fashion_Beauty,53.4
2023-10-08,SG,Singapore,Fashion_Beauty,47.85
2023-10-15,SG,Singapore,Fashion_Beauty,51.31
2023-10-22,SG,Singapore,Fashion_Beauty,51.73
2023-10-29,SG,Singapore,Fashion_Beauty,50.99
2023-11-05,SG,Singapore,Fashion_Beauty,52.77
2023-11-12,SG,Singapore,Fashion_Beauty,52.57
2023-11-19,SG,Singapore,Fashion_Beauty,52.98
2023-11-26,SG,Singapore,Fashion_Beauty,53.51
2023-12-03,SG,Singapore,Fashion_Beauty,52.88
2023-12-10,SG,Singapore,Fashion_Beauty,54.87
2023-12-17,SG,Singapore,Fashion_Beauty,52.15
2023-12-24,SG,Singapore,Fashion_Beauty,53.09
2023-12-31,SG,Singapore,Fashion_Beauty,51.73
2024-01-07,SG,Singapore,Fashion_Beauty,52.36
2024-01-14,SG,Singapore,Fashion_Beauty,51.31
2024-01-21,SG,Singapore,Fashion_Beauty,52.25
2024-01-28,SG,Singapore,Fashion_Beauty,51.83
2024-02-04,SG,Singapore,Fashion_Beauty,50.79
2024-02-11,SG,Singapore,Fashion_Beauty,47.75
2024-02-18,SG,Singapore,Fashion_Beauty,47.64
2024-02-25,SG,Singapore,Fashion_Beauty,47.96
2024-03-03,SG,Singapore,Fashion_Beauty,50.05
2024-03-10,SG,Singapore,Fashion_Beauty,47.64
2024-03-17,SG,Singapore,Fashion_Beauty,48.27
2024-03-24,SG,Singapore,Fashion_Beauty,49.63
2024-03-31,SG,Singapore,Fashion_Beauty,47.33
2024-04-07,SG,Singapore,Fashion_Beauty,47.75
2024-04-14,SG,Singapore,Fashion_Beauty,47.12
2024-04-21,SG,Singapore,Fashion_Beauty,46.6
2024-04-28,SG,Singapore,Fashion_Beauty,47.75
2024-05-05,SG,Singapore,Fashion_Beauty,47.02
2024-05-12,SG,Singapore,Fashion_Beauty,47.12
2024-05-19,SG,Singapore,Fashion_Beauty,47.75
2024-05-26,SG,Singapore,Fashion_Beauty,47.02
2024-06-02,SG,Singapore,Fashion_Beauty,47.02
2024-06-09,SG,Singapore,Fashion_Beauty,45.65
2024-06-16,SG,Singapore,Fashion_Beauty,47.02
2024-06-23,SG,Singapore,Fashion_Beauty,45.65
2024-06-30,SG,Singapore,Fashion_Beauty,44.82
2024-07-07,SG,Singapore,Fashion_Beauty,46.07
2024-07-14,SG,Singapore,Fashion_Beauty,45.55
2024-07-21,SG,Singapore,Fashion_Beauty,47.02
2024-07-28,SG,Singapore,Fashion_Beauty,46.6
2024-08-04,SG,Singapore,Fashion_Beauty,44.82
2024-08-11,SG,Singapore,Fashion_Beauty,45.76
2024-08-18,SG,Singapore,Fashion_Beauty,48.38
2024-08-25,SG,Singapore,Fashion_Beauty,48.17
2024-09-01,SG,Singapore,Fashion_Beauty,48.9
2024-09-08,SG,Singapore,Fashion_Beauty,49.84
2024-09-15,SG,Singapore,Fashion_Beauty,49.63
2024-09-22,SG,Singapore,Fashion_Beauty,47.33
2024-09-29,SG,Singapore,Fashion_Beauty,48.59
2024-10-06,SG,Singapore,Fashion_Beauty,48.59
2024-10-13,SG,Singapore,Fashion_Beauty,54.35
2024-10-20,SG,Singapore,Fashion_Beauty,50.37
2024-10-27,SG,Singapore,Fashion_Beauty,52.67
2024-11-03,SG,Singapore,Fashion_Beauty,50.79
2024-11-10,SG,Singapore,Fashion_Beauty,52.04
2024-11-17,SG,Singapore,Fashion_Beauty,55.81
2024-11-24,SG,Singapore,Fashion_Beauty,55.71
2024-12-01,SG,Singapore,Fashion_Beauty,55.39
2024-12-08,SG,Singapore,Fashion_Beauty,54.76
2024-12-15,SG,Singapore,Fashion_Beauty,52.98
2024-12-22,SG,Singapore,Fashion_Beauty,53.09
2024-12-29,SG,Singapore,Fashion_Beauty,54.45
2025-01-05,SG,Singapore,Fashion_Beauty,51.83
2025-01-12,SG,Singapore,Fashion_Beauty,51.83
2025-01-19,SG,Singapore,Fashion_Beauty,51.52
2025-01-26,SG,Singapore,Fashion_Beauty,49.32
2025-02-02,SG,Singapore,Fashion_Beauty,45.65
2025-02-09,SG,Singapore,Fashion_Beauty,47.96
2025-02-16,SG,Singapore,Fashion_Beauty,46.18
2025-02-23,SG,Singapore,Fashion_Beauty,46.39
2025-03-02,SG,Singapore,Fashion_Beauty,45.76
2025-03-09,SG,Singapore,Fashion_Beauty,46.28
2025-03-16,SG,Singapore,Fashion_Beauty,47.85
2025-03-23,SG,Singapore,Fashion_Beauty,47.85
2025-03-30,SG,Singapore,Fashion_Beauty,49.21
2025-04-06,SG,Singapore,Fashion_Beauty,45.65
2025-04-13,SG,Singapore,Fashion_Beauty,46.7
2025-04-20,SG,Singapore,Fashion_Beauty,47.54
2025-04-27,SG,Singapore,Fashion_Beauty,41.78
2025-05-04,SG,Singapore,Fashion_Beauty,44.61
2025-05-11,SG,Singapore,Fashion_Beauty,46.28
2025-05-18,SG,Singapore,Fashion_Beauty,45.65
2025-05-25,SG,Singapore,Fashion_Beauty,43.14
2025-06-01,SG,Singapore,Fashion_Beauty,45.24
2025-06-08,SG,Singapore,Fashion_Beauty,45.65
2025-06-15,SG,Singapore,Fashion_Beauty,46.81
2025-06-22,SG,Singapore,Fashion_Beauty,45.86
2025-06-29,SG,Singapore,Fashion_Beauty,44.29
2025-07-06,SG,Singapore,Fashion_Beauty,46.28
2025-07-13,SG,Singapore,Fashion_Beauty,41.88
2025-07-20,SG,Singapore,Fashion_Beauty,43.04
2025-07-27,SG,Singapore,Fashion_Beauty,43.87
2025-08-03,SG,Singapore,Fashion_Beauty,43.87
2025-08-10,SG,Singapore,Fashion_Beauty,44.71
2025-08-17,SG,Singapore,Fashion_Beauty,44.08
2025-08-24,SG,Singapore,Fashion_Beauty,44.19
2025-08-31,SG,Singapore,Fashion_Beauty,44.92
2025-09-07,SG,Singapore,Fashion_Beauty,46.28
2025-09-14,SG,Singapore,Fashion_Beauty,45.24
2025-09-21,SG,Singapore,Fashion_Beauty,44.92
2025-09-28,SG,Singapore,Fashion_Beauty,46.81
2025-10-05,SG,Singapore,Fashion_Beauty,46.6
2025-10-12,SG,Singapore,Fashion_Beauty,50.05
2025-10-19,SG,Singapore,Fashion_Beauty,49.01
2025-10-26,SG,Singapore,Fashion_Beauty,52.04
2025-11-02,SG,Singapore,Fashion_Beauty,61.26
2025-11-09,SG,Singapore,Fashion_Beauty,61.99
2025-11-16,SG,Singapore,Fashion_Beauty,61.88
2025-11-23,SG,Singapore,Fashion_Beauty,68.06
2025-11-30,SG,Singapore,Fashion_Beauty,72.15
2025-12-07,SG,Singapore,Fashion_Beauty,73.4
2025-12-14,SG,Singapore,Fashion_Beauty,69.53
2025-12-21,SG,Singapore,Fashion_Beauty,67.43
2025-12-28,SG,Singapore,Fashion_Beauty,71.73
2026-01-04,SG,Singapore,Fashion_Beauty,63.46
2026-01-11,SG,Singapore,Fashion_Beauty,65.55
2026-01-18,SG,Singapore,Fashion_Beauty,68.69
2026-01-25,SG,Singapore,Fashion_Beauty,69.11
2026-02-01,SG,Singapore,Fashion_Beauty,67.64
2026-02-08,SG,Singapore,Fashion_Beauty,83.66
2026-02-15,SG,Singapore,Fashion_Beauty,100
2026-02-22,SG,Singapore,Fashion_Beauty,72.04
2026-03-01,SG,Singapore,Fashion_Beauty,67.12
2026-03-08,SG,Singapore,Fashion_Beauty,77.49
2026-03-15,SG,Singapore,Fashion_Beauty,74.66
2026-03-22,SG,Singapore,Fashion_Beauty,74.03
2026-03-29,SG,Singapore,Fashion_Beauty,72.57
2026-04-05,SG,Singapore,Fashion_Beauty,72.77
2026-04-12,SG,Singapore,Fashion_Beauty,76.54
2026-04-19,SG,Singapore,Fashion_Beauty,72.04
2026-04-26,SG,Singapore,Fashion_Beauty,66.81
2026-05-03,SG,Singapore,Fashion_Beauty,68.69
2026-05-10,SG,Singapore,Fashion_Beauty,72.57
2026-05-17,SG,Singapore,Fashion_Beauty,69.74
2026-05-24,SG,Singapore,Fashion_Beauty,71.52
2026-05-31,SG,Singapore,Fashion_Beauty,72.98
2026-06-07,SG,Singapore,Fashion_Beauty,69.01
2026-06-14,SG,Singapore,Fashion_Beauty,58.64
2026-06-21,SG,Singapore,Fashion_Beauty,62.51
2026-06-28,SG,Singapore,Fashion_Beauty,65.76
2026-07-05,SG,Singapore,Fashion_Beauty,67.96
2026-07-12,SG,Singapore,Fashion_Beauty,60.21
2026-07-19,SG,Singapore,Fashion_Beauty,36.02
2026-07-26,SG,Singapore,Fashion_Beauty,36.44
2026-08-02,SG,Singapore,Fashion_Beauty,38.12
2026-08-09,SG,Singapore,Fashion_Beauty,49.53
2026-08-16,SG,Singapore,Fashion_Beauty,47.02
2026-08-23,SG,Singapore,Fashion_Beauty,45.24
2023-01-01,US,United_States,Nutrition_Diets,70.51
2023-01-08,US,United_States,Nutrition_Diets,65.07
2023-01-15,US,United_States,Nutrition_Diets,64.98
2023-01-22,US,United_States,Nutrition_Diets,62.86
2023-01-29,US,United_States,Nutrition_Diets,62.58
2023-02-05,US,United_States,Nutrition_Diets,62.86
2023-02-12,US,United_States,Nutrition_Diets,58.71
2023-02-19,US,United_States,Nutrition_Diets,61.57
2023-02-26,US,United_States,Nutrition_Diets,64.79
2023-03-05,US,United_States,Nutrition_Diets,63.41
2023-03-12,US,United_States,Nutrition_Diets,63.41
2023-03-19,US,United_States,Nutrition_Diets,64.24
2023-03-26,US,United_States,Nutrition_Diets,61.2
2023-04-02,US,United_States,Nutrition_Diets,59.45
2023-04-09,US,United_States,Nutrition_Diets,59.72
2023-04-16,US,United_States,Nutrition_Diets,58.99
2023-04-23,US,United_States,Nutrition_Diets,59.63
2023-04-30,US,United_States,Nutrition_Diets,59.35
2023-05-07,US,United_States,Nutrition_Diets,55.02
2023-05-14,US,United_States,Nutrition_Diets,57.24
2023-05-21,US,United_States,Nutrition_Diets,57.05
2023-05-28,US,United_States,Nutrition_Diets,57.88
2023-06-04,US,United_States,Nutrition_Diets,57.14
2023-06-11,US,United_States,Nutrition_Diets,57.79
2023-06-18,US,United_States,Nutrition_Diets,55.21
2023-06-25,US,United_States,Nutrition_Diets,57.42
2023-07-02,US,United_States,Nutrition_Diets,56.77
2023-07-09,US,United_States,Nutrition_Diets,56.77
2023-07-16,US,United_States,Nutrition_Diets,54.01
2023-07-23,US,United_States,Nutrition_Diets,55.76
2023-07-30,US,United_States,Nutrition_Diets,53.82
2023-08-06,US,United_States,Nutrition_Diets,54.1
2023-08-13,US,United_States,Nutrition_Diets,52.72
2023-08-20,US,United_States,Nutrition_Diets,52.35
2023-08-27,US,United_States,Nutrition_Diets,50.88
2023-09-03,US,United_States,Nutrition_Diets,52.9
2023-09-10,US,United_States,Nutrition_Diets,51.8
2023-09-17,US,United_States,Nutrition_Diets,52.17
2023-09-24,US,United_States,Nutrition_Diets,50.6
2023-10-01,US,United_States,Nutrition_Diets,49.22
2023-10-08,US,United_States,Nutrition_Diets,49.03
2023-10-15,US,United_States,Nutrition_Diets,52.72
2023-10-22,US,United_States,Nutrition_Diets,50.69
2023-10-29,US,United_States,Nutrition_Diets,48.94
2023-11-05,US,United_States,Nutrition_Diets,50.97
2023-11-12,US,United_States,Nutrition_Diets,49.49
2023-11-19,US,United_States,Nutrition_Diets,44.52
2023-11-26,US,United_States,Nutrition_Diets,50.41
2023-12-03,US,United_States,Nutrition_Diets,48.85
2023-12-10,US,United_States,Nutrition_Diets,49.86
2023-12-17,US,United_States,Nutrition_Diets,46.73
2023-12-24,US,United_States,Nutrition_Diets,49.22
2023-12-31,US,United_States,Nutrition_Diets,67.47
2024-01-07,US,United_States,Nutrition_Diets,63.04
2024-01-14,US,United_States,Nutrition_Diets,57.14
2024-01-21,US,United_States,Nutrition_Diets,60.09
2024-01-28,US,United_States,Nutrition_Diets,57.79
2024-02-04,US,United_States,Nutrition_Diets,58.62
2024-02-11,US,United_States,Nutrition_Diets,54.93
2024-02-18,US,United_States,Nutrition_Diets,58.62
2024-02-25,US,United_States,Nutrition_Diets,59.08
2024-03-03,US,United_States,Nutrition_Diets,57.14
2024-03-10,US,United_States,Nutrition_Diets,56.41
2024-03-17,US,United_States,Nutrition_Diets,57.97
2024-03-24,US,United_States,Nutrition_Diets,55.39
2024-03-31,US,United_States,Nutrition_Diets,55.02
2024-04-07,US,United_States,Nutrition_Diets,54.38
2024-04-14,US,United_States,Nutrition_Diets,57.6
2024-04-21,US,United_States,Nutrition_Diets,57.6
2024-04-28,US,United_States,Nutrition_Diets,55.76
2024-05-05,US,United_States,Nutrition_Diets,55.85
2024-05-12,US,United_States,Nutrition_Diets,53.73
2024-05-19,US,United_States,Nutrition_Diets,53.92
2024-05-26,US,United_States,Nutrition_Diets,52.53
2024-06-02,US,United_States,Nutrition_Diets,55.3
2024-06-09,US,United_States,Nutrition_Diets,53.18
2024-06-16,US,United_States,Nutrition_Diets,53.36
2024-06-23,US,United_States,Nutrition_Diets,53.18
2024-06-30,US,United_States,Nutrition_Diets,51.61
2024-07-07,US,United_States,Nutrition_Diets,53.55
2024-07-14,US,United_States,Nutrition_Diets,50.78
2024-07-21,US,United_States,Nutrition_Diets,52.17
2024-07-28,US,United_States,Nutrition_Diets,52.07
2024-08-04,US,United_States,Nutrition_Diets,50.23
2024-08-11,US,United_States,Nutrition_Diets,50.69
2024-08-18,US,United_States,Nutrition_Diets,51.06
2024-08-25,US,United_States,Nutrition_Diets,52.17
2024-09-01,US,United_States,Nutrition_Diets,50.41
2024-09-08,US,United_States,Nutrition_Diets,50.97
2024-09-15,US,United_States,Nutrition_Diets,52.35
2024-09-22,US,United_States,Nutrition_Diets,51.89
2024-09-29,US,United_States,Nutrition_Diets,52.17
2024-10-06,US,United_States,Nutrition_Diets,49.86
2024-10-13,US,United_States,Nutrition_Diets,49.49
2024-10-20,US,United_States,Nutrition_Diets,52.9
2024-10-27,US,United_States,Nutrition_Diets,50.6
2024-11-03,US,United_States,Nutrition_Diets,45.99
2024-11-10,US,United_States,Nutrition_Diets,50.14
2024-11-17,US,United_States,Nutrition_Diets,51.06
2024-11-24,US,United_States,Nutrition_Diets,44.24
2024-12-01,US,United_States,Nutrition_Diets,49.95
2024-12-08,US,United_States,Nutrition_Diets,49.77
2024-12-15,US,United_States,Nutrition_Diets,46.91
2024-12-22,US,United_States,Nutrition_Diets,46.45
2024-12-29,US,United_States,Nutrition_Diets,61.29
2025-01-05,US,United_States,Nutrition_Diets,63.04
2025-01-12,US,United_States,Nutrition_Diets,60.65
2025-01-19,US,United_States,Nutrition_Diets,57.51
2025-01-26,US,United_States,Nutrition_Diets,58.53
2025-02-02,US,United_States,Nutrition_Diets,57.05
2025-02-09,US,United_States,Nutrition_Diets,53.64
2025-02-16,US,United_States,Nutrition_Diets,59.45
2025-02-23,US,United_States,Nutrition_Diets,59.17
2025-03-02,US,United_States,Nutrition_Diets,58.06
2025-03-09,US,United_States,Nutrition_Diets,60.46
2025-03-16,US,United_States,Nutrition_Diets,57.6
2025-03-23,US,United_States,Nutrition_Diets,58.16
2025-03-30,US,United_States,Nutrition_Diets,57.24
2025-04-06,US,United_States,Nutrition_Diets,56.96
2025-04-13,US,United_States,Nutrition_Diets,55.67
2025-04-20,US,United_States,Nutrition_Diets,56.04
2025-04-27,US,United_States,Nutrition_Diets,57.33
2025-05-04,US,United_States,Nutrition_Diets,55.39
2025-05-11,US,United_States,Nutrition_Diets,55.76
2025-05-18,US,United_States,Nutrition_Diets,53.82
2025-05-25,US,United_States,Nutrition_Diets,54.01
2025-06-01,US,United_States,Nutrition_Diets,55.48
2025-06-08,US,United_States,Nutrition_Diets,55.67
2025-06-15,US,United_States,Nutrition_Diets,54.56
2025-06-22,US,United_States,Nutrition_Diets,55.48
2025-06-29,US,United_States,Nutrition_Diets,53.46
2025-07-06,US,United_States,Nutrition_Diets,58.34
2025-07-13,US,United_States,Nutrition_Diets,62.21
2025-07-20,US,United_States,Nutrition_Diets,65.71
2025-07-27,US,United_States,Nutrition_Diets,67.19
2025-08-03,US,United_States,Nutrition_Diets,59.26
2025-08-10,US,United_States,Nutrition_Diets,58.8
2025-08-17,US,United_States,Nutrition_Diets,54.19
2025-08-24,US,United_States,Nutrition_Diets,52.72
2025-08-31,US,United_States,Nutrition_Diets,52.44
2025-09-07,US,United_States,Nutrition_Diets,48.57
2025-09-14,US,United_States,Nutrition_Diets,50.78
2025-09-21,US,United_States,Nutrition_Diets,52.53
2025-09-28,US,United_States,Nutrition_Diets,52.07
2025-10-05,US,United_States,Nutrition_Diets,50.78
2025-10-12,US,United_States,Nutrition_Diets,52.63
2025-10-19,US,United_States,Nutrition_Diets,51.71
2025-10-26,US,United_States,Nutrition_Diets,50.69
2025-11-02,US,United_States,Nutrition_Diets,54.65
2025-11-09,US,United_States,Nutrition_Diets,57.05
2025-11-16,US,United_States,Nutrition_Diets,55.21
2025-11-23,US,United_States,Nutrition_Diets,50.05
2025-11-30,US,United_States,Nutrition_Diets,55.85
2025-12-07,US,United_States,Nutrition_Diets,53.36
2025-12-14,US,United_States,Nutrition_Diets,51.43
2025-12-21,US,United_States,Nutrition_Diets,48.76
2025-12-28,US,United_States,Nutrition_Diets,60.46
2026-01-04,US,United_States,Nutrition_Diets,68.94
2026-01-11,US,United_States,Nutrition_Diets,68.02
2026-01-18,US,United_States,Nutrition_Diets,62.21
2026-01-25,US,United_States,Nutrition_Diets,63.69
2026-02-01,US,United_States,Nutrition_Diets,70.97
2026-02-08,US,United_States,Nutrition_Diets,64.7
2026-02-15,US,United_States,Nutrition_Diets,71.71
2026-02-22,US,United_States,Nutrition_Diets,69.86
2026-03-01,US,United_States,Nutrition_Diets,69.31
2026-03-08,US,United_States,Nutrition_Diets,68.66
2026-03-15,US,United_States,Nutrition_Diets,70.6
2026-03-22,US,United_States,Nutrition_Diets,76.13
2026-03-29,US,United_States,Nutrition_Diets,89.49
2026-04-05,US,United_States,Nutrition_Diets,100
2026-04-12,US,United_States,Nutrition_Diets,99.91
2026-04-19,US,United_States,Nutrition_Diets,90.41
2026-04-26,US,United_States,Nutrition_Diets,79.82
2026-05-03,US,United_States,Nutrition_Diets,79.91
2026-05-10,US,United_States,Nutrition_Diets,85.16
2026-05-17,US,United_States,Nutrition_Diets,88.57
2026-05-24,US,United_States,Nutrition_Diets,79.17
2026-05-31,US,United_States,Nutrition_Diets,84.06
2026-06-07,US,United_States,Nutrition_Diets,87.83
2026-06-14,US,United_States,Nutrition_Diets,83.78
2026-06-21,US,United_States,Nutrition_Diets,81.2
2026-06-28,US,United_States,Nutrition_Diets,68.94
2026-07-05,US,United_States,Nutrition_Diets,68.39
2026-07-12,US,United_States,Nutrition_Diets,62.12
2026-07-19,US,United_States,Nutrition_Diets,58.25
2026-07-26,US,United_States,Nutrition_Diets,54.01
2026-08-02,US,United_States,Nutrition_Diets,54.38
2026-08-09,US,United_States,Nutrition_Diets,52.9
2026-08-16,US,United_States,Nutrition_Diets,49.68
2026-08-23,US,United_States,Nutrition_Diets,48.48
2023-01-01,US,United_States,Fitness_Wearables,71.76
2023-01-08,US,United_States,Fitness_Wearables,63.77
2023-01-15,US,United_States,Fitness_Wearables,61.88
2023-01-22,US,United_States,Fitness_Wearables,59.48
2023-01-29,US,United_States,Fitness_Wearables,60.68
2023-02-05,US,United_States,Fitness_Wearables,58.08
2023-02-12,US,United_States,Fitness_Wearables,54.59
2023-02-19,US,United_States,Fitness_Wearables,59.38
2023-02-26,US,United_States,Fitness_Wearables,59.28
2023-03-05,US,United_States,Fitness_Wearables,57.39
2023-03-12,US,United_States,Fitness_Wearables,56.79
2023-03-19,US,United_States,Fitness_Wearables,56.99
2023-03-26,US,United_States,Fitness_Wearables,54.99
2023-04-02,US,United_States,Fitness_Wearables,56.59
2023-04-09,US,United_States,Fitness_Wearables,54.79
2023-04-16,US,United_States,Fitness_Wearables,51.9
2023-04-23,US,United_States,Fitness_Wearables,52.1
2023-04-30,US,United_States,Fitness_Wearables,53.39
2023-05-07,US,United_States,Fitness_Wearables,54.69
2023-05-14,US,United_States,Fitness_Wearables,54.69
2023-05-21,US,United_States,Fitness_Wearables,56.29
2023-05-28,US,United_States,Fitness_Wearables,62.97
2023-06-04,US,United_States,Fitness_Wearables,57.49
2023-06-11,US,United_States,Fitness_Wearables,57.29
2023-06-18,US,United_States,Fitness_Wearables,57.29
2023-06-25,US,United_States,Fitness_Wearables,57.58
2023-07-02,US,United_States,Fitness_Wearables,62.77
2023-07-09,US,United_States,Fitness_Wearables,59.28
2023-07-16,US,United_States,Fitness_Wearables,56.29
2023-07-23,US,United_States,Fitness_Wearables,55.49
2023-07-30,US,United_States,Fitness_Wearables,57.39
2023-08-06,US,United_States,Fitness_Wearables,55.49
2023-08-13,US,United_States,Fitness_Wearables,53.09
2023-08-20,US,United_States,Fitness_Wearables,52.69
2023-08-27,US,United_States,Fitness_Wearables,52
2023-09-03,US,United_States,Fitness_Wearables,55.79
2023-09-10,US,United_States,Fitness_Wearables,51.3
2023-09-17,US,United_States,Fitness_Wearables,51.5
2023-09-24,US,United_States,Fitness_Wearables,49.1
2023-10-01,US,United_States,Fitness_Wearables,49.4
2023-10-08,US,United_States,Fitness_Wearables,49
2023-10-15,US,United_States,Fitness_Wearables,48.8
2023-10-22,US,United_States,Fitness_Wearables,47.21
2023-10-29,US,United_States,Fitness_Wearables,46.31
2023-11-05,US,United_States,Fitness_Wearables,50.2
2023-11-12,US,United_States,Fitness_Wearables,49.6
2023-11-19,US,United_States,Fitness_Wearables,57.98
2023-11-26,US,United_States,Fitness_Wearables,53.79
2023-12-03,US,United_States,Fitness_Wearables,48.5
2023-12-10,US,United_States,Fitness_Wearables,49.3
2023-12-17,US,United_States,Fitness_Wearables,51.3
2023-12-24,US,United_States,Fitness_Wearables,62.57
2023-12-31,US,United_States,Fitness_Wearables,74.25
2024-01-07,US,United_States,Fitness_Wearables,60.18
2024-01-14,US,United_States,Fitness_Wearables,58.68
2024-01-21,US,United_States,Fitness_Wearables,58.58
2024-01-28,US,United_States,Fitness_Wearables,58.38
2024-02-04,US,United_States,Fitness_Wearables,55.59
2024-02-11,US,United_States,Fitness_Wearables,52.1
2024-02-18,US,United_States,Fitness_Wearables,57.98
2024-02-25,US,United_States,Fitness_Wearables,56.09
2024-03-03,US,United_States,Fitness_Wearables,55.19
2024-03-10,US,United_States,Fitness_Wearables,55.99
2024-03-17,US,United_States,Fitness_Wearables,56.29
2024-03-24,US,United_States,Fitness_Wearables,53.99
2024-03-31,US,United_States,Fitness_Wearables,54.39
2024-04-07,US,United_States,Fitness_Wearables,51.5
2024-04-14,US,United_States,Fitness_Wearables,52.79
2024-04-21,US,United_States,Fitness_Wearables,53.79
2024-04-28,US,United_States,Fitness_Wearables,54.39
2024-05-05,US,United_States,Fitness_Wearables,53.69
2024-05-12,US,United_States,Fitness_Wearables,54.19
2024-05-19,US,United_States,Fitness_Wearables,54.59
2024-05-26,US,United_States,Fitness_Wearables,60.28
2024-06-02,US,United_States,Fitness_Wearables,60.78
2024-06-09,US,United_States,Fitness_Wearables,58.98
2024-06-16,US,United_States,Fitness_Wearables,57.09
2024-06-23,US,United_States,Fitness_Wearables,56.39
2024-06-30,US,United_States,Fitness_Wearables,60.68
2024-07-07,US,United_States,Fitness_Wearables,55.29
2024-07-14,US,United_States,Fitness_Wearables,54.89
2024-07-21,US,United_States,Fitness_Wearables,55.09
2024-07-28,US,United_States,Fitness_Wearables,54.69
2024-08-04,US,United_States,Fitness_Wearables,55.09
2024-08-11,US,United_States,Fitness_Wearables,52.89
2024-08-18,US,United_States,Fitness_Wearables,53.49
2024-08-25,US,United_States,Fitness_Wearables,51.7
2024-09-01,US,United_States,Fitness_Wearables,56.09
2024-09-08,US,United_States,Fitness_Wearables,50.9
2024-09-15,US,United_States,Fitness_Wearables,49.5
2024-09-22,US,United_States,Fitness_Wearables,49.3
2024-09-29,US,United_States,Fitness_Wearables,50.1
2024-10-06,US,United_States,Fitness_Wearables,47.8
2024-10-13,US,United_States,Fitness_Wearables,47.6
2024-10-20,US,United_States,Fitness_Wearables,48.6
2024-10-27,US,United_States,Fitness_Wearables,47.01
2024-11-03,US,United_States,Fitness_Wearables,45.41
2024-11-10,US,United_States,Fitness_Wearables,50.1
2024-11-17,US,United_States,Fitness_Wearables,52.3
2024-11-24,US,United_States,Fitness_Wearables,58.48
2024-12-01,US,United_States,Fitness_Wearables,53.39
2024-12-08,US,United_States,Fitness_Wearables,49.8
2024-12-15,US,United_States,Fitness_Wearables,49.9
2024-12-22,US,United_States,Fitness_Wearables,61.88
2024-12-29,US,United_States,Fitness_Wearables,72.36
2025-01-05,US,United_States,Fitness_Wearables,63.67
2025-01-12,US,United_States,Fitness_Wearables,61.98
2025-01-19,US,United_States,Fitness_Wearables,58.68
2025-01-26,US,United_States,Fitness_Wearables,57.88
2025-02-02,US,United_States,Fitness_Wearables,56.69
2025-02-09,US,United_States,Fitness_Wearables,53.29
2025-02-16,US,United_States,Fitness_Wearables,57.58
2025-02-23,US,United_States,Fitness_Wearables,58.58
2025-03-02,US,United_States,Fitness_Wearables,57.58
2025-03-09,US,United_States,Fitness_Wearables,56.19
2025-03-16,US,United_States,Fitness_Wearables,55.09
2025-03-23,US,United_States,Fitness_Wearables,53.49
2025-03-30,US,United_States,Fitness_Wearables,53.89
2025-04-06,US,United_States,Fitness_Wearables,53.29
2025-04-13,US,United_States,Fitness_Wearables,51.4
2025-04-20,US,United_States,Fitness_Wearables,53.69
2025-04-27,US,United_States,Fitness_Wearables,56.09
2025-05-04,US,United_States,Fitness_Wearables,54.39
2025-05-11,US,United_States,Fitness_Wearables,55.39
2025-05-18,US,United_States,Fitness_Wearables,55.79
2025-05-25,US,United_States,Fitness_Wearables,61.18
2025-06-01,US,United_States,Fitness_Wearables,63.97
2025-06-08,US,United_States,Fitness_Wearables,60.08
2025-06-15,US,United_States,Fitness_Wearables,61.98
2025-06-22,US,United_States,Fitness_Wearables,60.58
2025-06-29,US,United_States,Fitness_Wearables,61.38
2025-07-06,US,United_States,Fitness_Wearables,66.37
2025-07-13,US,United_States,Fitness_Wearables,63.97
2025-07-20,US,United_States,Fitness_Wearables,67.47
2025-07-27,US,United_States,Fitness_Wearables,69.56
2025-08-03,US,United_States,Fitness_Wearables,58.58
2025-08-10,US,United_States,Fitness_Wearables,57.19
2025-08-17,US,United_States,Fitness_Wearables,56.69
2025-08-24,US,United_States,Fitness_Wearables,54.99
2025-08-31,US,United_States,Fitness_Wearables,58.58
2025-09-07,US,United_States,Fitness_Wearables,50.7
2025-09-14,US,United_States,Fitness_Wearables,51.5
2025-09-21,US,United_States,Fitness_Wearables,53.19
2025-09-28,US,United_States,Fitness_Wearables,52.5
2025-10-05,US,United_States,Fitness_Wearables,49.9
2025-10-12,US,United_States,Fitness_Wearables,50.2
2025-10-19,US,United_States,Fitness_Wearables,49.5
2025-10-26,US,United_States,Fitness_Wearables,49.3
2025-11-02,US,United_States,Fitness_Wearables,55.19
2025-11-09,US,United_States,Fitness_Wearables,56.79
2025-11-16,US,United_States,Fitness_Wearables,59.78
2025-11-23,US,United_States,Fitness_Wearables,62.48
2025-11-30,US,United_States,Fitness_Wearables,61.18
2025-12-07,US,United_States,Fitness_Wearables,59.38
2025-12-14,US,United_States,Fitness_Wearables,58.38
2025-12-21,US,United_States,Fitness_Wearables,67.56
2025-12-28,US,United_States,Fitness_Wearables,77.54
2026-01-04,US,United_States,Fitness_Wearables,75.75
2026-01-11,US,United_States,Fitness_Wearables,72.06
2026-01-18,US,United_States,Fitness_Wearables,69.76
2026-01-25,US,United_States,Fitness_Wearables,69.66
2026-02-01,US,United_States,Fitness_Wearables,71.76
2026-02-08,US,United_States,Fitness_Wearables,68.76
2026-02-15,US,United_States,Fitness_Wearables,72.06
2026-02-22,US,United_States,Fitness_Wearables,72.36
2026-03-01,US,United_States,Fitness_Wearables,67.76
2026-03-08,US,United_States,Fitness_Wearables,66.17
2026-03-15,US,United_States,Fitness_Wearables,65.77
2026-03-22,US,United_States,Fitness_Wearables,72.55
2026-03-29,US,United_States,Fitness_Wearables,88.22
2026-04-05,US,United_States,Fitness_Wearables,100
2026-04-12,US,United_States,Fitness_Wearables,99
2026-04-19,US,United_States,Fitness_Wearables,88.22
2026-04-26,US,United_States,Fitness_Wearables,85.63
2026-05-03,US,United_States,Fitness_Wearables,87.62
2026-05-10,US,United_States,Fitness_Wearables,91.32
2026-05-17,US,United_States,Fitness_Wearables,82.44
2026-05-24,US,United_States,Fitness_Wearables,82.73
2026-05-31,US,United_States,Fitness_Wearables,86.53
2026-06-07,US,United_States,Fitness_Wearables,89.42
2026-06-14,US,United_States,Fitness_Wearables,85.53
2026-06-21,US,United_States,Fitness_Wearables,84.33
2026-06-28,US,United_States,Fitness_Wearables,72.46
2026-07-05,US,United_States,Fitness_Wearables,69.36
2026-07-12,US,United_States,Fitness_Wearables,72.55
2026-07-19,US,United_States,Fitness_Wearables,69.86
2026-07-26,US,United_States,Fitness_Wearables,61.18
2026-08-02,US,United_States,Fitness_Wearables,61.98
2026-08-09,US,United_States,Fitness_Wearables,60.88
2026-08-16,US,United_States,Fitness_Wearables,58.48
2026-08-23,US,United_States,Fitness_Wearables,55.89
2023-01-01,US,United_States,Fashion_Beauty,44.17
2023-01-08,US,United_States,Fashion_Beauty,42.96
2023-01-15,US,United_States,Fashion_Beauty,42.61
2023-01-22,US,United_States,Fashion_Beauty,44.51
2023-01-29,US,United_States,Fashion_Beauty,44.77
2023-02-05,US,United_States,Fashion_Beauty,44.25
2023-02-12,US,United_States,Fashion_Beauty,43.91
2023-02-19,US,United_States,Fashion_Beauty,43.82
2023-02-26,US,United_States,Fashion_Beauty,45.2
2023-03-05,US,United_States,Fashion_Beauty,45.38
2023-03-12,US,United_States,Fashion_Beauty,44.77
2023-03-19,US,United_States,Fashion_Beauty,44.17
2023-03-26,US,United_States,Fashion_Beauty,44.25
2023-04-02,US,United_States,Fashion_Beauty,42.26
2023-04-09,US,United_States,Fashion_Beauty,42.52
2023-04-16,US,United_States,Fashion_Beauty,43.56
2023-04-23,US,United_States,Fashion_Beauty,43.73
2023-04-30,US,United_States,Fashion_Beauty,43.13
2023-05-07,US,United_States,Fashion_Beauty,43.47
2023-05-14,US,United_States,Fashion_Beauty,42.96
2023-05-21,US,United_States,Fashion_Beauty,42.35
2023-05-28,US,United_States,Fashion_Beauty,40.97
2023-06-04,US,United_States,Fashion_Beauty,40.54
2023-06-11,US,United_States,Fashion_Beauty,40.45
2023-06-18,US,United_States,Fashion_Beauty,40.28
2023-06-25,US,United_States,Fashion_Beauty,40.02
2023-07-02,US,United_States,Fashion_Beauty,41.31
2023-07-09,US,United_States,Fashion_Beauty,40.8
2023-07-16,US,United_States,Fashion_Beauty,41.14
2023-07-23,US,United_States,Fashion_Beauty,41.14
2023-07-30,US,United_States,Fashion_Beauty,41.14
2023-08-06,US,United_States,Fashion_Beauty,41.31
2023-08-13,US,United_States,Fashion_Beauty,39.59
2023-08-20,US,United_States,Fashion_Beauty,40.1
2023-08-27,US,United_States,Fashion_Beauty,40.19
2023-09-03,US,United_States,Fashion_Beauty,42.96
2023-09-10,US,United_States,Fashion_Beauty,42.7
2023-09-17,US,United_States,Fashion_Beauty,42.35
2023-09-24,US,United_States,Fashion_Beauty,43.3
2023-10-01,US,United_States,Fashion_Beauty,43.13
2023-10-08,US,United_States,Fashion_Beauty,43.39
2023-10-15,US,United_States,Fashion_Beauty,45.46
2023-10-22,US,United_States,Fashion_Beauty,45.72
2023-10-29,US,United_States,Fashion_Beauty,43.65
2023-11-05,US,United_States,Fashion_Beauty,43.22
2023-11-12,US,United_States,Fashion_Beauty,45.98
2023-11-19,US,United_States,Fashion_Beauty,52.81
2023-11-26,US,United_States,Fashion_Beauty,49.87
2023-12-03,US,United_States,Fashion_Beauty,47.1
2023-12-10,US,United_States,Fashion_Beauty,48.83
2023-12-17,US,United_States,Fashion_Beauty,48.66
2023-12-24,US,United_States,Fashion_Beauty,48.57
2023-12-31,US,United_States,Fashion_Beauty,43.73
2024-01-07,US,United_States,Fashion_Beauty,42.7
2024-01-14,US,United_States,Fashion_Beauty,42.52
2024-01-21,US,United_States,Fashion_Beauty,43.13
2024-01-28,US,United_States,Fashion_Beauty,42.18
2024-02-04,US,United_States,Fashion_Beauty,43.04
2024-02-11,US,United_States,Fashion_Beauty,42.35
2024-02-18,US,United_States,Fashion_Beauty,45.38
2024-02-25,US,United_States,Fashion_Beauty,43.47
2024-03-03,US,United_States,Fashion_Beauty,42.52
2024-03-10,US,United_States,Fashion_Beauty,42.18
2024-03-17,US,United_States,Fashion_Beauty,42.7
2024-03-24,US,United_States,Fashion_Beauty,43.22
2024-03-31,US,United_States,Fashion_Beauty,40.97
2024-04-07,US,United_States,Fashion_Beauty,40.8
2024-04-14,US,United_States,Fashion_Beauty,42.87
2024-04-21,US,United_States,Fashion_Beauty,43.39
2024-04-28,US,United_States,Fashion_Beauty,43.04
2024-05-05,US,United_States,Fashion_Beauty,43.39
2024-05-12,US,United_States,Fashion_Beauty,42.09
2024-05-19,US,United_States,Fashion_Beauty,41.14
2024-05-26,US,United_States,Fashion_Beauty,40.19
2024-06-02,US,United_States,Fashion_Beauty,40.97
2024-06-09,US,United_States,Fashion_Beauty,39.93
2024-06-16,US,United_States,Fashion_Beauty,39.67
2024-06-23,US,United_States,Fashion_Beauty,40.19
2024-06-30,US,United_States,Fashion_Beauty,42.52
2024-07-07,US,United_States,Fashion_Beauty,39.67
2024-07-14,US,United_States,Fashion_Beauty,39.33
2024-07-21,US,United_States,Fashion_Beauty,40.54
2024-07-28,US,United_States,Fashion_Beauty,41.31
2024-08-04,US,United_States,Fashion_Beauty,41.49
2024-08-11,US,United_States,Fashion_Beauty,41.66
2024-08-18,US,United_States,Fashion_Beauty,41.75
2024-08-25,US,United_States,Fashion_Beauty,40.88
2024-09-01,US,United_States,Fashion_Beauty,43.73
2024-09-08,US,United_States,Fashion_Beauty,42.96
2024-09-15,US,United_States,Fashion_Beauty,44.08
2024-09-22,US,United_States,Fashion_Beauty,43.04
2024-09-29,US,United_States,Fashion_Beauty,42.96
2024-10-06,US,United_States,Fashion_Beauty,42.87
2024-10-13,US,United_States,Fashion_Beauty,51.77
2024-10-20,US,United_States,Fashion_Beauty,45.89
2024-10-27,US,United_States,Fashion_Beauty,45.2
2024-11-03,US,United_States,Fashion_Beauty,38.81
2024-11-10,US,United_States,Fashion_Beauty,43.13
2024-11-17,US,United_States,Fashion_Beauty,46.15
2024-11-24,US,United_States,Fashion_Beauty,54.88
2024-12-01,US,United_States,Fashion_Beauty,51.77
2024-12-08,US,United_States,Fashion_Beauty,49.01
2024-12-15,US,United_States,Fashion_Beauty,48.57
2024-12-22,US,United_States,Fashion_Beauty,49.78
2024-12-29,US,United_States,Fashion_Beauty,45.55
2025-01-05,US,United_States,Fashion_Beauty,41.4
2025-01-12,US,United_States,Fashion_Beauty,40.54
2025-01-19,US,United_States,Fashion_Beauty,41.75
2025-01-26,US,United_States,Fashion_Beauty,40.97
2025-02-02,US,United_States,Fashion_Beauty,42.87
2025-02-09,US,United_States,Fashion_Beauty,41.31
2025-02-16,US,United_States,Fashion_Beauty,42.35
2025-02-23,US,United_States,Fashion_Beauty,42.35
2025-03-02,US,United_States,Fashion_Beauty,41.92
2025-03-09,US,United_States,Fashion_Beauty,41.83
2025-03-16,US,United_States,Fashion_Beauty,42.52
2025-03-23,US,United_States,Fashion_Beauty,41.92
2025-03-30,US,United_States,Fashion_Beauty,42.78
2025-04-06,US,United_States,Fashion_Beauty,42.09
2025-04-13,US,United_States,Fashion_Beauty,42.01
2025-04-20,US,United_States,Fashion_Beauty,42.61
2025-04-27,US,United_States,Fashion_Beauty,43.82
2025-05-04,US,United_States,Fashion_Beauty,47.02
2025-05-11,US,United_States,Fashion_Beauty,43.47
2025-05-18,US,United_States,Fashion_Beauty,40.71
2025-05-25,US,United_States,Fashion_Beauty,42.44
2025-06-01,US,United_States,Fashion_Beauty,41.66
2025-06-08,US,United_States,Fashion_Beauty,41.57
2025-06-15,US,United_States,Fashion_Beauty,41.92
2025-06-22,US,United_States,Fashion_Beauty,42.44
2025-06-29,US,United_States,Fashion_Beauty,41.83
2025-07-06,US,United_States,Fashion_Beauty,43.99
2025-07-13,US,United_States,Fashion_Beauty,46.5
2025-07-20,US,United_States,Fashion_Beauty,52.29
2025-07-27,US,United_States,Fashion_Beauty,55.4
2025-08-03,US,United_States,Fashion_Beauty,47.54
2025-08-10,US,United_States,Fashion_Beauty,45.89
2025-08-17,US,United_States,Fashion_Beauty,43.47
2025-08-24,US,United_States,Fashion_Beauty,42.96
2025-08-31,US,United_States,Fashion_Beauty,45.55
2025-09-07,US,United_States,Fashion_Beauty,42.26
2025-09-14,US,United_States,Fashion_Beauty,45.55
2025-09-21,US,United_States,Fashion_Beauty,45.64
2025-09-28,US,United_States,Fashion_Beauty,45.46
2025-10-05,US,United_States,Fashion_Beauty,45.12
2025-10-12,US,United_States,Fashion_Beauty,55.57
2025-10-19,US,United_States,Fashion_Beauty,46.93
2025-10-26,US,United_States,Fashion_Beauty,49.7
2025-11-02,US,United_States,Fashion_Beauty,46.76
2025-11-09,US,United_States,Fashion_Beauty,49.87
2025-11-16,US,United_States,Fashion_Beauty,51.86
2025-11-23,US,United_States,Fashion_Beauty,59.9
2025-11-30,US,United_States,Fashion_Beauty,60.07
2025-12-07,US,United_States,Fashion_Beauty,59.2
2025-12-14,US,United_States,Fashion_Beauty,57.91
2025-12-21,US,United_States,Fashion_Beauty,56.7
2025-12-28,US,United_States,Fashion_Beauty,52.9
2026-01-04,US,United_States,Fashion_Beauty,52.38
2026-01-11,US,United_States,Fashion_Beauty,53.07
2026-01-18,US,United_States,Fashion_Beauty,51.94
2026-01-25,US,United_States,Fashion_Beauty,52.2
2026-02-01,US,United_States,Fashion_Beauty,57.91
2026-02-08,US,United_States,Fashion_Beauty,67.68
2026-02-15,US,United_States,Fashion_Beauty,66.29
2026-02-22,US,United_States,Fashion_Beauty,62.06
2026-03-01,US,United_States,Fashion_Beauty,51.94
2026-03-08,US,United_States,Fashion_Beauty,53.5
2026-03-15,US,United_States,Fashion_Beauty,55.57
2026-03-22,US,United_States,Fashion_Beauty,61.28
2026-03-29,US,United_States,Fashion_Beauty,78.39
2026-04-05,US,United_States,Fashion_Beauty,94.21
2026-04-12,US,United_States,Fashion_Beauty,100
2026-04-19,US,United_States,Fashion_Beauty,83.15
2026-04-26,US,United_States,Fashion_Beauty,71.82
2026-05-03,US,United_States,Fashion_Beauty,77.36
2026-05-10,US,United_States,Fashion_Beauty,81.85
2026-05-17,US,United_States,Fashion_Beauty,73.73
2026-05-24,US,United_States,Fashion_Beauty,62.06
2026-05-31,US,United_States,Fashion_Beauty,62.4
2026-06-07,US,United_States,Fashion_Beauty,68.45
2026-06-14,US,United_States,Fashion_Beauty,66.72
2026-06-21,US,United_States,Fashion_Beauty,64.22
2026-06-28,US,United_States,Fashion_Beauty,53.24
2026-07-05,US,United_States,Fashion_Beauty,53.85
2026-07-12,US,United_States,Fashion_Beauty,48.4
2026-07-19,US,United_States,Fashion_Beauty,49.18
2026-07-26,US,United_States,Fashion_Beauty,46.93
2026-08-02,US,United_States,Fashion_Beauty,46.33
2026-08-09,US,United_States,Fashion_Beauty,47.45
2026-08-16,US,United_States,Fashion_Beauty,44.34
2026-08-23,US,United_States,Fashion_Beauty,44.25
2023-01-01,ZA,South_Africa,Nutrition_Diets,100
2023-01-08,ZA,South_Africa,Nutrition_Diets,97.16
2023-01-15,ZA,South_Africa,Nutrition_Diets,87.73
2023-01-22,ZA,South_Africa,Nutrition_Diets,88.24
2023-01-29,ZA,South_Africa,Nutrition_Diets,88.03
2023-02-05,ZA,South_Africa,Nutrition_Diets,84.99
2023-02-12,ZA,South_Africa,Nutrition_Diets,76.67
2023-02-19,ZA,South_Africa,Nutrition_Diets,77.28
2023-02-26,ZA,South_Africa,Nutrition_Diets,77.69
2023-03-05,ZA,South_Africa,Nutrition_Diets,79.51
2023-03-12,ZA,South_Africa,Nutrition_Diets,78.7
2023-03-19,ZA,South_Africa,Nutrition_Diets,76.77
2023-03-26,ZA,South_Africa,Nutrition_Diets,73.02
2023-04-02,ZA,South_Africa,Nutrition_Diets,67.44
2023-04-09,ZA,South_Africa,Nutrition_Diets,71.3
2023-04-16,ZA,South_Africa,Nutrition_Diets,70.28
2023-04-23,ZA,South_Africa,Nutrition_Diets,70.99
2023-04-30,ZA,South_Africa,Nutrition_Diets,72.01
2023-05-07,ZA,South_Africa,Nutrition_Diets,68.66
2023-05-14,ZA,South_Africa,Nutrition_Diets,67.14
2023-05-21,ZA,South_Africa,Nutrition_Diets,68.76
2023-05-28,ZA,South_Africa,Nutrition_Diets,67.65
2023-06-04,ZA,South_Africa,Nutrition_Diets,68.97
2023-06-11,ZA,South_Africa,Nutrition_Diets,65.42
2023-06-18,ZA,South_Africa,Nutrition_Diets,68.15
2023-06-25,ZA,South_Africa,Nutrition_Diets,67.14
2023-07-02,ZA,South_Africa,Nutrition_Diets,70.89
2023-07-09,ZA,South_Africa,Nutrition_Diets,66.02
2023-07-16,ZA,South_Africa,Nutrition_Diets,68.26
2023-07-23,ZA,South_Africa,Nutrition_Diets,74.54
2023-07-30,ZA,South_Africa,Nutrition_Diets,73.02
2023-08-06,ZA,South_Africa,Nutrition_Diets,78.4
2023-08-13,ZA,South_Africa,Nutrition_Diets,81.74
2023-08-20,ZA,South_Africa,Nutrition_Diets,81.64
2023-08-27,ZA,South_Africa,Nutrition_Diets,79.51
2023-09-03,ZA,South_Africa,Nutrition_Diets,79.11
2023-09-10,ZA,South_Africa,Nutrition_Diets,74.85
2023-09-17,ZA,South_Africa,Nutrition_Diets,68.36
2023-09-24,ZA,South_Africa,Nutrition_Diets,67.65
2023-10-01,ZA,South_Africa,Nutrition_Diets,68.56
2023-10-08,ZA,South_Africa,Nutrition_Diets,74.34
2023-10-15,ZA,South_Africa,Nutrition_Diets,68.97
2023-10-22,ZA,South_Africa,Nutrition_Diets,67.75
2023-10-29,ZA,South_Africa,Nutrition_Diets,64.71
2023-11-05,ZA,South_Africa,Nutrition_Diets,70.89
2023-11-12,ZA,South_Africa,Nutrition_Diets,70.08
2023-11-19,ZA,South_Africa,Nutrition_Diets,67.85
2023-11-26,ZA,South_Africa,Nutrition_Diets,62.47
2023-12-03,ZA,South_Africa,Nutrition_Diets,58.72
2023-12-10,ZA,South_Africa,Nutrition_Diets,54.67
2023-12-17,ZA,South_Africa,Nutrition_Diets,55.58
2023-12-24,ZA,South_Africa,Nutrition_Diets,60.14
2023-12-31,ZA,South_Africa,Nutrition_Diets,85.29
2024-01-07,ZA,South_Africa,Nutrition_Diets,91.08
2024-01-14,ZA,South_Africa,Nutrition_Diets,83.57
2024-01-21,ZA,South_Africa,Nutrition_Diets,78.19
2024-01-28,ZA,South_Africa,Nutrition_Diets,74.24
2024-02-04,ZA,South_Africa,Nutrition_Diets,74.75
2024-02-11,ZA,South_Africa,Nutrition_Diets,73.02
2024-02-18,ZA,South_Africa,Nutrition_Diets,73.12
2024-02-25,ZA,South_Africa,Nutrition_Diets,70.69
2024-03-03,ZA,South_Africa,Nutrition_Diets,70.28
2024-03-10,ZA,South_Africa,Nutrition_Diets,68.97
2024-03-17,ZA,South_Africa,Nutrition_Diets,63.89
2024-03-24,ZA,South_Africa,Nutrition_Diets,60.95
2024-03-31,ZA,South_Africa,Nutrition_Diets,65.42
2024-04-07,ZA,South_Africa,Nutrition_Diets,61.66
2024-04-14,ZA,South_Africa,Nutrition_Diets,67.24
2024-04-21,ZA,South_Africa,Nutrition_Diets,62.88
2024-04-28,ZA,South_Africa,Nutrition_Diets,66.63
2024-05-05,ZA,South_Africa,Nutrition_Diets,63.79
2024-05-12,ZA,South_Africa,Nutrition_Diets,62.27
2024-05-19,ZA,South_Africa,Nutrition_Diets,64.91
2024-05-26,ZA,South_Africa,Nutrition_Diets,61.97
2024-06-02,ZA,South_Africa,Nutrition_Diets,58.01
2024-06-09,ZA,South_Africa,Nutrition_Diets,57.91
2024-06-16,ZA,South_Africa,Nutrition_Diets,59.94
2024-06-23,ZA,South_Africa,Nutrition_Diets,61.05
2024-06-30,ZA,South_Africa,Nutrition_Diets,59.84
2024-07-07,ZA,South_Africa,Nutrition_Diets,58.92
2024-07-14,ZA,South_Africa,Nutrition_Diets,64.2
2024-07-21,ZA,South_Africa,Nutrition_Diets,68.56
2024-07-28,ZA,South_Africa,Nutrition_Diets,66.43
2024-08-04,ZA,South_Africa,Nutrition_Diets,64.5
2024-08-11,ZA,South_Africa,Nutrition_Diets,69.07
2024-08-18,ZA,South_Africa,Nutrition_Diets,68.05
2024-08-25,ZA,South_Africa,Nutrition_Diets,68.66
2024-09-01,ZA,South_Africa,Nutrition_Diets,71.4
2024-09-08,ZA,South_Africa,Nutrition_Diets,71.3
2024-09-15,ZA,South_Africa,Nutrition_Diets,61.46
2024-09-22,ZA,South_Africa,Nutrition_Diets,58.11
2024-09-29,ZA,South_Africa,Nutrition_Diets,66.23
2024-10-06,ZA,South_Africa,Nutrition_Diets,72.72
2024-10-13,ZA,South_Africa,Nutrition_Diets,71.81
2024-10-20,ZA,South_Africa,Nutrition_Diets,65.52
2024-10-27,ZA,South_Africa,Nutrition_Diets,66.84
2024-11-03,ZA,South_Africa,Nutrition_Diets,66.13
2024-11-10,ZA,South_Africa,Nutrition_Diets,65.21
2024-11-17,ZA,South_Africa,Nutrition_Diets,64.1
2024-11-24,ZA,South_Africa,Nutrition_Diets,56.9
2024-12-01,ZA,South_Africa,Nutrition_Diets,55.38
2024-12-08,ZA,South_Africa,Nutrition_Diets,54.77
2024-12-15,ZA,South_Africa,Nutrition_Diets,50.2
2024-12-22,ZA,South_Africa,Nutrition_Diets,50.1
2024-12-29,ZA,South_Africa,Nutrition_Diets,69.17
2025-01-05,ZA,South_Africa,Nutrition_Diets,82.25
2025-01-12,ZA,South_Africa,Nutrition_Diets,73.94
2025-01-19,ZA,South_Africa,Nutrition_Diets,75.56
2025-01-26,ZA,South_Africa,Nutrition_Diets,76.57
2025-02-02,ZA,South_Africa,Nutrition_Diets,75.66
2025-02-09,ZA,South_Africa,Nutrition_Diets,73.12
2025-02-16,ZA,South_Africa,Nutrition_Diets,70.89
2025-02-23,ZA,South_Africa,Nutrition_Diets,71.3
2025-03-02,ZA,South_Africa,Nutrition_Diets,69.78
2025-03-09,ZA,South_Africa,Nutrition_Diets,68.86
2025-03-16,ZA,South_Africa,Nutrition_Diets,64.1
2025-03-23,ZA,South_Africa,Nutrition_Diets,60.85
2025-03-30,ZA,South_Africa,Nutrition_Diets,59.23
2025-04-06,ZA,South_Africa,Nutrition_Diets,63.18
2025-04-13,ZA,South_Africa,Nutrition_Diets,56.8
2025-04-20,ZA,South_Africa,Nutrition_Diets,56.59
2025-04-27,ZA,South_Africa,Nutrition_Diets,57.4
2025-05-04,ZA,South_Africa,Nutrition_Diets,58.72
2025-05-11,ZA,South_Africa,Nutrition_Diets,61.56
2025-05-18,ZA,South_Africa,Nutrition_Diets,61.05
2025-05-25,ZA,South_Africa,Nutrition_Diets,60.14
2025-06-01,ZA,South_Africa,Nutrition_Diets,59.03
2025-06-08,ZA,South_Africa,Nutrition_Diets,55.07
2025-06-15,ZA,South_Africa,Nutrition_Diets,57.71
2025-06-22,ZA,South_Africa,Nutrition_Diets,58.01
2025-06-29,ZA,South_Africa,Nutrition_Diets,56.19
2025-07-06,ZA,South_Africa,Nutrition_Diets,54.16
2025-07-13,ZA,South_Africa,Nutrition_Diets,58.72
2025-07-20,ZA,South_Africa,Nutrition_Diets,62.17
2025-07-27,ZA,South_Africa,Nutrition_Diets,63.89
2025-08-03,ZA,South_Africa,Nutrition_Diets,66.02
2025-08-10,ZA,South_Africa,Nutrition_Diets,65.31
2025-08-17,ZA,South_Africa,Nutrition_Diets,64.71
2025-08-24,ZA,South_Africa,Nutrition_Diets,65.01
2025-08-31,ZA,South_Africa,Nutrition_Diets,66.33
2025-09-07,ZA,South_Africa,Nutrition_Diets,65.11
2025-09-14,ZA,South_Africa,Nutrition_Diets,61.16
2025-09-21,ZA,South_Africa,Nutrition_Diets,60.14
2025-09-28,ZA,South_Africa,Nutrition_Diets,57.4
2025-10-05,ZA,South_Africa,Nutrition_Diets,59.94
2025-10-12,ZA,South_Africa,Nutrition_Diets,64.91
2025-10-19,ZA,South_Africa,Nutrition_Diets,61.56
2025-10-26,ZA,South_Africa,Nutrition_Diets,64.4
2025-11-02,ZA,South_Africa,Nutrition_Diets,65.92
2025-11-09,ZA,South_Africa,Nutrition_Diets,67.75
2025-11-16,ZA,South_Africa,Nutrition_Diets,61.97
2025-11-23,ZA,South_Africa,Nutrition_Diets,58.22
2025-11-30,ZA,South_Africa,Nutrition_Diets,55.48
2025-12-07,ZA,South_Africa,Nutrition_Diets,55.07
2025-12-14,ZA,South_Africa,Nutrition_Diets,54.36
2025-12-21,ZA,South_Africa,Nutrition_Diets,49.9
2025-12-28,ZA,South_Africa,Nutrition_Diets,61.66
2026-01-04,ZA,South_Africa,Nutrition_Diets,79.61
2026-01-11,ZA,South_Africa,Nutrition_Diets,71.5
2026-01-18,ZA,South_Africa,Nutrition_Diets,72.92
2026-01-25,ZA,South_Africa,Nutrition_Diets,74.14
2026-02-01,ZA,South_Africa,Nutrition_Diets,72.52
2026-02-08,ZA,South_Africa,Nutrition_Diets,73.53
2026-02-15,ZA,South_Africa,Nutrition_Diets,77.99
2026-02-22,ZA,South_Africa,Nutrition_Diets,79.61
2026-03-01,ZA,South_Africa,Nutrition_Diets,63.79
2026-03-08,ZA,South_Africa,Nutrition_Diets,65.31
2026-03-15,ZA,South_Africa,Nutrition_Diets,60.85
2026-03-22,ZA,South_Africa,Nutrition_Diets,64.3
2026-03-29,ZA,South_Africa,Nutrition_Diets,71.4
2026-04-05,ZA,South_Africa,Nutrition_Diets,69.17
2026-04-12,ZA,South_Africa,Nutrition_Diets,60.34
2026-04-19,ZA,South_Africa,Nutrition_Diets,54.97
2026-04-26,ZA,South_Africa,Nutrition_Diets,55.88
2026-05-03,ZA,South_Africa,Nutrition_Diets,54.16
2026-05-10,ZA,South_Africa,Nutrition_Diets,54.56
2026-05-17,ZA,South_Africa,Nutrition_Diets,56.39
2026-05-24,ZA,South_Africa,Nutrition_Diets,58.52
2026-05-31,ZA,South_Africa,Nutrition_Diets,57.81
2026-06-07,ZA,South_Africa,Nutrition_Diets,49.9
2026-06-14,ZA,South_Africa,Nutrition_Diets,47.97
2026-06-21,ZA,South_Africa,Nutrition_Diets,48.07
2026-06-28,ZA,South_Africa,Nutrition_Diets,50.2
2026-07-05,ZA,South_Africa,Nutrition_Diets,53.65
2026-07-12,ZA,South_Africa,Nutrition_Diets,56.8
2026-07-19,ZA,South_Africa,Nutrition_Diets,64.4
2026-07-26,ZA,South_Africa,Nutrition_Diets,62.88
2026-08-02,ZA,South_Africa,Nutrition_Diets,58.82
2026-08-09,ZA,South_Africa,Nutrition_Diets,53.04
2026-08-16,ZA,South_Africa,Nutrition_Diets,57.4
2026-08-23,ZA,South_Africa,Nutrition_Diets,59.53
2023-01-01,ZA,South_Africa,Fitness_Wearables,96.93
2023-01-08,ZA,South_Africa,Fitness_Wearables,95.17
2023-01-15,ZA,South_Africa,Fitness_Wearables,91.04
2023-01-22,ZA,South_Africa,Fitness_Wearables,91.04
2023-01-29,ZA,South_Africa,Fitness_Wearables,92.45
2023-02-05,ZA,South_Africa,Fitness_Wearables,86.79
2023-02-12,ZA,South_Africa,Fitness_Wearables,83.49
2023-02-19,ZA,South_Africa,Fitness_Wearables,82.43
2023-02-26,ZA,South_Africa,Fitness_Wearables,86.56
2023-03-05,ZA,South_Africa,Fitness_Wearables,88.33
2023-03-12,ZA,South_Africa,Fitness_Wearables,81.84
2023-03-19,ZA,South_Africa,Fitness_Wearables,83.96
2023-03-26,ZA,South_Africa,Fitness_Wearables,72.52
2023-04-02,ZA,South_Africa,Fitness_Wearables,72.52
2023-04-09,ZA,South_Africa,Fitness_Wearables,73.47
2023-04-16,ZA,South_Africa,Fitness_Wearables,71.58
2023-04-23,ZA,South_Africa,Fitness_Wearables,72.29
2023-04-30,ZA,South_Africa,Fitness_Wearables,72.17
2023-05-07,ZA,South_Africa,Fitness_Wearables,69.1
2023-05-14,ZA,South_Africa,Fitness_Wearables,65.92
2023-05-21,ZA,South_Africa,Fitness_Wearables,67.92
2023-05-28,ZA,South_Africa,Fitness_Wearables,68.4
2023-06-04,ZA,South_Africa,Fitness_Wearables,69.1
2023-06-11,ZA,South_Africa,Fitness_Wearables,71.23
2023-06-18,ZA,South_Africa,Fitness_Wearables,69.1
2023-06-25,ZA,South_Africa,Fitness_Wearables,69.46
2023-07-02,ZA,South_Africa,Fitness_Wearables,71.82
2023-07-09,ZA,South_Africa,Fitness_Wearables,68.75
2023-07-16,ZA,South_Africa,Fitness_Wearables,71.11
2023-07-23,ZA,South_Africa,Fitness_Wearables,71.23
2023-07-30,ZA,South_Africa,Fitness_Wearables,73.94
2023-08-06,ZA,South_Africa,Fitness_Wearables,80.66
2023-08-13,ZA,South_Africa,Fitness_Wearables,78.42
2023-08-20,ZA,South_Africa,Fitness_Wearables,76.65
2023-08-27,ZA,South_Africa,Fitness_Wearables,75
2023-09-03,ZA,South_Africa,Fitness_Wearables,73.11
2023-09-10,ZA,South_Africa,Fitness_Wearables,71.82
2023-09-17,ZA,South_Africa,Fitness_Wearables,67.45
2023-09-24,ZA,South_Africa,Fitness_Wearables,69.46
2023-10-01,ZA,South_Africa,Fitness_Wearables,69.34
2023-10-08,ZA,South_Africa,Fitness_Wearables,71.82
2023-10-15,ZA,South_Africa,Fitness_Wearables,68.04
2023-10-22,ZA,South_Africa,Fitness_Wearables,63.44
2023-10-29,ZA,South_Africa,Fitness_Wearables,64.5
2023-11-05,ZA,South_Africa,Fitness_Wearables,70.75
2023-11-12,ZA,South_Africa,Fitness_Wearables,73.11
2023-11-19,ZA,South_Africa,Fitness_Wearables,77.36
2023-11-26,ZA,South_Africa,Fitness_Wearables,69.81
2023-12-03,ZA,South_Africa,Fitness_Wearables,66.86
2023-12-10,ZA,South_Africa,Fitness_Wearables,68.87
2023-12-17,ZA,South_Africa,Fitness_Wearables,68.75
2023-12-24,ZA,South_Africa,Fitness_Wearables,77
2023-12-31,ZA,South_Africa,Fitness_Wearables,91.27
2024-01-07,ZA,South_Africa,Fitness_Wearables,92.69
2024-01-14,ZA,South_Africa,Fitness_Wearables,90.92
2024-01-21,ZA,South_Africa,Fitness_Wearables,85.38
2024-01-28,ZA,South_Africa,Fitness_Wearables,85.61
2024-02-04,ZA,South_Africa,Fitness_Wearables,81.37
2024-02-11,ZA,South_Africa,Fitness_Wearables,82.43
2024-02-18,ZA,South_Africa,Fitness_Wearables,89.98
2024-02-25,ZA,South_Africa,Fitness_Wearables,95.17
2024-03-03,ZA,South_Africa,Fitness_Wearables,90.33
2024-03-10,ZA,South_Africa,Fitness_Wearables,86.44
2024-03-17,ZA,South_Africa,Fitness_Wearables,78.66
2024-03-24,ZA,South_Africa,Fitness_Wearables,73.94
2024-03-31,ZA,South_Africa,Fitness_Wearables,71.82
2024-04-07,ZA,South_Africa,Fitness_Wearables,69.46
2024-04-14,ZA,South_Africa,Fitness_Wearables,69.34
2024-04-21,ZA,South_Africa,Fitness_Wearables,69.22
2024-04-28,ZA,South_Africa,Fitness_Wearables,69.58
2024-05-05,ZA,South_Africa,Fitness_Wearables,69.1
2024-05-12,ZA,South_Africa,Fitness_Wearables,66.27
2024-05-19,ZA,South_Africa,Fitness_Wearables,69.1
2024-05-26,ZA,South_Africa,Fitness_Wearables,68.4
2024-06-02,ZA,South_Africa,Fitness_Wearables,67.45
2024-06-09,ZA,South_Africa,Fitness_Wearables,69.46
2024-06-16,ZA,South_Africa,Fitness_Wearables,70.05
2024-06-23,ZA,South_Africa,Fitness_Wearables,68.99
2024-06-30,ZA,South_Africa,Fitness_Wearables,69.46
2024-07-07,ZA,South_Africa,Fitness_Wearables,66.75
2024-07-14,ZA,South_Africa,Fitness_Wearables,71.23
2024-07-21,ZA,South_Africa,Fitness_Wearables,72.17
2024-07-28,ZA,South_Africa,Fitness_Wearables,73.82
2024-08-04,ZA,South_Africa,Fitness_Wearables,78.07
2024-08-11,ZA,South_Africa,Fitness_Wearables,71.58
2024-08-18,ZA,South_Africa,Fitness_Wearables,69.46
2024-08-25,ZA,South_Africa,Fitness_Wearables,69.34
2024-09-01,ZA,South_Africa,Fitness_Wearables,71.93
2024-09-08,ZA,South_Africa,Fitness_Wearables,70.28
2024-09-15,ZA,South_Africa,Fitness_Wearables,65.68
2024-09-22,ZA,South_Africa,Fitness_Wearables,66.86
2024-09-29,ZA,South_Africa,Fitness_Wearables,66.86
2024-10-06,ZA,South_Africa,Fitness_Wearables,73.23
2024-10-13,ZA,South_Africa,Fitness_Wearables,70.52
2024-10-20,ZA,South_Africa,Fitness_Wearables,67.92
2024-10-27,ZA,South_Africa,Fitness_Wearables,67.57
2024-11-03,ZA,South_Africa,Fitness_Wearables,68.75
2024-11-10,ZA,South_Africa,Fitness_Wearables,70.05
2024-11-17,ZA,South_Africa,Fitness_Wearables,72.76
2024-11-24,ZA,South_Africa,Fitness_Wearables,72.76
2024-12-01,ZA,South_Africa,Fitness_Wearables,68.99
2024-12-08,ZA,South_Africa,Fitness_Wearables,67.69
2024-12-15,ZA,South_Africa,Fitness_Wearables,71.93
2024-12-22,ZA,South_Africa,Fitness_Wearables,77.48
2024-12-29,ZA,South_Africa,Fitness_Wearables,87.5
2025-01-05,ZA,South_Africa,Fitness_Wearables,93.4
2025-01-12,ZA,South_Africa,Fitness_Wearables,86.56
2025-01-19,ZA,South_Africa,Fitness_Wearables,86.08
2025-01-26,ZA,South_Africa,Fitness_Wearables,83.84
2025-02-02,ZA,South_Africa,Fitness_Wearables,80.42
2025-02-09,ZA,South_Africa,Fitness_Wearables,80.9
2025-02-16,ZA,South_Africa,Fitness_Wearables,77.95
2025-02-23,ZA,South_Africa,Fitness_Wearables,79.95
2025-03-02,ZA,South_Africa,Fitness_Wearables,79.72
2025-03-09,ZA,South_Africa,Fitness_Wearables,80.9
2025-03-16,ZA,South_Africa,Fitness_Wearables,79.72
2025-03-23,ZA,South_Africa,Fitness_Wearables,72.76
2025-03-30,ZA,South_Africa,Fitness_Wearables,71.58
2025-04-06,ZA,South_Africa,Fitness_Wearables,72.41
2025-04-13,ZA,South_Africa,Fitness_Wearables,72.41
2025-04-20,ZA,South_Africa,Fitness_Wearables,72.76
2025-04-27,ZA,South_Africa,Fitness_Wearables,72.29
2025-05-04,ZA,South_Africa,Fitness_Wearables,67.69
2025-05-11,ZA,South_Africa,Fitness_Wearables,68.75
2025-05-18,ZA,South_Africa,Fitness_Wearables,68.28
2025-05-25,ZA,South_Africa,Fitness_Wearables,69.1
2025-06-01,ZA,South_Africa,Fitness_Wearables,69.34
2025-06-08,ZA,South_Africa,Fitness_Wearables,65.8
2025-06-15,ZA,South_Africa,Fitness_Wearables,71.46
2025-06-22,ZA,South_Africa,Fitness_Wearables,67.22
2025-06-29,ZA,South_Africa,Fitness_Wearables,67.45
2025-07-06,ZA,South_Africa,Fitness_Wearables,67.57
2025-07-13,ZA,South_Africa,Fitness_Wearables,70.4
2025-07-20,ZA,South_Africa,Fitness_Wearables,72.64
2025-07-27,ZA,South_Africa,Fitness_Wearables,71.82
2025-08-03,ZA,South_Africa,Fitness_Wearables,71.58
2025-08-10,ZA,South_Africa,Fitness_Wearables,69.93
2025-08-17,ZA,South_Africa,Fitness_Wearables,70.75
2025-08-24,ZA,South_Africa,Fitness_Wearables,68.4
2025-08-31,ZA,South_Africa,Fitness_Wearables,73.47
2025-09-07,ZA,South_Africa,Fitness_Wearables,70.4
2025-09-14,ZA,South_Africa,Fitness_Wearables,66.86
2025-09-21,ZA,South_Africa,Fitness_Wearables,69.93
2025-09-28,ZA,South_Africa,Fitness_Wearables,66.04
2025-10-05,ZA,South_Africa,Fitness_Wearables,68.63
2025-10-12,ZA,South_Africa,Fitness_Wearables,69.81
2025-10-19,ZA,South_Africa,Fitness_Wearables,70.17
2025-10-26,ZA,South_Africa,Fitness_Wearables,72.76
2025-11-02,ZA,South_Africa,Fitness_Wearables,76.06
2025-11-09,ZA,South_Africa,Fitness_Wearables,77.24
2025-11-16,ZA,South_Africa,Fitness_Wearables,76.65
2025-11-23,ZA,South_Africa,Fitness_Wearables,80.54
2025-11-30,ZA,South_Africa,Fitness_Wearables,74.06
2025-12-07,ZA,South_Africa,Fitness_Wearables,74.29
2025-12-14,ZA,South_Africa,Fitness_Wearables,78.89
2025-12-21,ZA,South_Africa,Fitness_Wearables,76.65
2025-12-28,ZA,South_Africa,Fitness_Wearables,90.92
2026-01-04,ZA,South_Africa,Fitness_Wearables,98.7
2026-01-11,ZA,South_Africa,Fitness_Wearables,89.5
2026-01-18,ZA,South_Africa,Fitness_Wearables,94.1
2026-01-25,ZA,South_Africa,Fitness_Wearables,89.86
2026-02-01,ZA,South_Africa,Fitness_Wearables,92.1
2026-02-08,ZA,South_Africa,Fitness_Wearables,95.28
2026-02-15,ZA,South_Africa,Fitness_Wearables,100
2026-02-22,ZA,South_Africa,Fitness_Wearables,95.75
2026-03-01,ZA,South_Africa,Fitness_Wearables,77.36
2026-03-08,ZA,South_Africa,Fitness_Wearables,80.54
2026-03-15,ZA,South_Africa,Fitness_Wearables,78.54
2026-03-22,ZA,South_Africa,Fitness_Wearables,77.24
2026-03-29,ZA,South_Africa,Fitness_Wearables,85.73
2026-04-05,ZA,South_Africa,Fitness_Wearables,87.97
2026-04-12,ZA,South_Africa,Fitness_Wearables,75.12
2026-04-19,ZA,South_Africa,Fitness_Wearables,70.28
2026-04-26,ZA,South_Africa,Fitness_Wearables,74.41
2026-05-03,ZA,South_Africa,Fitness_Wearables,70.64
2026-05-10,ZA,South_Africa,Fitness_Wearables,69.46
2026-05-17,ZA,South_Africa,Fitness_Wearables,71.23
2026-05-24,ZA,South_Africa,Fitness_Wearables,73.35
2026-05-31,ZA,South_Africa,Fitness_Wearables,75.24
2026-06-07,ZA,South_Africa,Fitness_Wearables,68.16
2026-06-14,ZA,South_Africa,Fitness_Wearables,70.64
2026-06-21,ZA,South_Africa,Fitness_Wearables,64.74
2026-06-28,ZA,South_Africa,Fitness_Wearables,64.86
2026-07-05,ZA,South_Africa,Fitness_Wearables,67.69
2026-07-12,ZA,South_Africa,Fitness_Wearables,72.52
2026-07-19,ZA,South_Africa,Fitness_Wearables,79.01
2026-07-26,ZA,South_Africa,Fitness_Wearables,76.18
2026-08-02,ZA,South_Africa,Fitness_Wearables,74.17
2026-08-09,ZA,South_Africa,Fitness_Wearables,72.64
2026-08-16,ZA,South_Africa,Fitness_Wearables,75.35
2026-08-23,ZA,South_Africa,Fitness_Wearables,72.88
2023-01-01,ZA,South_Africa,Fashion_Beauty,69.08
2023-01-08,ZA,South_Africa,Fashion_Beauty,65.74
2023-01-15,ZA,South_Africa,Fashion_Beauty,66.57
2023-01-22,ZA,South_Africa,Fashion_Beauty,71.17
2023-01-29,ZA,South_Africa,Fashion_Beauty,70.61
2023-02-05,ZA,South_Africa,Fashion_Beauty,70.89
2023-02-12,ZA,South_Africa,Fashion_Beauty,69.64
2023-02-19,ZA,South_Africa,Fashion_Beauty,72.84
2023-02-26,ZA,South_Africa,Fashion_Beauty,75.91
2023-03-05,ZA,South_Africa,Fashion_Beauty,77.44
2023-03-12,ZA,South_Africa,Fashion_Beauty,74.51
2023-03-19,ZA,South_Africa,Fashion_Beauty,82.03
2023-03-26,ZA,South_Africa,Fashion_Beauty,87.05
2023-04-02,ZA,South_Africa,Fashion_Beauty,80.22
2023-04-09,ZA,South_Africa,Fashion_Beauty,82.59
2023-04-16,ZA,South_Africa,Fashion_Beauty,85.79
2023-04-23,ZA,South_Africa,Fashion_Beauty,95.54
2023-04-30,ZA,South_Africa,Fashion_Beauty,84.4
2023-05-07,ZA,South_Africa,Fashion_Beauty,84.12
2023-05-14,ZA,South_Africa,Fashion_Beauty,84.68
2023-05-21,ZA,South_Africa,Fashion_Beauty,90.11
2023-05-28,ZA,South_Africa,Fashion_Beauty,84.4
2023-06-04,ZA,South_Africa,Fashion_Beauty,82.87
2023-06-11,ZA,South_Africa,Fashion_Beauty,82.17
2023-06-18,ZA,South_Africa,Fashion_Beauty,85.65
2023-06-25,ZA,South_Africa,Fashion_Beauty,89.97
2023-07-02,ZA,South_Africa,Fashion_Beauty,91.23
2023-07-09,ZA,South_Africa,Fashion_Beauty,82.03
2023-07-16,ZA,South_Africa,Fashion_Beauty,79.11
2023-07-23,ZA,South_Africa,Fashion_Beauty,85.38
2023-07-30,ZA,South_Africa,Fashion_Beauty,78.27
2023-08-06,ZA,South_Africa,Fashion_Beauty,77.99
2023-08-13,ZA,South_Africa,Fashion_Beauty,80.08
2023-08-20,ZA,South_Africa,Fashion_Beauty,83.01
2023-08-27,ZA,South_Africa,Fashion_Beauty,84.54
2023-09-03,ZA,South_Africa,Fashion_Beauty,82.03
2023-09-10,ZA,South_Africa,Fashion_Beauty,80.64
2023-09-17,ZA,South_Africa,Fashion_Beauty,80.36
2023-09-24,ZA,South_Africa,Fashion_Beauty,81.34
2023-10-01,ZA,South_Africa,Fashion_Beauty,78.69
2023-10-08,ZA,South_Africa,Fashion_Beauty,79.81
2023-10-15,ZA,South_Africa,Fashion_Beauty,76.6
2023-10-22,ZA,South_Africa,Fashion_Beauty,83.84
2023-10-29,ZA,South_Africa,Fashion_Beauty,77.99
2023-11-05,ZA,South_Africa,Fashion_Beauty,81.62
2023-11-12,ZA,South_Africa,Fashion_Beauty,83.15
2023-11-19,ZA,South_Africa,Fashion_Beauty,94.01
2023-11-26,ZA,South_Africa,Fashion_Beauty,88.02
2023-12-03,ZA,South_Africa,Fashion_Beauty,88.02
2023-12-10,ZA,South_Africa,Fashion_Beauty,90.11
2023-12-17,ZA,South_Africa,Fashion_Beauty,89.97
2023-12-24,ZA,South_Africa,Fashion_Beauty,73.82
2023-12-31,ZA,South_Africa,Fashion_Beauty,67.27
2024-01-07,ZA,South_Africa,Fashion_Beauty,71.73
2024-01-14,ZA,South_Africa,Fashion_Beauty,66.3
2024-01-21,ZA,South_Africa,Fashion_Beauty,68.11
2024-01-28,ZA,South_Africa,Fashion_Beauty,67.41
2024-02-04,ZA,South_Africa,Fashion_Beauty,63.23
2024-02-11,ZA,South_Africa,Fashion_Beauty,66.02
2024-02-18,ZA,South_Africa,Fashion_Beauty,67.55
2024-02-25,ZA,South_Africa,Fashion_Beauty,70.75
2024-03-03,ZA,South_Africa,Fashion_Beauty,68.8
2024-03-10,ZA,South_Africa,Fashion_Beauty,66.3
2024-03-17,ZA,South_Africa,Fashion_Beauty,69.36
2024-03-24,ZA,South_Africa,Fashion_Beauty,73.68
2024-03-31,ZA,South_Africa,Fashion_Beauty,72.98
2024-04-07,ZA,South_Africa,Fashion_Beauty,77.86
2024-04-14,ZA,South_Africa,Fashion_Beauty,75.91
2024-04-21,ZA,South_Africa,Fashion_Beauty,77.72
2024-04-28,ZA,South_Africa,Fashion_Beauty,72.14
2024-05-05,ZA,South_Africa,Fashion_Beauty,72.84
2024-05-12,ZA,South_Africa,Fashion_Beauty,70.47
2024-05-19,ZA,South_Africa,Fashion_Beauty,72.56
2024-05-26,ZA,South_Africa,Fashion_Beauty,74.37
2024-06-02,ZA,South_Africa,Fashion_Beauty,78.27
2024-06-09,ZA,South_Africa,Fashion_Beauty,76.74
2024-06-16,ZA,South_Africa,Fashion_Beauty,71.45
2024-06-23,ZA,South_Africa,Fashion_Beauty,78.41
2024-06-30,ZA,South_Africa,Fashion_Beauty,73.4
2024-07-07,ZA,South_Africa,Fashion_Beauty,71.17
2024-07-14,ZA,South_Africa,Fashion_Beauty,72.14
2024-07-21,ZA,South_Africa,Fashion_Beauty,77.02
2024-07-28,ZA,South_Africa,Fashion_Beauty,77.86
2024-08-04,ZA,South_Africa,Fashion_Beauty,75.07
2024-08-11,ZA,South_Africa,Fashion_Beauty,74.51
2024-08-18,ZA,South_Africa,Fashion_Beauty,78.41
2024-08-25,ZA,South_Africa,Fashion_Beauty,78.69
2024-09-01,ZA,South_Africa,Fashion_Beauty,78.27
2024-09-08,ZA,South_Africa,Fashion_Beauty,75.77
2024-09-15,ZA,South_Africa,Fashion_Beauty,73.4
2024-09-22,ZA,South_Africa,Fashion_Beauty,78.13
2024-09-29,ZA,South_Africa,Fashion_Beauty,72.84
2024-10-06,ZA,South_Africa,Fashion_Beauty,72.14
2024-10-13,ZA,South_Africa,Fashion_Beauty,79.39
2024-10-20,ZA,South_Africa,Fashion_Beauty,75.35
2024-10-27,ZA,South_Africa,Fashion_Beauty,74.51
2024-11-03,ZA,South_Africa,Fashion_Beauty,74.09
2024-11-10,ZA,South_Africa,Fashion_Beauty,77.99
2024-11-17,ZA,South_Africa,Fashion_Beauty,81.89
2024-11-24,ZA,South_Africa,Fashion_Beauty,94.85
2024-12-01,ZA,South_Africa,Fashion_Beauty,90.39
2024-12-08,ZA,South_Africa,Fashion_Beauty,83.84
2024-12-15,ZA,South_Africa,Fashion_Beauty,82.17
2024-12-22,ZA,South_Africa,Fashion_Beauty,71.73
2024-12-29,ZA,South_Africa,Fashion_Beauty,65.04
2025-01-05,ZA,South_Africa,Fashion_Beauty,63.51
2025-01-12,ZA,South_Africa,Fashion_Beauty,57.24
2025-01-19,ZA,South_Africa,Fashion_Beauty,60.45
2025-01-26,ZA,South_Africa,Fashion_Beauty,63.23
2025-02-02,ZA,South_Africa,Fashion_Beauty,65.6
2025-02-09,ZA,South_Africa,Fashion_Beauty,65.88
2025-02-16,ZA,South_Africa,Fashion_Beauty,64.07
2025-02-23,ZA,South_Africa,Fashion_Beauty,67.83
2025-03-02,ZA,South_Africa,Fashion_Beauty,66.43
2025-03-09,ZA,South_Africa,Fashion_Beauty,68.38
2025-03-16,ZA,South_Africa,Fashion_Beauty,71.31
2025-03-23,ZA,South_Africa,Fashion_Beauty,72.84
2025-03-30,ZA,South_Africa,Fashion_Beauty,72.42
2025-04-06,ZA,South_Africa,Fashion_Beauty,68.66
2025-04-13,ZA,South_Africa,Fashion_Beauty,72.56
2025-04-20,ZA,South_Africa,Fashion_Beauty,74.93
2025-04-27,ZA,South_Africa,Fashion_Beauty,81.06
2025-05-04,ZA,South_Africa,Fashion_Beauty,76.74
2025-05-11,ZA,South_Africa,Fashion_Beauty,73.68
2025-05-18,ZA,South_Africa,Fashion_Beauty,75.77
2025-05-25,ZA,South_Africa,Fashion_Beauty,75.21
2025-06-01,ZA,South_Africa,Fashion_Beauty,73.4
2025-06-08,ZA,South_Africa,Fashion_Beauty,76.18
2025-06-15,ZA,South_Africa,Fashion_Beauty,69.78
2025-06-22,ZA,South_Africa,Fashion_Beauty,73.4
2025-06-29,ZA,South_Africa,Fashion_Beauty,74.65
2025-07-06,ZA,South_Africa,Fashion_Beauty,71.87
2025-07-13,ZA,South_Africa,Fashion_Beauty,69.78
2025-07-20,ZA,South_Africa,Fashion_Beauty,71.03
2025-07-27,ZA,South_Africa,Fashion_Beauty,74.93
2025-08-03,ZA,South_Africa,Fashion_Beauty,72.28
2025-08-10,ZA,South_Africa,Fashion_Beauty,71.31
2025-08-17,ZA,South_Africa,Fashion_Beauty,72.01
2025-08-24,ZA,South_Africa,Fashion_Beauty,72.98
2025-08-31,ZA,South_Africa,Fashion_Beauty,74.37
2025-09-07,ZA,South_Africa,Fashion_Beauty,69.22
2025-09-14,ZA,South_Africa,Fashion_Beauty,68.52
2025-09-21,ZA,South_Africa,Fashion_Beauty,73.96
2025-09-28,ZA,South_Africa,Fashion_Beauty,67.83
2025-10-05,ZA,South_Africa,Fashion_Beauty,72.98
2025-10-12,ZA,South_Africa,Fashion_Beauty,74.09
2025-10-19,ZA,South_Africa,Fashion_Beauty,69.78
2025-10-26,ZA,South_Africa,Fashion_Beauty,73.82
2025-11-02,ZA,South_Africa,Fashion_Beauty,72.84
2025-11-09,ZA,South_Africa,Fashion_Beauty,75.49
2025-11-16,ZA,South_Africa,Fashion_Beauty,77.58
2025-11-23,ZA,South_Africa,Fashion_Beauty,94.85
2025-11-30,ZA,South_Africa,Fashion_Beauty,88.02
2025-12-07,ZA,South_Africa,Fashion_Beauty,87.19
2025-12-14,ZA,South_Africa,Fashion_Beauty,88.86
2025-12-21,ZA,South_Africa,Fashion_Beauty,74.09
2025-12-28,ZA,South_Africa,Fashion_Beauty,65.32
2026-01-04,ZA,South_Africa,Fashion_Beauty,63.51
2026-01-11,ZA,South_Africa,Fashion_Beauty,60.03
2026-01-18,ZA,South_Africa,Fashion_Beauty,64.07
2026-01-25,ZA,South_Africa,Fashion_Beauty,64.62
2026-02-01,ZA,South_Africa,Fashion_Beauty,66.57
2026-02-08,ZA,South_Africa,Fashion_Beauty,86.77
2026-02-15,ZA,South_Africa,Fashion_Beauty,100
2026-02-22,ZA,South_Africa,Fashion_Beauty,92.06
2026-03-01,ZA,South_Africa,Fashion_Beauty,66.43
2026-03-08,ZA,South_Africa,Fashion_Beauty,68.38
2026-03-15,ZA,South_Africa,Fashion_Beauty,67.69
2026-03-22,ZA,South_Africa,Fashion_Beauty,73.4
2026-03-29,ZA,South_Africa,Fashion_Beauty,76.46
2026-04-05,ZA,South_Africa,Fashion_Beauty,74.23
2026-04-12,ZA,South_Africa,Fashion_Beauty,67.69
2026-04-19,ZA,South_Africa,Fashion_Beauty,73.82
2026-04-26,ZA,South_Africa,Fashion_Beauty,77.72
2026-05-03,ZA,South_Africa,Fashion_Beauty,73.12
2026-05-10,ZA,South_Africa,Fashion_Beauty,72.14
2026-05-17,ZA,South_Africa,Fashion_Beauty,82.03
2026-05-24,ZA,South_Africa,Fashion_Beauty,76.6
2026-05-31,ZA,South_Africa,Fashion_Beauty,75.07
2026-06-07,ZA,South_Africa,Fashion_Beauty,68.66
2026-06-14,ZA,South_Africa,Fashion_Beauty,66.57
2026-06-21,ZA,South_Africa,Fashion_Beauty,68.11
2026-06-28,ZA,South_Africa,Fashion_Beauty,67.55
2026-07-05,ZA,South_Africa,Fashion_Beauty,68.94
2026-07-12,ZA,South_Africa,Fashion_Beauty,69.5
2026-07-19,ZA,South_Africa,Fashion_Beauty,74.51
2026-07-26,ZA,South_Africa,Fashion_Beauty,74.79
2026-08-02,ZA,South_Africa,Fashion_Beauty,72.01
2026-08-09,ZA,South_Africa,Fashion_Beauty,68.25
2026-08-16,ZA,South_Africa,Fashion_Beauty,78.69
2026-08-23,ZA,South_Africa,Fashion_Beauty,73.96
