Week_Start,Country_Code,Country_Name,Category,Search_Interest
2022-08-28,US,United_States,Nutrition_Diets,54.53
2022-09-04,US,United_States,Nutrition_Diets,52.54
2022-09-11,US,United_States,Nutrition_Diets,52.9
2022-09-18,US,United_States,Nutrition_Diets,52.54
2022-09-25,US,United_States,Nutrition_Diets,51.18
2022-10-02,US,United_States,Nutrition_Diets,53.44
2022-10-09,US,United_States,Nutrition_Diets,51.72
2022-10-16,US,United_States,Nutrition_Diets,51.54
2022-10-23,US,United_States,Nutrition_Diets,52.08
2022-10-30,US,United_States,Nutrition_Diets,51.72
2022-11-06,US,United_States,Nutrition_Diets,49.0
2022-11-13,US,United_States,Nutrition_Diets,49.73
2022-11-20,US,United_States,Nutrition_Diets,44.29
2022-11-27,US,United_States,Nutrition_Diets,49.64
2022-12-04,US,United_States,Nutrition_Diets,49.09
2022-12-11,US,United_States,Nutrition_Diets,47.46
2022-12-18,US,United_States,Nutrition_Diets,44.29
2022-12-25,US,United_States,Nutrition_Diets,52.26
2023-01-01,US,United_States,Nutrition_Diets,67.03
2023-01-08,US,United_States,Nutrition_Diets,64.31
2023-01-15,US,United_States,Nutrition_Diets,63.86
2023-01-22,US,United_States,Nutrition_Diets,60.78
2023-01-29,US,United_States,Nutrition_Diets,61.96
2023-02-05,US,United_States,Nutrition_Diets,62.32
2023-02-12,US,United_States,Nutrition_Diets,59.06
2023-02-19,US,United_States,Nutrition_Diets,61.59
2023-02-26,US,United_States,Nutrition_Diets,64.49
2023-03-05,US,United_States,Nutrition_Diets,63.22
2023-03-12,US,United_States,Nutrition_Diets,61.68
2023-03-19,US,United_States,Nutrition_Diets,63.68
2023-03-26,US,United_States,Nutrition_Diets,60.96
2023-04-02,US,United_States,Nutrition_Diets,59.42
2023-04-09,US,United_States,Nutrition_Diets,59.6
2023-04-16,US,United_States,Nutrition_Diets,58.97
2023-04-23,US,United_States,Nutrition_Diets,58.61
2023-04-30,US,United_States,Nutrition_Diets,57.97
2023-05-07,US,United_States,Nutrition_Diets,54.17
2023-05-14,US,United_States,Nutrition_Diets,56.43
2023-05-21,US,United_States,Nutrition_Diets,55.98
2023-05-28,US,United_States,Nutrition_Diets,56.25
2023-06-04,US,United_States,Nutrition_Diets,56.79
2023-06-11,US,United_States,Nutrition_Diets,56.52
2023-06-18,US,United_States,Nutrition_Diets,55.8
2023-06-25,US,United_States,Nutrition_Diets,57.79
2023-07-02,US,United_States,Nutrition_Diets,58.61
2023-07-09,US,United_States,Nutrition_Diets,57.16
2023-07-16,US,United_States,Nutrition_Diets,54.53
2023-07-23,US,United_States,Nutrition_Diets,54.89
2023-07-30,US,United_States,Nutrition_Diets,52.63
2023-08-06,US,United_States,Nutrition_Diets,53.17
2023-08-13,US,United_States,Nutrition_Diets,52.63
2023-08-20,US,United_States,Nutrition_Diets,51.0
2023-08-27,US,United_States,Nutrition_Diets,50.72
2023-09-03,US,United_States,Nutrition_Diets,52.72
2023-09-10,US,United_States,Nutrition_Diets,51.36
2023-09-17,US,United_States,Nutrition_Diets,52.72
2023-09-24,US,United_States,Nutrition_Diets,50.63
2023-10-01,US,United_States,Nutrition_Diets,49.28
2023-10-08,US,United_States,Nutrition_Diets,49.18
2023-10-15,US,United_States,Nutrition_Diets,51.72
2023-10-22,US,United_States,Nutrition_Diets,50.63
2023-10-29,US,United_States,Nutrition_Diets,48.55
2023-11-05,US,United_States,Nutrition_Diets,50.54
2023-11-12,US,United_States,Nutrition_Diets,49.37
2023-11-19,US,United_States,Nutrition_Diets,44.38
2023-11-26,US,United_States,Nutrition_Diets,49.64
2023-12-03,US,United_States,Nutrition_Diets,50.0
2023-12-10,US,United_States,Nutrition_Diets,49.46
2023-12-17,US,United_States,Nutrition_Diets,45.56
2023-12-24,US,United_States,Nutrition_Diets,48.37
2023-12-31,US,United_States,Nutrition_Diets,66.03
2024-01-07,US,United_States,Nutrition_Diets,62.14
2024-01-14,US,United_States,Nutrition_Diets,58.42
2024-01-21,US,United_States,Nutrition_Diets,59.6
2024-01-28,US,United_States,Nutrition_Diets,57.34
2024-02-04,US,United_States,Nutrition_Diets,57.52
2024-02-11,US,United_States,Nutrition_Diets,54.8
2024-02-18,US,United_States,Nutrition_Diets,59.42
2024-02-25,US,United_States,Nutrition_Diets,59.51
2024-03-03,US,United_States,Nutrition_Diets,56.52
2024-03-10,US,United_States,Nutrition_Diets,55.25
2024-03-17,US,United_States,Nutrition_Diets,57.88
2024-03-24,US,United_States,Nutrition_Diets,55.62
2024-03-31,US,United_States,Nutrition_Diets,54.17
2024-04-07,US,United_States,Nutrition_Diets,54.35
2024-04-14,US,United_States,Nutrition_Diets,56.61
2024-04-21,US,United_States,Nutrition_Diets,58.42
2024-04-28,US,United_States,Nutrition_Diets,55.62
2024-05-05,US,United_States,Nutrition_Diets,55.25
2024-05-12,US,United_States,Nutrition_Diets,54.08
2024-05-19,US,United_States,Nutrition_Diets,53.89
2024-05-26,US,United_States,Nutrition_Diets,52.26
2024-06-02,US,United_States,Nutrition_Diets,54.44
2024-06-09,US,United_States,Nutrition_Diets,52.81
2024-06-16,US,United_States,Nutrition_Diets,51.81
2024-06-23,US,United_States,Nutrition_Diets,53.17
2024-06-30,US,United_States,Nutrition_Diets,50.36
2024-07-07,US,United_States,Nutrition_Diets,52.63
2024-07-14,US,United_States,Nutrition_Diets,50.36
2024-07-21,US,United_States,Nutrition_Diets,51.63
2024-07-28,US,United_States,Nutrition_Diets,50.18
2024-08-04,US,United_States,Nutrition_Diets,50.18
2024-08-11,US,United_States,Nutrition_Diets,51.45
2024-08-18,US,United_States,Nutrition_Diets,51.9
2024-08-25,US,United_States,Nutrition_Diets,50.72
2024-09-01,US,United_States,Nutrition_Diets,50.27
2024-09-08,US,United_States,Nutrition_Diets,50.18
2024-09-15,US,United_States,Nutrition_Diets,51.45
2024-09-22,US,United_States,Nutrition_Diets,50.54
2024-09-29,US,United_States,Nutrition_Diets,51.63
2024-10-06,US,United_States,Nutrition_Diets,48.91
2024-10-13,US,United_States,Nutrition_Diets,48.91
2024-10-20,US,United_States,Nutrition_Diets,52.17
2024-10-27,US,United_States,Nutrition_Diets,50.0
2024-11-03,US,United_States,Nutrition_Diets,45.56
2024-11-10,US,United_States,Nutrition_Diets,50.09
2024-11-17,US,United_States,Nutrition_Diets,49.73
2024-11-24,US,United_States,Nutrition_Diets,45.02
2024-12-01,US,United_States,Nutrition_Diets,49.82
2024-12-08,US,United_States,Nutrition_Diets,48.82
2024-12-15,US,United_States,Nutrition_Diets,46.29
2024-12-22,US,United_States,Nutrition_Diets,45.65
2024-12-29,US,United_States,Nutrition_Diets,60.69
2025-01-05,US,United_States,Nutrition_Diets,62.32
2025-01-12,US,United_States,Nutrition_Diets,61.41
2025-01-19,US,United_States,Nutrition_Diets,56.88
2025-01-26,US,United_States,Nutrition_Diets,58.15
2025-02-02,US,United_States,Nutrition_Diets,56.97
2025-02-09,US,United_States,Nutrition_Diets,54.62
2025-02-16,US,United_States,Nutrition_Diets,59.42
2025-02-23,US,United_States,Nutrition_Diets,58.88
2025-03-02,US,United_States,Nutrition_Diets,58.97
2025-03-09,US,United_States,Nutrition_Diets,57.97
2025-03-16,US,United_States,Nutrition_Diets,57.07
2025-03-23,US,United_States,Nutrition_Diets,56.52
2025-03-30,US,United_States,Nutrition_Diets,57.43
2025-04-06,US,United_States,Nutrition_Diets,56.43
2025-04-13,US,United_States,Nutrition_Diets,54.71
2025-04-20,US,United_States,Nutrition_Diets,55.98
2025-04-27,US,United_States,Nutrition_Diets,56.52
2025-05-04,US,United_States,Nutrition_Diets,55.07
2025-05-11,US,United_States,Nutrition_Diets,54.71
2025-05-18,US,United_States,Nutrition_Diets,52.99
2025-05-25,US,United_States,Nutrition_Diets,52.26
2025-06-01,US,United_States,Nutrition_Diets,54.89
2025-06-08,US,United_States,Nutrition_Diets,53.53
2025-06-15,US,United_States,Nutrition_Diets,54.08
2025-06-22,US,United_States,Nutrition_Diets,53.8
2025-06-29,US,United_States,Nutrition_Diets,53.35
2025-07-06,US,United_States,Nutrition_Diets,57.97
2025-07-13,US,United_States,Nutrition_Diets,61.32
2025-07-20,US,United_States,Nutrition_Diets,63.32
2025-07-27,US,United_States,Nutrition_Diets,65.76
2025-08-03,US,United_States,Nutrition_Diets,59.42
2025-08-10,US,United_States,Nutrition_Diets,58.33
2025-08-17,US,United_States,Nutrition_Diets,53.44
2025-08-24,US,United_States,Nutrition_Diets,51.99
2025-08-31,US,United_States,Nutrition_Diets,54.44
2025-09-07,US,United_States,Nutrition_Diets,48.64
2025-09-14,US,United_States,Nutrition_Diets,50.91
2025-09-21,US,United_States,Nutrition_Diets,54.44
2025-09-28,US,United_States,Nutrition_Diets,51.72
2025-10-05,US,United_States,Nutrition_Diets,51.99
2025-10-12,US,United_States,Nutrition_Diets,52.17
2025-10-19,US,United_States,Nutrition_Diets,51.99
2025-10-26,US,United_States,Nutrition_Diets,50.82
2025-11-02,US,United_States,Nutrition_Diets,55.62
2025-11-09,US,United_States,Nutrition_Diets,54.98
2025-11-16,US,United_States,Nutrition_Diets,54.35
2025-11-23,US,United_States,Nutrition_Diets,49.55
2025-11-30,US,United_States,Nutrition_Diets,55.07
2025-12-07,US,United_States,Nutrition_Diets,53.8
2025-12-14,US,United_States,Nutrition_Diets,50.54
2025-12-21,US,United_States,Nutrition_Diets,47.74
2025-12-28,US,United_States,Nutrition_Diets,61.32
2026-01-04,US,United_States,Nutrition_Diets,69.47
2026-01-11,US,United_States,Nutrition_Diets,66.85
2026-01-18,US,United_States,Nutrition_Diets,63.41
2026-01-25,US,United_States,Nutrition_Diets,63.04
2026-02-01,US,United_States,Nutrition_Diets,69.38
2026-02-08,US,United_States,Nutrition_Diets,65.58
2026-02-15,US,United_States,Nutrition_Diets,69.75
2026-02-22,US,United_States,Nutrition_Diets,67.75
2026-03-01,US,United_States,Nutrition_Diets,68.84
2026-03-08,US,United_States,Nutrition_Diets,68.48
2026-03-15,US,United_States,Nutrition_Diets,70.02
2026-03-22,US,United_States,Nutrition_Diets,76.45
2026-03-29,US,United_States,Nutrition_Diets,88.32
2026-04-05,US,United_States,Nutrition_Diets,95.74
2026-04-12,US,United_States,Nutrition_Diets,100.0
2026-04-19,US,United_States,Nutrition_Diets,88.95
2026-04-26,US,United_States,Nutrition_Diets,80.89
2026-05-03,US,United_States,Nutrition_Diets,77.81
2026-05-10,US,United_States,Nutrition_Diets,85.87
2026-05-17,US,United_States,Nutrition_Diets,85.6
2026-05-24,US,United_States,Nutrition_Diets,78.44
2026-05-31,US,United_States,Nutrition_Diets,84.69
2026-06-07,US,United_States,Nutrition_Diets,85.69
2026-06-14,US,United_States,Nutrition_Diets,83.88
2026-06-21,US,United_States,Nutrition_Diets,80.25
2026-06-28,US,United_States,Nutrition_Diets,67.12
2026-07-05,US,United_States,Nutrition_Diets,67.48
2026-07-12,US,United_States,Nutrition_Diets,61.87
2026-07-19,US,United_States,Nutrition_Diets,56.34
2026-07-26,US,United_States,Nutrition_Diets,53.8
2026-08-02,US,United_States,Nutrition_Diets,52.99
2026-08-09,US,United_States,Nutrition_Diets,54.44
2026-08-16,US,United_States,Nutrition_Diets,51.72
2026-08-23,US,United_States,Nutrition_Diets,50.0
2022-08-28,US,United_States,Fitness_Wearables,52.58
2022-09-04,US,United_States,Fitness_Wearables,56.66
2022-09-11,US,United_States,Fitness_Wearables,53.35
2022-09-18,US,United_States,Fitness_Wearables,51.7
2022-09-25,US,United_States,Fitness_Wearables,50.34
2022-10-02,US,United_States,Fitness_Wearables,51.8
2022-10-09,US,United_States,Fitness_Wearables,51.6
2022-10-16,US,United_States,Fitness_Wearables,48.3
2022-10-23,US,United_States,Fitness_Wearables,48.2
2022-10-30,US,United_States,Fitness_Wearables,49.27
2022-11-06,US,United_States,Fitness_Wearables,50.83
2022-11-13,US,United_States,Fitness_Wearables,49.08
2022-11-20,US,United_States,Fitness_Wearables,59.18
2022-11-27,US,United_States,Fitness_Wearables,53.35
2022-12-04,US,United_States,Fitness_Wearables,49.95
2022-12-11,US,United_States,Fitness_Wearables,49.95
2022-12-18,US,United_States,Fitness_Wearables,52.67
2022-12-25,US,United_States,Fitness_Wearables,65.5
2023-01-01,US,United_States,Fitness_Wearables,70.85
2023-01-08,US,United_States,Fitness_Wearables,62.2
2023-01-15,US,United_States,Fitness_Wearables,63.17
2023-01-22,US,United_States,Fitness_Wearables,58.02
2023-01-29,US,United_States,Fitness_Wearables,60.06
2023-02-05,US,United_States,Fitness_Wearables,58.41
2023-02-12,US,United_States,Fitness_Wearables,54.62
2023-02-19,US,United_States,Fitness_Wearables,59.38
2023-02-26,US,United_States,Fitness_Wearables,58.21
2023-03-05,US,United_States,Fitness_Wearables,58.21
2023-03-12,US,United_States,Fitness_Wearables,55.78
2023-03-19,US,United_States,Fitness_Wearables,57.05
2023-03-26,US,United_States,Fitness_Wearables,55.59
2023-04-02,US,United_States,Fitness_Wearables,54.91
2023-04-09,US,United_States,Fitness_Wearables,54.03
2023-04-16,US,United_States,Fitness_Wearables,51.51
2023-04-23,US,United_States,Fitness_Wearables,52.48
2023-04-30,US,United_States,Fitness_Wearables,54.13
2023-05-07,US,United_States,Fitness_Wearables,53.55
2023-05-14,US,United_States,Fitness_Wearables,54.52
2023-05-21,US,United_States,Fitness_Wearables,57.14
2023-05-28,US,United_States,Fitness_Wearables,62.2
2023-06-04,US,United_States,Fitness_Wearables,57.73
2023-06-11,US,United_States,Fitness_Wearables,56.66
2023-06-18,US,United_States,Fitness_Wearables,58.5
2023-06-25,US,United_States,Fitness_Wearables,57.14
2023-07-02,US,United_States,Fitness_Wearables,64.24
2023-07-09,US,United_States,Fitness_Wearables,60.74
2023-07-16,US,United_States,Fitness_Wearables,56.85
2023-07-23,US,United_States,Fitness_Wearables,55.39
2023-07-30,US,United_States,Fitness_Wearables,55.59
2023-08-06,US,United_States,Fitness_Wearables,54.52
2023-08-13,US,United_States,Fitness_Wearables,54.13
2023-08-20,US,United_States,Fitness_Wearables,51.7
2023-08-27,US,United_States,Fitness_Wearables,51.7
2023-09-03,US,United_States,Fitness_Wearables,55.78
2023-09-10,US,United_States,Fitness_Wearables,51.6
2023-09-17,US,United_States,Fitness_Wearables,51.9
2023-09-24,US,United_States,Fitness_Wearables,49.95
2023-10-01,US,United_States,Fitness_Wearables,49.56
2023-10-08,US,United_States,Fitness_Wearables,48.98
2023-10-15,US,United_States,Fitness_Wearables,48.88
2023-10-22,US,United_States,Fitness_Wearables,47.91
2023-10-29,US,United_States,Fitness_Wearables,46.84
2023-11-05,US,United_States,Fitness_Wearables,50.15
2023-11-12,US,United_States,Fitness_Wearables,50.05
2023-11-19,US,United_States,Fitness_Wearables,57.34
2023-11-26,US,United_States,Fitness_Wearables,53.94
2023-12-03,US,United_States,Fitness_Wearables,49.95
2023-12-10,US,United_States,Fitness_Wearables,50.24
2023-12-17,US,United_States,Fitness_Wearables,50.73
2023-12-24,US,United_States,Fitness_Wearables,62.49
2023-12-31,US,United_States,Fitness_Wearables,72.3
2024-01-07,US,United_States,Fitness_Wearables,59.77
2024-01-14,US,United_States,Fitness_Wearables,58.99
2024-01-21,US,United_States,Fitness_Wearables,58.02
2024-01-28,US,United_States,Fitness_Wearables,56.66
2024-02-04,US,United_States,Fitness_Wearables,55.78
2024-02-11,US,United_States,Fitness_Wearables,51.9
2024-02-18,US,United_States,Fitness_Wearables,57.63
2024-02-25,US,United_States,Fitness_Wearables,56.46
2024-03-03,US,United_States,Fitness_Wearables,54.62
2024-03-10,US,United_States,Fitness_Wearables,55.39
2024-03-17,US,United_States,Fitness_Wearables,55.69
2024-03-24,US,United_States,Fitness_Wearables,54.91
2024-03-31,US,United_States,Fitness_Wearables,53.84
2024-04-07,US,United_States,Fitness_Wearables,51.8
2024-04-14,US,United_States,Fitness_Wearables,53.35
2024-04-21,US,United_States,Fitness_Wearables,55.2
2024-04-28,US,United_States,Fitness_Wearables,54.13
2024-05-05,US,United_States,Fitness_Wearables,54.23
2024-05-12,US,United_States,Fitness_Wearables,54.23
2024-05-19,US,United_States,Fitness_Wearables,52.87
2024-05-26,US,United_States,Fitness_Wearables,60.06
2024-06-02,US,United_States,Fitness_Wearables,59.67
2024-06-09,US,United_States,Fitness_Wearables,58.6
2024-06-16,US,United_States,Fitness_Wearables,56.56
2024-06-23,US,United_States,Fitness_Wearables,57.05
2024-06-30,US,United_States,Fitness_Wearables,60.64
2024-07-07,US,United_States,Fitness_Wearables,55.39
2024-07-14,US,United_States,Fitness_Wearables,55.49
2024-07-21,US,United_States,Fitness_Wearables,55.39
2024-07-28,US,United_States,Fitness_Wearables,53.45
2024-08-04,US,United_States,Fitness_Wearables,55.3
2024-08-11,US,United_States,Fitness_Wearables,54.81
2024-08-18,US,United_States,Fitness_Wearables,54.03
2024-08-25,US,United_States,Fitness_Wearables,52.67
2024-09-01,US,United_States,Fitness_Wearables,55.0
2024-09-08,US,United_States,Fitness_Wearables,51.21
2024-09-15,US,United_States,Fitness_Wearables,51.02
2024-09-22,US,United_States,Fitness_Wearables,48.49
2024-09-29,US,United_States,Fitness_Wearables,50.24
2024-10-06,US,United_States,Fitness_Wearables,48.59
2024-10-13,US,United_States,Fitness_Wearables,47.72
2024-10-20,US,United_States,Fitness_Wearables,48.79
2024-10-27,US,United_States,Fitness_Wearables,46.55
2024-11-03,US,United_States,Fitness_Wearables,45.58
2024-11-10,US,United_States,Fitness_Wearables,50.83
2024-11-17,US,United_States,Fitness_Wearables,51.21
2024-11-24,US,United_States,Fitness_Wearables,58.7
2024-12-01,US,United_States,Fitness_Wearables,52.77
2024-12-08,US,United_States,Fitness_Wearables,50.24
2024-12-15,US,United_States,Fitness_Wearables,50.83
2024-12-22,US,United_States,Fitness_Wearables,61.13
2024-12-29,US,United_States,Fitness_Wearables,73.08
2025-01-05,US,United_States,Fitness_Wearables,64.53
2025-01-12,US,United_States,Fitness_Wearables,58.99
2025-01-19,US,United_States,Fitness_Wearables,58.79
2025-01-26,US,United_States,Fitness_Wearables,57.82
2025-02-02,US,United_States,Fitness_Wearables,56.46
2025-02-09,US,United_States,Fitness_Wearables,52.28
2025-02-16,US,United_States,Fitness_Wearables,57.05
2025-02-23,US,United_States,Fitness_Wearables,58.41
2025-03-02,US,United_States,Fitness_Wearables,57.43
2025-03-09,US,United_States,Fitness_Wearables,57.34
2025-03-16,US,United_States,Fitness_Wearables,54.32
2025-03-23,US,United_States,Fitness_Wearables,54.71
2025-03-30,US,United_States,Fitness_Wearables,55.39
2025-04-06,US,United_States,Fitness_Wearables,53.26
2025-04-13,US,United_States,Fitness_Wearables,51.9
2025-04-20,US,United_States,Fitness_Wearables,54.13
2025-04-27,US,United_States,Fitness_Wearables,54.71
2025-05-04,US,United_States,Fitness_Wearables,54.81
2025-05-11,US,United_States,Fitness_Wearables,55.39
2025-05-18,US,United_States,Fitness_Wearables,56.07
2025-05-25,US,United_States,Fitness_Wearables,62.2
2025-06-01,US,United_States,Fitness_Wearables,63.65
2025-06-08,US,United_States,Fitness_Wearables,60.84
2025-06-15,US,United_States,Fitness_Wearables,62.78
2025-06-22,US,United_States,Fitness_Wearables,59.67
2025-06-29,US,United_States,Fitness_Wearables,60.84
2025-07-06,US,United_States,Fitness_Wearables,66.96
2025-07-13,US,United_States,Fitness_Wearables,64.43
2025-07-20,US,United_States,Fitness_Wearables,66.67
2025-07-27,US,United_States,Fitness_Wearables,68.71
2025-08-03,US,United_States,Fitness_Wearables,60.74
2025-08-10,US,United_States,Fitness_Wearables,57.53
2025-08-17,US,United_States,Fitness_Wearables,56.07
2025-08-24,US,United_States,Fitness_Wearables,54.42
2025-08-31,US,United_States,Fitness_Wearables,58.11
2025-09-07,US,United_States,Fitness_Wearables,51.02
2025-09-14,US,United_States,Fitness_Wearables,52.19
2025-09-21,US,United_States,Fitness_Wearables,53.45
2025-09-28,US,United_States,Fitness_Wearables,50.73
2025-10-05,US,United_States,Fitness_Wearables,50.34
2025-10-12,US,United_States,Fitness_Wearables,50.92
2025-10-19,US,United_States,Fitness_Wearables,49.76
2025-10-26,US,United_States,Fitness_Wearables,49.66
2025-11-02,US,United_States,Fitness_Wearables,55.78
2025-11-09,US,United_States,Fitness_Wearables,56.95
2025-11-16,US,United_States,Fitness_Wearables,58.41
2025-11-23,US,United_States,Fitness_Wearables,65.01
2025-11-30,US,United_States,Fitness_Wearables,60.74
2025-12-07,US,United_States,Fitness_Wearables,59.18
2025-12-14,US,United_States,Fitness_Wearables,58.6
2025-12-21,US,United_States,Fitness_Wearables,67.83
2025-12-28,US,United_States,Fitness_Wearables,78.52
2026-01-04,US,United_States,Fitness_Wearables,75.61
2026-01-11,US,United_States,Fitness_Wearables,70.75
2026-01-18,US,United_States,Fitness_Wearables,69.39
2026-01-25,US,United_States,Fitness_Wearables,69.97
2026-02-01,US,United_States,Fitness_Wearables,69.78
2026-02-08,US,United_States,Fitness_Wearables,69.0
2026-02-15,US,United_States,Fitness_Wearables,73.18
2026-02-22,US,United_States,Fitness_Wearables,71.91
2026-03-01,US,United_States,Fitness_Wearables,69.58
2026-03-08,US,United_States,Fitness_Wearables,66.96
2026-03-15,US,United_States,Fitness_Wearables,65.69
2026-03-22,US,United_States,Fitness_Wearables,70.65
2026-03-29,US,United_States,Fitness_Wearables,87.95
2026-04-05,US,United_States,Fitness_Wearables,96.21
2026-04-12,US,United_States,Fitness_Wearables,100.0
2026-04-19,US,United_States,Fitness_Wearables,89.6
2026-04-26,US,United_States,Fitness_Wearables,85.03
2026-05-03,US,United_States,Fitness_Wearables,88.34
2026-05-10,US,United_States,Fitness_Wearables,90.67
2026-05-17,US,United_States,Fitness_Wearables,82.31
2026-05-24,US,United_States,Fitness_Wearables,85.23
2026-05-31,US,United_States,Fitness_Wearables,86.39
2026-06-07,US,United_States,Fitness_Wearables,89.21
2026-06-14,US,United_States,Fitness_Wearables,86.2
2026-06-21,US,United_States,Fitness_Wearables,83.58
2026-06-28,US,United_States,Fitness_Wearables,72.4
2026-07-05,US,United_States,Fitness_Wearables,71.14
2026-07-12,US,United_States,Fitness_Wearables,72.89
2026-07-19,US,United_States,Fitness_Wearables,68.22
2026-07-26,US,United_States,Fitness_Wearables,62.49
2026-08-02,US,United_States,Fitness_Wearables,61.32
2026-08-09,US,United_States,Fitness_Wearables,62.2
2026-08-16,US,United_States,Fitness_Wearables,59.09
2026-08-23,US,United_States,Fitness_Wearables,57.14
2022-08-28,US,United_States,Fashion_Beauty,42.4
2022-09-04,US,United_States,Fashion_Beauty,44.91
2022-09-11,US,United_States,Fashion_Beauty,45.08
2022-09-18,US,United_States,Fashion_Beauty,45.25
2022-09-25,US,United_States,Fashion_Beauty,45.08
2022-10-02,US,United_States,Fashion_Beauty,47.06
2022-10-09,US,United_States,Fashion_Beauty,46.89
2022-10-16,US,United_States,Fashion_Beauty,46.03
2022-10-23,US,United_States,Fashion_Beauty,48.7
2022-10-30,US,United_States,Fashion_Beauty,45.85
2022-11-06,US,United_States,Fashion_Beauty,43.96
2022-11-13,US,United_States,Fashion_Beauty,44.99
2022-11-20,US,United_States,Fashion_Beauty,52.76
2022-11-27,US,United_States,Fashion_Beauty,48.88
2022-12-04,US,United_States,Fashion_Beauty,48.62
2022-12-11,US,United_States,Fashion_Beauty,50.09
2022-12-18,US,United_States,Fashion_Beauty,49.91
2022-12-25,US,United_States,Fashion_Beauty,49.31
2023-01-01,US,United_States,Fashion_Beauty,43.87
2023-01-08,US,United_States,Fashion_Beauty,42.75
2023-01-15,US,United_States,Fashion_Beauty,43.7
2023-01-22,US,United_States,Fashion_Beauty,43.7
2023-01-29,US,United_States,Fashion_Beauty,43.61
2023-02-05,US,United_States,Fashion_Beauty,44.47
2023-02-12,US,United_States,Fashion_Beauty,44.13
2023-02-19,US,United_States,Fashion_Beauty,47.84
2023-02-26,US,United_States,Fashion_Beauty,44.56
2023-03-05,US,United_States,Fashion_Beauty,46.55
2023-03-12,US,United_States,Fashion_Beauty,44.82
2023-03-19,US,United_States,Fashion_Beauty,44.39
2023-03-26,US,United_States,Fashion_Beauty,44.21
2023-04-02,US,United_States,Fashion_Beauty,43.01
2023-04-09,US,United_States,Fashion_Beauty,42.92
2023-04-16,US,United_States,Fashion_Beauty,44.39
2023-04-23,US,United_States,Fashion_Beauty,43.87
2023-04-30,US,United_States,Fashion_Beauty,43.26
2023-05-07,US,United_States,Fashion_Beauty,44.3
2023-05-14,US,United_States,Fashion_Beauty,43.09
2023-05-21,US,United_States,Fashion_Beauty,43.01
2023-05-28,US,United_States,Fashion_Beauty,41.28
2023-06-04,US,United_States,Fashion_Beauty,41.45
2023-06-11,US,United_States,Fashion_Beauty,41.02
2023-06-18,US,United_States,Fashion_Beauty,40.59
2023-06-25,US,United_States,Fashion_Beauty,42.23
2023-07-02,US,United_States,Fashion_Beauty,41.8
2023-07-09,US,United_States,Fashion_Beauty,41.36
2023-07-16,US,United_States,Fashion_Beauty,40.76
2023-07-23,US,United_States,Fashion_Beauty,40.5
2023-07-30,US,United_States,Fashion_Beauty,41.02
2023-08-06,US,United_States,Fashion_Beauty,41.28
2023-08-13,US,United_States,Fashion_Beauty,39.81
2023-08-20,US,United_States,Fashion_Beauty,40.07
2023-08-27,US,United_States,Fashion_Beauty,39.21
2023-09-03,US,United_States,Fashion_Beauty,42.83
2023-09-10,US,United_States,Fashion_Beauty,42.66
2023-09-17,US,United_States,Fashion_Beauty,42.92
2023-09-24,US,United_States,Fashion_Beauty,43.78
2023-10-01,US,United_States,Fashion_Beauty,43.18
2023-10-08,US,United_States,Fashion_Beauty,43.09
2023-10-15,US,United_States,Fashion_Beauty,44.99
2023-10-22,US,United_States,Fashion_Beauty,45.68
2023-10-29,US,United_States,Fashion_Beauty,44.47
2023-11-05,US,United_States,Fashion_Beauty,43.26
2023-11-12,US,United_States,Fashion_Beauty,46.2
2023-11-19,US,United_States,Fashion_Beauty,52.94
2023-11-26,US,United_States,Fashion_Beauty,49.57
2023-12-03,US,United_States,Fashion_Beauty,47.93
2023-12-10,US,United_States,Fashion_Beauty,48.79
2023-12-17,US,United_States,Fashion_Beauty,47.84
2023-12-24,US,United_States,Fashion_Beauty,48.1
2023-12-31,US,United_States,Fashion_Beauty,44.3
2024-01-07,US,United_States,Fashion_Beauty,42.92
2024-01-14,US,United_States,Fashion_Beauty,42.31
2024-01-21,US,United_States,Fashion_Beauty,43.01
2024-01-28,US,United_States,Fashion_Beauty,41.8
2024-02-04,US,United_States,Fashion_Beauty,43.52
2024-02-11,US,United_States,Fashion_Beauty,42.31
2024-02-18,US,United_States,Fashion_Beauty,46.46
2024-02-25,US,United_States,Fashion_Beauty,44.04
2024-03-03,US,United_States,Fashion_Beauty,43.01
2024-03-10,US,United_States,Fashion_Beauty,42.23
2024-03-17,US,United_States,Fashion_Beauty,42.92
2024-03-24,US,United_States,Fashion_Beauty,42.57
2024-03-31,US,United_States,Fashion_Beauty,41.8
2024-04-07,US,United_States,Fashion_Beauty,40.93
2024-04-14,US,United_States,Fashion_Beauty,42.57
2024-04-21,US,United_States,Fashion_Beauty,44.3
2024-04-28,US,United_States,Fashion_Beauty,43.18
2024-05-05,US,United_States,Fashion_Beauty,44.47
2024-05-12,US,United_States,Fashion_Beauty,42.4
2024-05-19,US,United_States,Fashion_Beauty,41.54
2024-05-26,US,United_States,Fashion_Beauty,40.5
2024-06-02,US,United_States,Fashion_Beauty,41.36
2024-06-09,US,United_States,Fashion_Beauty,39.72
2024-06-16,US,United_States,Fashion_Beauty,39.9
2024-06-23,US,United_States,Fashion_Beauty,41.02
2024-06-30,US,United_States,Fashion_Beauty,42.4
2024-07-07,US,United_States,Fashion_Beauty,40.16
2024-07-14,US,United_States,Fashion_Beauty,39.81
2024-07-21,US,United_States,Fashion_Beauty,40.5
2024-07-28,US,United_States,Fashion_Beauty,41.8
2024-08-04,US,United_States,Fashion_Beauty,41.71
2024-08-11,US,United_States,Fashion_Beauty,42.83
2024-08-18,US,United_States,Fashion_Beauty,42.49
2024-08-25,US,United_States,Fashion_Beauty,41.36
2024-09-01,US,United_States,Fashion_Beauty,43.44
2024-09-08,US,United_States,Fashion_Beauty,43.01
2024-09-15,US,United_States,Fashion_Beauty,43.78
2024-09-22,US,United_States,Fashion_Beauty,43.96
2024-09-29,US,United_States,Fashion_Beauty,43.44
2024-10-06,US,United_States,Fashion_Beauty,43.78
2024-10-13,US,United_States,Fashion_Beauty,51.47
2024-10-20,US,United_States,Fashion_Beauty,45.77
2024-10-27,US,United_States,Fashion_Beauty,45.25
2024-11-03,US,United_States,Fashion_Beauty,39.29
2024-11-10,US,United_States,Fashion_Beauty,44.47
2024-11-17,US,United_States,Fashion_Beauty,45.94
2024-11-24,US,United_States,Fashion_Beauty,55.35
2024-12-01,US,United_States,Fashion_Beauty,51.99
2024-12-08,US,United_States,Fashion_Beauty,49.83
2024-12-15,US,United_States,Fashion_Beauty,48.88
2024-12-22,US,United_States,Fashion_Beauty,50.43
2024-12-29,US,United_States,Fashion_Beauty,46.11
2025-01-05,US,United_States,Fashion_Beauty,41.54
2025-01-12,US,United_States,Fashion_Beauty,41.19
2025-01-19,US,United_States,Fashion_Beauty,41.02
2025-01-26,US,United_States,Fashion_Beauty,40.24
2025-02-02,US,United_States,Fashion_Beauty,42.66
2025-02-09,US,United_States,Fashion_Beauty,41.45
2025-02-16,US,United_States,Fashion_Beauty,43.09
2025-02-23,US,United_States,Fashion_Beauty,41.45
2025-03-02,US,United_States,Fashion_Beauty,43.18
2025-03-09,US,United_States,Fashion_Beauty,42.23
2025-03-16,US,United_States,Fashion_Beauty,42.49
2025-03-23,US,United_States,Fashion_Beauty,42.31
2025-03-30,US,United_States,Fashion_Beauty,43.18
2025-04-06,US,United_States,Fashion_Beauty,42.4
2025-04-13,US,United_States,Fashion_Beauty,42.31
2025-04-20,US,United_States,Fashion_Beauty,42.23
2025-04-27,US,United_States,Fashion_Beauty,44.04
2025-05-04,US,United_States,Fashion_Beauty,47.5
2025-05-11,US,United_States,Fashion_Beauty,44.13
2025-05-18,US,United_States,Fashion_Beauty,41.45
2025-05-25,US,United_States,Fashion_Beauty,42.14
2025-06-01,US,United_States,Fashion_Beauty,42.23
2025-06-08,US,United_States,Fashion_Beauty,41.54
2025-06-15,US,United_States,Fashion_Beauty,42.49
2025-06-22,US,United_States,Fashion_Beauty,42.57
2025-06-29,US,United_States,Fashion_Beauty,41.62
2025-07-06,US,United_States,Fashion_Beauty,44.13
2025-07-13,US,United_States,Fashion_Beauty,46.2
2025-07-20,US,United_States,Fashion_Beauty,51.81
2025-07-27,US,United_States,Fashion_Beauty,54.58
2025-08-03,US,United_States,Fashion_Beauty,48.36
2025-08-10,US,United_States,Fashion_Beauty,45.94
2025-08-17,US,United_States,Fashion_Beauty,43.7
2025-08-24,US,United_States,Fashion_Beauty,42.83
2025-08-31,US,United_States,Fashion_Beauty,45.34
2025-09-07,US,United_States,Fashion_Beauty,42.23
2025-09-14,US,United_States,Fashion_Beauty,45.25
2025-09-21,US,United_States,Fashion_Beauty,45.85
2025-09-28,US,United_States,Fashion_Beauty,45.08
2025-10-05,US,United_States,Fashion_Beauty,45.16
2025-10-12,US,United_States,Fashion_Beauty,55.61
2025-10-19,US,United_States,Fashion_Beauty,47.15
2025-10-26,US,United_States,Fashion_Beauty,49.91
2025-11-02,US,United_States,Fashion_Beauty,47.58
2025-11-09,US,United_States,Fashion_Beauty,49.65
2025-11-16,US,United_States,Fashion_Beauty,51.73
2025-11-23,US,United_States,Fashion_Beauty,60.71
2025-11-30,US,United_States,Fashion_Beauty,59.5
2025-12-07,US,United_States,Fashion_Beauty,58.55
2025-12-14,US,United_States,Fashion_Beauty,58.89
2025-12-21,US,United_States,Fashion_Beauty,57.34
2025-12-28,US,United_States,Fashion_Beauty,53.45
2026-01-04,US,United_States,Fashion_Beauty,52.33
2026-01-11,US,United_States,Fashion_Beauty,53.37
2026-01-18,US,United_States,Fashion_Beauty,52.85
2026-01-25,US,United_States,Fashion_Beauty,53.11
2026-02-01,US,United_States,Fashion_Beauty,57.6
2026-02-08,US,United_States,Fashion_Beauty,68.13
2026-02-15,US,United_States,Fashion_Beauty,67.1
2026-02-22,US,United_States,Fashion_Beauty,62.61
2026-03-01,US,United_States,Fashion_Beauty,52.94
2026-03-08,US,United_States,Fashion_Beauty,54.32
2026-03-15,US,United_States,Fashion_Beauty,55.87
2026-03-22,US,United_States,Fashion_Beauty,60.45
2026-03-29,US,United_States,Fashion_Beauty,77.63
2026-04-05,US,United_States,Fashion_Beauty,92.31
2026-04-12,US,United_States,Fashion_Beauty,100.0
2026-04-19,US,United_States,Fashion_Beauty,84.02
2026-04-26,US,United_States,Fashion_Beauty,71.93
2026-05-03,US,United_States,Fashion_Beauty,78.5
2026-05-10,US,United_States,Fashion_Beauty,83.25
2026-05-17,US,United_States,Fashion_Beauty,74.53
2026-05-24,US,United_States,Fashion_Beauty,62.18
2026-05-31,US,United_States,Fashion_Beauty,61.83
2026-06-07,US,United_States,Fashion_Beauty,68.31
2026-06-14,US,United_States,Fashion_Beauty,67.96
2026-06-21,US,United_States,Fashion_Beauty,64.94
2026-06-28,US,United_States,Fashion_Beauty,53.11
2026-07-05,US,United_States,Fashion_Beauty,55.27
2026-07-12,US,United_States,Fashion_Beauty,48.96
2026-07-19,US,United_States,Fashion_Beauty,48.36
2026-07-26,US,United_States,Fashion_Beauty,46.55
2026-08-02,US,United_States,Fashion_Beauty,46.55
2026-08-09,US,United_States,Fashion_Beauty,48.88
2026-08-16,US,United_States,Fashion_Beauty,46.63
2026-08-23,US,United_States,Fashion_Beauty,45.16
2022-08-28,IN,India,Nutrition_Diets,82.93
2022-09-04,IN,India,Nutrition_Diets,80.78
2022-09-11,IN,India,Nutrition_Diets,88.31
2022-09-18,IN,India,Nutrition_Diets,84.54
2022-09-25,IN,India,Nutrition_Diets,80.65
2022-10-02,IN,India,Nutrition_Diets,77.02
2022-10-09,IN,India,Nutrition_Diets,78.49
2022-10-16,IN,India,Nutrition_Diets,72.45
2022-10-23,IN,India,Nutrition_Diets,69.09
2022-10-30,IN,India,Nutrition_Diets,80.91
2022-11-06,IN,India,Nutrition_Diets,78.76
2022-11-13,IN,India,Nutrition_Diets,81.59
2022-11-20,IN,India,Nutrition_Diets,79.44
2022-11-27,IN,India,Nutrition_Diets,79.84
2022-12-04,IN,India,Nutrition_Diets,74.06
2022-12-11,IN,India,Nutrition_Diets,75.54
2022-12-18,IN,India,Nutrition_Diets,72.04
2022-12-25,IN,India,Nutrition_Diets,73.25
2023-01-01,IN,India,Nutrition_Diets,76.75
2023-01-08,IN,India,Nutrition_Diets,75.4
2023-01-15,IN,India,Nutrition_Diets,75.54
2023-01-22,IN,India,Nutrition_Diets,80.11
2023-01-29,IN,India,Nutrition_Diets,79.3
2023-02-05,IN,India,Nutrition_Diets,80.78
2023-02-12,IN,India,Nutrition_Diets,80.78
2023-02-19,IN,India,Nutrition_Diets,86.16
2023-02-26,IN,India,Nutrition_Diets,87.5
2023-03-05,IN,India,Nutrition_Diets,80.38
2023-03-12,IN,India,Nutrition_Diets,84.81
2023-03-19,IN,India,Nutrition_Diets,82.66
2023-03-26,IN,India,Nutrition_Diets,82.53
2023-04-02,IN,India,Nutrition_Diets,81.72
2023-04-09,IN,India,Nutrition_Diets,86.83
2023-04-16,IN,India,Nutrition_Diets,78.76
2023-04-23,IN,India,Nutrition_Diets,82.39
2023-04-30,IN,India,Nutrition_Diets,79.7
2023-05-07,IN,India,Nutrition_Diets,78.23
2023-05-14,IN,India,Nutrition_Diets,78.76
2023-05-21,IN,India,Nutrition_Diets,79.97
2023-05-28,IN,India,Nutrition_Diets,83.06
2023-06-04,IN,India,Nutrition_Diets,87.9
2023-06-11,IN,India,Nutrition_Diets,91.94
2023-06-18,IN,India,Nutrition_Diets,93.68
2023-06-25,IN,India,Nutrition_Diets,90.19
2023-07-02,IN,India,Nutrition_Diets,92.34
2023-07-09,IN,India,Nutrition_Diets,84.95
2023-07-16,IN,India,Nutrition_Diets,84.41
2023-07-23,IN,India,Nutrition_Diets,82.26
2023-07-30,IN,India,Nutrition_Diets,85.22
2023-08-06,IN,India,Nutrition_Diets,88.17
2023-08-13,IN,India,Nutrition_Diets,80.78
2023-08-20,IN,India,Nutrition_Diets,82.12
2023-08-27,IN,India,Nutrition_Diets,80.78
2023-09-03,IN,India,Nutrition_Diets,82.12
2023-09-10,IN,India,Nutrition_Diets,81.72
2023-09-17,IN,India,Nutrition_Diets,81.72
2023-09-24,IN,India,Nutrition_Diets,81.18
2023-10-01,IN,India,Nutrition_Diets,86.56
2023-10-08,IN,India,Nutrition_Diets,78.36
2023-10-15,IN,India,Nutrition_Diets,73.92
2023-10-22,IN,India,Nutrition_Diets,74.46
2023-10-29,IN,India,Nutrition_Diets,75.27
2023-11-05,IN,India,Nutrition_Diets,69.62
2023-11-12,IN,India,Nutrition_Diets,68.95
2023-11-19,IN,India,Nutrition_Diets,78.9
2023-11-26,IN,India,Nutrition_Diets,80.24
2023-12-03,IN,India,Nutrition_Diets,81.05
2023-12-10,IN,India,Nutrition_Diets,81.99
2023-12-17,IN,India,Nutrition_Diets,74.33
2023-12-24,IN,India,Nutrition_Diets,72.58
2023-12-31,IN,India,Nutrition_Diets,78.9
2024-01-07,IN,India,Nutrition_Diets,87.63
2024-01-14,IN,India,Nutrition_Diets,79.97
2024-01-21,IN,India,Nutrition_Diets,72.98
2024-01-28,IN,India,Nutrition_Diets,75.54
2024-02-04,IN,India,Nutrition_Diets,75.67
2024-02-11,IN,India,Nutrition_Diets,73.39
2024-02-18,IN,India,Nutrition_Diets,77.69
2024-02-25,IN,India,Nutrition_Diets,80.78
2024-03-03,IN,India,Nutrition_Diets,73.12
2024-03-10,IN,India,Nutrition_Diets,78.36
2024-03-17,IN,India,Nutrition_Diets,80.11
2024-03-24,IN,India,Nutrition_Diets,70.7
2024-03-31,IN,India,Nutrition_Diets,78.23
2024-04-07,IN,India,Nutrition_Diets,77.42
2024-04-14,IN,India,Nutrition_Diets,81.32
2024-04-21,IN,India,Nutrition_Diets,85.35
2024-04-28,IN,India,Nutrition_Diets,82.66
2024-05-05,IN,India,Nutrition_Diets,77.55
2024-05-12,IN,India,Nutrition_Diets,77.96
2024-05-19,IN,India,Nutrition_Diets,79.03
2024-05-26,IN,India,Nutrition_Diets,80.65
2024-06-02,IN,India,Nutrition_Diets,72.45
2024-06-09,IN,India,Nutrition_Diets,81.59
2024-06-16,IN,India,Nutrition_Diets,82.66
2024-06-23,IN,India,Nutrition_Diets,79.97
2024-06-30,IN,India,Nutrition_Diets,83.6
2024-07-07,IN,India,Nutrition_Diets,81.85
2024-07-14,IN,India,Nutrition_Diets,83.2
2024-07-21,IN,India,Nutrition_Diets,83.6
2024-07-28,IN,India,Nutrition_Diets,77.96
2024-08-04,IN,India,Nutrition_Diets,79.44
2024-08-11,IN,India,Nutrition_Diets,78.9
2024-08-18,IN,India,Nutrition_Diets,79.17
2024-08-25,IN,India,Nutrition_Diets,79.97
2024-09-01,IN,India,Nutrition_Diets,82.66
2024-09-08,IN,India,Nutrition_Diets,81.45
2024-09-15,IN,India,Nutrition_Diets,80.91
2024-09-22,IN,India,Nutrition_Diets,82.53
2024-09-29,IN,India,Nutrition_Diets,79.7
2024-10-06,IN,India,Nutrition_Diets,71.51
2024-10-13,IN,India,Nutrition_Diets,74.46
2024-10-20,IN,India,Nutrition_Diets,73.52
2024-10-27,IN,India,Nutrition_Diets,68.55
2024-11-03,IN,India,Nutrition_Diets,74.87
2024-11-10,IN,India,Nutrition_Diets,80.51
2024-11-17,IN,India,Nutrition_Diets,79.84
2024-11-24,IN,India,Nutrition_Diets,77.69
2024-12-01,IN,India,Nutrition_Diets,75.54
2024-12-08,IN,India,Nutrition_Diets,71.64
2024-12-15,IN,India,Nutrition_Diets,70.97
2024-12-22,IN,India,Nutrition_Diets,68.68
2024-12-29,IN,India,Nutrition_Diets,70.7
2025-01-05,IN,India,Nutrition_Diets,75.54
2025-01-12,IN,India,Nutrition_Diets,72.72
2025-01-19,IN,India,Nutrition_Diets,75.67
2025-01-26,IN,India,Nutrition_Diets,77.96
2025-02-02,IN,India,Nutrition_Diets,77.28
2025-02-09,IN,India,Nutrition_Diets,76.61
2025-02-16,IN,India,Nutrition_Diets,79.3
2025-02-23,IN,India,Nutrition_Diets,77.28
2025-03-02,IN,India,Nutrition_Diets,78.36
2025-03-09,IN,India,Nutrition_Diets,77.69
2025-03-16,IN,India,Nutrition_Diets,84.27
2025-03-23,IN,India,Nutrition_Diets,74.06
2025-03-30,IN,India,Nutrition_Diets,75.4
2025-04-06,IN,India,Nutrition_Diets,77.55
2025-04-13,IN,India,Nutrition_Diets,79.3
2025-04-20,IN,India,Nutrition_Diets,78.09
2025-04-27,IN,India,Nutrition_Diets,76.34
2025-05-04,IN,India,Nutrition_Diets,72.18
2025-05-11,IN,India,Nutrition_Diets,80.11
2025-05-18,IN,India,Nutrition_Diets,78.36
2025-05-25,IN,India,Nutrition_Diets,78.23
2025-06-01,IN,India,Nutrition_Diets,81.59
2025-06-08,IN,India,Nutrition_Diets,86.56
2025-06-15,IN,India,Nutrition_Diets,82.93
2025-06-22,IN,India,Nutrition_Diets,83.87
2025-06-29,IN,India,Nutrition_Diets,84.95
2025-07-06,IN,India,Nutrition_Diets,81.05
2025-07-13,IN,India,Nutrition_Diets,82.8
2025-07-20,IN,India,Nutrition_Diets,80.38
2025-07-27,IN,India,Nutrition_Diets,81.45
2025-08-03,IN,India,Nutrition_Diets,78.63
2025-08-10,IN,India,Nutrition_Diets,77.28
2025-08-17,IN,India,Nutrition_Diets,77.55
2025-08-24,IN,India,Nutrition_Diets,76.21
2025-08-31,IN,India,Nutrition_Diets,76.75
2025-09-07,IN,India,Nutrition_Diets,75.81
2025-09-14,IN,India,Nutrition_Diets,71.91
2025-09-21,IN,India,Nutrition_Diets,67.2
2025-09-28,IN,India,Nutrition_Diets,62.5
2025-10-05,IN,India,Nutrition_Diets,68.41
2025-10-12,IN,India,Nutrition_Diets,66.67
2025-10-19,IN,India,Nutrition_Diets,60.75
2025-10-26,IN,India,Nutrition_Diets,75.81
2025-11-02,IN,India,Nutrition_Diets,85.48
2025-11-09,IN,India,Nutrition_Diets,86.83
2025-11-16,IN,India,Nutrition_Diets,87.37
2025-11-23,IN,India,Nutrition_Diets,87.5
2025-11-30,IN,India,Nutrition_Diets,88.17
2025-12-07,IN,India,Nutrition_Diets,90.73
2025-12-14,IN,India,Nutrition_Diets,84.95
2025-12-21,IN,India,Nutrition_Diets,78.36
2025-12-28,IN,India,Nutrition_Diets,81.72
2026-01-04,IN,India,Nutrition_Diets,85.22
2026-01-11,IN,India,Nutrition_Diets,79.7
2026-01-18,IN,India,Nutrition_Diets,86.42
2026-01-25,IN,India,Nutrition_Diets,86.69
2026-02-01,IN,India,Nutrition_Diets,84.68
2026-02-08,IN,India,Nutrition_Diets,94.62
2026-02-15,IN,India,Nutrition_Diets,100.0
2026-02-22,IN,India,Nutrition_Diets,96.1
2026-03-01,IN,India,Nutrition_Diets,79.84
2026-03-08,IN,India,Nutrition_Diets,86.96
2026-03-15,IN,India,Nutrition_Diets,85.48
2026-03-22,IN,India,Nutrition_Diets,86.16
2026-03-29,IN,India,Nutrition_Diets,86.83
2026-04-05,IN,India,Nutrition_Diets,88.17
2026-04-12,IN,India,Nutrition_Diets,86.02
2026-04-19,IN,India,Nutrition_Diets,87.77
2026-04-26,IN,India,Nutrition_Diets,81.99
2026-05-03,IN,India,Nutrition_Diets,83.6
2026-05-10,IN,India,Nutrition_Diets,83.74
2026-05-17,IN,India,Nutrition_Diets,84.27
2026-05-24,IN,India,Nutrition_Diets,84.01
2026-05-31,IN,India,Nutrition_Diets,92.07
2026-06-07,IN,India,Nutrition_Diets,91.8
2026-06-14,IN,India,Nutrition_Diets,89.11
2026-06-21,IN,India,Nutrition_Diets,86.69
2026-06-28,IN,India,Nutrition_Diets,90.99
2026-07-05,IN,India,Nutrition_Diets,92.61
2026-07-12,IN,India,Nutrition_Diets,90.05
2026-07-19,IN,India,Nutrition_Diets,85.62
2026-07-26,IN,India,Nutrition_Diets,91.67
2026-08-02,IN,India,Nutrition_Diets,90.73
2026-08-09,IN,India,Nutrition_Diets,88.17
2026-08-16,IN,India,Nutrition_Diets,92.47
2026-08-23,IN,India,Nutrition_Diets,79.7
2022-08-28,IN,India,Fitness_Wearables,76.0
2022-09-04,IN,India,Fitness_Wearables,79.82
2022-09-11,IN,India,Fitness_Wearables,85.09
2022-09-18,IN,India,Fitness_Wearables,82.91
2022-09-25,IN,India,Fitness_Wearables,80.91
2022-10-02,IN,India,Fitness_Wearables,75.27
2022-10-09,IN,India,Fitness_Wearables,78.18
2022-10-16,IN,India,Fitness_Wearables,79.45
2022-10-23,IN,India,Fitness_Wearables,73.82
2022-10-30,IN,India,Fitness_Wearables,77.64
2022-11-06,IN,India,Fitness_Wearables,79.45
2022-11-13,IN,India,Fitness_Wearables,80.0
2022-11-20,IN,India,Fitness_Wearables,76.91
2022-11-27,IN,India,Fitness_Wearables,81.27
2022-12-04,IN,India,Fitness_Wearables,75.45
2022-12-11,IN,India,Fitness_Wearables,76.55
2022-12-18,IN,India,Fitness_Wearables,76.0
2022-12-25,IN,India,Fitness_Wearables,76.91
2023-01-01,IN,India,Fitness_Wearables,80.73
2023-01-08,IN,India,Fitness_Wearables,76.91
2023-01-15,IN,India,Fitness_Wearables,77.27
2023-01-22,IN,India,Fitness_Wearables,78.55
2023-01-29,IN,India,Fitness_Wearables,79.27
2023-02-05,IN,India,Fitness_Wearables,75.27
2023-02-12,IN,India,Fitness_Wearables,75.27
2023-02-19,IN,India,Fitness_Wearables,79.64
2023-02-26,IN,India,Fitness_Wearables,78.0
2023-03-05,IN,India,Fitness_Wearables,78.36
2023-03-12,IN,India,Fitness_Wearables,77.64
2023-03-19,IN,India,Fitness_Wearables,73.82
2023-03-26,IN,India,Fitness_Wearables,70.91
2023-04-02,IN,India,Fitness_Wearables,71.09
2023-04-09,IN,India,Fitness_Wearables,72.36
2023-04-16,IN,India,Fitness_Wearables,70.55
2023-04-23,IN,India,Fitness_Wearables,75.09
2023-04-30,IN,India,Fitness_Wearables,74.36
2023-05-07,IN,India,Fitness_Wearables,72.91
2023-05-14,IN,India,Fitness_Wearables,71.82
2023-05-21,IN,India,Fitness_Wearables,72.36
2023-05-28,IN,India,Fitness_Wearables,77.27
2023-06-04,IN,India,Fitness_Wearables,79.09
2023-06-11,IN,India,Fitness_Wearables,83.82
2023-06-18,IN,India,Fitness_Wearables,94.18
2023-06-25,IN,India,Fitness_Wearables,83.09
2023-07-02,IN,India,Fitness_Wearables,87.27
2023-07-09,IN,India,Fitness_Wearables,82.55
2023-07-16,IN,India,Fitness_Wearables,80.73
2023-07-23,IN,India,Fitness_Wearables,80.55
2023-07-30,IN,India,Fitness_Wearables,81.09
2023-08-06,IN,India,Fitness_Wearables,80.73
2023-08-13,IN,India,Fitness_Wearables,79.82
2023-08-20,IN,India,Fitness_Wearables,80.91
2023-08-27,IN,India,Fitness_Wearables,78.0
2023-09-03,IN,India,Fitness_Wearables,77.45
2023-09-10,IN,India,Fitness_Wearables,76.55
2023-09-17,IN,India,Fitness_Wearables,77.09
2023-09-24,IN,India,Fitness_Wearables,75.45
2023-10-01,IN,India,Fitness_Wearables,78.73
2023-10-08,IN,India,Fitness_Wearables,75.64
2023-10-15,IN,India,Fitness_Wearables,70.36
2023-10-22,IN,India,Fitness_Wearables,72.0
2023-10-29,IN,India,Fitness_Wearables,71.09
2023-11-05,IN,India,Fitness_Wearables,70.91
2023-11-12,IN,India,Fitness_Wearables,71.09
2023-11-19,IN,India,Fitness_Wearables,76.18
2023-11-26,IN,India,Fitness_Wearables,77.82
2023-12-03,IN,India,Fitness_Wearables,74.91
2023-12-10,IN,India,Fitness_Wearables,76.0
2023-12-17,IN,India,Fitness_Wearables,73.09
2023-12-24,IN,India,Fitness_Wearables,76.73
2023-12-31,IN,India,Fitness_Wearables,79.09
2024-01-07,IN,India,Fitness_Wearables,77.64
2024-01-14,IN,India,Fitness_Wearables,75.82
2024-01-21,IN,India,Fitness_Wearables,72.91
2024-01-28,IN,India,Fitness_Wearables,73.09
2024-02-04,IN,India,Fitness_Wearables,71.64
2024-02-11,IN,India,Fitness_Wearables,68.55
2024-02-18,IN,India,Fitness_Wearables,71.82
2024-02-25,IN,India,Fitness_Wearables,72.55
2024-03-03,IN,India,Fitness_Wearables,72.0
2024-03-10,IN,India,Fitness_Wearables,74.36
2024-03-17,IN,India,Fitness_Wearables,70.0
2024-03-24,IN,India,Fitness_Wearables,64.73
2024-03-31,IN,India,Fitness_Wearables,67.82
2024-04-07,IN,India,Fitness_Wearables,68.55
2024-04-14,IN,India,Fitness_Wearables,70.18
2024-04-21,IN,India,Fitness_Wearables,69.64
2024-04-28,IN,India,Fitness_Wearables,70.91
2024-05-05,IN,India,Fitness_Wearables,71.09
2024-05-12,IN,India,Fitness_Wearables,69.45
2024-05-19,IN,India,Fitness_Wearables,70.18
2024-05-26,IN,India,Fitness_Wearables,72.18
2024-06-02,IN,India,Fitness_Wearables,64.73
2024-06-09,IN,India,Fitness_Wearables,71.45
2024-06-16,IN,India,Fitness_Wearables,79.82
2024-06-23,IN,India,Fitness_Wearables,71.45
2024-06-30,IN,India,Fitness_Wearables,73.27
2024-07-07,IN,India,Fitness_Wearables,73.82
2024-07-14,IN,India,Fitness_Wearables,74.55
2024-07-21,IN,India,Fitness_Wearables,71.27
2024-07-28,IN,India,Fitness_Wearables,72.18
2024-08-04,IN,India,Fitness_Wearables,73.45
2024-08-11,IN,India,Fitness_Wearables,76.0
2024-08-18,IN,India,Fitness_Wearables,78.0
2024-08-25,IN,India,Fitness_Wearables,75.64
2024-09-01,IN,India,Fitness_Wearables,73.82
2024-09-08,IN,India,Fitness_Wearables,75.27
2024-09-15,IN,India,Fitness_Wearables,73.45
2024-09-22,IN,India,Fitness_Wearables,73.45
2024-09-29,IN,India,Fitness_Wearables,73.82
2024-10-06,IN,India,Fitness_Wearables,67.27
2024-10-13,IN,India,Fitness_Wearables,68.55
2024-10-20,IN,India,Fitness_Wearables,70.0
2024-10-27,IN,India,Fitness_Wearables,64.36
2024-11-03,IN,India,Fitness_Wearables,71.45
2024-11-10,IN,India,Fitness_Wearables,74.73
2024-11-17,IN,India,Fitness_Wearables,71.45
2024-11-24,IN,India,Fitness_Wearables,73.27
2024-12-01,IN,India,Fitness_Wearables,71.82
2024-12-08,IN,India,Fitness_Wearables,71.45
2024-12-15,IN,India,Fitness_Wearables,68.91
2024-12-22,IN,India,Fitness_Wearables,64.55
2024-12-29,IN,India,Fitness_Wearables,71.82
2025-01-05,IN,India,Fitness_Wearables,74.0
2025-01-12,IN,India,Fitness_Wearables,69.64
2025-01-19,IN,India,Fitness_Wearables,71.09
2025-01-26,IN,India,Fitness_Wearables,68.55
2025-02-02,IN,India,Fitness_Wearables,70.73
2025-02-09,IN,India,Fitness_Wearables,69.27
2025-02-16,IN,India,Fitness_Wearables,69.82
2025-02-23,IN,India,Fitness_Wearables,67.09
2025-03-02,IN,India,Fitness_Wearables,78.36
2025-03-09,IN,India,Fitness_Wearables,83.64
2025-03-16,IN,India,Fitness_Wearables,88.36
2025-03-23,IN,India,Fitness_Wearables,63.27
2025-03-30,IN,India,Fitness_Wearables,63.45
2025-04-06,IN,India,Fitness_Wearables,66.73
2025-04-13,IN,India,Fitness_Wearables,65.82
2025-04-20,IN,India,Fitness_Wearables,64.36
2025-04-27,IN,India,Fitness_Wearables,67.45
2025-05-04,IN,India,Fitness_Wearables,64.36
2025-05-11,IN,India,Fitness_Wearables,70.18
2025-05-18,IN,India,Fitness_Wearables,68.91
2025-05-25,IN,India,Fitness_Wearables,68.18
2025-06-01,IN,India,Fitness_Wearables,71.27
2025-06-08,IN,India,Fitness_Wearables,74.55
2025-06-15,IN,India,Fitness_Wearables,80.55
2025-06-22,IN,India,Fitness_Wearables,72.55
2025-06-29,IN,India,Fitness_Wearables,76.0
2025-07-06,IN,India,Fitness_Wearables,72.36
2025-07-13,IN,India,Fitness_Wearables,74.0
2025-07-20,IN,India,Fitness_Wearables,69.45
2025-07-27,IN,India,Fitness_Wearables,71.09
2025-08-03,IN,India,Fitness_Wearables,73.09
2025-08-10,IN,India,Fitness_Wearables,70.73
2025-08-17,IN,India,Fitness_Wearables,72.0
2025-08-24,IN,India,Fitness_Wearables,68.18
2025-08-31,IN,India,Fitness_Wearables,68.18
2025-09-07,IN,India,Fitness_Wearables,68.36
2025-09-14,IN,India,Fitness_Wearables,80.91
2025-09-21,IN,India,Fitness_Wearables,91.09
2025-09-28,IN,India,Fitness_Wearables,91.82
2025-10-05,IN,India,Fitness_Wearables,91.82
2025-10-12,IN,India,Fitness_Wearables,92.36
2025-10-19,IN,India,Fitness_Wearables,64.0
2025-10-26,IN,India,Fitness_Wearables,67.45
2025-11-02,IN,India,Fitness_Wearables,74.18
2025-11-09,IN,India,Fitness_Wearables,77.82
2025-11-16,IN,India,Fitness_Wearables,79.82
2025-11-23,IN,India,Fitness_Wearables,82.0
2025-11-30,IN,India,Fitness_Wearables,82.0
2025-12-07,IN,India,Fitness_Wearables,81.09
2025-12-14,IN,India,Fitness_Wearables,80.0
2025-12-21,IN,India,Fitness_Wearables,79.45
2025-12-28,IN,India,Fitness_Wearables,83.27
2026-01-04,IN,India,Fitness_Wearables,82.18
2026-01-11,IN,India,Fitness_Wearables,79.45
2026-01-18,IN,India,Fitness_Wearables,80.55
2026-01-25,IN,India,Fitness_Wearables,82.18
2026-02-01,IN,India,Fitness_Wearables,79.09
2026-02-08,IN,India,Fitness_Wearables,91.82
2026-02-15,IN,India,Fitness_Wearables,100.0
2026-02-22,IN,India,Fitness_Wearables,82.36
2026-03-01,IN,India,Fitness_Wearables,71.09
2026-03-08,IN,India,Fitness_Wearables,76.91
2026-03-15,IN,India,Fitness_Wearables,73.27
2026-03-22,IN,India,Fitness_Wearables,72.55
2026-03-29,IN,India,Fitness_Wearables,73.09
2026-04-05,IN,India,Fitness_Wearables,77.45
2026-04-12,IN,India,Fitness_Wearables,74.55
2026-04-19,IN,India,Fitness_Wearables,72.36
2026-04-26,IN,India,Fitness_Wearables,71.82
2026-05-03,IN,India,Fitness_Wearables,75.09
2026-05-10,IN,India,Fitness_Wearables,78.73
2026-05-17,IN,India,Fitness_Wearables,76.0
2026-05-24,IN,India,Fitness_Wearables,78.36
2026-05-31,IN,India,Fitness_Wearables,86.91
2026-06-07,IN,India,Fitness_Wearables,80.18
2026-06-14,IN,India,Fitness_Wearables,88.91
2026-06-21,IN,India,Fitness_Wearables,85.64
2026-06-28,IN,India,Fitness_Wearables,81.45
2026-07-05,IN,India,Fitness_Wearables,85.09
2026-07-12,IN,India,Fitness_Wearables,81.09
2026-07-19,IN,India,Fitness_Wearables,79.82
2026-07-26,IN,India,Fitness_Wearables,84.55
2026-08-02,IN,India,Fitness_Wearables,85.82
2026-08-09,IN,India,Fitness_Wearables,92.18
2026-08-16,IN,India,Fitness_Wearables,82.18
2026-08-23,IN,India,Fitness_Wearables,74.55
2022-08-28,IN,India,Fashion_Beauty,51.18
2022-09-04,IN,India,Fashion_Beauty,50.56
2022-09-11,IN,India,Fashion_Beauty,54.04
2022-09-18,IN,India,Fashion_Beauty,55.16
2022-09-25,IN,India,Fashion_Beauty,56.02
2022-10-02,IN,India,Fashion_Beauty,54.41
2022-10-09,IN,India,Fashion_Beauty,53.79
2022-10-16,IN,India,Fashion_Beauty,55.53
2022-10-23,IN,India,Fashion_Beauty,55.65
2022-10-30,IN,India,Fashion_Beauty,54.29
2022-11-06,IN,India,Fashion_Beauty,54.29
2022-11-13,IN,India,Fashion_Beauty,56.27
2022-11-20,IN,India,Fashion_Beauty,56.4
2022-11-27,IN,India,Fashion_Beauty,55.4
2022-12-04,IN,India,Fashion_Beauty,55.4
2022-12-11,IN,India,Fashion_Beauty,55.28
2022-12-18,IN,India,Fashion_Beauty,53.42
2022-12-25,IN,India,Fashion_Beauty,55.03
2023-01-01,IN,India,Fashion_Beauty,51.93
2023-01-08,IN,India,Fashion_Beauty,53.54
2023-01-15,IN,India,Fashion_Beauty,53.91
2023-01-22,IN,India,Fashion_Beauty,58.01
2023-01-29,IN,India,Fashion_Beauty,56.52
2023-02-05,IN,India,Fashion_Beauty,55.53
2023-02-12,IN,India,Fashion_Beauty,55.03
2023-02-19,IN,India,Fashion_Beauty,54.16
2023-02-26,IN,India,Fashion_Beauty,54.16
2023-03-05,IN,India,Fashion_Beauty,55.9
2023-03-12,IN,India,Fashion_Beauty,54.53
2023-03-19,IN,India,Fashion_Beauty,54.04
2023-03-26,IN,India,Fashion_Beauty,51.93
2023-04-02,IN,India,Fashion_Beauty,54.41
2023-04-09,IN,India,Fashion_Beauty,54.53
2023-04-16,IN,India,Fashion_Beauty,53.66
2023-04-23,IN,India,Fashion_Beauty,53.91
2023-04-30,IN,India,Fashion_Beauty,54.16
2023-05-07,IN,India,Fashion_Beauty,52.67
2023-05-14,IN,India,Fashion_Beauty,50.81
2023-05-21,IN,India,Fashion_Beauty,49.69
2023-05-28,IN,India,Fashion_Beauty,53.91
2023-06-04,IN,India,Fashion_Beauty,55.03
2023-06-11,IN,India,Fashion_Beauty,57.76
2023-06-18,IN,India,Fashion_Beauty,55.16
2023-06-25,IN,India,Fashion_Beauty,54.78
2023-07-02,IN,India,Fashion_Beauty,53.91
2023-07-09,IN,India,Fashion_Beauty,50.68
2023-07-16,IN,India,Fashion_Beauty,51.06
2023-07-23,IN,India,Fashion_Beauty,52.42
2023-07-30,IN,India,Fashion_Beauty,51.8
2023-08-06,IN,India,Fashion_Beauty,53.04
2023-08-13,IN,India,Fashion_Beauty,54.66
2023-08-20,IN,India,Fashion_Beauty,53.17
2023-08-27,IN,India,Fashion_Beauty,53.42
2023-09-03,IN,India,Fashion_Beauty,54.29
2023-09-10,IN,India,Fashion_Beauty,51.43
2023-09-17,IN,India,Fashion_Beauty,56.15
2023-09-24,IN,India,Fashion_Beauty,56.15
2023-10-01,IN,India,Fashion_Beauty,58.39
2023-10-08,IN,India,Fashion_Beauty,57.14
2023-10-15,IN,India,Fashion_Beauty,54.04
2023-10-22,IN,India,Fashion_Beauty,56.4
2023-10-29,IN,India,Fashion_Beauty,55.78
2023-11-05,IN,India,Fashion_Beauty,56.89
2023-11-12,IN,India,Fashion_Beauty,54.53
2023-11-19,IN,India,Fashion_Beauty,56.02
2023-11-26,IN,India,Fashion_Beauty,57.02
2023-12-03,IN,India,Fashion_Beauty,57.27
2023-12-10,IN,India,Fashion_Beauty,61.61
2023-12-17,IN,India,Fashion_Beauty,55.9
2023-12-24,IN,India,Fashion_Beauty,55.03
2023-12-31,IN,India,Fashion_Beauty,54.53
2024-01-07,IN,India,Fashion_Beauty,55.28
2024-01-14,IN,India,Fashion_Beauty,54.41
2024-01-21,IN,India,Fashion_Beauty,53.66
2024-01-28,IN,India,Fashion_Beauty,52.67
2024-02-04,IN,India,Fashion_Beauty,54.53
2024-02-11,IN,India,Fashion_Beauty,51.93
2024-02-18,IN,India,Fashion_Beauty,50.56
2024-02-25,IN,India,Fashion_Beauty,50.81
2024-03-03,IN,India,Fashion_Beauty,51.68
2024-03-10,IN,India,Fashion_Beauty,52.42
2024-03-17,IN,India,Fashion_Beauty,52.55
2024-03-24,IN,India,Fashion_Beauty,52.17
2024-03-31,IN,India,Fashion_Beauty,53.42
2024-04-07,IN,India,Fashion_Beauty,54.66
2024-04-14,IN,India,Fashion_Beauty,51.18
2024-04-21,IN,India,Fashion_Beauty,50.31
2024-04-28,IN,India,Fashion_Beauty,49.69
2024-05-05,IN,India,Fashion_Beauty,49.19
2024-05-12,IN,India,Fashion_Beauty,47.95
2024-05-19,IN,India,Fashion_Beauty,47.45
2024-05-26,IN,India,Fashion_Beauty,49.69
2024-06-02,IN,India,Fashion_Beauty,45.09
2024-06-09,IN,India,Fashion_Beauty,48.45
2024-06-16,IN,India,Fashion_Beauty,49.07
2024-06-23,IN,India,Fashion_Beauty,48.07
2024-06-30,IN,India,Fashion_Beauty,48.57
2024-07-07,IN,India,Fashion_Beauty,49.69
2024-07-14,IN,India,Fashion_Beauty,50.68
2024-07-21,IN,India,Fashion_Beauty,50.56
2024-07-28,IN,India,Fashion_Beauty,51.06
2024-08-04,IN,India,Fashion_Beauty,54.04
2024-08-11,IN,India,Fashion_Beauty,58.51
2024-08-18,IN,India,Fashion_Beauty,57.02
2024-08-25,IN,India,Fashion_Beauty,57.14
2024-09-01,IN,India,Fashion_Beauty,58.51
2024-09-08,IN,India,Fashion_Beauty,56.02
2024-09-15,IN,India,Fashion_Beauty,55.65
2024-09-22,IN,India,Fashion_Beauty,54.91
2024-09-29,IN,India,Fashion_Beauty,56.15
2024-10-06,IN,India,Fashion_Beauty,55.53
2024-10-13,IN,India,Fashion_Beauty,54.53
2024-10-20,IN,India,Fashion_Beauty,56.65
2024-10-27,IN,India,Fashion_Beauty,57.89
2024-11-03,IN,India,Fashion_Beauty,54.53
2024-11-10,IN,India,Fashion_Beauty,56.77
2024-11-17,IN,India,Fashion_Beauty,57.39
2024-11-24,IN,India,Fashion_Beauty,59.01
2024-12-01,IN,India,Fashion_Beauty,56.52
2024-12-08,IN,India,Fashion_Beauty,54.16
2024-12-15,IN,India,Fashion_Beauty,54.04
2024-12-22,IN,India,Fashion_Beauty,53.66
2024-12-29,IN,India,Fashion_Beauty,51.93
2025-01-05,IN,India,Fashion_Beauty,54.78
2025-01-12,IN,India,Fashion_Beauty,53.54
2025-01-19,IN,India,Fashion_Beauty,52.8
2025-01-26,IN,India,Fashion_Beauty,54.29
2025-02-02,IN,India,Fashion_Beauty,54.53
2025-02-09,IN,India,Fashion_Beauty,54.29
2025-02-16,IN,India,Fashion_Beauty,51.18
2025-02-23,IN,India,Fashion_Beauty,51.8
2025-03-02,IN,India,Fashion_Beauty,57.39
2025-03-09,IN,India,Fashion_Beauty,57.39
2025-03-16,IN,India,Fashion_Beauty,59.13
2025-03-23,IN,India,Fashion_Beauty,53.29
2025-03-30,IN,India,Fashion_Beauty,56.27
2025-04-06,IN,India,Fashion_Beauty,50.06
2025-04-13,IN,India,Fashion_Beauty,50.43
2025-04-20,IN,India,Fashion_Beauty,47.7
2025-04-27,IN,India,Fashion_Beauty,51.18
2025-05-04,IN,India,Fashion_Beauty,47.33
2025-05-11,IN,India,Fashion_Beauty,50.31
2025-05-18,IN,India,Fashion_Beauty,49.19
2025-05-25,IN,India,Fashion_Beauty,48.07
2025-06-01,IN,India,Fashion_Beauty,50.06
2025-06-08,IN,India,Fashion_Beauty,50.81
2025-06-15,IN,India,Fashion_Beauty,47.83
2025-06-22,IN,India,Fashion_Beauty,48.07
2025-06-29,IN,India,Fashion_Beauty,51.68
2025-07-06,IN,India,Fashion_Beauty,49.32
2025-07-13,IN,India,Fashion_Beauty,49.94
2025-07-20,IN,India,Fashion_Beauty,50.31
2025-07-27,IN,India,Fashion_Beauty,51.18
2025-08-03,IN,India,Fashion_Beauty,53.91
2025-08-10,IN,India,Fashion_Beauty,53.42
2025-08-17,IN,India,Fashion_Beauty,50.68
2025-08-24,IN,India,Fashion_Beauty,51.68
2025-08-31,IN,India,Fashion_Beauty,51.68
2025-09-07,IN,India,Fashion_Beauty,51.43
2025-09-14,IN,India,Fashion_Beauty,51.3
2025-09-21,IN,India,Fashion_Beauty,52.05
2025-09-28,IN,India,Fashion_Beauty,53.66
2025-10-05,IN,India,Fashion_Beauty,56.02
2025-10-12,IN,India,Fashion_Beauty,58.76
2025-10-19,IN,India,Fashion_Beauty,50.93
2025-10-26,IN,India,Fashion_Beauty,55.03
2025-11-02,IN,India,Fashion_Beauty,60.12
2025-11-09,IN,India,Fashion_Beauty,65.22
2025-11-16,IN,India,Fashion_Beauty,67.33
2025-11-23,IN,India,Fashion_Beauty,71.18
2025-11-30,IN,India,Fashion_Beauty,66.96
2025-12-07,IN,India,Fashion_Beauty,66.21
2025-12-14,IN,India,Fashion_Beauty,64.72
2025-12-21,IN,India,Fashion_Beauty,63.35
2025-12-28,IN,India,Fashion_Beauty,62.24
2026-01-04,IN,India,Fashion_Beauty,62.24
2026-01-11,IN,India,Fashion_Beauty,60.12
2026-01-18,IN,India,Fashion_Beauty,61.74
2026-01-25,IN,India,Fashion_Beauty,64.35
2026-02-01,IN,India,Fashion_Beauty,63.48
2026-02-08,IN,India,Fashion_Beauty,88.2
2026-02-15,IN,India,Fashion_Beauty,100.0
2026-02-22,IN,India,Fashion_Beauty,72.55
2026-03-01,IN,India,Fashion_Beauty,58.51
2026-03-08,IN,India,Fashion_Beauty,60.37
2026-03-15,IN,India,Fashion_Beauty,58.39
2026-03-22,IN,India,Fashion_Beauty,54.91
2026-03-29,IN,India,Fashion_Beauty,55.4
2026-04-05,IN,India,Fashion_Beauty,57.64
2026-04-12,IN,India,Fashion_Beauty,56.02
2026-04-19,IN,India,Fashion_Beauty,54.41
2026-04-26,IN,India,Fashion_Beauty,53.79
2026-05-03,IN,India,Fashion_Beauty,54.16
2026-05-10,IN,India,Fashion_Beauty,56.02
2026-05-17,IN,India,Fashion_Beauty,55.28
2026-05-24,IN,India,Fashion_Beauty,56.15
2026-05-31,IN,India,Fashion_Beauty,57.39
2026-06-07,IN,India,Fashion_Beauty,53.17
2026-06-14,IN,India,Fashion_Beauty,52.42
2026-06-21,IN,India,Fashion_Beauty,53.42
2026-06-28,IN,India,Fashion_Beauty,53.42
2026-07-05,IN,India,Fashion_Beauty,54.78
2026-07-12,IN,India,Fashion_Beauty,54.91
2026-07-19,IN,India,Fashion_Beauty,51.55
2026-07-26,IN,India,Fashion_Beauty,55.16
2026-08-02,IN,India,Fashion_Beauty,57.89
2026-08-09,IN,India,Fashion_Beauty,58.39
2026-08-16,IN,India,Fashion_Beauty,58.51
2026-08-23,IN,India,Fashion_Beauty,56.02
2022-08-28,FR,France,Nutrition_Diets,34.48
2022-09-04,FR,France,Nutrition_Diets,36.45
2022-09-11,FR,France,Nutrition_Diets,31.28
2022-09-18,FR,France,Nutrition_Diets,31.03
2022-09-25,FR,France,Nutrition_Diets,29.23
2022-10-02,FR,France,Nutrition_Diets,30.87
2022-10-09,FR,France,Nutrition_Diets,30.71
2022-10-16,FR,France,Nutrition_Diets,29.72
2022-10-23,FR,France,Nutrition_Diets,29.56
2022-10-30,FR,France,Nutrition_Diets,30.21
2022-11-06,FR,France,Nutrition_Diets,31.36
2022-11-13,FR,France,Nutrition_Diets,29.47
2022-11-20,FR,France,Nutrition_Diets,27.75
2022-11-27,FR,France,Nutrition_Diets,26.68
2022-12-04,FR,France,Nutrition_Diets,25.29
2022-12-11,FR,France,Nutrition_Diets,26.03
2022-12-18,FR,France,Nutrition_Diets,26.27
2022-12-25,FR,France,Nutrition_Diets,31.12
2023-01-01,FR,France,Nutrition_Diets,38.83
2023-01-08,FR,France,Nutrition_Diets,36.86
2023-01-15,FR,France,Nutrition_Diets,37.27
2023-01-22,FR,France,Nutrition_Diets,37.11
2023-01-29,FR,France,Nutrition_Diets,38.75
2023-02-05,FR,France,Nutrition_Diets,35.63
2023-02-12,FR,France,Nutrition_Diets,34.4
2023-02-19,FR,France,Nutrition_Diets,37.6
2023-02-26,FR,France,Nutrition_Diets,37.11
2023-03-05,FR,France,Nutrition_Diets,36.86
2023-03-12,FR,France,Nutrition_Diets,35.96
2023-03-19,FR,France,Nutrition_Diets,35.3
2023-03-26,FR,France,Nutrition_Diets,35.96
2023-04-02,FR,France,Nutrition_Diets,35.47
2023-04-09,FR,France,Nutrition_Diets,35.71
2023-04-16,FR,France,Nutrition_Diets,36.12
2023-04-23,FR,France,Nutrition_Diets,35.22
2023-04-30,FR,France,Nutrition_Diets,39.9
2023-05-07,FR,France,Nutrition_Diets,36.78
2023-05-14,FR,France,Nutrition_Diets,34.24
2023-05-21,FR,France,Nutrition_Diets,36.12
2023-05-28,FR,France,Nutrition_Diets,35.63
2023-06-04,FR,France,Nutrition_Diets,33.91
2023-06-11,FR,France,Nutrition_Diets,34.07
2023-06-18,FR,France,Nutrition_Diets,32.18
2023-06-25,FR,France,Nutrition_Diets,31.94
2023-07-02,FR,France,Nutrition_Diets,32.68
2023-07-09,FR,France,Nutrition_Diets,30.05
2023-07-16,FR,France,Nutrition_Diets,34.48
2023-07-23,FR,France,Nutrition_Diets,32.1
2023-07-30,FR,France,Nutrition_Diets,31.94
2023-08-06,FR,France,Nutrition_Diets,31.44
2023-08-13,FR,France,Nutrition_Diets,32.43
2023-08-20,FR,France,Nutrition_Diets,33.33
2023-08-27,FR,France,Nutrition_Diets,32.76
2023-09-03,FR,France,Nutrition_Diets,31.86
2023-09-10,FR,France,Nutrition_Diets,31.03
2023-09-17,FR,France,Nutrition_Diets,31.28
2023-09-24,FR,France,Nutrition_Diets,30.38
2023-10-01,FR,France,Nutrition_Diets,30.46
2023-10-08,FR,France,Nutrition_Diets,29.89
2023-10-15,FR,France,Nutrition_Diets,28.24
2023-10-22,FR,France,Nutrition_Diets,29.97
2023-10-29,FR,France,Nutrition_Diets,28.33
2023-11-05,FR,France,Nutrition_Diets,28.9
2023-11-12,FR,France,Nutrition_Diets,30.05
2023-11-19,FR,France,Nutrition_Diets,29.31
2023-11-26,FR,France,Nutrition_Diets,27.67
2023-12-03,FR,France,Nutrition_Diets,27.75
2023-12-10,FR,France,Nutrition_Diets,28.57
2023-12-17,FR,France,Nutrition_Diets,28.49
2023-12-24,FR,France,Nutrition_Diets,30.62
2023-12-31,FR,France,Nutrition_Diets,36.45
2024-01-07,FR,France,Nutrition_Diets,33.91
2024-01-14,FR,France,Nutrition_Diets,33.09
2024-01-21,FR,France,Nutrition_Diets,33.99
2024-01-28,FR,France,Nutrition_Diets,33.0
2024-02-04,FR,France,Nutrition_Diets,33.09
2024-02-11,FR,France,Nutrition_Diets,34.07
2024-02-18,FR,France,Nutrition_Diets,34.65
2024-02-25,FR,France,Nutrition_Diets,35.47
2024-03-03,FR,France,Nutrition_Diets,33.58
2024-03-10,FR,France,Nutrition_Diets,33.17
2024-03-17,FR,France,Nutrition_Diets,33.0
2024-03-24,FR,France,Nutrition_Diets,32.51
2024-03-31,FR,France,Nutrition_Diets,31.94
2024-04-07,FR,France,Nutrition_Diets,32.92
2024-04-14,FR,France,Nutrition_Diets,32.27
2024-04-21,FR,France,Nutrition_Diets,33.66
2024-04-28,FR,France,Nutrition_Diets,32.18
2024-05-05,FR,France,Nutrition_Diets,31.03
2024-05-12,FR,France,Nutrition_Diets,32.27
2024-05-19,FR,France,Nutrition_Diets,31.03
2024-05-26,FR,France,Nutrition_Diets,32.51
2024-06-02,FR,France,Nutrition_Diets,32.84
2024-06-09,FR,France,Nutrition_Diets,30.46
2024-06-16,FR,France,Nutrition_Diets,29.39
2024-06-23,FR,France,Nutrition_Diets,30.3
2024-06-30,FR,France,Nutrition_Diets,28.24
2024-07-07,FR,France,Nutrition_Diets,29.06
2024-07-14,FR,France,Nutrition_Diets,30.71
2024-07-21,FR,France,Nutrition_Diets,33.83
2024-07-28,FR,France,Nutrition_Diets,29.56
2024-08-04,FR,France,Nutrition_Diets,31.12
2024-08-11,FR,France,Nutrition_Diets,32.68
2024-08-18,FR,France,Nutrition_Diets,33.17
2024-08-25,FR,France,Nutrition_Diets,33.99
2024-09-01,FR,France,Nutrition_Diets,32.59
2024-09-08,FR,France,Nutrition_Diets,30.71
2024-09-15,FR,France,Nutrition_Diets,30.87
2024-09-22,FR,France,Nutrition_Diets,32.43
2024-09-29,FR,France,Nutrition_Diets,32.92
2024-10-06,FR,France,Nutrition_Diets,31.86
2024-10-13,FR,France,Nutrition_Diets,31.36
2024-10-20,FR,France,Nutrition_Diets,32.02
2024-10-27,FR,France,Nutrition_Diets,32.51
2024-11-03,FR,France,Nutrition_Diets,31.28
2024-11-10,FR,France,Nutrition_Diets,32.18
2024-11-17,FR,France,Nutrition_Diets,32.1
2024-11-24,FR,France,Nutrition_Diets,31.44
2024-12-01,FR,France,Nutrition_Diets,30.54
2024-12-08,FR,France,Nutrition_Diets,28.82
2024-12-15,FR,France,Nutrition_Diets,29.56
2024-12-22,FR,France,Nutrition_Diets,30.3
2024-12-29,FR,France,Nutrition_Diets,35.39
2025-01-05,FR,France,Nutrition_Diets,37.03
2025-01-12,FR,France,Nutrition_Diets,35.47
2025-01-19,FR,France,Nutrition_Diets,36.54
2025-01-26,FR,France,Nutrition_Diets,35.55
2025-02-02,FR,France,Nutrition_Diets,35.39
2025-02-09,FR,France,Nutrition_Diets,34.98
2025-02-16,FR,France,Nutrition_Diets,35.88
2025-02-23,FR,France,Nutrition_Diets,35.88
2025-03-02,FR,France,Nutrition_Diets,35.39
2025-03-09,FR,France,Nutrition_Diets,35.8
2025-03-16,FR,France,Nutrition_Diets,38.01
2025-03-23,FR,France,Nutrition_Diets,37.6
2025-03-30,FR,France,Nutrition_Diets,37.03
2025-04-06,FR,France,Nutrition_Diets,37.11
2025-04-13,FR,France,Nutrition_Diets,35.39
2025-04-20,FR,France,Nutrition_Diets,36.45
2025-04-27,FR,France,Nutrition_Diets,34.24
2025-05-04,FR,France,Nutrition_Diets,33.66
2025-05-11,FR,France,Nutrition_Diets,34.81
2025-05-18,FR,France,Nutrition_Diets,35.22
2025-05-25,FR,France,Nutrition_Diets,33.42
2025-06-01,FR,France,Nutrition_Diets,34.15
2025-06-08,FR,France,Nutrition_Diets,34.32
2025-06-15,FR,France,Nutrition_Diets,35.22
2025-06-22,FR,France,Nutrition_Diets,33.66
2025-06-29,FR,France,Nutrition_Diets,32.76
2025-07-06,FR,France,Nutrition_Diets,31.28
2025-07-13,FR,France,Nutrition_Diets,34.48
2025-07-20,FR,France,Nutrition_Diets,36.21
2025-07-27,FR,France,Nutrition_Diets,35.55
2025-08-03,FR,France,Nutrition_Diets,35.88
2025-08-10,FR,France,Nutrition_Diets,35.06
2025-08-17,FR,France,Nutrition_Diets,33.74
2025-08-24,FR,France,Nutrition_Diets,33.58
2025-08-31,FR,France,Nutrition_Diets,32.92
2025-09-07,FR,France,Nutrition_Diets,31.61
2025-09-14,FR,France,Nutrition_Diets,31.61
2025-09-21,FR,France,Nutrition_Diets,30.79
2025-09-28,FR,France,Nutrition_Diets,30.79
2025-10-05,FR,France,Nutrition_Diets,31.12
2025-10-12,FR,France,Nutrition_Diets,30.87
2025-10-19,FR,France,Nutrition_Diets,30.95
2025-10-26,FR,France,Nutrition_Diets,42.12
2025-11-02,FR,France,Nutrition_Diets,56.98
2025-11-09,FR,France,Nutrition_Diets,57.55
2025-11-16,FR,France,Nutrition_Diets,56.16
2025-11-23,FR,France,Nutrition_Diets,63.79
2025-11-30,FR,France,Nutrition_Diets,66.91
2025-12-07,FR,France,Nutrition_Diets,60.43
2025-12-14,FR,France,Nutrition_Diets,56.57
2025-12-21,FR,France,Nutrition_Diets,53.37
2025-12-28,FR,France,Nutrition_Diets,60.43
2026-01-04,FR,France,Nutrition_Diets,58.21
2026-01-11,FR,France,Nutrition_Diets,61.08
2026-01-18,FR,France,Nutrition_Diets,68.56
2026-01-25,FR,France,Nutrition_Diets,73.15
2026-02-01,FR,France,Nutrition_Diets,80.87
2026-02-08,FR,France,Nutrition_Diets,92.94
2026-02-15,FR,France,Nutrition_Diets,87.52
2026-02-22,FR,France,Nutrition_Diets,84.32
2026-03-01,FR,France,Nutrition_Diets,65.6
2026-03-08,FR,France,Nutrition_Diets,73.4
2026-03-15,FR,France,Nutrition_Diets,74.71
2026-03-22,FR,France,Nutrition_Diets,85.71
2026-03-29,FR,France,Nutrition_Diets,100.0
2026-04-05,FR,France,Nutrition_Diets,76.11
2026-04-12,FR,France,Nutrition_Diets,71.02
2026-04-19,FR,France,Nutrition_Diets,68.06
2026-04-26,FR,France,Nutrition_Diets,61.49
2026-05-03,FR,France,Nutrition_Diets,59.52
2026-05-10,FR,France,Nutrition_Diets,59.03
2026-05-17,FR,France,Nutrition_Diets,58.37
2026-05-24,FR,France,Nutrition_Diets,57.96
2026-05-31,FR,France,Nutrition_Diets,51.72
2026-06-07,FR,France,Nutrition_Diets,41.22
2026-06-14,FR,France,Nutrition_Diets,40.72
2026-06-21,FR,France,Nutrition_Diets,46.14
2026-06-28,FR,France,Nutrition_Diets,64.78
2026-07-05,FR,France,Nutrition_Diets,75.21
2026-07-12,FR,France,Nutrition_Diets,60.84
2026-07-19,FR,France,Nutrition_Diets,46.8
2026-07-26,FR,France,Nutrition_Diets,44.58
2026-08-02,FR,France,Nutrition_Diets,41.63
2026-08-09,FR,France,Nutrition_Diets,36.12
2026-08-16,FR,France,Nutrition_Diets,39.08
2026-08-23,FR,France,Nutrition_Diets,37.77
2022-08-28,FR,France,Fitness_Wearables,67.43
2022-09-04,FR,France,Fitness_Wearables,76.22
2022-09-11,FR,France,Fitness_Wearables,68.25
2022-09-18,FR,France,Fitness_Wearables,62.56
2022-09-25,FR,France,Fitness_Wearables,57.7
2022-10-02,FR,France,Fitness_Wearables,57.91
2022-10-09,FR,France,Fitness_Wearables,55.84
2022-10-16,FR,France,Fitness_Wearables,53.05
2022-10-23,FR,France,Fitness_Wearables,52.64
2022-10-30,FR,France,Fitness_Wearables,55.64
2022-11-06,FR,France,Fitness_Wearables,52.64
2022-11-13,FR,France,Fitness_Wearables,54.19
2022-11-20,FR,France,Fitness_Wearables,55.12
2022-11-27,FR,France,Fitness_Wearables,49.64
2022-12-04,FR,France,Fitness_Wearables,45.29
2022-12-11,FR,France,Fitness_Wearables,44.26
2022-12-18,FR,France,Fitness_Wearables,48.19
2022-12-25,FR,France,Fitness_Wearables,59.15
2023-01-01,FR,France,Fitness_Wearables,66.8
2023-01-08,FR,France,Fitness_Wearables,62.87
2023-01-15,FR,France,Fitness_Wearables,58.95
2023-01-22,FR,France,Fitness_Wearables,57.39
2023-01-29,FR,France,Fitness_Wearables,57.39
2023-02-05,FR,France,Fitness_Wearables,58.32
2023-02-12,FR,France,Fitness_Wearables,52.22
2023-02-19,FR,France,Fitness_Wearables,53.46
2023-02-26,FR,France,Fitness_Wearables,55.33
2023-03-05,FR,France,Fitness_Wearables,54.19
2023-03-12,FR,France,Fitness_Wearables,53.36
2023-03-19,FR,France,Fitness_Wearables,50.98
2023-03-26,FR,France,Fitness_Wearables,53.77
2023-04-02,FR,France,Fitness_Wearables,54.4
2023-04-09,FR,France,Fitness_Wearables,54.29
2023-04-16,FR,France,Fitness_Wearables,50.88
2023-04-23,FR,France,Fitness_Wearables,52.22
2023-04-30,FR,France,Fitness_Wearables,57.29
2023-05-07,FR,France,Fitness_Wearables,52.12
2023-05-14,FR,France,Fitness_Wearables,53.46
2023-05-21,FR,France,Fitness_Wearables,50.78
2023-05-28,FR,France,Fitness_Wearables,52.74
2023-06-04,FR,France,Fitness_Wearables,51.4
2023-06-11,FR,France,Fitness_Wearables,51.29
2023-06-18,FR,France,Fitness_Wearables,49.95
2023-06-25,FR,France,Fitness_Wearables,51.4
2023-07-02,FR,France,Fitness_Wearables,53.67
2023-07-09,FR,France,Fitness_Wearables,50.98
2023-07-16,FR,France,Fitness_Wearables,51.6
2023-07-23,FR,France,Fitness_Wearables,53.36
2023-07-30,FR,France,Fitness_Wearables,56.67
2023-08-06,FR,France,Fitness_Wearables,58.63
2023-08-13,FR,France,Fitness_Wearables,57.39
2023-08-20,FR,France,Fitness_Wearables,59.98
2023-08-27,FR,France,Fitness_Wearables,68.15
2023-09-03,FR,France,Fitness_Wearables,73.11
2023-09-10,FR,France,Fitness_Wearables,71.87
2023-09-17,FR,France,Fitness_Wearables,64.94
2023-09-24,FR,France,Fitness_Wearables,59.46
2023-10-01,FR,France,Fitness_Wearables,59.36
2023-10-08,FR,France,Fitness_Wearables,55.12
2023-10-15,FR,France,Fitness_Wearables,53.05
2023-10-22,FR,France,Fitness_Wearables,51.91
2023-10-29,FR,France,Fitness_Wearables,55.74
2023-11-05,FR,France,Fitness_Wearables,54.6
2023-11-12,FR,France,Fitness_Wearables,55.43
2023-11-19,FR,France,Fitness_Wearables,57.81
2023-11-26,FR,France,Fitness_Wearables,55.95
2023-12-03,FR,France,Fitness_Wearables,51.19
2023-12-10,FR,France,Fitness_Wearables,51.19
2023-12-17,FR,France,Fitness_Wearables,48.81
2023-12-24,FR,France,Fitness_Wearables,64.94
2023-12-31,FR,France,Fitness_Wearables,65.56
2024-01-07,FR,France,Fitness_Wearables,61.84
2024-01-14,FR,France,Fitness_Wearables,59.36
2024-01-21,FR,France,Fitness_Wearables,58.53
2024-01-28,FR,France,Fitness_Wearables,60.6
2024-02-04,FR,France,Fitness_Wearables,59.15
2024-02-11,FR,France,Fitness_Wearables,58.22
2024-02-18,FR,France,Fitness_Wearables,56.67
2024-02-25,FR,France,Fitness_Wearables,58.22
2024-03-03,FR,France,Fitness_Wearables,54.81
2024-03-10,FR,France,Fitness_Wearables,53.98
2024-03-17,FR,France,Fitness_Wearables,56.88
2024-03-24,FR,France,Fitness_Wearables,54.81
2024-03-31,FR,France,Fitness_Wearables,58.95
2024-04-07,FR,France,Fitness_Wearables,56.26
2024-04-14,FR,France,Fitness_Wearables,54.29
2024-04-21,FR,France,Fitness_Wearables,56.15
2024-04-28,FR,France,Fitness_Wearables,60.81
2024-05-05,FR,France,Fitness_Wearables,57.08
2024-05-12,FR,France,Fitness_Wearables,53.26
2024-05-19,FR,France,Fitness_Wearables,56.15
2024-05-26,FR,France,Fitness_Wearables,54.29
2024-06-02,FR,France,Fitness_Wearables,56.57
2024-06-09,FR,France,Fitness_Wearables,51.4
2024-06-16,FR,France,Fitness_Wearables,50.05
2024-06-23,FR,France,Fitness_Wearables,53.26
2024-06-30,FR,France,Fitness_Wearables,51.09
2024-07-07,FR,France,Fitness_Wearables,50.67
2024-07-14,FR,France,Fitness_Wearables,56.05
2024-07-21,FR,France,Fitness_Wearables,55.53
2024-07-28,FR,France,Fitness_Wearables,59.67
2024-08-04,FR,France,Fitness_Wearables,60.19
2024-08-11,FR,France,Fitness_Wearables,58.95
2024-08-18,FR,France,Fitness_Wearables,67.32
2024-08-25,FR,France,Fitness_Wearables,74.77
2024-09-01,FR,France,Fitness_Wearables,80.46
2024-09-08,FR,France,Fitness_Wearables,77.56
2024-09-15,FR,France,Fitness_Wearables,71.35
2024-09-22,FR,France,Fitness_Wearables,69.18
2024-09-29,FR,France,Fitness_Wearables,62.87
2024-10-06,FR,France,Fitness_Wearables,62.05
2024-10-13,FR,France,Fitness_Wearables,60.29
2024-10-20,FR,France,Fitness_Wearables,57.81
2024-10-27,FR,France,Fitness_Wearables,58.32
2024-11-03,FR,France,Fitness_Wearables,56.36
2024-11-10,FR,France,Fitness_Wearables,59.57
2024-11-17,FR,France,Fitness_Wearables,60.6
2024-11-24,FR,France,Fitness_Wearables,67.63
2024-12-01,FR,France,Fitness_Wearables,62.05
2024-12-08,FR,France,Fitness_Wearables,56.67
2024-12-15,FR,France,Fitness_Wearables,52.43
2024-12-22,FR,France,Fitness_Wearables,69.49
2024-12-29,FR,France,Fitness_Wearables,70.53
2025-01-05,FR,France,Fitness_Wearables,69.91
2025-01-12,FR,France,Fitness_Wearables,66.6
2025-01-19,FR,France,Fitness_Wearables,67.01
2025-01-26,FR,France,Fitness_Wearables,66.08
2025-02-02,FR,France,Fitness_Wearables,61.32
2025-02-09,FR,France,Fitness_Wearables,58.74
2025-02-16,FR,France,Fitness_Wearables,59.05
2025-02-23,FR,France,Fitness_Wearables,61.01
2025-03-02,FR,France,Fitness_Wearables,59.26
2025-03-09,FR,France,Fitness_Wearables,59.88
2025-03-16,FR,France,Fitness_Wearables,58.63
2025-03-23,FR,France,Fitness_Wearables,58.43
2025-03-30,FR,France,Fitness_Wearables,58.84
2025-04-06,FR,France,Fitness_Wearables,56.57
2025-04-13,FR,France,Fitness_Wearables,60.39
2025-04-20,FR,France,Fitness_Wearables,64.43
2025-04-27,FR,France,Fitness_Wearables,66.18
2025-05-04,FR,France,Fitness_Wearables,58.63
2025-05-11,FR,France,Fitness_Wearables,58.53
2025-05-18,FR,France,Fitness_Wearables,55.33
2025-05-25,FR,France,Fitness_Wearables,55.74
2025-06-01,FR,France,Fitness_Wearables,55.22
2025-06-08,FR,France,Fitness_Wearables,58.53
2025-06-15,FR,France,Fitness_Wearables,55.53
2025-06-22,FR,France,Fitness_Wearables,54.5
2025-06-29,FR,France,Fitness_Wearables,54.71
2025-07-06,FR,France,Fitness_Wearables,55.53
2025-07-13,FR,France,Fitness_Wearables,57.81
2025-07-20,FR,France,Fitness_Wearables,59.98
2025-07-27,FR,France,Fitness_Wearables,59.15
2025-08-03,FR,France,Fitness_Wearables,61.01
2025-08-10,FR,France,Fitness_Wearables,59.26
2025-08-17,FR,France,Fitness_Wearables,65.67
2025-08-24,FR,France,Fitness_Wearables,73.63
2025-08-31,FR,France,Fitness_Wearables,79.11
2025-09-07,FR,France,Fitness_Wearables,79.94
2025-09-14,FR,France,Fitness_Wearables,74.35
2025-09-21,FR,France,Fitness_Wearables,68.87
2025-09-28,FR,France,Fitness_Wearables,62.36
2025-10-05,FR,France,Fitness_Wearables,60.6
2025-10-12,FR,France,Fitness_Wearables,59.57
2025-10-19,FR,France,Fitness_Wearables,58.84
2025-10-26,FR,France,Fitness_Wearables,62.15
2025-11-02,FR,France,Fitness_Wearables,72.18
2025-11-09,FR,France,Fitness_Wearables,78.08
2025-11-16,FR,France,Fitness_Wearables,79.01
2025-11-23,FR,France,Fitness_Wearables,87.28
2025-11-30,FR,France,Fitness_Wearables,83.25
2025-12-07,FR,France,Fitness_Wearables,78.39
2025-12-14,FR,France,Fitness_Wearables,77.35
2025-12-21,FR,France,Fitness_Wearables,86.56
2025-12-28,FR,France,Fitness_Wearables,87.69
2026-01-04,FR,France,Fitness_Wearables,76.22
2026-01-11,FR,France,Fitness_Wearables,81.49
2026-01-18,FR,France,Fitness_Wearables,84.59
2026-01-25,FR,France,Fitness_Wearables,83.87
2026-02-01,FR,France,Fitness_Wearables,88.52
2026-02-08,FR,France,Fitness_Wearables,100.0
2026-02-15,FR,France,Fitness_Wearables,94.73
2026-02-22,FR,France,Fitness_Wearables,87.49
2026-03-01,FR,France,Fitness_Wearables,76.32
2026-03-08,FR,France,Fitness_Wearables,77.97
2026-03-15,FR,France,Fitness_Wearables,71.25
2026-03-22,FR,France,Fitness_Wearables,75.9
2026-03-29,FR,France,Fitness_Wearables,82.73
2026-04-05,FR,France,Fitness_Wearables,77.04
2026-04-12,FR,France,Fitness_Wearables,74.46
2026-04-19,FR,France,Fitness_Wearables,71.04
2026-04-26,FR,France,Fitness_Wearables,75.8
2026-05-03,FR,France,Fitness_Wearables,71.87
2026-05-10,FR,France,Fitness_Wearables,74.46
2026-05-17,FR,France,Fitness_Wearables,67.53
2026-05-24,FR,France,Fitness_Wearables,66.39
2026-05-31,FR,France,Fitness_Wearables,67.22
2026-06-07,FR,France,Fitness_Wearables,62.77
2026-06-14,FR,France,Fitness_Wearables,55.84
2026-06-21,FR,France,Fitness_Wearables,55.22
2026-06-28,FR,France,Fitness_Wearables,62.56
2026-07-05,FR,France,Fitness_Wearables,66.49
2026-07-12,FR,France,Fitness_Wearables,64.74
2026-07-19,FR,France,Fitness_Wearables,60.29
2026-07-26,FR,France,Fitness_Wearables,63.08
2026-08-02,FR,France,Fitness_Wearables,64.22
2026-08-09,FR,France,Fitness_Wearables,60.39
2026-08-16,FR,France,Fitness_Wearables,66.29
2026-08-23,FR,France,Fitness_Wearables,75.7
2022-08-28,FR,France,Fashion_Beauty,27.12
2022-09-04,FR,France,Fashion_Beauty,27.88
2022-09-11,FR,France,Fashion_Beauty,28.88
2022-09-18,FR,France,Fashion_Beauty,31.5
2022-09-25,FR,France,Fashion_Beauty,45.25
2022-10-02,FR,France,Fashion_Beauty,39.75
2022-10-09,FR,France,Fashion_Beauty,31.13
2022-10-16,FR,France,Fashion_Beauty,30.12
2022-10-23,FR,France,Fashion_Beauty,30.12
2022-10-30,FR,France,Fashion_Beauty,30.75
2022-11-06,FR,France,Fashion_Beauty,29.12
2022-11-13,FR,France,Fashion_Beauty,30.87
2022-11-20,FR,France,Fashion_Beauty,30.25
2022-11-27,FR,France,Fashion_Beauty,29.75
2022-12-04,FR,France,Fashion_Beauty,29.38
2022-12-11,FR,France,Fashion_Beauty,28.62
2022-12-18,FR,France,Fashion_Beauty,26.25
2022-12-25,FR,France,Fashion_Beauty,28.0
2023-01-01,FR,France,Fashion_Beauty,28.12
2023-01-08,FR,France,Fashion_Beauty,30.25
2023-01-15,FR,France,Fashion_Beauty,35.12
2023-01-22,FR,France,Fashion_Beauty,35.0
2023-01-29,FR,France,Fashion_Beauty,29.38
2023-02-05,FR,France,Fashion_Beauty,29.5
2023-02-12,FR,France,Fashion_Beauty,28.12
2023-02-19,FR,France,Fashion_Beauty,29.75
2023-02-26,FR,France,Fashion_Beauty,36.0
2023-03-05,FR,France,Fashion_Beauty,32.25
2023-03-12,FR,France,Fashion_Beauty,29.75
2023-03-19,FR,France,Fashion_Beauty,28.38
2023-03-26,FR,France,Fashion_Beauty,28.0
2023-04-02,FR,France,Fashion_Beauty,29.12
2023-04-09,FR,France,Fashion_Beauty,28.75
2023-04-16,FR,France,Fashion_Beauty,29.38
2023-04-23,FR,France,Fashion_Beauty,28.75
2023-04-30,FR,France,Fashion_Beauty,28.12
2023-05-07,FR,France,Fashion_Beauty,28.88
2023-05-14,FR,France,Fashion_Beauty,28.88
2023-05-21,FR,France,Fashion_Beauty,28.12
2023-05-28,FR,France,Fashion_Beauty,28.75
2023-06-04,FR,France,Fashion_Beauty,26.63
2023-06-11,FR,France,Fashion_Beauty,30.63
2023-06-18,FR,France,Fashion_Beauty,32.88
2023-06-25,FR,France,Fashion_Beauty,30.0
2023-07-02,FR,France,Fashion_Beauty,29.38
2023-07-09,FR,France,Fashion_Beauty,25.5
2023-07-16,FR,France,Fashion_Beauty,25.87
2023-07-23,FR,France,Fashion_Beauty,25.75
2023-07-30,FR,France,Fashion_Beauty,25.87
2023-08-06,FR,France,Fashion_Beauty,25.38
2023-08-13,FR,France,Fashion_Beauty,25.12
2023-08-20,FR,France,Fashion_Beauty,25.88
2023-08-27,FR,France,Fashion_Beauty,29.0
2023-09-03,FR,France,Fashion_Beauty,27.13
2023-09-10,FR,France,Fashion_Beauty,28.38
2023-09-17,FR,France,Fashion_Beauty,32.75
2023-09-24,FR,France,Fashion_Beauty,42.88
2023-10-01,FR,France,Fashion_Beauty,37.0
2023-10-08,FR,France,Fashion_Beauty,30.63
2023-10-15,FR,France,Fashion_Beauty,28.75
2023-10-22,FR,France,Fashion_Beauty,29.5
2023-10-29,FR,France,Fashion_Beauty,31.87
2023-11-05,FR,France,Fashion_Beauty,30.75
2023-11-12,FR,France,Fashion_Beauty,29.87
2023-11-19,FR,France,Fashion_Beauty,32.12
2023-11-26,FR,France,Fashion_Beauty,31.75
2023-12-03,FR,France,Fashion_Beauty,33.12
2023-12-10,FR,France,Fashion_Beauty,29.88
2023-12-17,FR,France,Fashion_Beauty,28.87
2023-12-24,FR,France,Fashion_Beauty,29.12
2023-12-31,FR,France,Fashion_Beauty,28.38
2024-01-07,FR,France,Fashion_Beauty,31.25
2024-01-14,FR,France,Fashion_Beauty,33.5
2024-01-21,FR,France,Fashion_Beauty,34.38
2024-01-28,FR,France,Fashion_Beauty,30.37
2024-02-04,FR,France,Fashion_Beauty,30.12
2024-02-11,FR,France,Fashion_Beauty,30.12
2024-02-18,FR,France,Fashion_Beauty,32.62
2024-02-25,FR,France,Fashion_Beauty,36.62
2024-03-03,FR,France,Fashion_Beauty,35.37
2024-03-10,FR,France,Fashion_Beauty,32.5
2024-03-17,FR,France,Fashion_Beauty,32.25
2024-03-24,FR,France,Fashion_Beauty,30.0
2024-03-31,FR,France,Fashion_Beauty,29.87
2024-04-07,FR,France,Fashion_Beauty,29.25
2024-04-14,FR,France,Fashion_Beauty,28.88
2024-04-21,FR,France,Fashion_Beauty,29.62
2024-04-28,FR,France,Fashion_Beauty,28.38
2024-05-05,FR,France,Fashion_Beauty,28.62
2024-05-12,FR,France,Fashion_Beauty,28.38
2024-05-19,FR,France,Fashion_Beauty,28.5
2024-05-26,FR,France,Fashion_Beauty,27.87
2024-06-02,FR,France,Fashion_Beauty,28.62
2024-06-09,FR,France,Fashion_Beauty,28.5
2024-06-16,FR,France,Fashion_Beauty,30.25
2024-06-23,FR,France,Fashion_Beauty,30.63
2024-06-30,FR,France,Fashion_Beauty,25.87
2024-07-07,FR,France,Fashion_Beauty,25.5
2024-07-14,FR,France,Fashion_Beauty,25.75
2024-07-21,FR,France,Fashion_Beauty,25.38
2024-07-28,FR,France,Fashion_Beauty,23.0
2024-08-04,FR,France,Fashion_Beauty,23.62
2024-08-11,FR,France,Fashion_Beauty,26.38
2024-08-18,FR,France,Fashion_Beauty,28.0
2024-08-25,FR,France,Fashion_Beauty,28.25
2024-09-01,FR,France,Fashion_Beauty,29.12
2024-09-08,FR,France,Fashion_Beauty,31.5
2024-09-15,FR,France,Fashion_Beauty,33.0
2024-09-22,FR,France,Fashion_Beauty,44.38
2024-09-29,FR,France,Fashion_Beauty,36.38
2024-10-06,FR,France,Fashion_Beauty,32.38
2024-10-13,FR,France,Fashion_Beauty,33.75
2024-10-20,FR,France,Fashion_Beauty,32.0
2024-10-27,FR,France,Fashion_Beauty,33.0
2024-11-03,FR,France,Fashion_Beauty,30.0
2024-11-10,FR,France,Fashion_Beauty,31.75
2024-11-17,FR,France,Fashion_Beauty,32.0
2024-11-24,FR,France,Fashion_Beauty,33.62
2024-12-01,FR,France,Fashion_Beauty,32.5
2024-12-08,FR,France,Fashion_Beauty,30.12
2024-12-15,FR,France,Fashion_Beauty,29.25
2024-12-22,FR,France,Fashion_Beauty,29.25
2024-12-29,FR,France,Fashion_Beauty,28.37
2025-01-05,FR,France,Fashion_Beauty,31.38
2025-01-12,FR,France,Fashion_Beauty,31.5
2025-01-19,FR,France,Fashion_Beauty,35.5
2025-01-26,FR,France,Fashion_Beauty,34.25
2025-02-02,FR,France,Fashion_Beauty,30.75
2025-02-09,FR,France,Fashion_Beauty,30.87
2025-02-16,FR,France,Fashion_Beauty,29.75
2025-02-23,FR,France,Fashion_Beauty,30.63
2025-03-02,FR,France,Fashion_Beauty,37.12
2025-03-09,FR,France,Fashion_Beauty,34.38
2025-03-16,FR,France,Fashion_Beauty,31.25
2025-03-23,FR,France,Fashion_Beauty,30.88
2025-03-30,FR,France,Fashion_Beauty,32.0
2025-04-06,FR,France,Fashion_Beauty,30.12
2025-04-13,FR,France,Fashion_Beauty,31.13
2025-04-20,FR,France,Fashion_Beauty,31.0
2025-04-27,FR,France,Fashion_Beauty,29.88
2025-05-04,FR,France,Fashion_Beauty,30.12
2025-05-11,FR,France,Fashion_Beauty,30.0
2025-05-18,FR,France,Fashion_Beauty,30.25
2025-05-25,FR,France,Fashion_Beauty,28.62
2025-06-01,FR,France,Fashion_Beauty,30.63
2025-06-08,FR,France,Fashion_Beauty,32.25
2025-06-15,FR,France,Fashion_Beauty,30.0
2025-06-22,FR,France,Fashion_Beauty,34.75
2025-06-29,FR,France,Fashion_Beauty,29.87
2025-07-06,FR,France,Fashion_Beauty,29.62
2025-07-13,FR,France,Fashion_Beauty,28.0
2025-07-20,FR,France,Fashion_Beauty,27.25
2025-07-27,FR,France,Fashion_Beauty,28.0
2025-08-03,FR,France,Fashion_Beauty,28.62
2025-08-10,FR,France,Fashion_Beauty,27.62
2025-08-17,FR,France,Fashion_Beauty,28.75
2025-08-24,FR,France,Fashion_Beauty,29.5
2025-08-31,FR,France,Fashion_Beauty,29.13
2025-09-07,FR,France,Fashion_Beauty,30.87
2025-09-14,FR,France,Fashion_Beauty,32.12
2025-09-21,FR,France,Fashion_Beauty,34.38
2025-09-28,FR,France,Fashion_Beauty,47.87
2025-10-05,FR,France,Fashion_Beauty,39.0
2025-10-12,FR,France,Fashion_Beauty,33.25
2025-10-19,FR,France,Fashion_Beauty,30.25
2025-10-26,FR,France,Fashion_Beauty,37.0
2025-11-02,FR,France,Fashion_Beauty,44.75
2025-11-09,FR,France,Fashion_Beauty,44.88
2025-11-16,FR,France,Fashion_Beauty,45.5
2025-11-23,FR,France,Fashion_Beauty,51.62
2025-11-30,FR,France,Fashion_Beauty,55.25
2025-12-07,FR,France,Fashion_Beauty,51.38
2025-12-14,FR,France,Fashion_Beauty,49.75
2025-12-21,FR,France,Fashion_Beauty,46.62
2025-12-28,FR,France,Fashion_Beauty,46.75
2026-01-04,FR,France,Fashion_Beauty,42.62
2026-01-11,FR,France,Fashion_Beauty,46.0
2026-01-18,FR,France,Fashion_Beauty,55.12
2026-01-25,FR,France,Fashion_Beauty,54.87
2026-02-01,FR,France,Fashion_Beauty,58.75
2026-02-08,FR,France,Fashion_Beauty,100.0
2026-02-15,FR,France,Fashion_Beauty,94.25
2026-02-22,FR,France,Fashion_Beauty,76.0
2026-03-01,FR,France,Fashion_Beauty,52.87
2026-03-08,FR,France,Fashion_Beauty,50.5
2026-03-15,FR,France,Fashion_Beauty,43.12
2026-03-22,FR,France,Fashion_Beauty,43.88
2026-03-29,FR,France,Fashion_Beauty,47.25
2026-04-05,FR,France,Fashion_Beauty,41.0
2026-04-12,FR,France,Fashion_Beauty,42.5
2026-04-19,FR,France,Fashion_Beauty,42.37
2026-04-26,FR,France,Fashion_Beauty,39.0
2026-05-03,FR,France,Fashion_Beauty,39.75
2026-05-10,FR,France,Fashion_Beauty,40.37
2026-05-17,FR,France,Fashion_Beauty,37.12
2026-05-24,FR,France,Fashion_Beauty,36.75
2026-05-31,FR,France,Fashion_Beauty,35.12
2026-06-07,FR,France,Fashion_Beauty,33.88
2026-06-14,FR,France,Fashion_Beauty,31.5
2026-06-21,FR,France,Fashion_Beauty,37.25
2026-06-28,FR,France,Fashion_Beauty,36.75
2026-07-05,FR,France,Fashion_Beauty,38.75
2026-07-12,FR,France,Fashion_Beauty,31.87
2026-07-19,FR,France,Fashion_Beauty,30.25
2026-07-26,FR,France,Fashion_Beauty,30.0
2026-08-02,FR,France,Fashion_Beauty,29.25
2026-08-09,FR,France,Fashion_Beauty,28.88
2026-08-16,FR,France,Fashion_Beauty,35.12
2026-08-23,FR,France,Fashion_Beauty,36.88
2022-08-28,NG,Nigeria,Nutrition_Diets,79.59
2022-09-04,NG,Nigeria,Nutrition_Diets,79.23
2022-09-11,NG,Nigeria,Nutrition_Diets,83.21
2022-09-18,NG,Nigeria,Nutrition_Diets,92.51
2022-09-25,NG,Nigeria,Nutrition_Diets,96.74
2022-10-02,NG,Nigeria,Nutrition_Diets,87.92
2022-10-09,NG,Nigeria,Nutrition_Diets,87.32
2022-10-16,NG,Nigeria,Nutrition_Diets,87.68
2022-10-23,NG,Nigeria,Nutrition_Diets,89.13
2022-10-30,NG,Nigeria,Nutrition_Diets,92.03
2022-11-06,NG,Nigeria,Nutrition_Diets,100.0
2022-11-13,NG,Nigeria,Nutrition_Diets,96.74
2022-11-20,NG,Nigeria,Nutrition_Diets,93.6
2022-11-27,NG,Nigeria,Nutrition_Diets,87.56
2022-12-04,NG,Nigeria,Nutrition_Diets,83.57
2022-12-11,NG,Nigeria,Nutrition_Diets,78.74
2022-12-18,NG,Nigeria,Nutrition_Diets,71.26
2022-12-25,NG,Nigeria,Nutrition_Diets,65.46
2023-01-01,NG,Nigeria,Nutrition_Diets,79.11
2023-01-08,NG,Nigeria,Nutrition_Diets,84.06
2023-01-15,NG,Nigeria,Nutrition_Diets,90.1
2023-01-22,NG,Nigeria,Nutrition_Diets,89.13
2023-01-29,NG,Nigeria,Nutrition_Diets,82.85
2023-02-05,NG,Nigeria,Nutrition_Diets,84.18
2023-02-12,NG,Nigeria,Nutrition_Diets,78.74
2023-02-19,NG,Nigeria,Nutrition_Diets,74.4
2023-02-26,NG,Nigeria,Nutrition_Diets,72.22
2023-03-05,NG,Nigeria,Nutrition_Diets,82.13
2023-03-12,NG,Nigeria,Nutrition_Diets,77.78
2023-03-19,NG,Nigeria,Nutrition_Diets,83.7
2023-03-26,NG,Nigeria,Nutrition_Diets,88.29
2023-04-02,NG,Nigeria,Nutrition_Diets,82.0
2023-04-09,NG,Nigeria,Nutrition_Diets,79.71
2023-04-16,NG,Nigeria,Nutrition_Diets,84.9
2023-04-23,NG,Nigeria,Nutrition_Diets,86.71
2023-04-30,NG,Nigeria,Nutrition_Diets,89.13
2023-05-07,NG,Nigeria,Nutrition_Diets,93.96
2023-05-14,NG,Nigeria,Nutrition_Diets,98.19
2023-05-21,NG,Nigeria,Nutrition_Diets,97.34
2023-05-28,NG,Nigeria,Nutrition_Diets,90.7
2023-06-04,NG,Nigeria,Nutrition_Diets,96.74
2023-06-11,NG,Nigeria,Nutrition_Diets,96.38
2023-06-18,NG,Nigeria,Nutrition_Diets,90.22
2023-06-25,NG,Nigeria,Nutrition_Diets,84.06
2023-07-02,NG,Nigeria,Nutrition_Diets,93.6
2023-07-09,NG,Nigeria,Nutrition_Diets,86.59
2023-07-16,NG,Nigeria,Nutrition_Diets,85.87
2023-07-23,NG,Nigeria,Nutrition_Diets,76.81
2023-07-30,NG,Nigeria,Nutrition_Diets,79.83
2023-08-06,NG,Nigeria,Nutrition_Diets,74.03
2023-08-13,NG,Nigeria,Nutrition_Diets,79.11
2023-08-20,NG,Nigeria,Nutrition_Diets,80.07
2023-08-27,NG,Nigeria,Nutrition_Diets,80.07
2023-09-03,NG,Nigeria,Nutrition_Diets,78.38
2023-09-10,NG,Nigeria,Nutrition_Diets,83.7
2023-09-17,NG,Nigeria,Nutrition_Diets,79.35
2023-09-24,NG,Nigeria,Nutrition_Diets,86.23
2023-10-01,NG,Nigeria,Nutrition_Diets,84.18
2023-10-08,NG,Nigeria,Nutrition_Diets,95.53
2023-10-15,NG,Nigeria,Nutrition_Diets,90.22
2023-10-22,NG,Nigeria,Nutrition_Diets,84.78
2023-10-29,NG,Nigeria,Nutrition_Diets,83.7
2023-11-05,NG,Nigeria,Nutrition_Diets,86.47
2023-11-12,NG,Nigeria,Nutrition_Diets,89.13
2023-11-19,NG,Nigeria,Nutrition_Diets,87.08
2023-11-26,NG,Nigeria,Nutrition_Diets,80.8
2023-12-03,NG,Nigeria,Nutrition_Diets,73.43
2023-12-10,NG,Nigeria,Nutrition_Diets,71.01
2023-12-17,NG,Nigeria,Nutrition_Diets,61.59
2023-12-24,NG,Nigeria,Nutrition_Diets,57.61
2023-12-31,NG,Nigeria,Nutrition_Diets,67.63
2024-01-07,NG,Nigeria,Nutrition_Diets,78.5
2024-01-14,NG,Nigeria,Nutrition_Diets,81.28
2024-01-21,NG,Nigeria,Nutrition_Diets,85.51
2024-01-28,NG,Nigeria,Nutrition_Diets,81.88
2024-02-04,NG,Nigeria,Nutrition_Diets,78.62
2024-02-11,NG,Nigeria,Nutrition_Diets,73.79
2024-02-18,NG,Nigeria,Nutrition_Diets,77.54
2024-02-25,NG,Nigeria,Nutrition_Diets,76.81
2024-03-03,NG,Nigeria,Nutrition_Diets,76.45
2024-03-10,NG,Nigeria,Nutrition_Diets,74.28
2024-03-17,NG,Nigeria,Nutrition_Diets,87.68
2024-03-24,NG,Nigeria,Nutrition_Diets,71.86
2024-03-31,NG,Nigeria,Nutrition_Diets,68.96
2024-04-07,NG,Nigeria,Nutrition_Diets,66.43
2024-04-14,NG,Nigeria,Nutrition_Diets,71.14
2024-04-21,NG,Nigeria,Nutrition_Diets,78.14
2024-04-28,NG,Nigeria,Nutrition_Diets,83.33
2024-05-05,NG,Nigeria,Nutrition_Diets,84.42
2024-05-12,NG,Nigeria,Nutrition_Diets,83.21
2024-05-19,NG,Nigeria,Nutrition_Diets,79.35
2024-05-26,NG,Nigeria,Nutrition_Diets,77.66
2024-06-02,NG,Nigeria,Nutrition_Diets,75.24
2024-06-09,NG,Nigeria,Nutrition_Diets,77.66
2024-06-16,NG,Nigeria,Nutrition_Diets,73.55
2024-06-23,NG,Nigeria,Nutrition_Diets,80.43
2024-06-30,NG,Nigeria,Nutrition_Diets,78.26
2024-07-07,NG,Nigeria,Nutrition_Diets,75.97
2024-07-14,NG,Nigeria,Nutrition_Diets,73.91
2024-07-21,NG,Nigeria,Nutrition_Diets,74.76
2024-07-28,NG,Nigeria,Nutrition_Diets,66.55
2024-08-04,NG,Nigeria,Nutrition_Diets,72.22
2024-08-11,NG,Nigeria,Nutrition_Diets,68.0
2024-08-18,NG,Nigeria,Nutrition_Diets,68.12
2024-08-25,NG,Nigeria,Nutrition_Diets,64.98
2024-09-01,NG,Nigeria,Nutrition_Diets,66.18
2024-09-08,NG,Nigeria,Nutrition_Diets,69.2
2024-09-15,NG,Nigeria,Nutrition_Diets,75.36
2024-09-22,NG,Nigeria,Nutrition_Diets,71.98
2024-09-29,NG,Nigeria,Nutrition_Diets,74.03
2024-10-06,NG,Nigeria,Nutrition_Diets,78.62
2024-10-13,NG,Nigeria,Nutrition_Diets,77.54
2024-10-20,NG,Nigeria,Nutrition_Diets,70.17
2024-10-27,NG,Nigeria,Nutrition_Diets,74.15
2024-11-03,NG,Nigeria,Nutrition_Diets,71.62
2024-11-10,NG,Nigeria,Nutrition_Diets,79.59
2024-11-17,NG,Nigeria,Nutrition_Diets,78.26
2024-11-24,NG,Nigeria,Nutrition_Diets,69.57
2024-12-01,NG,Nigeria,Nutrition_Diets,62.2
2024-12-08,NG,Nigeria,Nutrition_Diets,59.06
2024-12-15,NG,Nigeria,Nutrition_Diets,57.13
2024-12-22,NG,Nigeria,Nutrition_Diets,55.31
2024-12-29,NG,Nigeria,Nutrition_Diets,59.66
2025-01-05,NG,Nigeria,Nutrition_Diets,70.17
2025-01-12,NG,Nigeria,Nutrition_Diets,77.54
2025-01-19,NG,Nigeria,Nutrition_Diets,78.62
2025-01-26,NG,Nigeria,Nutrition_Diets,81.16
2025-02-02,NG,Nigeria,Nutrition_Diets,76.33
2025-02-09,NG,Nigeria,Nutrition_Diets,71.62
2025-02-16,NG,Nigeria,Nutrition_Diets,77.05
2025-02-23,NG,Nigeria,Nutrition_Diets,75.0
2025-03-02,NG,Nigeria,Nutrition_Diets,73.55
2025-03-09,NG,Nigeria,Nutrition_Diets,71.01
2025-03-16,NG,Nigeria,Nutrition_Diets,73.55
2025-03-23,NG,Nigeria,Nutrition_Diets,68.72
2025-03-30,NG,Nigeria,Nutrition_Diets,68.48
2025-04-06,NG,Nigeria,Nutrition_Diets,66.67
2025-04-13,NG,Nigeria,Nutrition_Diets,60.99
2025-04-20,NG,Nigeria,Nutrition_Diets,66.91
2025-04-27,NG,Nigeria,Nutrition_Diets,73.79
2025-05-04,NG,Nigeria,Nutrition_Diets,73.91
2025-05-11,NG,Nigeria,Nutrition_Diets,81.76
2025-05-18,NG,Nigeria,Nutrition_Diets,75.24
2025-05-25,NG,Nigeria,Nutrition_Diets,69.2
2025-06-01,NG,Nigeria,Nutrition_Diets,69.2
2025-06-08,NG,Nigeria,Nutrition_Diets,69.08
2025-06-15,NG,Nigeria,Nutrition_Diets,77.05
2025-06-22,NG,Nigeria,Nutrition_Diets,75.36
2025-06-29,NG,Nigeria,Nutrition_Diets,71.38
2025-07-06,NG,Nigeria,Nutrition_Diets,71.74
2025-07-13,NG,Nigeria,Nutrition_Diets,67.63
2025-07-20,NG,Nigeria,Nutrition_Diets,66.67
2025-07-27,NG,Nigeria,Nutrition_Diets,65.58
2025-08-03,NG,Nigeria,Nutrition_Diets,71.38
2025-08-10,NG,Nigeria,Nutrition_Diets,65.34
2025-08-17,NG,Nigeria,Nutrition_Diets,61.59
2025-08-24,NG,Nigeria,Nutrition_Diets,64.98
2025-08-31,NG,Nigeria,Nutrition_Diets,67.39
2025-09-07,NG,Nigeria,Nutrition_Diets,68.96
2025-09-14,NG,Nigeria,Nutrition_Diets,62.2
2025-09-21,NG,Nigeria,Nutrition_Diets,64.37
2025-09-28,NG,Nigeria,Nutrition_Diets,65.82
2025-10-05,NG,Nigeria,Nutrition_Diets,71.5
2025-10-12,NG,Nigeria,Nutrition_Diets,75.48
2025-10-19,NG,Nigeria,Nutrition_Diets,70.05
2025-10-26,NG,Nigeria,Nutrition_Diets,77.78
2025-11-02,NG,Nigeria,Nutrition_Diets,81.4
2025-11-09,NG,Nigeria,Nutrition_Diets,90.46
2025-11-16,NG,Nigeria,Nutrition_Diets,81.52
2025-11-23,NG,Nigeria,Nutrition_Diets,75.72
2025-11-30,NG,Nigeria,Nutrition_Diets,70.77
2025-12-07,NG,Nigeria,Nutrition_Diets,65.94
2025-12-14,NG,Nigeria,Nutrition_Diets,65.46
2025-12-21,NG,Nigeria,Nutrition_Diets,51.57
2025-12-28,NG,Nigeria,Nutrition_Diets,50.85
2026-01-04,NG,Nigeria,Nutrition_Diets,60.51
2026-01-11,NG,Nigeria,Nutrition_Diets,70.29
2026-01-18,NG,Nigeria,Nutrition_Diets,81.52
2026-01-25,NG,Nigeria,Nutrition_Diets,84.42
2026-02-01,NG,Nigeria,Nutrition_Diets,75.12
2026-02-08,NG,Nigeria,Nutrition_Diets,75.0
2026-02-15,NG,Nigeria,Nutrition_Diets,81.04
2026-02-22,NG,Nigeria,Nutrition_Diets,79.23
2026-03-01,NG,Nigeria,Nutrition_Diets,68.24
2026-03-08,NG,Nigeria,Nutrition_Diets,72.83
2026-03-15,NG,Nigeria,Nutrition_Diets,69.2
2026-03-22,NG,Nigeria,Nutrition_Diets,76.45
2026-03-29,NG,Nigeria,Nutrition_Diets,74.52
2026-04-05,NG,Nigeria,Nutrition_Diets,73.19
2026-04-12,NG,Nigeria,Nutrition_Diets,72.1
2026-04-19,NG,Nigeria,Nutrition_Diets,75.72
2026-04-26,NG,Nigeria,Nutrition_Diets,72.71
2026-05-03,NG,Nigeria,Nutrition_Diets,81.28
2026-05-10,NG,Nigeria,Nutrition_Diets,81.76
2026-05-17,NG,Nigeria,Nutrition_Diets,77.78
2026-05-24,NG,Nigeria,Nutrition_Diets,69.44
2026-05-31,NG,Nigeria,Nutrition_Diets,75.97
2026-06-07,NG,Nigeria,Nutrition_Diets,74.64
2026-06-14,NG,Nigeria,Nutrition_Diets,68.24
2026-06-21,NG,Nigeria,Nutrition_Diets,73.79
2026-06-28,NG,Nigeria,Nutrition_Diets,66.3
2026-07-05,NG,Nigeria,Nutrition_Diets,66.06
2026-07-12,NG,Nigeria,Nutrition_Diets,63.16
2026-07-19,NG,Nigeria,Nutrition_Diets,63.04
2026-07-26,NG,Nigeria,Nutrition_Diets,62.92
2026-08-02,NG,Nigeria,Nutrition_Diets,59.9
2026-08-09,NG,Nigeria,Nutrition_Diets,61.23
2026-08-16,NG,Nigeria,Nutrition_Diets,58.82
2026-08-23,NG,Nigeria,Nutrition_Diets,58.45
2022-08-28,NG,Nigeria,Fitness_Wearables,67.32
2022-09-04,NG,Nigeria,Fitness_Wearables,72.71
2022-09-11,NG,Nigeria,Fitness_Wearables,76.63
2022-09-18,NG,Nigeria,Fitness_Wearables,90.36
2022-09-25,NG,Nigeria,Fitness_Wearables,100.0
2022-10-02,NG,Nigeria,Fitness_Wearables,85.78
2022-10-09,NG,Nigeria,Fitness_Wearables,81.86
2022-10-16,NG,Nigeria,Fitness_Wearables,79.41
2022-10-23,NG,Nigeria,Fitness_Wearables,81.7
2022-10-30,NG,Nigeria,Fitness_Wearables,76.63
2022-11-06,NG,Nigeria,Fitness_Wearables,70.75
2022-11-13,NG,Nigeria,Fitness_Wearables,74.02
2022-11-20,NG,Nigeria,Fitness_Wearables,72.39
2022-11-27,NG,Nigeria,Fitness_Wearables,69.44
2022-12-04,NG,Nigeria,Fitness_Wearables,65.36
2022-12-11,NG,Nigeria,Fitness_Wearables,68.46
2022-12-18,NG,Nigeria,Fitness_Wearables,65.36
2022-12-25,NG,Nigeria,Fitness_Wearables,61.27
2023-01-01,NG,Nigeria,Fitness_Wearables,67.32
2023-01-08,NG,Nigeria,Fitness_Wearables,70.59
2023-01-15,NG,Nigeria,Fitness_Wearables,77.78
2023-01-22,NG,Nigeria,Fitness_Wearables,73.37
2023-01-29,NG,Nigeria,Fitness_Wearables,87.25
2023-02-05,NG,Nigeria,Fitness_Wearables,84.15
2023-02-12,NG,Nigeria,Fitness_Wearables,83.33
2023-02-19,NG,Nigeria,Fitness_Wearables,69.44
2023-02-26,NG,Nigeria,Fitness_Wearables,66.67
2023-03-05,NG,Nigeria,Fitness_Wearables,69.61
2023-03-12,NG,Nigeria,Fitness_Wearables,69.12
2023-03-19,NG,Nigeria,Fitness_Wearables,69.28
2023-03-26,NG,Nigeria,Fitness_Wearables,77.45
2023-04-02,NG,Nigeria,Fitness_Wearables,67.81
2023-04-09,NG,Nigeria,Fitness_Wearables,71.73
2023-04-16,NG,Nigeria,Fitness_Wearables,70.92
2023-04-23,NG,Nigeria,Fitness_Wearables,71.57
2023-04-30,NG,Nigeria,Fitness_Wearables,64.54
2023-05-07,NG,Nigeria,Fitness_Wearables,67.48
2023-05-14,NG,Nigeria,Fitness_Wearables,66.18
2023-05-21,NG,Nigeria,Fitness_Wearables,75.82
2023-05-28,NG,Nigeria,Fitness_Wearables,71.73
2023-06-04,NG,Nigeria,Fitness_Wearables,70.59
2023-06-11,NG,Nigeria,Fitness_Wearables,74.51
2023-06-18,NG,Nigeria,Fitness_Wearables,69.61
2023-06-25,NG,Nigeria,Fitness_Wearables,73.53
2023-07-02,NG,Nigeria,Fitness_Wearables,77.61
2023-07-09,NG,Nigeria,Fitness_Wearables,72.39
2023-07-16,NG,Nigeria,Fitness_Wearables,76.14
2023-07-23,NG,Nigeria,Fitness_Wearables,66.83
2023-07-30,NG,Nigeria,Fitness_Wearables,68.63
2023-08-06,NG,Nigeria,Fitness_Wearables,68.79
2023-08-13,NG,Nigeria,Fitness_Wearables,66.01
2023-08-20,NG,Nigeria,Fitness_Wearables,68.79
2023-08-27,NG,Nigeria,Fitness_Wearables,68.14
2023-09-03,NG,Nigeria,Fitness_Wearables,67.97
2023-09-10,NG,Nigeria,Fitness_Wearables,71.41
2023-09-17,NG,Nigeria,Fitness_Wearables,75.82
2023-09-24,NG,Nigeria,Fitness_Wearables,80.56
2023-10-01,NG,Nigeria,Fitness_Wearables,79.58
2023-10-08,NG,Nigeria,Fitness_Wearables,83.82
2023-10-15,NG,Nigeria,Fitness_Wearables,79.25
2023-10-22,NG,Nigeria,Fitness_Wearables,74.67
2023-10-29,NG,Nigeria,Fitness_Wearables,74.84
2023-11-05,NG,Nigeria,Fitness_Wearables,77.12
2023-11-12,NG,Nigeria,Fitness_Wearables,78.1
2023-11-19,NG,Nigeria,Fitness_Wearables,80.39
2023-11-26,NG,Nigeria,Fitness_Wearables,67.32
2023-12-03,NG,Nigeria,Fitness_Wearables,62.42
2023-12-10,NG,Nigeria,Fitness_Wearables,61.6
2023-12-17,NG,Nigeria,Fitness_Wearables,54.08
2023-12-24,NG,Nigeria,Fitness_Wearables,57.68
2023-12-31,NG,Nigeria,Fitness_Wearables,66.5
2024-01-07,NG,Nigeria,Fitness_Wearables,67.81
2024-01-14,NG,Nigeria,Fitness_Wearables,67.65
2024-01-21,NG,Nigeria,Fitness_Wearables,68.79
2024-01-28,NG,Nigeria,Fitness_Wearables,68.46
2024-02-04,NG,Nigeria,Fitness_Wearables,70.42
2024-02-11,NG,Nigeria,Fitness_Wearables,62.42
2024-02-18,NG,Nigeria,Fitness_Wearables,61.93
2024-02-25,NG,Nigeria,Fitness_Wearables,63.07
2024-03-03,NG,Nigeria,Fitness_Wearables,61.93
2024-03-10,NG,Nigeria,Fitness_Wearables,59.97
2024-03-17,NG,Nigeria,Fitness_Wearables,66.67
2024-03-24,NG,Nigeria,Fitness_Wearables,63.24
2024-03-31,NG,Nigeria,Fitness_Wearables,53.76
2024-04-07,NG,Nigeria,Fitness_Wearables,56.37
2024-04-14,NG,Nigeria,Fitness_Wearables,55.07
2024-04-21,NG,Nigeria,Fitness_Wearables,58.82
2024-04-28,NG,Nigeria,Fitness_Wearables,58.33
2024-05-05,NG,Nigeria,Fitness_Wearables,61.93
2024-05-12,NG,Nigeria,Fitness_Wearables,65.36
2024-05-19,NG,Nigeria,Fitness_Wearables,61.44
2024-05-26,NG,Nigeria,Fitness_Wearables,62.42
2024-06-02,NG,Nigeria,Fitness_Wearables,63.89
2024-06-09,NG,Nigeria,Fitness_Wearables,65.85
2024-06-16,NG,Nigeria,Fitness_Wearables,61.76
2024-06-23,NG,Nigeria,Fitness_Wearables,66.18
2024-06-30,NG,Nigeria,Fitness_Wearables,61.6
2024-07-07,NG,Nigeria,Fitness_Wearables,63.24
2024-07-14,NG,Nigeria,Fitness_Wearables,60.78
2024-07-21,NG,Nigeria,Fitness_Wearables,66.01
2024-07-28,NG,Nigeria,Fitness_Wearables,58.82
2024-08-04,NG,Nigeria,Fitness_Wearables,63.73
2024-08-11,NG,Nigeria,Fitness_Wearables,69.28
2024-08-18,NG,Nigeria,Fitness_Wearables,61.76
2024-08-25,NG,Nigeria,Fitness_Wearables,58.17
2024-09-01,NG,Nigeria,Fitness_Wearables,58.33
2024-09-08,NG,Nigeria,Fitness_Wearables,63.56
2024-09-15,NG,Nigeria,Fitness_Wearables,63.24
2024-09-22,NG,Nigeria,Fitness_Wearables,72.88
2024-09-29,NG,Nigeria,Fitness_Wearables,71.41
2024-10-06,NG,Nigeria,Fitness_Wearables,77.45
2024-10-13,NG,Nigeria,Fitness_Wearables,72.06
2024-10-20,NG,Nigeria,Fitness_Wearables,67.81
2024-10-27,NG,Nigeria,Fitness_Wearables,63.4
2024-11-03,NG,Nigeria,Fitness_Wearables,62.25
2024-11-10,NG,Nigeria,Fitness_Wearables,67.97
2024-11-17,NG,Nigeria,Fitness_Wearables,65.2
2024-11-24,NG,Nigeria,Fitness_Wearables,61.76
2024-12-01,NG,Nigeria,Fitness_Wearables,57.03
2024-12-08,NG,Nigeria,Fitness_Wearables,53.27
2024-12-15,NG,Nigeria,Fitness_Wearables,55.07
2024-12-22,NG,Nigeria,Fitness_Wearables,58.82
2024-12-29,NG,Nigeria,Fitness_Wearables,60.29
2025-01-05,NG,Nigeria,Fitness_Wearables,68.3
2025-01-12,NG,Nigeria,Fitness_Wearables,68.3
2025-01-19,NG,Nigeria,Fitness_Wearables,66.67
2025-01-26,NG,Nigeria,Fitness_Wearables,63.56
2025-02-02,NG,Nigeria,Fitness_Wearables,66.34
2025-02-09,NG,Nigeria,Fitness_Wearables,63.89
2025-02-16,NG,Nigeria,Fitness_Wearables,62.42
2025-02-23,NG,Nigeria,Fitness_Wearables,65.85
2025-03-02,NG,Nigeria,Fitness_Wearables,64.87
2025-03-09,NG,Nigeria,Fitness_Wearables,63.07
2025-03-16,NG,Nigeria,Fitness_Wearables,66.01
2025-03-23,NG,Nigeria,Fitness_Wearables,65.03
2025-03-30,NG,Nigeria,Fitness_Wearables,65.03
2025-04-06,NG,Nigeria,Fitness_Wearables,63.4
2025-04-13,NG,Nigeria,Fitness_Wearables,57.35
2025-04-20,NG,Nigeria,Fitness_Wearables,61.6
2025-04-27,NG,Nigeria,Fitness_Wearables,62.09
2025-05-04,NG,Nigeria,Fitness_Wearables,61.27
2025-05-11,NG,Nigeria,Fitness_Wearables,62.42
2025-05-18,NG,Nigeria,Fitness_Wearables,61.93
2025-05-25,NG,Nigeria,Fitness_Wearables,63.56
2025-06-01,NG,Nigeria,Fitness_Wearables,67.65
2025-06-08,NG,Nigeria,Fitness_Wearables,63.07
2025-06-15,NG,Nigeria,Fitness_Wearables,68.63
2025-06-22,NG,Nigeria,Fitness_Wearables,69.44
2025-06-29,NG,Nigeria,Fitness_Wearables,64.05
2025-07-06,NG,Nigeria,Fitness_Wearables,66.99
2025-07-13,NG,Nigeria,Fitness_Wearables,64.38
2025-07-20,NG,Nigeria,Fitness_Wearables,62.09
2025-07-27,NG,Nigeria,Fitness_Wearables,61.76
2025-08-03,NG,Nigeria,Fitness_Wearables,66.83
2025-08-10,NG,Nigeria,Fitness_Wearables,60.95
2025-08-17,NG,Nigeria,Fitness_Wearables,62.42
2025-08-24,NG,Nigeria,Fitness_Wearables,60.29
2025-08-31,NG,Nigeria,Fitness_Wearables,62.91
2025-09-07,NG,Nigeria,Fitness_Wearables,70.26
2025-09-14,NG,Nigeria,Fitness_Wearables,66.99
2025-09-21,NG,Nigeria,Fitness_Wearables,82.68
2025-09-28,NG,Nigeria,Fitness_Wearables,75.82
2025-10-05,NG,Nigeria,Fitness_Wearables,78.27
2025-10-12,NG,Nigeria,Fitness_Wearables,81.05
2025-10-19,NG,Nigeria,Fitness_Wearables,71.73
2025-10-26,NG,Nigeria,Fitness_Wearables,76.63
2025-11-02,NG,Nigeria,Fitness_Wearables,81.54
2025-11-09,NG,Nigeria,Fitness_Wearables,88.4
2025-11-16,NG,Nigeria,Fitness_Wearables,87.25
2025-11-23,NG,Nigeria,Fitness_Wearables,81.37
2025-11-30,NG,Nigeria,Fitness_Wearables,77.12
2025-12-07,NG,Nigeria,Fitness_Wearables,77.12
2025-12-14,NG,Nigeria,Fitness_Wearables,75.82
2025-12-21,NG,Nigeria,Fitness_Wearables,59.64
2025-12-28,NG,Nigeria,Fitness_Wearables,60.29
2026-01-04,NG,Nigeria,Fitness_Wearables,70.75
2026-01-11,NG,Nigeria,Fitness_Wearables,72.71
2026-01-18,NG,Nigeria,Fitness_Wearables,85.29
2026-01-25,NG,Nigeria,Fitness_Wearables,90.52
2026-02-01,NG,Nigeria,Fitness_Wearables,81.21
2026-02-08,NG,Nigeria,Fitness_Wearables,82.68
2026-02-15,NG,Nigeria,Fitness_Wearables,86.6
2026-02-22,NG,Nigeria,Fitness_Wearables,81.05
2026-03-01,NG,Nigeria,Fitness_Wearables,68.95
2026-03-08,NG,Nigeria,Fitness_Wearables,71.57
2026-03-15,NG,Nigeria,Fitness_Wearables,66.01
2026-03-22,NG,Nigeria,Fitness_Wearables,76.96
2026-03-29,NG,Nigeria,Fitness_Wearables,76.14
2026-04-05,NG,Nigeria,Fitness_Wearables,74.18
2026-04-12,NG,Nigeria,Fitness_Wearables,76.8
2026-04-19,NG,Nigeria,Fitness_Wearables,72.22
2026-04-26,NG,Nigeria,Fitness_Wearables,74.02
2026-05-03,NG,Nigeria,Fitness_Wearables,75.82
2026-05-10,NG,Nigeria,Fitness_Wearables,76.8
2026-05-17,NG,Nigeria,Fitness_Wearables,71.24
2026-05-24,NG,Nigeria,Fitness_Wearables,68.63
2026-05-31,NG,Nigeria,Fitness_Wearables,72.71
2026-06-07,NG,Nigeria,Fitness_Wearables,77.61
2026-06-14,NG,Nigeria,Fitness_Wearables,68.79
2026-06-21,NG,Nigeria,Fitness_Wearables,69.28
2026-06-28,NG,Nigeria,Fitness_Wearables,65.85
2026-07-05,NG,Nigeria,Fitness_Wearables,68.3
2026-07-12,NG,Nigeria,Fitness_Wearables,78.59
2026-07-19,NG,Nigeria,Fitness_Wearables,72.06
2026-07-26,NG,Nigeria,Fitness_Wearables,70.42
2026-08-02,NG,Nigeria,Fitness_Wearables,82.52
2026-08-09,NG,Nigeria,Fitness_Wearables,75.49
2026-08-16,NG,Nigeria,Fitness_Wearables,71.9
2026-08-23,NG,Nigeria,Fitness_Wearables,65.2
2022-08-28,NG,Nigeria,Fashion_Beauty,87.61
2022-09-04,NG,Nigeria,Fashion_Beauty,90.37
2022-09-11,NG,Nigeria,Fashion_Beauty,88.69
2022-09-18,NG,Nigeria,Fashion_Beauty,91.59
2022-09-25,NG,Nigeria,Fashion_Beauty,88.84
2022-10-02,NG,Nigeria,Fashion_Beauty,88.53
2022-10-09,NG,Nigeria,Fashion_Beauty,84.1
2022-10-16,NG,Nigeria,Fashion_Beauty,83.79
2022-10-23,NG,Nigeria,Fashion_Beauty,89.91
2022-10-30,NG,Nigeria,Fashion_Beauty,88.23
2022-11-06,NG,Nigeria,Fashion_Beauty,90.67
2022-11-13,NG,Nigeria,Fashion_Beauty,95.72
2022-11-20,NG,Nigeria,Fashion_Beauty,90.98
2022-11-27,NG,Nigeria,Fashion_Beauty,94.8
2022-12-04,NG,Nigeria,Fashion_Beauty,96.64
2022-12-11,NG,Nigeria,Fashion_Beauty,100.0
2022-12-18,NG,Nigeria,Fashion_Beauty,97.55
2022-12-25,NG,Nigeria,Fashion_Beauty,83.79
2023-01-01,NG,Nigeria,Fashion_Beauty,85.32
2023-01-08,NG,Nigeria,Fashion_Beauty,86.54
2023-01-15,NG,Nigeria,Fashion_Beauty,80.73
2023-01-22,NG,Nigeria,Fashion_Beauty,79.2
2023-01-29,NG,Nigeria,Fashion_Beauty,75.38
2023-02-05,NG,Nigeria,Fashion_Beauty,75.38
2023-02-12,NG,Nigeria,Fashion_Beauty,72.02
2023-02-19,NG,Nigeria,Fashion_Beauty,69.11
2023-02-26,NG,Nigeria,Fashion_Beauty,68.5
2023-03-05,NG,Nigeria,Fashion_Beauty,81.5
2023-03-12,NG,Nigeria,Fashion_Beauty,79.36
2023-03-19,NG,Nigeria,Fashion_Beauty,82.87
2023-03-26,NG,Nigeria,Fashion_Beauty,85.78
2023-04-02,NG,Nigeria,Fashion_Beauty,86.54
2023-04-09,NG,Nigeria,Fashion_Beauty,83.79
2023-04-16,NG,Nigeria,Fashion_Beauty,83.49
2023-04-23,NG,Nigeria,Fashion_Beauty,81.5
2023-04-30,NG,Nigeria,Fashion_Beauty,81.35
2023-05-07,NG,Nigeria,Fashion_Beauty,80.28
2023-05-14,NG,Nigeria,Fashion_Beauty,79.51
2023-05-21,NG,Nigeria,Fashion_Beauty,87.31
2023-05-28,NG,Nigeria,Fashion_Beauty,83.18
2023-06-04,NG,Nigeria,Fashion_Beauty,85.02
2023-06-11,NG,Nigeria,Fashion_Beauty,92.66
2023-06-18,NG,Nigeria,Fashion_Beauty,89.76
2023-06-25,NG,Nigeria,Fashion_Beauty,86.39
2023-07-02,NG,Nigeria,Fashion_Beauty,90.21
2023-07-09,NG,Nigeria,Fashion_Beauty,85.47
2023-07-16,NG,Nigeria,Fashion_Beauty,86.24
2023-07-23,NG,Nigeria,Fashion_Beauty,77.98
2023-07-30,NG,Nigeria,Fashion_Beauty,80.43
2023-08-06,NG,Nigeria,Fashion_Beauty,78.29
2023-08-13,NG,Nigeria,Fashion_Beauty,77.37
2023-08-20,NG,Nigeria,Fashion_Beauty,80.58
2023-08-27,NG,Nigeria,Fashion_Beauty,76.3
2023-09-03,NG,Nigeria,Fashion_Beauty,82.26
2023-09-10,NG,Nigeria,Fashion_Beauty,79.2
2023-09-17,NG,Nigeria,Fashion_Beauty,71.87
2023-09-24,NG,Nigeria,Fashion_Beauty,75.54
2023-10-01,NG,Nigeria,Fashion_Beauty,81.19
2023-10-08,NG,Nigeria,Fashion_Beauty,79.05
2023-10-15,NG,Nigeria,Fashion_Beauty,77.83
2023-10-22,NG,Nigeria,Fashion_Beauty,74.62
2023-10-29,NG,Nigeria,Fashion_Beauty,83.18
2023-11-05,NG,Nigeria,Fashion_Beauty,85.17
2023-11-12,NG,Nigeria,Fashion_Beauty,87.92
2023-11-19,NG,Nigeria,Fashion_Beauty,89.45
2023-11-26,NG,Nigeria,Fashion_Beauty,80.58
2023-12-03,NG,Nigeria,Fashion_Beauty,86.54
2023-12-10,NG,Nigeria,Fashion_Beauty,96.79
2023-12-17,NG,Nigeria,Fashion_Beauty,84.71
2023-12-24,NG,Nigeria,Fashion_Beauty,79.05
2023-12-31,NG,Nigeria,Fashion_Beauty,79.97
2024-01-07,NG,Nigeria,Fashion_Beauty,82.26
2024-01-14,NG,Nigeria,Fashion_Beauty,80.89
2024-01-21,NG,Nigeria,Fashion_Beauty,80.12
2024-01-28,NG,Nigeria,Fashion_Beauty,76.45
2024-02-04,NG,Nigeria,Fashion_Beauty,73.24
2024-02-11,NG,Nigeria,Fashion_Beauty,72.63
2024-02-18,NG,Nigeria,Fashion_Beauty,73.55
2024-02-25,NG,Nigeria,Fashion_Beauty,71.71
2024-03-03,NG,Nigeria,Fashion_Beauty,71.71
2024-03-10,NG,Nigeria,Fashion_Beauty,73.85
2024-03-17,NG,Nigeria,Fashion_Beauty,77.98
2024-03-24,NG,Nigeria,Fashion_Beauty,81.04
2024-03-31,NG,Nigeria,Fashion_Beauty,74.46
2024-04-07,NG,Nigeria,Fashion_Beauty,72.17
2024-04-14,NG,Nigeria,Fashion_Beauty,72.32
2024-04-21,NG,Nigeria,Fashion_Beauty,74.77
2024-04-28,NG,Nigeria,Fashion_Beauty,72.17
2024-05-05,NG,Nigeria,Fashion_Beauty,72.48
2024-05-12,NG,Nigeria,Fashion_Beauty,75.99
2024-05-19,NG,Nigeria,Fashion_Beauty,73.09
2024-05-26,NG,Nigeria,Fashion_Beauty,73.85
2024-06-02,NG,Nigeria,Fashion_Beauty,79.82
2024-06-09,NG,Nigeria,Fashion_Beauty,81.8
2024-06-16,NG,Nigeria,Fashion_Beauty,79.36
2024-06-23,NG,Nigeria,Fashion_Beauty,78.44
2024-06-30,NG,Nigeria,Fashion_Beauty,81.04
2024-07-07,NG,Nigeria,Fashion_Beauty,79.66
2024-07-14,NG,Nigeria,Fashion_Beauty,77.22
2024-07-21,NG,Nigeria,Fashion_Beauty,78.9
2024-07-28,NG,Nigeria,Fashion_Beauty,69.27
2024-08-04,NG,Nigeria,Fashion_Beauty,75.99
2024-08-11,NG,Nigeria,Fashion_Beauty,72.78
2024-08-18,NG,Nigeria,Fashion_Beauty,71.25
2024-08-25,NG,Nigeria,Fashion_Beauty,69.11
2024-09-01,NG,Nigeria,Fashion_Beauty,70.95
2024-09-08,NG,Nigeria,Fashion_Beauty,72.63
2024-09-15,NG,Nigeria,Fashion_Beauty,69.27
2024-09-22,NG,Nigeria,Fashion_Beauty,69.11
2024-09-29,NG,Nigeria,Fashion_Beauty,68.81
2024-10-06,NG,Nigeria,Fashion_Beauty,72.94
2024-10-13,NG,Nigeria,Fashion_Beauty,73.24
2024-10-20,NG,Nigeria,Fashion_Beauty,69.72
2024-10-27,NG,Nigeria,Fashion_Beauty,72.63
2024-11-03,NG,Nigeria,Fashion_Beauty,70.95
2024-11-10,NG,Nigeria,Fashion_Beauty,77.52
2024-11-17,NG,Nigeria,Fashion_Beauty,79.82
2024-11-24,NG,Nigeria,Fashion_Beauty,77.98
2024-12-01,NG,Nigeria,Fashion_Beauty,78.29
2024-12-08,NG,Nigeria,Fashion_Beauty,77.37
2024-12-15,NG,Nigeria,Fashion_Beauty,83.18
2024-12-22,NG,Nigeria,Fashion_Beauty,70.64
2024-12-29,NG,Nigeria,Fashion_Beauty,72.63
2025-01-05,NG,Nigeria,Fashion_Beauty,73.09
2025-01-12,NG,Nigeria,Fashion_Beauty,71.56
2025-01-19,NG,Nigeria,Fashion_Beauty,71.41
2025-01-26,NG,Nigeria,Fashion_Beauty,72.63
2025-02-02,NG,Nigeria,Fashion_Beauty,71.71
2025-02-09,NG,Nigeria,Fashion_Beauty,67.43
2025-02-16,NG,Nigeria,Fashion_Beauty,68.65
2025-02-23,NG,Nigeria,Fashion_Beauty,68.04
2025-03-02,NG,Nigeria,Fashion_Beauty,67.89
2025-03-09,NG,Nigeria,Fashion_Beauty,67.13
2025-03-16,NG,Nigeria,Fashion_Beauty,77.22
2025-03-23,NG,Nigeria,Fashion_Beauty,74.92
2025-03-30,NG,Nigeria,Fashion_Beauty,70.18
2025-04-06,NG,Nigeria,Fashion_Beauty,68.65
2025-04-13,NG,Nigeria,Fashion_Beauty,68.96
2025-04-20,NG,Nigeria,Fashion_Beauty,68.65
2025-04-27,NG,Nigeria,Fashion_Beauty,68.96
2025-05-04,NG,Nigeria,Fashion_Beauty,67.58
2025-05-11,NG,Nigeria,Fashion_Beauty,68.35
2025-05-18,NG,Nigeria,Fashion_Beauty,69.11
2025-05-25,NG,Nigeria,Fashion_Beauty,70.95
2025-06-01,NG,Nigeria,Fashion_Beauty,74.92
2025-06-08,NG,Nigeria,Fashion_Beauty,74.77
2025-06-15,NG,Nigeria,Fashion_Beauty,73.24
2025-06-22,NG,Nigeria,Fashion_Beauty,76.15
2025-06-29,NG,Nigeria,Fashion_Beauty,77.06
2025-07-06,NG,Nigeria,Fashion_Beauty,72.63
2025-07-13,NG,Nigeria,Fashion_Beauty,72.48
2025-07-20,NG,Nigeria,Fashion_Beauty,74.62
2025-07-27,NG,Nigeria,Fashion_Beauty,70.49
2025-08-03,NG,Nigeria,Fashion_Beauty,70.95
2025-08-10,NG,Nigeria,Fashion_Beauty,66.67
2025-08-17,NG,Nigeria,Fashion_Beauty,65.29
2025-08-24,NG,Nigeria,Fashion_Beauty,65.44
2025-08-31,NG,Nigeria,Fashion_Beauty,71.56
2025-09-07,NG,Nigeria,Fashion_Beauty,74.77
2025-09-14,NG,Nigeria,Fashion_Beauty,63.0
2025-09-21,NG,Nigeria,Fashion_Beauty,65.44
2025-09-28,NG,Nigeria,Fashion_Beauty,63.46
2025-10-05,NG,Nigeria,Fashion_Beauty,70.95
2025-10-12,NG,Nigeria,Fashion_Beauty,73.39
2025-10-19,NG,Nigeria,Fashion_Beauty,65.9
2025-10-26,NG,Nigeria,Fashion_Beauty,76.76
2025-11-02,NG,Nigeria,Fashion_Beauty,78.44
2025-11-09,NG,Nigeria,Fashion_Beauty,81.04
2025-11-16,NG,Nigeria,Fashion_Beauty,79.66
2025-11-23,NG,Nigeria,Fashion_Beauty,79.36
2025-11-30,NG,Nigeria,Fashion_Beauty,83.33
2025-12-07,NG,Nigeria,Fashion_Beauty,77.52
2025-12-14,NG,Nigeria,Fashion_Beauty,83.03
2025-12-21,NG,Nigeria,Fashion_Beauty,68.2
2025-12-28,NG,Nigeria,Fashion_Beauty,65.44
2026-01-04,NG,Nigeria,Fashion_Beauty,66.82
2026-01-11,NG,Nigeria,Fashion_Beauty,70.34
2026-01-18,NG,Nigeria,Fashion_Beauty,79.05
2026-01-25,NG,Nigeria,Fashion_Beauty,75.54
2026-02-01,NG,Nigeria,Fashion_Beauty,73.85
2026-02-08,NG,Nigeria,Fashion_Beauty,78.59
2026-02-15,NG,Nigeria,Fashion_Beauty,87.0
2026-02-22,NG,Nigeria,Fashion_Beauty,82.26
2026-03-01,NG,Nigeria,Fashion_Beauty,66.67
2026-03-08,NG,Nigeria,Fashion_Beauty,68.2
2026-03-15,NG,Nigeria,Fashion_Beauty,65.6
2026-03-22,NG,Nigeria,Fashion_Beauty,70.49
2026-03-29,NG,Nigeria,Fashion_Beauty,72.32
2026-04-05,NG,Nigeria,Fashion_Beauty,66.82
2026-04-12,NG,Nigeria,Fashion_Beauty,66.82
2026-04-19,NG,Nigeria,Fashion_Beauty,67.58
2026-04-26,NG,Nigeria,Fashion_Beauty,68.35
2026-05-03,NG,Nigeria,Fashion_Beauty,71.1
2026-05-10,NG,Nigeria,Fashion_Beauty,70.18
2026-05-17,NG,Nigeria,Fashion_Beauty,69.11
2026-05-24,NG,Nigeria,Fashion_Beauty,67.89
2026-05-31,NG,Nigeria,Fashion_Beauty,68.96
2026-06-07,NG,Nigeria,Fashion_Beauty,66.36
2026-06-14,NG,Nigeria,Fashion_Beauty,62.54
2026-06-21,NG,Nigeria,Fashion_Beauty,65.29
2026-06-28,NG,Nigeria,Fashion_Beauty,63.61
2026-07-05,NG,Nigeria,Fashion_Beauty,69.57
2026-07-12,NG,Nigeria,Fashion_Beauty,66.51
2026-07-19,NG,Nigeria,Fashion_Beauty,70.64
2026-07-26,NG,Nigeria,Fashion_Beauty,69.88
2026-08-02,NG,Nigeria,Fashion_Beauty,67.13
2026-08-09,NG,Nigeria,Fashion_Beauty,67.89
2026-08-16,NG,Nigeria,Fashion_Beauty,68.2
2026-08-23,NG,Nigeria,Fashion_Beauty,63.91
2022-08-28,GB,United_Kingdom,Nutrition_Diets,67.17
2022-09-04,GB,United_Kingdom,Nutrition_Diets,63.16
2022-09-11,GB,United_Kingdom,Nutrition_Diets,64.16
2022-09-18,GB,United_Kingdom,Nutrition_Diets,62.96
2022-09-25,GB,United_Kingdom,Nutrition_Diets,62.76
2022-10-02,GB,United_Kingdom,Nutrition_Diets,65.07
2022-10-09,GB,United_Kingdom,Nutrition_Diets,62.96
2022-10-16,GB,United_Kingdom,Nutrition_Diets,61.86
2022-10-23,GB,United_Kingdom,Nutrition_Diets,63.56
2022-10-30,GB,United_Kingdom,Nutrition_Diets,65.57
2022-11-06,GB,United_Kingdom,Nutrition_Diets,65.67
2022-11-13,GB,United_Kingdom,Nutrition_Diets,64.96
2022-11-20,GB,United_Kingdom,Nutrition_Diets,59.46
2022-11-27,GB,United_Kingdom,Nutrition_Diets,59.46
2022-12-04,GB,United_Kingdom,Nutrition_Diets,54.85
2022-12-11,GB,United_Kingdom,Nutrition_Diets,53.95
2022-12-18,GB,United_Kingdom,Nutrition_Diets,55.56
2022-12-25,GB,United_Kingdom,Nutrition_Diets,64.46
2023-01-01,GB,United_Kingdom,Nutrition_Diets,89.19
2023-01-08,GB,United_Kingdom,Nutrition_Diets,84.98
2023-01-15,GB,United_Kingdom,Nutrition_Diets,79.18
2023-01-22,GB,United_Kingdom,Nutrition_Diets,77.18
2023-01-29,GB,United_Kingdom,Nutrition_Diets,80.88
2023-02-05,GB,United_Kingdom,Nutrition_Diets,79.08
2023-02-12,GB,United_Kingdom,Nutrition_Diets,72.97
2023-02-19,GB,United_Kingdom,Nutrition_Diets,80.28
2023-02-26,GB,United_Kingdom,Nutrition_Diets,77.08
2023-03-05,GB,United_Kingdom,Nutrition_Diets,76.58
2023-03-12,GB,United_Kingdom,Nutrition_Diets,77.18
2023-03-19,GB,United_Kingdom,Nutrition_Diets,78.68
2023-03-26,GB,United_Kingdom,Nutrition_Diets,76.08
2023-04-02,GB,United_Kingdom,Nutrition_Diets,70.07
2023-04-09,GB,United_Kingdom,Nutrition_Diets,78.58
2023-04-16,GB,United_Kingdom,Nutrition_Diets,83.18
2023-04-23,GB,United_Kingdom,Nutrition_Diets,84.38
2023-04-30,GB,United_Kingdom,Nutrition_Diets,78.88
2023-05-07,GB,United_Kingdom,Nutrition_Diets,76.68
2023-05-14,GB,United_Kingdom,Nutrition_Diets,78.08
2023-05-21,GB,United_Kingdom,Nutrition_Diets,77.58
2023-05-28,GB,United_Kingdom,Nutrition_Diets,71.27
2023-06-04,GB,United_Kingdom,Nutrition_Diets,77.48
2023-06-11,GB,United_Kingdom,Nutrition_Diets,76.48
2023-06-18,GB,United_Kingdom,Nutrition_Diets,73.37
2023-06-25,GB,United_Kingdom,Nutrition_Diets,76.38
2023-07-02,GB,United_Kingdom,Nutrition_Diets,79.48
2023-07-09,GB,United_Kingdom,Nutrition_Diets,75.68
2023-07-16,GB,United_Kingdom,Nutrition_Diets,74.47
2023-07-23,GB,United_Kingdom,Nutrition_Diets,71.57
2023-07-30,GB,United_Kingdom,Nutrition_Diets,72.97
2023-08-06,GB,United_Kingdom,Nutrition_Diets,72.07
2023-08-13,GB,United_Kingdom,Nutrition_Diets,73.37
2023-08-20,GB,United_Kingdom,Nutrition_Diets,70.47
2023-08-27,GB,United_Kingdom,Nutrition_Diets,67.67
2023-09-03,GB,United_Kingdom,Nutrition_Diets,70.77
2023-09-10,GB,United_Kingdom,Nutrition_Diets,67.67
2023-09-17,GB,United_Kingdom,Nutrition_Diets,66.17
2023-09-24,GB,United_Kingdom,Nutrition_Diets,64.46
2023-10-01,GB,United_Kingdom,Nutrition_Diets,63.86
2023-10-08,GB,United_Kingdom,Nutrition_Diets,64.06
2023-10-15,GB,United_Kingdom,Nutrition_Diets,60.66
2023-10-22,GB,United_Kingdom,Nutrition_Diets,62.56
2023-10-29,GB,United_Kingdom,Nutrition_Diets,61.26
2023-11-05,GB,United_Kingdom,Nutrition_Diets,62.46
2023-11-12,GB,United_Kingdom,Nutrition_Diets,61.36
2023-11-19,GB,United_Kingdom,Nutrition_Diets,63.66
2023-11-26,GB,United_Kingdom,Nutrition_Diets,57.36
2023-12-03,GB,United_Kingdom,Nutrition_Diets,59.36
2023-12-10,GB,United_Kingdom,Nutrition_Diets,60.76
2023-12-17,GB,United_Kingdom,Nutrition_Diets,58.86
2023-12-24,GB,United_Kingdom,Nutrition_Diets,60.86
2023-12-31,GB,United_Kingdom,Nutrition_Diets,88.99
2024-01-07,GB,United_Kingdom,Nutrition_Diets,84.58
2024-01-14,GB,United_Kingdom,Nutrition_Diets,80.88
2024-01-21,GB,United_Kingdom,Nutrition_Diets,79.18
2024-01-28,GB,United_Kingdom,Nutrition_Diets,74.77
2024-02-04,GB,United_Kingdom,Nutrition_Diets,74.47
2024-02-11,GB,United_Kingdom,Nutrition_Diets,72.57
2024-02-18,GB,United_Kingdom,Nutrition_Diets,74.77
2024-02-25,GB,United_Kingdom,Nutrition_Diets,75.48
2024-03-03,GB,United_Kingdom,Nutrition_Diets,71.97
2024-03-10,GB,United_Kingdom,Nutrition_Diets,72.07
2024-03-17,GB,United_Kingdom,Nutrition_Diets,77.08
2024-03-24,GB,United_Kingdom,Nutrition_Diets,69.97
2024-03-31,GB,United_Kingdom,Nutrition_Diets,71.77
2024-04-07,GB,United_Kingdom,Nutrition_Diets,71.17
2024-04-14,GB,United_Kingdom,Nutrition_Diets,75.68
2024-04-21,GB,United_Kingdom,Nutrition_Diets,75.78
2024-04-28,GB,United_Kingdom,Nutrition_Diets,73.87
2024-05-05,GB,United_Kingdom,Nutrition_Diets,70.17
2024-05-12,GB,United_Kingdom,Nutrition_Diets,75.58
2024-05-19,GB,United_Kingdom,Nutrition_Diets,72.37
2024-05-26,GB,United_Kingdom,Nutrition_Diets,68.87
2024-06-02,GB,United_Kingdom,Nutrition_Diets,76.38
2024-06-09,GB,United_Kingdom,Nutrition_Diets,83.28
2024-06-16,GB,United_Kingdom,Nutrition_Diets,72.57
2024-06-23,GB,United_Kingdom,Nutrition_Diets,69.87
2024-06-30,GB,United_Kingdom,Nutrition_Diets,64.26
2024-07-07,GB,United_Kingdom,Nutrition_Diets,69.27
2024-07-14,GB,United_Kingdom,Nutrition_Diets,68.57
2024-07-21,GB,United_Kingdom,Nutrition_Diets,69.47
2024-07-28,GB,United_Kingdom,Nutrition_Diets,68.07
2024-08-04,GB,United_Kingdom,Nutrition_Diets,70.77
2024-08-11,GB,United_Kingdom,Nutrition_Diets,71.37
2024-08-18,GB,United_Kingdom,Nutrition_Diets,67.07
2024-08-25,GB,United_Kingdom,Nutrition_Diets,64.96
2024-09-01,GB,United_Kingdom,Nutrition_Diets,69.27
2024-09-08,GB,United_Kingdom,Nutrition_Diets,66.97
2024-09-15,GB,United_Kingdom,Nutrition_Diets,67.57
2024-09-22,GB,United_Kingdom,Nutrition_Diets,67.57
2024-09-29,GB,United_Kingdom,Nutrition_Diets,70.17
2024-10-06,GB,United_Kingdom,Nutrition_Diets,68.47
2024-10-13,GB,United_Kingdom,Nutrition_Diets,70.57
2024-10-20,GB,United_Kingdom,Nutrition_Diets,68.17
2024-10-27,GB,United_Kingdom,Nutrition_Diets,66.67
2024-11-03,GB,United_Kingdom,Nutrition_Diets,67.97
2024-11-10,GB,United_Kingdom,Nutrition_Diets,67.87
2024-11-17,GB,United_Kingdom,Nutrition_Diets,61.96
2024-11-24,GB,United_Kingdom,Nutrition_Diets,61.96
2024-12-01,GB,United_Kingdom,Nutrition_Diets,61.06
2024-12-08,GB,United_Kingdom,Nutrition_Diets,60.86
2024-12-15,GB,United_Kingdom,Nutrition_Diets,60.36
2024-12-22,GB,United_Kingdom,Nutrition_Diets,58.66
2024-12-29,GB,United_Kingdom,Nutrition_Diets,82.08
2025-01-05,GB,United_Kingdom,Nutrition_Diets,87.89
2025-01-12,GB,United_Kingdom,Nutrition_Diets,87.89
2025-01-19,GB,United_Kingdom,Nutrition_Diets,82.78
2025-01-26,GB,United_Kingdom,Nutrition_Diets,82.78
2025-02-02,GB,United_Kingdom,Nutrition_Diets,81.68
2025-02-09,GB,United_Kingdom,Nutrition_Diets,75.48
2025-02-16,GB,United_Kingdom,Nutrition_Diets,77.38
2025-02-23,GB,United_Kingdom,Nutrition_Diets,77.88
2025-03-02,GB,United_Kingdom,Nutrition_Diets,80.18
2025-03-09,GB,United_Kingdom,Nutrition_Diets,77.98
2025-03-16,GB,United_Kingdom,Nutrition_Diets,79.28
2025-03-23,GB,United_Kingdom,Nutrition_Diets,76.88
2025-03-30,GB,United_Kingdom,Nutrition_Diets,73.87
2025-04-06,GB,United_Kingdom,Nutrition_Diets,74.87
2025-04-13,GB,United_Kingdom,Nutrition_Diets,73.57
2025-04-20,GB,United_Kingdom,Nutrition_Diets,75.48
2025-04-27,GB,United_Kingdom,Nutrition_Diets,80.38
2025-05-04,GB,United_Kingdom,Nutrition_Diets,79.58
2025-05-11,GB,United_Kingdom,Nutrition_Diets,78.58
2025-05-18,GB,United_Kingdom,Nutrition_Diets,76.98
2025-05-25,GB,United_Kingdom,Nutrition_Diets,73.37
2025-06-01,GB,United_Kingdom,Nutrition_Diets,75.58
2025-06-08,GB,United_Kingdom,Nutrition_Diets,73.57
2025-06-15,GB,United_Kingdom,Nutrition_Diets,73.77
2025-06-22,GB,United_Kingdom,Nutrition_Diets,73.47
2025-06-29,GB,United_Kingdom,Nutrition_Diets,70.37
2025-07-06,GB,United_Kingdom,Nutrition_Diets,69.17
2025-07-13,GB,United_Kingdom,Nutrition_Diets,70.27
2025-07-20,GB,United_Kingdom,Nutrition_Diets,70.47
2025-07-27,GB,United_Kingdom,Nutrition_Diets,68.87
2025-08-03,GB,United_Kingdom,Nutrition_Diets,71.47
2025-08-10,GB,United_Kingdom,Nutrition_Diets,71.67
2025-08-17,GB,United_Kingdom,Nutrition_Diets,69.27
2025-08-24,GB,United_Kingdom,Nutrition_Diets,69.77
2025-08-31,GB,United_Kingdom,Nutrition_Diets,69.17
2025-09-07,GB,United_Kingdom,Nutrition_Diets,67.67
2025-09-14,GB,United_Kingdom,Nutrition_Diets,64.16
2025-09-21,GB,United_Kingdom,Nutrition_Diets,65.97
2025-09-28,GB,United_Kingdom,Nutrition_Diets,65.47
2025-10-05,GB,United_Kingdom,Nutrition_Diets,66.67
2025-10-12,GB,United_Kingdom,Nutrition_Diets,68.37
2025-10-19,GB,United_Kingdom,Nutrition_Diets,64.86
2025-10-26,GB,United_Kingdom,Nutrition_Diets,66.67
2025-11-02,GB,United_Kingdom,Nutrition_Diets,71.27
2025-11-09,GB,United_Kingdom,Nutrition_Diets,72.17
2025-11-16,GB,United_Kingdom,Nutrition_Diets,68.97
2025-11-23,GB,United_Kingdom,Nutrition_Diets,70.57
2025-11-30,GB,United_Kingdom,Nutrition_Diets,70.77
2025-12-07,GB,United_Kingdom,Nutrition_Diets,70.27
2025-12-14,GB,United_Kingdom,Nutrition_Diets,69.07
2025-12-21,GB,United_Kingdom,Nutrition_Diets,61.16
2025-12-28,GB,United_Kingdom,Nutrition_Diets,80.98
2026-01-04,GB,United_Kingdom,Nutrition_Diets,88.59
2026-01-11,GB,United_Kingdom,Nutrition_Diets,89.99
2026-01-18,GB,United_Kingdom,Nutrition_Diets,90.09
2026-01-25,GB,United_Kingdom,Nutrition_Diets,88.59
2026-02-01,GB,United_Kingdom,Nutrition_Diets,93.19
2026-02-08,GB,United_Kingdom,Nutrition_Diets,92.79
2026-02-15,GB,United_Kingdom,Nutrition_Diets,91.79
2026-02-22,GB,United_Kingdom,Nutrition_Diets,91.49
2026-03-01,GB,United_Kingdom,Nutrition_Diets,81.78
2026-03-08,GB,United_Kingdom,Nutrition_Diets,85.09
2026-03-15,GB,United_Kingdom,Nutrition_Diets,87.09
2026-03-22,GB,United_Kingdom,Nutrition_Diets,94.09
2026-03-29,GB,United_Kingdom,Nutrition_Diets,100.0
2026-04-05,GB,United_Kingdom,Nutrition_Diets,97.7
2026-04-12,GB,United_Kingdom,Nutrition_Diets,88.09
2026-04-19,GB,United_Kingdom,Nutrition_Diets,88.59
2026-04-26,GB,United_Kingdom,Nutrition_Diets,88.89
2026-05-03,GB,United_Kingdom,Nutrition_Diets,82.18
2026-05-10,GB,United_Kingdom,Nutrition_Diets,84.08
2026-05-17,GB,United_Kingdom,Nutrition_Diets,79.78
2026-05-24,GB,United_Kingdom,Nutrition_Diets,75.68
2026-05-31,GB,United_Kingdom,Nutrition_Diets,80.38
2026-06-07,GB,United_Kingdom,Nutrition_Diets,73.87
2026-06-14,GB,United_Kingdom,Nutrition_Diets,71.97
2026-06-21,GB,United_Kingdom,Nutrition_Diets,77.98
2026-06-28,GB,United_Kingdom,Nutrition_Diets,88.89
2026-07-05,GB,United_Kingdom,Nutrition_Diets,94.19
2026-07-12,GB,United_Kingdom,Nutrition_Diets,91.99
2026-07-19,GB,United_Kingdom,Nutrition_Diets,87.99
2026-07-26,GB,United_Kingdom,Nutrition_Diets,85.99
2026-08-02,GB,United_Kingdom,Nutrition_Diets,84.48
2026-08-09,GB,United_Kingdom,Nutrition_Diets,91.39
2026-08-16,GB,United_Kingdom,Nutrition_Diets,88.89
2026-08-23,GB,United_Kingdom,Nutrition_Diets,76.18
2022-08-28,GB,United_Kingdom,Fitness_Wearables,65.24
2022-09-04,GB,United_Kingdom,Fitness_Wearables,64.84
2022-09-11,GB,United_Kingdom,Fitness_Wearables,65.35
2022-09-18,GB,United_Kingdom,Fitness_Wearables,65.55
2022-09-25,GB,United_Kingdom,Fitness_Wearables,62.4
2022-10-02,GB,United_Kingdom,Fitness_Wearables,64.74
2022-10-09,GB,United_Kingdom,Fitness_Wearables,59.76
2022-10-16,GB,United_Kingdom,Fitness_Wearables,58.03
2022-10-23,GB,United_Kingdom,Fitness_Wearables,59.55
2022-10-30,GB,United_Kingdom,Fitness_Wearables,63.31
2022-11-06,GB,United_Kingdom,Fitness_Wearables,63.01
2022-11-13,GB,United_Kingdom,Fitness_Wearables,64.43
2022-11-20,GB,United_Kingdom,Fitness_Wearables,64.33
2022-11-27,GB,United_Kingdom,Fitness_Wearables,59.35
2022-12-04,GB,United_Kingdom,Fitness_Wearables,54.07
2022-12-11,GB,United_Kingdom,Fitness_Wearables,55.69
2022-12-18,GB,United_Kingdom,Fitness_Wearables,53.86
2022-12-25,GB,United_Kingdom,Fitness_Wearables,76.02
2023-01-01,GB,United_Kingdom,Fitness_Wearables,87.2
2023-01-08,GB,United_Kingdom,Fitness_Wearables,79.47
2023-01-15,GB,United_Kingdom,Fitness_Wearables,71.44
2023-01-22,GB,United_Kingdom,Fitness_Wearables,72.36
2023-01-29,GB,United_Kingdom,Fitness_Wearables,74.29
2023-02-05,GB,United_Kingdom,Fitness_Wearables,69.92
2023-02-12,GB,United_Kingdom,Fitness_Wearables,64.23
2023-02-19,GB,United_Kingdom,Fitness_Wearables,68.29
2023-02-26,GB,United_Kingdom,Fitness_Wearables,66.77
2023-03-05,GB,United_Kingdom,Fitness_Wearables,66.67
2023-03-12,GB,United_Kingdom,Fitness_Wearables,64.94
2023-03-19,GB,United_Kingdom,Fitness_Wearables,65.55
2023-03-26,GB,United_Kingdom,Fitness_Wearables,66.97
2023-04-02,GB,United_Kingdom,Fitness_Wearables,64.02
2023-04-09,GB,United_Kingdom,Fitness_Wearables,65.75
2023-04-16,GB,United_Kingdom,Fitness_Wearables,66.06
2023-04-23,GB,United_Kingdom,Fitness_Wearables,67.28
2023-04-30,GB,United_Kingdom,Fitness_Wearables,65.75
2023-05-07,GB,United_Kingdom,Fitness_Wearables,66.36
2023-05-14,GB,United_Kingdom,Fitness_Wearables,64.94
2023-05-21,GB,United_Kingdom,Fitness_Wearables,64.43
2023-05-28,GB,United_Kingdom,Fitness_Wearables,65.85
2023-06-04,GB,United_Kingdom,Fitness_Wearables,63.41
2023-06-11,GB,United_Kingdom,Fitness_Wearables,64.53
2023-06-18,GB,United_Kingdom,Fitness_Wearables,63.72
2023-06-25,GB,United_Kingdom,Fitness_Wearables,65.14
2023-07-02,GB,United_Kingdom,Fitness_Wearables,67.78
2023-07-09,GB,United_Kingdom,Fitness_Wearables,65.96
2023-07-16,GB,United_Kingdom,Fitness_Wearables,65.85
2023-07-23,GB,United_Kingdom,Fitness_Wearables,64.53
2023-07-30,GB,United_Kingdom,Fitness_Wearables,69.51
2023-08-06,GB,United_Kingdom,Fitness_Wearables,68.19
2023-08-13,GB,United_Kingdom,Fitness_Wearables,65.35
2023-08-20,GB,United_Kingdom,Fitness_Wearables,63.62
2023-08-27,GB,United_Kingdom,Fitness_Wearables,64.53
2023-09-03,GB,United_Kingdom,Fitness_Wearables,66.06
2023-09-10,GB,United_Kingdom,Fitness_Wearables,69.72
2023-09-17,GB,United_Kingdom,Fitness_Wearables,67.07
2023-09-24,GB,United_Kingdom,Fitness_Wearables,67.17
2023-10-01,GB,United_Kingdom,Fitness_Wearables,66.57
2023-10-08,GB,United_Kingdom,Fitness_Wearables,62.4
2023-10-15,GB,United_Kingdom,Fitness_Wearables,60.77
2023-10-22,GB,United_Kingdom,Fitness_Wearables,60.16
2023-10-29,GB,United_Kingdom,Fitness_Wearables,61.18
2023-11-05,GB,United_Kingdom,Fitness_Wearables,62.91
2023-11-12,GB,United_Kingdom,Fitness_Wearables,63.92
2023-11-19,GB,United_Kingdom,Fitness_Wearables,70.12
2023-11-26,GB,United_Kingdom,Fitness_Wearables,61.18
2023-12-03,GB,United_Kingdom,Fitness_Wearables,59.55
2023-12-10,GB,United_Kingdom,Fitness_Wearables,57.83
2023-12-17,GB,United_Kingdom,Fitness_Wearables,57.11
2023-12-24,GB,United_Kingdom,Fitness_Wearables,77.64
2023-12-31,GB,United_Kingdom,Fitness_Wearables,85.98
2024-01-07,GB,United_Kingdom,Fitness_Wearables,78.25
2024-01-14,GB,United_Kingdom,Fitness_Wearables,74.19
2024-01-21,GB,United_Kingdom,Fitness_Wearables,71.65
2024-01-28,GB,United_Kingdom,Fitness_Wearables,75.3
2024-02-04,GB,United_Kingdom,Fitness_Wearables,71.65
2024-02-11,GB,United_Kingdom,Fitness_Wearables,68.8
2024-02-18,GB,United_Kingdom,Fitness_Wearables,70.22
2024-02-25,GB,United_Kingdom,Fitness_Wearables,69.51
2024-03-03,GB,United_Kingdom,Fitness_Wearables,68.7
2024-03-10,GB,United_Kingdom,Fitness_Wearables,67.68
2024-03-17,GB,United_Kingdom,Fitness_Wearables,68.19
2024-03-24,GB,United_Kingdom,Fitness_Wearables,67.89
2024-03-31,GB,United_Kingdom,Fitness_Wearables,71.34
2024-04-07,GB,United_Kingdom,Fitness_Wearables,67.99
2024-04-14,GB,United_Kingdom,Fitness_Wearables,70.63
2024-04-21,GB,United_Kingdom,Fitness_Wearables,70.73
2024-04-28,GB,United_Kingdom,Fitness_Wearables,69.41
2024-05-05,GB,United_Kingdom,Fitness_Wearables,68.19
2024-05-12,GB,United_Kingdom,Fitness_Wearables,66.36
2024-05-19,GB,United_Kingdom,Fitness_Wearables,64.43
2024-05-26,GB,United_Kingdom,Fitness_Wearables,67.07
2024-06-02,GB,United_Kingdom,Fitness_Wearables,67.07
2024-06-09,GB,United_Kingdom,Fitness_Wearables,65.24
2024-06-16,GB,United_Kingdom,Fitness_Wearables,63.52
2024-06-23,GB,United_Kingdom,Fitness_Wearables,63.52
2024-06-30,GB,United_Kingdom,Fitness_Wearables,60.98
2024-07-07,GB,United_Kingdom,Fitness_Wearables,63.52
2024-07-14,GB,United_Kingdom,Fitness_Wearables,64.33
2024-07-21,GB,United_Kingdom,Fitness_Wearables,67.07
2024-07-28,GB,United_Kingdom,Fitness_Wearables,66.46
2024-08-04,GB,United_Kingdom,Fitness_Wearables,70.12
2024-08-11,GB,United_Kingdom,Fitness_Wearables,66.57
2024-08-18,GB,United_Kingdom,Fitness_Wearables,65.04
2024-08-25,GB,United_Kingdom,Fitness_Wearables,66.06
2024-09-01,GB,United_Kingdom,Fitness_Wearables,70.02
2024-09-08,GB,United_Kingdom,Fitness_Wearables,70.93
2024-09-15,GB,United_Kingdom,Fitness_Wearables,68.5
2024-09-22,GB,United_Kingdom,Fitness_Wearables,67.07
2024-09-29,GB,United_Kingdom,Fitness_Wearables,66.16
2024-10-06,GB,United_Kingdom,Fitness_Wearables,66.36
2024-10-13,GB,United_Kingdom,Fitness_Wearables,64.23
2024-10-20,GB,United_Kingdom,Fitness_Wearables,63.21
2024-10-27,GB,United_Kingdom,Fitness_Wearables,64.53
2024-11-03,GB,United_Kingdom,Fitness_Wearables,63.72
2024-11-10,GB,United_Kingdom,Fitness_Wearables,66.06
2024-11-17,GB,United_Kingdom,Fitness_Wearables,66.26
2024-11-24,GB,United_Kingdom,Fitness_Wearables,67.89
2024-12-01,GB,United_Kingdom,Fitness_Wearables,63.11
2024-12-08,GB,United_Kingdom,Fitness_Wearables,59.76
2024-12-15,GB,United_Kingdom,Fitness_Wearables,59.45
2024-12-22,GB,United_Kingdom,Fitness_Wearables,70.73
2024-12-29,GB,United_Kingdom,Fitness_Wearables,82.11
2025-01-05,GB,United_Kingdom,Fitness_Wearables,82.32
2025-01-12,GB,United_Kingdom,Fitness_Wearables,79.67
2025-01-19,GB,United_Kingdom,Fitness_Wearables,74.8
2025-01-26,GB,United_Kingdom,Fitness_Wearables,78.46
2025-02-02,GB,United_Kingdom,Fitness_Wearables,74.09
2025-02-09,GB,United_Kingdom,Fitness_Wearables,69.41
2025-02-16,GB,United_Kingdom,Fitness_Wearables,68.39
2025-02-23,GB,United_Kingdom,Fitness_Wearables,69.92
2025-03-02,GB,United_Kingdom,Fitness_Wearables,70.63
2025-03-09,GB,United_Kingdom,Fitness_Wearables,69.41
2025-03-16,GB,United_Kingdom,Fitness_Wearables,70.02
2025-03-23,GB,United_Kingdom,Fitness_Wearables,70.33
2025-03-30,GB,United_Kingdom,Fitness_Wearables,67.78
2025-04-06,GB,United_Kingdom,Fitness_Wearables,67.68
2025-04-13,GB,United_Kingdom,Fitness_Wearables,69.82
2025-04-20,GB,United_Kingdom,Fitness_Wearables,71.14
2025-04-27,GB,United_Kingdom,Fitness_Wearables,72.26
2025-05-04,GB,United_Kingdom,Fitness_Wearables,71.44
2025-05-11,GB,United_Kingdom,Fitness_Wearables,68.8
2025-05-18,GB,United_Kingdom,Fitness_Wearables,67.58
2025-05-25,GB,United_Kingdom,Fitness_Wearables,70.93
2025-06-01,GB,United_Kingdom,Fitness_Wearables,69.21
2025-06-08,GB,United_Kingdom,Fitness_Wearables,65.35
2025-06-15,GB,United_Kingdom,Fitness_Wearables,67.48
2025-06-22,GB,United_Kingdom,Fitness_Wearables,67.38
2025-06-29,GB,United_Kingdom,Fitness_Wearables,68.8
2025-07-06,GB,United_Kingdom,Fitness_Wearables,66.77
2025-07-13,GB,United_Kingdom,Fitness_Wearables,68.09
2025-07-20,GB,United_Kingdom,Fitness_Wearables,70.83
2025-07-27,GB,United_Kingdom,Fitness_Wearables,69.92
2025-08-03,GB,United_Kingdom,Fitness_Wearables,69.82
2025-08-10,GB,United_Kingdom,Fitness_Wearables,67.89
2025-08-17,GB,United_Kingdom,Fitness_Wearables,67.28
2025-08-24,GB,United_Kingdom,Fitness_Wearables,67.89
2025-08-31,GB,United_Kingdom,Fitness_Wearables,70.33
2025-09-07,GB,United_Kingdom,Fitness_Wearables,72.26
2025-09-14,GB,United_Kingdom,Fitness_Wearables,66.77
2025-09-21,GB,United_Kingdom,Fitness_Wearables,68.5
2025-09-28,GB,United_Kingdom,Fitness_Wearables,67.68
2025-10-05,GB,United_Kingdom,Fitness_Wearables,67.78
2025-10-12,GB,United_Kingdom,Fitness_Wearables,67.17
2025-10-19,GB,United_Kingdom,Fitness_Wearables,64.94
2025-10-26,GB,United_Kingdom,Fitness_Wearables,65.45
2025-11-02,GB,United_Kingdom,Fitness_Wearables,70.63
2025-11-09,GB,United_Kingdom,Fitness_Wearables,74.39
2025-11-16,GB,United_Kingdom,Fitness_Wearables,75.1
2025-11-23,GB,United_Kingdom,Fitness_Wearables,76.22
2025-11-30,GB,United_Kingdom,Fitness_Wearables,73.07
2025-12-07,GB,United_Kingdom,Fitness_Wearables,73.58
2025-12-14,GB,United_Kingdom,Fitness_Wearables,72.05
2025-12-21,GB,United_Kingdom,Fitness_Wearables,77.74
2025-12-28,GB,United_Kingdom,Fitness_Wearables,95.43
2026-01-04,GB,United_Kingdom,Fitness_Wearables,91.26
2026-01-11,GB,United_Kingdom,Fitness_Wearables,87.8
2026-01-18,GB,United_Kingdom,Fitness_Wearables,87.2
2026-01-25,GB,United_Kingdom,Fitness_Wearables,87.5
2026-02-01,GB,United_Kingdom,Fitness_Wearables,91.46
2026-02-08,GB,United_Kingdom,Fitness_Wearables,95.33
2026-02-15,GB,United_Kingdom,Fitness_Wearables,95.53
2026-02-22,GB,United_Kingdom,Fitness_Wearables,89.94
2026-03-01,GB,United_Kingdom,Fitness_Wearables,76.22
2026-03-08,GB,United_Kingdom,Fitness_Wearables,79.67
2026-03-15,GB,United_Kingdom,Fitness_Wearables,77.95
2026-03-22,GB,United_Kingdom,Fitness_Wearables,84.04
2026-03-29,GB,United_Kingdom,Fitness_Wearables,85.37
2026-04-05,GB,United_Kingdom,Fitness_Wearables,83.94
2026-04-12,GB,United_Kingdom,Fitness_Wearables,79.78
2026-04-19,GB,United_Kingdom,Fitness_Wearables,80.08
2026-04-26,GB,United_Kingdom,Fitness_Wearables,81.4
2026-05-03,GB,United_Kingdom,Fitness_Wearables,80.39
2026-05-10,GB,United_Kingdom,Fitness_Wearables,77.95
2026-05-17,GB,United_Kingdom,Fitness_Wearables,76.02
2026-05-24,GB,United_Kingdom,Fitness_Wearables,74.8
2026-05-31,GB,United_Kingdom,Fitness_Wearables,77.95
2026-06-07,GB,United_Kingdom,Fitness_Wearables,72.56
2026-06-14,GB,United_Kingdom,Fitness_Wearables,69.61
2026-06-21,GB,United_Kingdom,Fitness_Wearables,74.09
2026-06-28,GB,United_Kingdom,Fitness_Wearables,81.5
2026-07-05,GB,United_Kingdom,Fitness_Wearables,78.25
2026-07-12,GB,United_Kingdom,Fitness_Wearables,77.74
2026-07-19,GB,United_Kingdom,Fitness_Wearables,82.22
2026-07-26,GB,United_Kingdom,Fitness_Wearables,85.77
2026-08-02,GB,United_Kingdom,Fitness_Wearables,85.57
2026-08-09,GB,United_Kingdom,Fitness_Wearables,100.0
2026-08-16,GB,United_Kingdom,Fitness_Wearables,95.53
2026-08-23,GB,United_Kingdom,Fitness_Wearables,79.78
2022-08-28,GB,United_Kingdom,Fashion_Beauty,51.64
2022-09-04,GB,United_Kingdom,Fashion_Beauty,49.77
2022-09-11,GB,United_Kingdom,Fashion_Beauty,53.4
2022-09-18,GB,United_Kingdom,Fashion_Beauty,53.17
2022-09-25,GB,United_Kingdom,Fashion_Beauty,56.57
2022-10-02,GB,United_Kingdom,Fashion_Beauty,57.39
2022-10-09,GB,United_Kingdom,Fashion_Beauty,55.75
2022-10-16,GB,United_Kingdom,Fashion_Beauty,54.81
2022-10-23,GB,United_Kingdom,Fashion_Beauty,60.68
2022-10-30,GB,United_Kingdom,Fashion_Beauty,58.45
2022-11-06,GB,United_Kingdom,Fashion_Beauty,58.1
2022-11-13,GB,United_Kingdom,Fashion_Beauty,60.56
2022-11-20,GB,United_Kingdom,Fashion_Beauty,66.2
2022-11-27,GB,United_Kingdom,Fashion_Beauty,62.79
2022-12-04,GB,United_Kingdom,Fashion_Beauty,61.85
2022-12-11,GB,United_Kingdom,Fashion_Beauty,59.86
2022-12-18,GB,United_Kingdom,Fashion_Beauty,55.75
2022-12-25,GB,United_Kingdom,Fashion_Beauty,59.86
2023-01-01,GB,United_Kingdom,Fashion_Beauty,50.94
2023-01-08,GB,United_Kingdom,Fashion_Beauty,50.82
2023-01-15,GB,United_Kingdom,Fashion_Beauty,51.17
2023-01-22,GB,United_Kingdom,Fashion_Beauty,53.4
2023-01-29,GB,United_Kingdom,Fashion_Beauty,52.0
2023-02-05,GB,United_Kingdom,Fashion_Beauty,52.93
2023-02-12,GB,United_Kingdom,Fashion_Beauty,52.35
2023-02-19,GB,United_Kingdom,Fashion_Beauty,55.05
2023-02-26,GB,United_Kingdom,Fashion_Beauty,55.05
2023-03-05,GB,United_Kingdom,Fashion_Beauty,56.46
2023-03-12,GB,United_Kingdom,Fashion_Beauty,51.41
2023-03-19,GB,United_Kingdom,Fashion_Beauty,51.64
2023-03-26,GB,United_Kingdom,Fashion_Beauty,53.05
2023-04-02,GB,United_Kingdom,Fashion_Beauty,51.64
2023-04-09,GB,United_Kingdom,Fashion_Beauty,53.29
2023-04-16,GB,United_Kingdom,Fashion_Beauty,51.17
2023-04-23,GB,United_Kingdom,Fashion_Beauty,52.11
2023-04-30,GB,United_Kingdom,Fashion_Beauty,51.29
2023-05-07,GB,United_Kingdom,Fashion_Beauty,50.94
2023-05-14,GB,United_Kingdom,Fashion_Beauty,51.29
2023-05-21,GB,United_Kingdom,Fashion_Beauty,51.64
2023-05-28,GB,United_Kingdom,Fashion_Beauty,50.47
2023-06-04,GB,United_Kingdom,Fashion_Beauty,50.47
2023-06-11,GB,United_Kingdom,Fashion_Beauty,51.53
2023-06-18,GB,United_Kingdom,Fashion_Beauty,50.12
2023-06-25,GB,United_Kingdom,Fashion_Beauty,50.12
2023-07-02,GB,United_Kingdom,Fashion_Beauty,50.82
2023-07-09,GB,United_Kingdom,Fashion_Beauty,47.77
2023-07-16,GB,United_Kingdom,Fashion_Beauty,46.95
2023-07-23,GB,United_Kingdom,Fashion_Beauty,47.89
2023-07-30,GB,United_Kingdom,Fashion_Beauty,50.23
2023-08-06,GB,United_Kingdom,Fashion_Beauty,48.47
2023-08-13,GB,United_Kingdom,Fashion_Beauty,48.0
2023-08-20,GB,United_Kingdom,Fashion_Beauty,47.89
2023-08-27,GB,United_Kingdom,Fashion_Beauty,50.12
2023-09-03,GB,United_Kingdom,Fashion_Beauty,47.42
2023-09-10,GB,United_Kingdom,Fashion_Beauty,50.82
2023-09-17,GB,United_Kingdom,Fashion_Beauty,53.17
2023-09-24,GB,United_Kingdom,Fashion_Beauty,53.87
2023-10-01,GB,United_Kingdom,Fashion_Beauty,53.52
2023-10-08,GB,United_Kingdom,Fashion_Beauty,52.11
2023-10-15,GB,United_Kingdom,Fashion_Beauty,53.29
2023-10-22,GB,United_Kingdom,Fashion_Beauty,56.46
2023-10-29,GB,United_Kingdom,Fashion_Beauty,55.4
2023-11-05,GB,United_Kingdom,Fashion_Beauty,57.75
2023-11-12,GB,United_Kingdom,Fashion_Beauty,61.74
2023-11-19,GB,United_Kingdom,Fashion_Beauty,68.54
2023-11-26,GB,United_Kingdom,Fashion_Beauty,63.38
2023-12-03,GB,United_Kingdom,Fashion_Beauty,67.61
2023-12-10,GB,United_Kingdom,Fashion_Beauty,64.08
2023-12-17,GB,United_Kingdom,Fashion_Beauty,58.69
2023-12-24,GB,United_Kingdom,Fashion_Beauty,59.86
2023-12-31,GB,United_Kingdom,Fashion_Beauty,51.29
2024-01-07,GB,United_Kingdom,Fashion_Beauty,49.88
2024-01-14,GB,United_Kingdom,Fashion_Beauty,51.41
2024-01-21,GB,United_Kingdom,Fashion_Beauty,50.59
2024-01-28,GB,United_Kingdom,Fashion_Beauty,50.23
2024-02-04,GB,United_Kingdom,Fashion_Beauty,51.29
2024-02-11,GB,United_Kingdom,Fashion_Beauty,51.53
2024-02-18,GB,United_Kingdom,Fashion_Beauty,51.64
2024-02-25,GB,United_Kingdom,Fashion_Beauty,51.88
2024-03-03,GB,United_Kingdom,Fashion_Beauty,51.76
2024-03-10,GB,United_Kingdom,Fashion_Beauty,51.29
2024-03-17,GB,United_Kingdom,Fashion_Beauty,50.47
2024-03-24,GB,United_Kingdom,Fashion_Beauty,51.76
2024-03-31,GB,United_Kingdom,Fashion_Beauty,52.0
2024-04-07,GB,United_Kingdom,Fashion_Beauty,49.88
2024-04-14,GB,United_Kingdom,Fashion_Beauty,50.12
2024-04-21,GB,United_Kingdom,Fashion_Beauty,51.06
2024-04-28,GB,United_Kingdom,Fashion_Beauty,49.53
2024-05-05,GB,United_Kingdom,Fashion_Beauty,48.83
2024-05-12,GB,United_Kingdom,Fashion_Beauty,47.42
2024-05-19,GB,United_Kingdom,Fashion_Beauty,49.53
2024-05-26,GB,United_Kingdom,Fashion_Beauty,50.35
2024-06-02,GB,United_Kingdom,Fashion_Beauty,49.77
2024-06-09,GB,United_Kingdom,Fashion_Beauty,49.41
2024-06-16,GB,United_Kingdom,Fashion_Beauty,47.54
2024-06-23,GB,United_Kingdom,Fashion_Beauty,47.3
2024-06-30,GB,United_Kingdom,Fashion_Beauty,45.77
2024-07-07,GB,United_Kingdom,Fashion_Beauty,47.89
2024-07-14,GB,United_Kingdom,Fashion_Beauty,46.6
2024-07-21,GB,United_Kingdom,Fashion_Beauty,47.3
2024-07-28,GB,United_Kingdom,Fashion_Beauty,47.3
2024-08-04,GB,United_Kingdom,Fashion_Beauty,46.83
2024-08-11,GB,United_Kingdom,Fashion_Beauty,49.06
2024-08-18,GB,United_Kingdom,Fashion_Beauty,49.18
2024-08-25,GB,United_Kingdom,Fashion_Beauty,49.53
2024-09-01,GB,United_Kingdom,Fashion_Beauty,51.64
2024-09-08,GB,United_Kingdom,Fashion_Beauty,53.99
2024-09-15,GB,United_Kingdom,Fashion_Beauty,53.64
2024-09-22,GB,United_Kingdom,Fashion_Beauty,53.87
2024-09-29,GB,United_Kingdom,Fashion_Beauty,55.52
2024-10-06,GB,United_Kingdom,Fashion_Beauty,54.23
2024-10-13,GB,United_Kingdom,Fashion_Beauty,58.57
2024-10-20,GB,United_Kingdom,Fashion_Beauty,55.99
2024-10-27,GB,United_Kingdom,Fashion_Beauty,59.04
2024-11-03,GB,United_Kingdom,Fashion_Beauty,54.81
2024-11-10,GB,United_Kingdom,Fashion_Beauty,57.98
2024-11-17,GB,United_Kingdom,Fashion_Beauty,60.56
2024-11-24,GB,United_Kingdom,Fashion_Beauty,65.38
2024-12-01,GB,United_Kingdom,Fashion_Beauty,61.74
2024-12-08,GB,United_Kingdom,Fashion_Beauty,59.86
2024-12-15,GB,United_Kingdom,Fashion_Beauty,57.51
2024-12-22,GB,United_Kingdom,Fashion_Beauty,57.75
2024-12-29,GB,United_Kingdom,Fashion_Beauty,49.77
2025-01-05,GB,United_Kingdom,Fashion_Beauty,49.41
2025-01-12,GB,United_Kingdom,Fashion_Beauty,49.77
2025-01-19,GB,United_Kingdom,Fashion_Beauty,49.41
2025-01-26,GB,United_Kingdom,Fashion_Beauty,49.77
2025-02-02,GB,United_Kingdom,Fashion_Beauty,50.23
2025-02-09,GB,United_Kingdom,Fashion_Beauty,49.65
2025-02-16,GB,United_Kingdom,Fashion_Beauty,49.41
2025-02-23,GB,United_Kingdom,Fashion_Beauty,50.23
2025-03-02,GB,United_Kingdom,Fashion_Beauty,50.23
2025-03-09,GB,United_Kingdom,Fashion_Beauty,50.94
2025-03-16,GB,United_Kingdom,Fashion_Beauty,50.7
2025-03-23,GB,United_Kingdom,Fashion_Beauty,51.41
2025-03-30,GB,United_Kingdom,Fashion_Beauty,49.41
2025-04-06,GB,United_Kingdom,Fashion_Beauty,49.41
2025-04-13,GB,United_Kingdom,Fashion_Beauty,50.35
2025-04-20,GB,United_Kingdom,Fashion_Beauty,49.41
2025-04-27,GB,United_Kingdom,Fashion_Beauty,49.41
2025-05-04,GB,United_Kingdom,Fashion_Beauty,51.17
2025-05-11,GB,United_Kingdom,Fashion_Beauty,47.07
2025-05-18,GB,United_Kingdom,Fashion_Beauty,48.36
2025-05-25,GB,United_Kingdom,Fashion_Beauty,48.59
2025-06-01,GB,United_Kingdom,Fashion_Beauty,48.47
2025-06-08,GB,United_Kingdom,Fashion_Beauty,46.24
2025-06-15,GB,United_Kingdom,Fashion_Beauty,47.77
2025-06-22,GB,United_Kingdom,Fashion_Beauty,47.42
2025-06-29,GB,United_Kingdom,Fashion_Beauty,47.77
2025-07-06,GB,United_Kingdom,Fashion_Beauty,47.3
2025-07-13,GB,United_Kingdom,Fashion_Beauty,47.42
2025-07-20,GB,United_Kingdom,Fashion_Beauty,49.18
2025-07-27,GB,United_Kingdom,Fashion_Beauty,49.65
2025-08-03,GB,United_Kingdom,Fashion_Beauty,49.88
2025-08-10,GB,United_Kingdom,Fashion_Beauty,47.89
2025-08-17,GB,United_Kingdom,Fashion_Beauty,50.59
2025-08-24,GB,United_Kingdom,Fashion_Beauty,50.82
2025-08-31,GB,United_Kingdom,Fashion_Beauty,52.82
2025-09-07,GB,United_Kingdom,Fashion_Beauty,52.0
2025-09-14,GB,United_Kingdom,Fashion_Beauty,51.06
2025-09-21,GB,United_Kingdom,Fashion_Beauty,53.29
2025-09-28,GB,United_Kingdom,Fashion_Beauty,54.58
2025-10-05,GB,United_Kingdom,Fashion_Beauty,56.92
2025-10-12,GB,United_Kingdom,Fashion_Beauty,64.55
2025-10-19,GB,United_Kingdom,Fashion_Beauty,56.34
2025-10-26,GB,United_Kingdom,Fashion_Beauty,59.15
2025-11-02,GB,United_Kingdom,Fashion_Beauty,59.39
2025-11-09,GB,United_Kingdom,Fashion_Beauty,62.91
2025-11-16,GB,United_Kingdom,Fashion_Beauty,66.31
2025-11-23,GB,United_Kingdom,Fashion_Beauty,75.0
2025-11-30,GB,United_Kingdom,Fashion_Beauty,72.89
2025-12-07,GB,United_Kingdom,Fashion_Beauty,73.59
2025-12-14,GB,United_Kingdom,Fashion_Beauty,72.54
2025-12-21,GB,United_Kingdom,Fashion_Beauty,68.31
2025-12-28,GB,United_Kingdom,Fashion_Beauty,62.32
2026-01-04,GB,United_Kingdom,Fashion_Beauty,66.43
2026-01-11,GB,United_Kingdom,Fashion_Beauty,57.86
2026-01-18,GB,United_Kingdom,Fashion_Beauty,58.45
2026-01-25,GB,United_Kingdom,Fashion_Beauty,61.03
2026-02-01,GB,United_Kingdom,Fashion_Beauty,67.84
2026-02-08,GB,United_Kingdom,Fashion_Beauty,89.32
2026-02-15,GB,United_Kingdom,Fashion_Beauty,100.0
2026-02-22,GB,United_Kingdom,Fashion_Beauty,82.51
2026-03-01,GB,United_Kingdom,Fashion_Beauty,57.63
2026-03-08,GB,United_Kingdom,Fashion_Beauty,62.32
2026-03-15,GB,United_Kingdom,Fashion_Beauty,57.75
2026-03-22,GB,United_Kingdom,Fashion_Beauty,60.68
2026-03-29,GB,United_Kingdom,Fashion_Beauty,61.74
2026-04-05,GB,United_Kingdom,Fashion_Beauty,61.27
2026-04-12,GB,United_Kingdom,Fashion_Beauty,56.57
2026-04-19,GB,United_Kingdom,Fashion_Beauty,57.16
2026-04-26,GB,United_Kingdom,Fashion_Beauty,59.86
2026-05-03,GB,United_Kingdom,Fashion_Beauty,57.04
2026-05-10,GB,United_Kingdom,Fashion_Beauty,57.16
2026-05-17,GB,United_Kingdom,Fashion_Beauty,56.34
2026-05-24,GB,United_Kingdom,Fashion_Beauty,54.58
2026-05-31,GB,United_Kingdom,Fashion_Beauty,55.28
2026-06-07,GB,United_Kingdom,Fashion_Beauty,54.23
2026-06-14,GB,United_Kingdom,Fashion_Beauty,53.05
2026-06-21,GB,United_Kingdom,Fashion_Beauty,54.93
2026-06-28,GB,United_Kingdom,Fashion_Beauty,59.15
2026-07-05,GB,United_Kingdom,Fashion_Beauty,61.27
2026-07-12,GB,United_Kingdom,Fashion_Beauty,59.51
2026-07-19,GB,United_Kingdom,Fashion_Beauty,61.27
2026-07-26,GB,United_Kingdom,Fashion_Beauty,64.32
2026-08-02,GB,United_Kingdom,Fashion_Beauty,64.2
2026-08-09,GB,United_Kingdom,Fashion_Beauty,70.42
2026-08-16,GB,United_Kingdom,Fashion_Beauty,72.42
2026-08-23,GB,United_Kingdom,Fashion_Beauty,63.26
2022-08-28,CA,Canada,Nutrition_Diets,68.97
2022-09-04,CA,Canada,Nutrition_Diets,66.82
2022-09-11,CA,Canada,Nutrition_Diets,66.82
2022-09-18,CA,Canada,Nutrition_Diets,67.29
2022-09-25,CA,Canada,Nutrition_Diets,68.04
2022-10-02,CA,Canada,Nutrition_Diets,66.54
2022-10-09,CA,Canada,Nutrition_Diets,65.79
2022-10-16,CA,Canada,Nutrition_Diets,68.04
2022-10-23,CA,Canada,Nutrition_Diets,67.48
2022-10-30,CA,Canada,Nutrition_Diets,68.41
2022-11-06,CA,Canada,Nutrition_Diets,70.09
2022-11-13,CA,Canada,Nutrition_Diets,69.16
2022-11-20,CA,Canada,Nutrition_Diets,66.26
2022-11-27,CA,Canada,Nutrition_Diets,67.1
2022-12-04,CA,Canada,Nutrition_Diets,67.29
2022-12-11,CA,Canada,Nutrition_Diets,64.39
2022-12-18,CA,Canada,Nutrition_Diets,58.41
2022-12-25,CA,Canada,Nutrition_Diets,65.42
2023-01-01,CA,Canada,Nutrition_Diets,85.05
2023-01-08,CA,Canada,Nutrition_Diets,87.01
2023-01-15,CA,Canada,Nutrition_Diets,86.54
2023-01-22,CA,Canada,Nutrition_Diets,84.02
2023-01-29,CA,Canada,Nutrition_Diets,83.55
2023-02-05,CA,Canada,Nutrition_Diets,83.83
2023-02-12,CA,Canada,Nutrition_Diets,77.94
2023-02-19,CA,Canada,Nutrition_Diets,82.52
2023-02-26,CA,Canada,Nutrition_Diets,83.08
2023-03-05,CA,Canada,Nutrition_Diets,85.51
2023-03-12,CA,Canada,Nutrition_Diets,85.61
2023-03-19,CA,Canada,Nutrition_Diets,83.18
2023-03-26,CA,Canada,Nutrition_Diets,79.25
2023-04-02,CA,Canada,Nutrition_Diets,78.6
2023-04-09,CA,Canada,Nutrition_Diets,77.57
2023-04-16,CA,Canada,Nutrition_Diets,79.63
2023-04-23,CA,Canada,Nutrition_Diets,77.57
2023-04-30,CA,Canada,Nutrition_Diets,75.98
2023-05-07,CA,Canada,Nutrition_Diets,73.83
2023-05-14,CA,Canada,Nutrition_Diets,74.02
2023-05-21,CA,Canada,Nutrition_Diets,74.58
2023-05-28,CA,Canada,Nutrition_Diets,76.92
2023-06-04,CA,Canada,Nutrition_Diets,74.21
2023-06-11,CA,Canada,Nutrition_Diets,72.24
2023-06-18,CA,Canada,Nutrition_Diets,70.93
2023-06-25,CA,Canada,Nutrition_Diets,71.03
2023-07-02,CA,Canada,Nutrition_Diets,72.8
2023-07-09,CA,Canada,Nutrition_Diets,73.64
2023-07-16,CA,Canada,Nutrition_Diets,70.84
2023-07-23,CA,Canada,Nutrition_Diets,70.75
2023-07-30,CA,Canada,Nutrition_Diets,70.28
2023-08-06,CA,Canada,Nutrition_Diets,70.47
2023-08-13,CA,Canada,Nutrition_Diets,67.66
2023-08-20,CA,Canada,Nutrition_Diets,67.2
2023-08-27,CA,Canada,Nutrition_Diets,66.17
2023-09-03,CA,Canada,Nutrition_Diets,68.88
2023-09-10,CA,Canada,Nutrition_Diets,67.66
2023-09-17,CA,Canada,Nutrition_Diets,68.41
2023-09-24,CA,Canada,Nutrition_Diets,67.48
2023-10-01,CA,Canada,Nutrition_Diets,63.55
2023-10-08,CA,Canada,Nutrition_Diets,65.23
2023-10-15,CA,Canada,Nutrition_Diets,71.31
2023-10-22,CA,Canada,Nutrition_Diets,68.04
2023-10-29,CA,Canada,Nutrition_Diets,66.92
2023-11-05,CA,Canada,Nutrition_Diets,69.72
2023-11-12,CA,Canada,Nutrition_Diets,67.94
2023-11-19,CA,Canada,Nutrition_Diets,66.07
2023-11-26,CA,Canada,Nutrition_Diets,69.25
2023-12-03,CA,Canada,Nutrition_Diets,66.73
2023-12-10,CA,Canada,Nutrition_Diets,65.7
2023-12-17,CA,Canada,Nutrition_Diets,63.08
2023-12-24,CA,Canada,Nutrition_Diets,63.74
2023-12-31,CA,Canada,Nutrition_Diets,93.08
2024-01-07,CA,Canada,Nutrition_Diets,86.45
2024-01-14,CA,Canada,Nutrition_Diets,82.9
2024-01-21,CA,Canada,Nutrition_Diets,80.47
2024-01-28,CA,Canada,Nutrition_Diets,82.99
2024-02-04,CA,Canada,Nutrition_Diets,80.47
2024-02-11,CA,Canada,Nutrition_Diets,73.83
2024-02-18,CA,Canada,Nutrition_Diets,78.04
2024-02-25,CA,Canada,Nutrition_Diets,75.89
2024-03-03,CA,Canada,Nutrition_Diets,77.01
2024-03-10,CA,Canada,Nutrition_Diets,76.07
2024-03-17,CA,Canada,Nutrition_Diets,79.81
2024-03-24,CA,Canada,Nutrition_Diets,73.74
2024-03-31,CA,Canada,Nutrition_Diets,75.14
2024-04-07,CA,Canada,Nutrition_Diets,73.46
2024-04-14,CA,Canada,Nutrition_Diets,72.52
2024-04-21,CA,Canada,Nutrition_Diets,73.93
2024-04-28,CA,Canada,Nutrition_Diets,73.83
2024-05-05,CA,Canada,Nutrition_Diets,71.03
2024-05-12,CA,Canada,Nutrition_Diets,70.84
2024-05-19,CA,Canada,Nutrition_Diets,71.4
2024-05-26,CA,Canada,Nutrition_Diets,73.55
2024-06-02,CA,Canada,Nutrition_Diets,71.87
2024-06-09,CA,Canada,Nutrition_Diets,71.96
2024-06-16,CA,Canada,Nutrition_Diets,67.2
2024-06-23,CA,Canada,Nutrition_Diets,66.92
2024-06-30,CA,Canada,Nutrition_Diets,64.21
2024-07-07,CA,Canada,Nutrition_Diets,67.38
2024-07-14,CA,Canada,Nutrition_Diets,67.29
2024-07-21,CA,Canada,Nutrition_Diets,69.25
2024-07-28,CA,Canada,Nutrition_Diets,67.38
2024-08-04,CA,Canada,Nutrition_Diets,64.39
2024-08-11,CA,Canada,Nutrition_Diets,71.78
2024-08-18,CA,Canada,Nutrition_Diets,69.81
2024-08-25,CA,Canada,Nutrition_Diets,69.72
2024-09-01,CA,Canada,Nutrition_Diets,66.54
2024-09-08,CA,Canada,Nutrition_Diets,65.98
2024-09-15,CA,Canada,Nutrition_Diets,69.91
2024-09-22,CA,Canada,Nutrition_Diets,67.29
2024-09-29,CA,Canada,Nutrition_Diets,71.68
2024-10-06,CA,Canada,Nutrition_Diets,67.57
2024-10-13,CA,Canada,Nutrition_Diets,66.64
2024-10-20,CA,Canada,Nutrition_Diets,69.91
2024-10-27,CA,Canada,Nutrition_Diets,67.38
2024-11-03,CA,Canada,Nutrition_Diets,67.85
2024-11-10,CA,Canada,Nutrition_Diets,67.1
2024-11-17,CA,Canada,Nutrition_Diets,70.56
2024-11-24,CA,Canada,Nutrition_Diets,66.64
2024-12-01,CA,Canada,Nutrition_Diets,62.15
2024-12-08,CA,Canada,Nutrition_Diets,64.95
2024-12-15,CA,Canada,Nutrition_Diets,62.24
2024-12-22,CA,Canada,Nutrition_Diets,60.09
2024-12-29,CA,Canada,Nutrition_Diets,83.46
2025-01-05,CA,Canada,Nutrition_Diets,89.53
2025-01-12,CA,Canada,Nutrition_Diets,84.3
2025-01-19,CA,Canada,Nutrition_Diets,79.25
2025-01-26,CA,Canada,Nutrition_Diets,79.63
2025-02-02,CA,Canada,Nutrition_Diets,76.17
2025-02-09,CA,Canada,Nutrition_Diets,72.9
2025-02-16,CA,Canada,Nutrition_Diets,75.79
2025-02-23,CA,Canada,Nutrition_Diets,78.41
2025-03-02,CA,Canada,Nutrition_Diets,75.05
2025-03-09,CA,Canada,Nutrition_Diets,75.33
2025-03-16,CA,Canada,Nutrition_Diets,78.6
2025-03-23,CA,Canada,Nutrition_Diets,77.48
2025-03-30,CA,Canada,Nutrition_Diets,75.98
2025-04-06,CA,Canada,Nutrition_Diets,76.54
2025-04-13,CA,Canada,Nutrition_Diets,72.15
2025-04-20,CA,Canada,Nutrition_Diets,68.32
2025-04-27,CA,Canada,Nutrition_Diets,67.1
2025-05-04,CA,Canada,Nutrition_Diets,70.65
2025-05-11,CA,Canada,Nutrition_Diets,70.47
2025-05-18,CA,Canada,Nutrition_Diets,72.06
2025-05-25,CA,Canada,Nutrition_Diets,75.23
2025-06-01,CA,Canada,Nutrition_Diets,71.4
2025-06-08,CA,Canada,Nutrition_Diets,71.21
2025-06-15,CA,Canada,Nutrition_Diets,66.82
2025-06-22,CA,Canada,Nutrition_Diets,67.38
2025-06-29,CA,Canada,Nutrition_Diets,65.98
2025-07-06,CA,Canada,Nutrition_Diets,70.19
2025-07-13,CA,Canada,Nutrition_Diets,69.63
2025-07-20,CA,Canada,Nutrition_Diets,69.81
2025-07-27,CA,Canada,Nutrition_Diets,70.28
2025-08-03,CA,Canada,Nutrition_Diets,69.07
2025-08-10,CA,Canada,Nutrition_Diets,67.48
2025-08-17,CA,Canada,Nutrition_Diets,67.76
2025-08-24,CA,Canada,Nutrition_Diets,66.36
2025-08-31,CA,Canada,Nutrition_Diets,66.17
2025-09-07,CA,Canada,Nutrition_Diets,68.04
2025-09-14,CA,Canada,Nutrition_Diets,66.64
2025-09-21,CA,Canada,Nutrition_Diets,65.33
2025-09-28,CA,Canada,Nutrition_Diets,64.49
2025-10-05,CA,Canada,Nutrition_Diets,63.64
2025-10-12,CA,Canada,Nutrition_Diets,63.93
2025-10-19,CA,Canada,Nutrition_Diets,63.74
2025-10-26,CA,Canada,Nutrition_Diets,64.67
2025-11-02,CA,Canada,Nutrition_Diets,75.05
2025-11-09,CA,Canada,Nutrition_Diets,74.77
2025-11-16,CA,Canada,Nutrition_Diets,73.83
2025-11-23,CA,Canada,Nutrition_Diets,75.61
2025-11-30,CA,Canada,Nutrition_Diets,76.07
2025-12-07,CA,Canada,Nutrition_Diets,75.51
2025-12-14,CA,Canada,Nutrition_Diets,71.03
2025-12-21,CA,Canada,Nutrition_Diets,63.93
2025-12-28,CA,Canada,Nutrition_Diets,78.88
2026-01-04,CA,Canada,Nutrition_Diets,95.23
2026-01-11,CA,Canada,Nutrition_Diets,93.74
2026-01-18,CA,Canada,Nutrition_Diets,89.91
2026-01-25,CA,Canada,Nutrition_Diets,92.24
2026-02-01,CA,Canada,Nutrition_Diets,100.0
2026-02-08,CA,Canada,Nutrition_Diets,90.47
2026-02-15,CA,Canada,Nutrition_Diets,92.99
2026-02-22,CA,Canada,Nutrition_Diets,90.09
2026-03-01,CA,Canada,Nutrition_Diets,88.97
2026-03-08,CA,Canada,Nutrition_Diets,87.1
2026-03-15,CA,Canada,Nutrition_Diets,95.42
2026-03-22,CA,Canada,Nutrition_Diets,93.36
2026-03-29,CA,Canada,Nutrition_Diets,89.25
2026-04-05,CA,Canada,Nutrition_Diets,91.4
2026-04-12,CA,Canada,Nutrition_Diets,87.38
2026-04-19,CA,Canada,Nutrition_Diets,83.93
2026-04-26,CA,Canada,Nutrition_Diets,80.37
2026-05-03,CA,Canada,Nutrition_Diets,79.72
2026-05-10,CA,Canada,Nutrition_Diets,79.81
2026-05-17,CA,Canada,Nutrition_Diets,82.34
2026-05-24,CA,Canada,Nutrition_Diets,80.0
2026-05-31,CA,Canada,Nutrition_Diets,84.67
2026-06-07,CA,Canada,Nutrition_Diets,75.89
2026-06-14,CA,Canada,Nutrition_Diets,83.08
2026-06-21,CA,Canada,Nutrition_Diets,94.39
2026-06-28,CA,Canada,Nutrition_Diets,79.25
2026-07-05,CA,Canada,Nutrition_Diets,85.61
2026-07-12,CA,Canada,Nutrition_Diets,74.86
2026-07-19,CA,Canada,Nutrition_Diets,72.8
2026-07-26,CA,Canada,Nutrition_Diets,71.21
2026-08-02,CA,Canada,Nutrition_Diets,67.57
2026-08-09,CA,Canada,Nutrition_Diets,67.01
2026-08-16,CA,Canada,Nutrition_Diets,67.48
2026-08-23,CA,Canada,Nutrition_Diets,71.21
2022-08-28,CA,Canada,Fitness_Wearables,69.63
2022-09-04,CA,Canada,Fitness_Wearables,73.33
2022-09-11,CA,Canada,Fitness_Wearables,69.1
2022-09-18,CA,Canada,Fitness_Wearables,68.36
2022-09-25,CA,Canada,Fitness_Wearables,64.97
2022-10-02,CA,Canada,Fitness_Wearables,63.28
2022-10-09,CA,Canada,Fitness_Wearables,66.67
2022-10-16,CA,Canada,Fitness_Wearables,63.39
2022-10-23,CA,Canada,Fitness_Wearables,62.65
2022-10-30,CA,Canada,Fitness_Wearables,62.01
2022-11-06,CA,Canada,Fitness_Wearables,66.98
2022-11-13,CA,Canada,Fitness_Wearables,67.3
2022-11-20,CA,Canada,Fitness_Wearables,67.51
2022-11-27,CA,Canada,Fitness_Wearables,66.77
2022-12-04,CA,Canada,Fitness_Wearables,61.27
2022-12-11,CA,Canada,Fitness_Wearables,62.12
2022-12-18,CA,Canada,Fitness_Wearables,62.86
2022-12-25,CA,Canada,Fitness_Wearables,86.88
2023-01-01,CA,Canada,Fitness_Wearables,90.05
2023-01-08,CA,Canada,Fitness_Wearables,80.42
2023-01-15,CA,Canada,Fitness_Wearables,77.99
2023-01-22,CA,Canada,Fitness_Wearables,76.93
2023-01-29,CA,Canada,Fitness_Wearables,75.98
2023-02-05,CA,Canada,Fitness_Wearables,74.39
2023-02-12,CA,Canada,Fitness_Wearables,67.51
2023-02-19,CA,Canada,Fitness_Wearables,76.51
2023-02-26,CA,Canada,Fitness_Wearables,71.01
2023-03-05,CA,Canada,Fitness_Wearables,70.26
2023-03-12,CA,Canada,Fitness_Wearables,68.89
2023-03-19,CA,Canada,Fitness_Wearables,68.99
2023-03-26,CA,Canada,Fitness_Wearables,68.47
2023-04-02,CA,Canada,Fitness_Wearables,72.38
2023-04-09,CA,Canada,Fitness_Wearables,69.31
2023-04-16,CA,Canada,Fitness_Wearables,66.24
2023-04-23,CA,Canada,Fitness_Wearables,64.66
2023-04-30,CA,Canada,Fitness_Wearables,68.78
2023-05-07,CA,Canada,Fitness_Wearables,64.23
2023-05-14,CA,Canada,Fitness_Wearables,65.93
2023-05-21,CA,Canada,Fitness_Wearables,67.51
2023-05-28,CA,Canada,Fitness_Wearables,67.72
2023-06-04,CA,Canada,Fitness_Wearables,64.13
2023-06-11,CA,Canada,Fitness_Wearables,64.02
2023-06-18,CA,Canada,Fitness_Wearables,65.5
2023-06-25,CA,Canada,Fitness_Wearables,68.15
2023-07-02,CA,Canada,Fitness_Wearables,69.95
2023-07-09,CA,Canada,Fitness_Wearables,70.26
2023-07-16,CA,Canada,Fitness_Wearables,66.98
2023-07-23,CA,Canada,Fitness_Wearables,66.46
2023-07-30,CA,Canada,Fitness_Wearables,68.25
2023-08-06,CA,Canada,Fitness_Wearables,70.16
2023-08-13,CA,Canada,Fitness_Wearables,64.13
2023-08-20,CA,Canada,Fitness_Wearables,67.41
2023-08-27,CA,Canada,Fitness_Wearables,69.21
2023-09-03,CA,Canada,Fitness_Wearables,72.28
2023-09-10,CA,Canada,Fitness_Wearables,70.05
2023-09-17,CA,Canada,Fitness_Wearables,67.3
2023-09-24,CA,Canada,Fitness_Wearables,66.03
2023-10-01,CA,Canada,Fitness_Wearables,65.08
2023-10-08,CA,Canada,Fitness_Wearables,66.14
2023-10-15,CA,Canada,Fitness_Wearables,64.97
2023-10-22,CA,Canada,Fitness_Wearables,60.21
2023-10-29,CA,Canada,Fitness_Wearables,60.53
2023-11-05,CA,Canada,Fitness_Wearables,65.08
2023-11-12,CA,Canada,Fitness_Wearables,66.14
2023-11-19,CA,Canada,Fitness_Wearables,69.74
2023-11-26,CA,Canada,Fitness_Wearables,67.3
2023-12-03,CA,Canada,Fitness_Wearables,63.92
2023-12-10,CA,Canada,Fitness_Wearables,62.12
2023-12-17,CA,Canada,Fitness_Wearables,65.19
2023-12-24,CA,Canada,Fitness_Wearables,86.98
2023-12-31,CA,Canada,Fitness_Wearables,89.74
2024-01-07,CA,Canada,Fitness_Wearables,78.2
2024-01-14,CA,Canada,Fitness_Wearables,73.33
2024-01-21,CA,Canada,Fitness_Wearables,73.54
2024-01-28,CA,Canada,Fitness_Wearables,75.03
2024-02-04,CA,Canada,Fitness_Wearables,71.96
2024-02-11,CA,Canada,Fitness_Wearables,69.84
2024-02-18,CA,Canada,Fitness_Wearables,75.56
2024-02-25,CA,Canada,Fitness_Wearables,70.9
2024-03-03,CA,Canada,Fitness_Wearables,71.01
2024-03-10,CA,Canada,Fitness_Wearables,69.42
2024-03-17,CA,Canada,Fitness_Wearables,71.01
2024-03-24,CA,Canada,Fitness_Wearables,73.12
2024-03-31,CA,Canada,Fitness_Wearables,72.28
2024-04-07,CA,Canada,Fitness_Wearables,67.2
2024-04-14,CA,Canada,Fitness_Wearables,66.67
2024-04-21,CA,Canada,Fitness_Wearables,68.57
2024-04-28,CA,Canada,Fitness_Wearables,68.36
2024-05-05,CA,Canada,Fitness_Wearables,67.62
2024-05-12,CA,Canada,Fitness_Wearables,65.82
2024-05-19,CA,Canada,Fitness_Wearables,67.51
2024-05-26,CA,Canada,Fitness_Wearables,67.09
2024-06-02,CA,Canada,Fitness_Wearables,66.98
2024-06-09,CA,Canada,Fitness_Wearables,66.03
2024-06-16,CA,Canada,Fitness_Wearables,63.28
2024-06-23,CA,Canada,Fitness_Wearables,66.88
2024-06-30,CA,Canada,Fitness_Wearables,70.69
2024-07-07,CA,Canada,Fitness_Wearables,66.56
2024-07-14,CA,Canada,Fitness_Wearables,68.47
2024-07-21,CA,Canada,Fitness_Wearables,68.78
2024-07-28,CA,Canada,Fitness_Wearables,64.97
2024-08-04,CA,Canada,Fitness_Wearables,71.64
2024-08-11,CA,Canada,Fitness_Wearables,68.36
2024-08-18,CA,Canada,Fitness_Wearables,68.78
2024-08-25,CA,Canada,Fitness_Wearables,69.42
2024-09-01,CA,Canada,Fitness_Wearables,73.12
2024-09-08,CA,Canada,Fitness_Wearables,70.48
2024-09-15,CA,Canada,Fitness_Wearables,68.78
2024-09-22,CA,Canada,Fitness_Wearables,66.35
2024-09-29,CA,Canada,Fitness_Wearables,67.94
2024-10-06,CA,Canada,Fitness_Wearables,62.75
2024-10-13,CA,Canada,Fitness_Wearables,66.14
2024-10-20,CA,Canada,Fitness_Wearables,62.22
2024-10-27,CA,Canada,Fitness_Wearables,60.0
2024-11-03,CA,Canada,Fitness_Wearables,62.43
2024-11-10,CA,Canada,Fitness_Wearables,66.56
2024-11-17,CA,Canada,Fitness_Wearables,67.72
2024-11-24,CA,Canada,Fitness_Wearables,69.95
2024-12-01,CA,Canada,Fitness_Wearables,64.13
2024-12-08,CA,Canada,Fitness_Wearables,60.74
2024-12-15,CA,Canada,Fitness_Wearables,63.39
2024-12-22,CA,Canada,Fitness_Wearables,80.95
2024-12-29,CA,Canada,Fitness_Wearables,90.69
2025-01-05,CA,Canada,Fitness_Wearables,82.96
2025-01-12,CA,Canada,Fitness_Wearables,77.57
2025-01-19,CA,Canada,Fitness_Wearables,73.76
2025-01-26,CA,Canada,Fitness_Wearables,71.53
2025-02-02,CA,Canada,Fitness_Wearables,68.99
2025-02-09,CA,Canada,Fitness_Wearables,66.14
2025-02-16,CA,Canada,Fitness_Wearables,71.22
2025-02-23,CA,Canada,Fitness_Wearables,72.06
2025-03-02,CA,Canada,Fitness_Wearables,71.32
2025-03-09,CA,Canada,Fitness_Wearables,72.38
2025-03-16,CA,Canada,Fitness_Wearables,72.28
2025-03-23,CA,Canada,Fitness_Wearables,71.32
2025-03-30,CA,Canada,Fitness_Wearables,70.9
2025-04-06,CA,Canada,Fitness_Wearables,67.3
2025-04-13,CA,Canada,Fitness_Wearables,69.95
2025-04-20,CA,Canada,Fitness_Wearables,71.85
2025-04-27,CA,Canada,Fitness_Wearables,67.09
2025-05-04,CA,Canada,Fitness_Wearables,69.31
2025-05-11,CA,Canada,Fitness_Wearables,66.77
2025-05-18,CA,Canada,Fitness_Wearables,69.63
2025-05-25,CA,Canada,Fitness_Wearables,67.83
2025-06-01,CA,Canada,Fitness_Wearables,69.21
2025-06-08,CA,Canada,Fitness_Wearables,68.15
2025-06-15,CA,Canada,Fitness_Wearables,68.99
2025-06-22,CA,Canada,Fitness_Wearables,67.83
2025-06-29,CA,Canada,Fitness_Wearables,73.97
2025-07-06,CA,Canada,Fitness_Wearables,73.02
2025-07-13,CA,Canada,Fitness_Wearables,70.05
2025-07-20,CA,Canada,Fitness_Wearables,69.52
2025-07-27,CA,Canada,Fitness_Wearables,70.48
2025-08-03,CA,Canada,Fitness_Wearables,73.65
2025-08-10,CA,Canada,Fitness_Wearables,68.89
2025-08-17,CA,Canada,Fitness_Wearables,68.89
2025-08-24,CA,Canada,Fitness_Wearables,70.05
2025-08-31,CA,Canada,Fitness_Wearables,73.54
2025-09-07,CA,Canada,Fitness_Wearables,70.05
2025-09-14,CA,Canada,Fitness_Wearables,70.37
2025-09-21,CA,Canada,Fitness_Wearables,64.87
2025-09-28,CA,Canada,Fitness_Wearables,66.67
2025-10-05,CA,Canada,Fitness_Wearables,64.23
2025-10-12,CA,Canada,Fitness_Wearables,68.47
2025-10-19,CA,Canada,Fitness_Wearables,62.96
2025-10-26,CA,Canada,Fitness_Wearables,61.27
2025-11-02,CA,Canada,Fitness_Wearables,70.69
2025-11-09,CA,Canada,Fitness_Wearables,75.66
2025-11-16,CA,Canada,Fitness_Wearables,80.42
2025-11-23,CA,Canada,Fitness_Wearables,83.17
2025-11-30,CA,Canada,Fitness_Wearables,79.68
2025-12-07,CA,Canada,Fitness_Wearables,78.2
2025-12-14,CA,Canada,Fitness_Wearables,75.98
2025-12-21,CA,Canada,Fitness_Wearables,87.62
2025-12-28,CA,Canada,Fitness_Wearables,98.2
2026-01-04,CA,Canada,Fitness_Wearables,100.0
2026-01-11,CA,Canada,Fitness_Wearables,94.07
2026-01-18,CA,Canada,Fitness_Wearables,86.14
2026-01-25,CA,Canada,Fitness_Wearables,87.72
2026-02-01,CA,Canada,Fitness_Wearables,91.75
2026-02-08,CA,Canada,Fitness_Wearables,86.46
2026-02-15,CA,Canada,Fitness_Wearables,90.58
2026-02-22,CA,Canada,Fitness_Wearables,84.97
2026-03-01,CA,Canada,Fitness_Wearables,79.68
2026-03-08,CA,Canada,Fitness_Wearables,81.06
2026-03-15,CA,Canada,Fitness_Wearables,84.13
2026-03-22,CA,Canada,Fitness_Wearables,82.65
2026-03-29,CA,Canada,Fitness_Wearables,85.61
2026-04-05,CA,Canada,Fitness_Wearables,86.03
2026-04-12,CA,Canada,Fitness_Wearables,79.15
2026-04-19,CA,Canada,Fitness_Wearables,78.73
2026-04-26,CA,Canada,Fitness_Wearables,80.21
2026-05-03,CA,Canada,Fitness_Wearables,79.37
2026-05-10,CA,Canada,Fitness_Wearables,78.1
2026-05-17,CA,Canada,Fitness_Wearables,79.58
2026-05-24,CA,Canada,Fitness_Wearables,78.62
2026-05-31,CA,Canada,Fitness_Wearables,81.8
2026-06-07,CA,Canada,Fitness_Wearables,77.14
2026-06-14,CA,Canada,Fitness_Wearables,79.05
2026-06-21,CA,Canada,Fitness_Wearables,89.31
2026-06-28,CA,Canada,Fitness_Wearables,81.69
2026-07-05,CA,Canada,Fitness_Wearables,80.63
2026-07-12,CA,Canada,Fitness_Wearables,72.59
2026-07-19,CA,Canada,Fitness_Wearables,76.72
2026-07-26,CA,Canada,Fitness_Wearables,75.24
2026-08-02,CA,Canada,Fitness_Wearables,75.77
2026-08-09,CA,Canada,Fitness_Wearables,76.51
2026-08-16,CA,Canada,Fitness_Wearables,75.03
2026-08-23,CA,Canada,Fitness_Wearables,73.86
2022-08-28,CA,Canada,Fashion_Beauty,63.82
2022-09-04,CA,Canada,Fashion_Beauty,61.04
2022-09-11,CA,Canada,Fashion_Beauty,63.82
2022-09-18,CA,Canada,Fashion_Beauty,65.26
2022-09-25,CA,Canada,Fashion_Beauty,66.26
2022-10-02,CA,Canada,Fashion_Beauty,66.04
2022-10-09,CA,Canada,Fashion_Beauty,66.15
2022-10-16,CA,Canada,Fashion_Beauty,70.03
2022-10-23,CA,Canada,Fashion_Beauty,71.14
2022-10-30,CA,Canada,Fashion_Beauty,73.7
2022-11-06,CA,Canada,Fashion_Beauty,65.48
2022-11-13,CA,Canada,Fashion_Beauty,66.04
2022-11-20,CA,Canada,Fashion_Beauty,71.92
2022-11-27,CA,Canada,Fashion_Beauty,69.26
2022-12-04,CA,Canada,Fashion_Beauty,65.04
2022-12-11,CA,Canada,Fashion_Beauty,64.59
2022-12-18,CA,Canada,Fashion_Beauty,63.49
2022-12-25,CA,Canada,Fashion_Beauty,69.37
2023-01-01,CA,Canada,Fashion_Beauty,60.82
2023-01-08,CA,Canada,Fashion_Beauty,63.15
2023-01-15,CA,Canada,Fashion_Beauty,64.48
2023-01-22,CA,Canada,Fashion_Beauty,66.37
2023-01-29,CA,Canada,Fashion_Beauty,64.82
2023-02-05,CA,Canada,Fashion_Beauty,65.48
2023-02-12,CA,Canada,Fashion_Beauty,62.04
2023-02-19,CA,Canada,Fashion_Beauty,65.93
2023-02-26,CA,Canada,Fashion_Beauty,64.48
2023-03-05,CA,Canada,Fashion_Beauty,74.25
2023-03-12,CA,Canada,Fashion_Beauty,70.92
2023-03-19,CA,Canada,Fashion_Beauty,69.7
2023-03-26,CA,Canada,Fashion_Beauty,65.82
2023-04-02,CA,Canada,Fashion_Beauty,65.04
2023-04-09,CA,Canada,Fashion_Beauty,65.82
2023-04-16,CA,Canada,Fashion_Beauty,67.04
2023-04-23,CA,Canada,Fashion_Beauty,65.59
2023-04-30,CA,Canada,Fashion_Beauty,67.37
2023-05-07,CA,Canada,Fashion_Beauty,64.59
2023-05-14,CA,Canada,Fashion_Beauty,63.71
2023-05-21,CA,Canada,Fashion_Beauty,62.6
2023-05-28,CA,Canada,Fashion_Beauty,63.04
2023-06-04,CA,Canada,Fashion_Beauty,62.49
2023-06-11,CA,Canada,Fashion_Beauty,60.49
2023-06-18,CA,Canada,Fashion_Beauty,58.05
2023-06-25,CA,Canada,Fashion_Beauty,57.94
2023-07-02,CA,Canada,Fashion_Beauty,59.05
2023-07-09,CA,Canada,Fashion_Beauty,60.93
2023-07-16,CA,Canada,Fashion_Beauty,59.82
2023-07-23,CA,Canada,Fashion_Beauty,58.71
2023-07-30,CA,Canada,Fashion_Beauty,59.05
2023-08-06,CA,Canada,Fashion_Beauty,59.05
2023-08-13,CA,Canada,Fashion_Beauty,58.82
2023-08-20,CA,Canada,Fashion_Beauty,63.15
2023-08-27,CA,Canada,Fashion_Beauty,61.93
2023-09-03,CA,Canada,Fashion_Beauty,61.82
2023-09-10,CA,Canada,Fashion_Beauty,62.93
2023-09-17,CA,Canada,Fashion_Beauty,64.93
2023-09-24,CA,Canada,Fashion_Beauty,63.93
2023-10-01,CA,Canada,Fashion_Beauty,63.71
2023-10-08,CA,Canada,Fashion_Beauty,63.93
2023-10-15,CA,Canada,Fashion_Beauty,65.15
2023-10-22,CA,Canada,Fashion_Beauty,67.81
2023-10-29,CA,Canada,Fashion_Beauty,68.7
2023-11-05,CA,Canada,Fashion_Beauty,65.37
2023-11-12,CA,Canada,Fashion_Beauty,68.7
2023-11-19,CA,Canada,Fashion_Beauty,74.69
2023-11-26,CA,Canada,Fashion_Beauty,72.14
2023-12-03,CA,Canada,Fashion_Beauty,66.15
2023-12-10,CA,Canada,Fashion_Beauty,66.7
2023-12-17,CA,Canada,Fashion_Beauty,66.26
2023-12-24,CA,Canada,Fashion_Beauty,70.37
2023-12-31,CA,Canada,Fashion_Beauty,63.04
2024-01-07,CA,Canada,Fashion_Beauty,59.27
2024-01-14,CA,Canada,Fashion_Beauty,63.82
2024-01-21,CA,Canada,Fashion_Beauty,63.26
2024-01-28,CA,Canada,Fashion_Beauty,63.04
2024-02-04,CA,Canada,Fashion_Beauty,63.82
2024-02-11,CA,Canada,Fashion_Beauty,61.6
2024-02-18,CA,Canada,Fashion_Beauty,64.93
2024-02-25,CA,Canada,Fashion_Beauty,63.82
2024-03-03,CA,Canada,Fashion_Beauty,62.82
2024-03-10,CA,Canada,Fashion_Beauty,62.93
2024-03-17,CA,Canada,Fashion_Beauty,61.6
2024-03-24,CA,Canada,Fashion_Beauty,64.26
2024-03-31,CA,Canada,Fashion_Beauty,63.37
2024-04-07,CA,Canada,Fashion_Beauty,62.49
2024-04-14,CA,Canada,Fashion_Beauty,62.82
2024-04-21,CA,Canada,Fashion_Beauty,62.82
2024-04-28,CA,Canada,Fashion_Beauty,63.37
2024-05-05,CA,Canada,Fashion_Beauty,62.15
2024-05-12,CA,Canada,Fashion_Beauty,58.82
2024-05-19,CA,Canada,Fashion_Beauty,59.38
2024-05-26,CA,Canada,Fashion_Beauty,63.49
2024-06-02,CA,Canada,Fashion_Beauty,60.49
2024-06-09,CA,Canada,Fashion_Beauty,59.49
2024-06-16,CA,Canada,Fashion_Beauty,57.38
2024-06-23,CA,Canada,Fashion_Beauty,57.82
2024-06-30,CA,Canada,Fashion_Beauty,56.16
2024-07-07,CA,Canada,Fashion_Beauty,57.16
2024-07-14,CA,Canada,Fashion_Beauty,57.6
2024-07-21,CA,Canada,Fashion_Beauty,58.16
2024-07-28,CA,Canada,Fashion_Beauty,58.93
2024-08-04,CA,Canada,Fashion_Beauty,59.16
2024-08-11,CA,Canada,Fashion_Beauty,65.7
2024-08-18,CA,Canada,Fashion_Beauty,64.93
2024-08-25,CA,Canada,Fashion_Beauty,63.49
2024-09-01,CA,Canada,Fashion_Beauty,63.15
2024-09-08,CA,Canada,Fashion_Beauty,62.38
2024-09-15,CA,Canada,Fashion_Beauty,63.93
2024-09-22,CA,Canada,Fashion_Beauty,65.26
2024-09-29,CA,Canada,Fashion_Beauty,67.7
2024-10-06,CA,Canada,Fashion_Beauty,63.37
2024-10-13,CA,Canada,Fashion_Beauty,80.69
2024-10-20,CA,Canada,Fashion_Beauty,69.37
2024-10-27,CA,Canada,Fashion_Beauty,68.26
2024-11-03,CA,Canada,Fashion_Beauty,63.49
2024-11-10,CA,Canada,Fashion_Beauty,66.26
2024-11-17,CA,Canada,Fashion_Beauty,67.92
2024-11-24,CA,Canada,Fashion_Beauty,72.03
2024-12-01,CA,Canada,Fashion_Beauty,68.7
2024-12-08,CA,Canada,Fashion_Beauty,65.59
2024-12-15,CA,Canada,Fashion_Beauty,64.93
2024-12-22,CA,Canada,Fashion_Beauty,70.92
2024-12-29,CA,Canada,Fashion_Beauty,65.04
2025-01-05,CA,Canada,Fashion_Beauty,62.04
2025-01-12,CA,Canada,Fashion_Beauty,61.71
2025-01-19,CA,Canada,Fashion_Beauty,61.6
2025-01-26,CA,Canada,Fashion_Beauty,59.93
2025-02-02,CA,Canada,Fashion_Beauty,61.27
2025-02-09,CA,Canada,Fashion_Beauty,63.71
2025-02-16,CA,Canada,Fashion_Beauty,61.49
2025-02-23,CA,Canada,Fashion_Beauty,61.49
2025-03-02,CA,Canada,Fashion_Beauty,62.6
2025-03-09,CA,Canada,Fashion_Beauty,63.26
2025-03-16,CA,Canada,Fashion_Beauty,63.04
2025-03-23,CA,Canada,Fashion_Beauty,64.48
2025-03-30,CA,Canada,Fashion_Beauty,63.26
2025-04-06,CA,Canada,Fashion_Beauty,62.38
2025-04-13,CA,Canada,Fashion_Beauty,63.04
2025-04-20,CA,Canada,Fashion_Beauty,60.71
2025-04-27,CA,Canada,Fashion_Beauty,60.38
2025-05-04,CA,Canada,Fashion_Beauty,65.48
2025-05-11,CA,Canada,Fashion_Beauty,61.27
2025-05-18,CA,Canada,Fashion_Beauty,61.38
2025-05-25,CA,Canada,Fashion_Beauty,60.27
2025-06-01,CA,Canada,Fashion_Beauty,58.38
2025-06-08,CA,Canada,Fashion_Beauty,63.37
2025-06-15,CA,Canada,Fashion_Beauty,58.93
2025-06-22,CA,Canada,Fashion_Beauty,56.71
2025-06-29,CA,Canada,Fashion_Beauty,59.71
2025-07-06,CA,Canada,Fashion_Beauty,59.93
2025-07-13,CA,Canada,Fashion_Beauty,61.04
2025-07-20,CA,Canada,Fashion_Beauty,61.71
2025-07-27,CA,Canada,Fashion_Beauty,60.71
2025-08-03,CA,Canada,Fashion_Beauty,64.71
2025-08-10,CA,Canada,Fashion_Beauty,64.04
2025-08-17,CA,Canada,Fashion_Beauty,63.71
2025-08-24,CA,Canada,Fashion_Beauty,62.26
2025-08-31,CA,Canada,Fashion_Beauty,64.04
2025-09-07,CA,Canada,Fashion_Beauty,60.38
2025-09-14,CA,Canada,Fashion_Beauty,64.71
2025-09-21,CA,Canada,Fashion_Beauty,62.04
2025-09-28,CA,Canada,Fashion_Beauty,63.6
2025-10-05,CA,Canada,Fashion_Beauty,62.82
2025-10-12,CA,Canada,Fashion_Beauty,87.13
2025-10-19,CA,Canada,Fashion_Beauty,63.82
2025-10-26,CA,Canada,Fashion_Beauty,70.03
2025-11-02,CA,Canada,Fashion_Beauty,72.25
2025-11-09,CA,Canada,Fashion_Beauty,77.47
2025-11-16,CA,Canada,Fashion_Beauty,80.13
2025-11-23,CA,Canada,Fashion_Beauty,92.34
2025-11-30,CA,Canada,Fashion_Beauty,93.34
2025-12-07,CA,Canada,Fashion_Beauty,89.12
2025-12-14,CA,Canada,Fashion_Beauty,88.12
2025-12-21,CA,Canada,Fashion_Beauty,81.91
2025-12-28,CA,Canada,Fashion_Beauty,82.8
2026-01-04,CA,Canada,Fashion_Beauty,84.91
2026-01-11,CA,Canada,Fashion_Beauty,88.57
2026-01-18,CA,Canada,Fashion_Beauty,83.24
2026-01-25,CA,Canada,Fashion_Beauty,85.68
2026-02-01,CA,Canada,Fashion_Beauty,97.11
2026-02-08,CA,Canada,Fashion_Beauty,100.0
2026-02-15,CA,Canada,Fashion_Beauty,98.67
2026-02-22,CA,Canada,Fashion_Beauty,86.57
2026-03-01,CA,Canada,Fashion_Beauty,73.92
2026-03-08,CA,Canada,Fashion_Beauty,76.69
2026-03-15,CA,Canada,Fashion_Beauty,81.69
2026-03-22,CA,Canada,Fashion_Beauty,74.92
2026-03-29,CA,Canada,Fashion_Beauty,74.69
2026-04-05,CA,Canada,Fashion_Beauty,77.47
2026-04-12,CA,Canada,Fashion_Beauty,76.8
2026-04-19,CA,Canada,Fashion_Beauty,73.14
2026-04-26,CA,Canada,Fashion_Beauty,70.92
2026-05-03,CA,Canada,Fashion_Beauty,70.7
2026-05-10,CA,Canada,Fashion_Beauty,70.37
2026-05-17,CA,Canada,Fashion_Beauty,72.7
2026-05-24,CA,Canada,Fashion_Beauty,71.03
2026-05-31,CA,Canada,Fashion_Beauty,72.14
2026-06-07,CA,Canada,Fashion_Beauty,67.81
2026-06-14,CA,Canada,Fashion_Beauty,72.59
2026-06-21,CA,Canada,Fashion_Beauty,80.91
2026-06-28,CA,Canada,Fashion_Beauty,66.15
2026-07-05,CA,Canada,Fashion_Beauty,70.26
2026-07-12,CA,Canada,Fashion_Beauty,64.37
2026-07-19,CA,Canada,Fashion_Beauty,63.82
2026-07-26,CA,Canada,Fashion_Beauty,64.71
2026-08-02,CA,Canada,Fashion_Beauty,66.37
2026-08-09,CA,Canada,Fashion_Beauty,64.71
2026-08-16,CA,Canada,Fashion_Beauty,67.15
2026-08-23,CA,Canada,Fashion_Beauty,68.92
2022-08-28,AU,Australia,Nutrition_Diets,86.84
2022-09-04,AU,Australia,Nutrition_Diets,79.89
2022-09-11,AU,Australia,Nutrition_Diets,79.14
2022-09-18,AU,Australia,Nutrition_Diets,78.18
2022-09-25,AU,Australia,Nutrition_Diets,78.07
2022-10-02,AU,Australia,Nutrition_Diets,77.11
2022-10-09,AU,Australia,Nutrition_Diets,79.57
2022-10-16,AU,Australia,Nutrition_Diets,80.86
2022-10-23,AU,Australia,Nutrition_Diets,78.82
2022-10-30,AU,Australia,Nutrition_Diets,82.67
2022-11-06,AU,Australia,Nutrition_Diets,78.72
2022-11-13,AU,Australia,Nutrition_Diets,76.15
2022-11-20,AU,Australia,Nutrition_Diets,70.91
2022-11-27,AU,Australia,Nutrition_Diets,69.84
2022-12-04,AU,Australia,Nutrition_Diets,67.91
2022-12-11,AU,Australia,Nutrition_Diets,65.56
2022-12-18,AU,Australia,Nutrition_Diets,66.2
2022-12-25,AU,Australia,Nutrition_Diets,71.44
2023-01-01,AU,Australia,Nutrition_Diets,92.83
2023-01-08,AU,Australia,Nutrition_Diets,86.84
2023-01-15,AU,Australia,Nutrition_Diets,84.92
2023-01-22,AU,Australia,Nutrition_Diets,79.89
2023-01-29,AU,Australia,Nutrition_Diets,80.32
2023-02-05,AU,Australia,Nutrition_Diets,78.07
2023-02-12,AU,Australia,Nutrition_Diets,78.18
2023-02-19,AU,Australia,Nutrition_Diets,81.39
2023-02-26,AU,Australia,Nutrition_Diets,82.78
2023-03-05,AU,Australia,Nutrition_Diets,79.04
2023-03-12,AU,Australia,Nutrition_Diets,82.78
2023-03-19,AU,Australia,Nutrition_Diets,80.53
2023-03-26,AU,Australia,Nutrition_Diets,77.75
2023-04-02,AU,Australia,Nutrition_Diets,72.3
2023-04-09,AU,Australia,Nutrition_Diets,75.83
2023-04-16,AU,Australia,Nutrition_Diets,72.73
2023-04-23,AU,Australia,Nutrition_Diets,77.43
2023-04-30,AU,Australia,Nutrition_Diets,77.33
2023-05-07,AU,Australia,Nutrition_Diets,75.61
2023-05-14,AU,Australia,Nutrition_Diets,77.75
2023-05-21,AU,Australia,Nutrition_Diets,74.65
2023-05-28,AU,Australia,Nutrition_Diets,77.65
2023-06-04,AU,Australia,Nutrition_Diets,76.36
2023-06-11,AU,Australia,Nutrition_Diets,74.97
2023-06-18,AU,Australia,Nutrition_Diets,73.48
2023-06-25,AU,Australia,Nutrition_Diets,78.93
2023-07-02,AU,Australia,Nutrition_Diets,75.19
2023-07-09,AU,Australia,Nutrition_Diets,77.01
2023-07-16,AU,Australia,Nutrition_Diets,74.87
2023-07-23,AU,Australia,Nutrition_Diets,75.51
2023-07-30,AU,Australia,Nutrition_Diets,77.22
2023-08-06,AU,Australia,Nutrition_Diets,78.5
2023-08-13,AU,Australia,Nutrition_Diets,80.0
2023-08-20,AU,Australia,Nutrition_Diets,80.21
2023-08-27,AU,Australia,Nutrition_Diets,79.25
2023-09-03,AU,Australia,Nutrition_Diets,81.6
2023-09-10,AU,Australia,Nutrition_Diets,87.81
2023-09-17,AU,Australia,Nutrition_Diets,80.0
2023-09-24,AU,Australia,Nutrition_Diets,72.73
2023-10-01,AU,Australia,Nutrition_Diets,76.15
2023-10-08,AU,Australia,Nutrition_Diets,73.69
2023-10-15,AU,Australia,Nutrition_Diets,78.4
2023-10-22,AU,Australia,Nutrition_Diets,74.76
2023-10-29,AU,Australia,Nutrition_Diets,75.61
2023-11-05,AU,Australia,Nutrition_Diets,73.37
2023-11-12,AU,Australia,Nutrition_Diets,74.22
2023-11-19,AU,Australia,Nutrition_Diets,71.34
2023-11-26,AU,Australia,Nutrition_Diets,64.92
2023-12-03,AU,Australia,Nutrition_Diets,69.73
2023-12-10,AU,Australia,Nutrition_Diets,68.77
2023-12-17,AU,Australia,Nutrition_Diets,62.99
2023-12-24,AU,Australia,Nutrition_Diets,66.31
2023-12-31,AU,Australia,Nutrition_Diets,100.0
2024-01-07,AU,Australia,Nutrition_Diets,95.83
2024-01-14,AU,Australia,Nutrition_Diets,85.24
2024-01-21,AU,Australia,Nutrition_Diets,76.79
2024-01-28,AU,Australia,Nutrition_Diets,80.53
2024-02-04,AU,Australia,Nutrition_Diets,76.68
2024-02-11,AU,Australia,Nutrition_Diets,72.73
2024-02-18,AU,Australia,Nutrition_Diets,76.9
2024-02-25,AU,Australia,Nutrition_Diets,74.12
2024-03-03,AU,Australia,Nutrition_Diets,72.3
2024-03-10,AU,Australia,Nutrition_Diets,73.48
2024-03-17,AU,Australia,Nutrition_Diets,73.48
2024-03-24,AU,Australia,Nutrition_Diets,67.81
2024-03-31,AU,Australia,Nutrition_Diets,70.16
2024-04-07,AU,Australia,Nutrition_Diets,74.33
2024-04-14,AU,Australia,Nutrition_Diets,70.91
2024-04-21,AU,Australia,Nutrition_Diets,72.09
2024-04-28,AU,Australia,Nutrition_Diets,76.36
2024-05-05,AU,Australia,Nutrition_Diets,73.48
2024-05-12,AU,Australia,Nutrition_Diets,77.54
2024-05-19,AU,Australia,Nutrition_Diets,78.82
2024-05-26,AU,Australia,Nutrition_Diets,75.83
2024-06-02,AU,Australia,Nutrition_Diets,74.33
2024-06-09,AU,Australia,Nutrition_Diets,73.69
2024-06-16,AU,Australia,Nutrition_Diets,74.76
2024-06-23,AU,Australia,Nutrition_Diets,72.41
2024-06-30,AU,Australia,Nutrition_Diets,73.37
2024-07-07,AU,Australia,Nutrition_Diets,71.76
2024-07-14,AU,Australia,Nutrition_Diets,72.41
2024-07-21,AU,Australia,Nutrition_Diets,78.93
2024-07-28,AU,Australia,Nutrition_Diets,73.8
2024-08-04,AU,Australia,Nutrition_Diets,73.05
2024-08-11,AU,Australia,Nutrition_Diets,77.97
2024-08-18,AU,Australia,Nutrition_Diets,78.4
2024-08-25,AU,Australia,Nutrition_Diets,79.04
2024-09-01,AU,Australia,Nutrition_Diets,80.96
2024-09-08,AU,Australia,Nutrition_Diets,80.86
2024-09-15,AU,Australia,Nutrition_Diets,77.43
2024-09-22,AU,Australia,Nutrition_Diets,74.97
2024-09-29,AU,Australia,Nutrition_Diets,80.11
2024-10-06,AU,Australia,Nutrition_Diets,79.57
2024-10-13,AU,Australia,Nutrition_Diets,76.58
2024-10-20,AU,Australia,Nutrition_Diets,79.89
2024-10-27,AU,Australia,Nutrition_Diets,75.19
2024-11-03,AU,Australia,Nutrition_Diets,72.73
2024-11-10,AU,Australia,Nutrition_Diets,74.55
2024-11-17,AU,Australia,Nutrition_Diets,72.73
2024-11-24,AU,Australia,Nutrition_Diets,72.73
2024-12-01,AU,Australia,Nutrition_Diets,66.63
2024-12-08,AU,Australia,Nutrition_Diets,66.84
2024-12-15,AU,Australia,Nutrition_Diets,63.42
2024-12-22,AU,Australia,Nutrition_Diets,63.96
2024-12-29,AU,Australia,Nutrition_Diets,80.64
2025-01-05,AU,Australia,Nutrition_Diets,95.4
2025-01-12,AU,Australia,Nutrition_Diets,88.56
2025-01-19,AU,Australia,Nutrition_Diets,79.47
2025-01-26,AU,Australia,Nutrition_Diets,84.49
2025-02-02,AU,Australia,Nutrition_Diets,80.64
2025-02-09,AU,Australia,Nutrition_Diets,78.18
2025-02-16,AU,Australia,Nutrition_Diets,76.04
2025-02-23,AU,Australia,Nutrition_Diets,79.57
2025-03-02,AU,Australia,Nutrition_Diets,71.34
2025-03-09,AU,Australia,Nutrition_Diets,77.43
2025-03-16,AU,Australia,Nutrition_Diets,78.4
2025-03-23,AU,Australia,Nutrition_Diets,79.04
2025-03-30,AU,Australia,Nutrition_Diets,78.07
2025-04-06,AU,Australia,Nutrition_Diets,74.76
2025-04-13,AU,Australia,Nutrition_Diets,71.34
2025-04-20,AU,Australia,Nutrition_Diets,71.76
2025-04-27,AU,Australia,Nutrition_Diets,74.33
2025-05-04,AU,Australia,Nutrition_Diets,75.83
2025-05-11,AU,Australia,Nutrition_Diets,80.53
2025-05-18,AU,Australia,Nutrition_Diets,79.79
2025-05-25,AU,Australia,Nutrition_Diets,78.07
2025-06-01,AU,Australia,Nutrition_Diets,74.22
2025-06-08,AU,Australia,Nutrition_Diets,73.37
2025-06-15,AU,Australia,Nutrition_Diets,71.87
2025-06-22,AU,Australia,Nutrition_Diets,75.83
2025-06-29,AU,Australia,Nutrition_Diets,71.87
2025-07-06,AU,Australia,Nutrition_Diets,69.3
2025-07-13,AU,Australia,Nutrition_Diets,72.73
2025-07-20,AU,Australia,Nutrition_Diets,72.62
2025-07-27,AU,Australia,Nutrition_Diets,74.22
2025-08-03,AU,Australia,Nutrition_Diets,76.04
2025-08-10,AU,Australia,Nutrition_Diets,76.15
2025-08-17,AU,Australia,Nutrition_Diets,74.55
2025-08-24,AU,Australia,Nutrition_Diets,74.76
2025-08-31,AU,Australia,Nutrition_Diets,74.97
2025-09-07,AU,Australia,Nutrition_Diets,76.68
2025-09-14,AU,Australia,Nutrition_Diets,72.94
2025-09-21,AU,Australia,Nutrition_Diets,70.8
2025-09-28,AU,Australia,Nutrition_Diets,69.73
2025-10-05,AU,Australia,Nutrition_Diets,70.7
2025-10-12,AU,Australia,Nutrition_Diets,74.44
2025-10-19,AU,Australia,Nutrition_Diets,76.9
2025-10-26,AU,Australia,Nutrition_Diets,73.26
2025-11-02,AU,Australia,Nutrition_Diets,76.47
2025-11-09,AU,Australia,Nutrition_Diets,74.97
2025-11-16,AU,Australia,Nutrition_Diets,76.47
2025-11-23,AU,Australia,Nutrition_Diets,76.36
2025-11-30,AU,Australia,Nutrition_Diets,74.01
2025-12-07,AU,Australia,Nutrition_Diets,70.59
2025-12-14,AU,Australia,Nutrition_Diets,66.95
2025-12-21,AU,Australia,Nutrition_Diets,66.2
2025-12-28,AU,Australia,Nutrition_Diets,84.6
2026-01-04,AU,Australia,Nutrition_Diets,91.87
2026-01-11,AU,Australia,Nutrition_Diets,90.37
2026-01-18,AU,Australia,Nutrition_Diets,83.42
2026-01-25,AU,Australia,Nutrition_Diets,81.5
2026-02-01,AU,Australia,Nutrition_Diets,83.64
2026-02-08,AU,Australia,Nutrition_Diets,84.71
2026-02-15,AU,Australia,Nutrition_Diets,88.02
2026-02-22,AU,Australia,Nutrition_Diets,80.96
2026-03-01,AU,Australia,Nutrition_Diets,80.32
2026-03-08,AU,Australia,Nutrition_Diets,79.68
2026-03-15,AU,Australia,Nutrition_Diets,81.18
2026-03-22,AU,Australia,Nutrition_Diets,82.46
2026-03-29,AU,Australia,Nutrition_Diets,80.21
2026-04-05,AU,Australia,Nutrition_Diets,81.28
2026-04-12,AU,Australia,Nutrition_Diets,82.35
2026-04-19,AU,Australia,Nutrition_Diets,85.24
2026-04-26,AU,Australia,Nutrition_Diets,85.03
2026-05-03,AU,Australia,Nutrition_Diets,81.18
2026-05-10,AU,Australia,Nutrition_Diets,83.96
2026-05-17,AU,Australia,Nutrition_Diets,83.42
2026-05-24,AU,Australia,Nutrition_Diets,85.45
2026-05-31,AU,Australia,Nutrition_Diets,82.25
2026-06-07,AU,Australia,Nutrition_Diets,77.75
2026-06-14,AU,Australia,Nutrition_Diets,74.01
2026-06-21,AU,Australia,Nutrition_Diets,73.8
2026-06-28,AU,Australia,Nutrition_Diets,79.47
2026-07-05,AU,Australia,Nutrition_Diets,79.57
2026-07-12,AU,Australia,Nutrition_Diets,76.36
2026-07-19,AU,Australia,Nutrition_Diets,77.65
2026-07-26,AU,Australia,Nutrition_Diets,74.33
2026-08-02,AU,Australia,Nutrition_Diets,78.18
2026-08-09,AU,Australia,Nutrition_Diets,78.5
2026-08-16,AU,Australia,Nutrition_Diets,77.01
2026-08-23,AU,Australia,Nutrition_Diets,80.32
2022-08-28,AU,Australia,Fitness_Wearables,74.92
2022-09-04,AU,Australia,Fitness_Wearables,72.6
2022-09-11,AU,Australia,Fitness_Wearables,72.09
2022-09-18,AU,Australia,Fitness_Wearables,75.83
2022-09-25,AU,Australia,Fitness_Wearables,73.51
2022-10-02,AU,Australia,Fitness_Wearables,73.61
2022-10-09,AU,Australia,Fitness_Wearables,74.62
2022-10-16,AU,Australia,Fitness_Wearables,72.8
2022-10-23,AU,Australia,Fitness_Wearables,72.5
2022-10-30,AU,Australia,Fitness_Wearables,73.41
2022-11-06,AU,Australia,Fitness_Wearables,71.28
2022-11-13,AU,Australia,Fitness_Wearables,72.19
2022-11-20,AU,Australia,Fitness_Wearables,74.62
2022-11-27,AU,Australia,Fitness_Wearables,71.69
2022-12-04,AU,Australia,Fitness_Wearables,70.37
2022-12-11,AU,Australia,Fitness_Wearables,69.36
2022-12-18,AU,Australia,Fitness_Wearables,68.45
2022-12-25,AU,Australia,Fitness_Wearables,80.89
2023-01-01,AU,Australia,Fitness_Wearables,88.17
2023-01-08,AU,Australia,Fitness_Wearables,86.25
2023-01-15,AU,Australia,Fitness_Wearables,82.71
2023-01-22,AU,Australia,Fitness_Wearables,81.4
2023-01-29,AU,Australia,Fitness_Wearables,84.23
2023-02-05,AU,Australia,Fitness_Wearables,80.49
2023-02-12,AU,Australia,Fitness_Wearables,78.67
2023-02-19,AU,Australia,Fitness_Wearables,81.09
2023-02-26,AU,Australia,Fitness_Wearables,77.96
2023-03-05,AU,Australia,Fitness_Wearables,74.42
2023-03-12,AU,Australia,Fitness_Wearables,72.5
2023-03-19,AU,Australia,Fitness_Wearables,72.9
2023-03-26,AU,Australia,Fitness_Wearables,73.1
2023-04-02,AU,Australia,Fitness_Wearables,71.69
2023-04-09,AU,Australia,Fitness_Wearables,73.71
2023-04-16,AU,Australia,Fitness_Wearables,72.3
2023-04-23,AU,Australia,Fitness_Wearables,74.62
2023-04-30,AU,Australia,Fitness_Wearables,73.61
2023-05-07,AU,Australia,Fitness_Wearables,68.45
2023-05-14,AU,Australia,Fitness_Wearables,69.97
2023-05-21,AU,Australia,Fitness_Wearables,70.07
2023-05-28,AU,Australia,Fitness_Wearables,71.59
2023-06-04,AU,Australia,Fitness_Wearables,70.48
2023-06-11,AU,Australia,Fitness_Wearables,71.99
2023-06-18,AU,Australia,Fitness_Wearables,70.98
2023-06-25,AU,Australia,Fitness_Wearables,70.58
2023-07-02,AU,Australia,Fitness_Wearables,73.31
2023-07-09,AU,Australia,Fitness_Wearables,74.32
2023-07-16,AU,Australia,Fitness_Wearables,74.01
2023-07-23,AU,Australia,Fitness_Wearables,73.21
2023-07-30,AU,Australia,Fitness_Wearables,73.31
2023-08-06,AU,Australia,Fitness_Wearables,73.71
2023-08-13,AU,Australia,Fitness_Wearables,72.19
2023-08-20,AU,Australia,Fitness_Wearables,74.62
2023-08-27,AU,Australia,Fitness_Wearables,74.22
2023-09-03,AU,Australia,Fitness_Wearables,73.1
2023-09-10,AU,Australia,Fitness_Wearables,72.5
2023-09-17,AU,Australia,Fitness_Wearables,74.52
2023-09-24,AU,Australia,Fitness_Wearables,73.61
2023-10-01,AU,Australia,Fitness_Wearables,73.51
2023-10-08,AU,Australia,Fitness_Wearables,72.6
2023-10-15,AU,Australia,Fitness_Wearables,72.9
2023-10-22,AU,Australia,Fitness_Wearables,70.98
2023-10-29,AU,Australia,Fitness_Wearables,74.52
2023-11-05,AU,Australia,Fitness_Wearables,71.49
2023-11-12,AU,Australia,Fitness_Wearables,75.13
2023-11-19,AU,Australia,Fitness_Wearables,75.53
2023-11-26,AU,Australia,Fitness_Wearables,73.91
2023-12-03,AU,Australia,Fitness_Wearables,72.7
2023-12-10,AU,Australia,Fitness_Wearables,70.68
2023-12-17,AU,Australia,Fitness_Wearables,70.17
2023-12-24,AU,Australia,Fitness_Wearables,79.68
2023-12-31,AU,Australia,Fitness_Wearables,86.75
2024-01-07,AU,Australia,Fitness_Wearables,89.99
2024-01-14,AU,Australia,Fitness_Wearables,82.1
2024-01-21,AU,Australia,Fitness_Wearables,79.68
2024-01-28,AU,Australia,Fitness_Wearables,82.71
2024-02-04,AU,Australia,Fitness_Wearables,80.59
2024-02-11,AU,Australia,Fitness_Wearables,76.14
2024-02-18,AU,Australia,Fitness_Wearables,80.99
2024-02-25,AU,Australia,Fitness_Wearables,76.24
2024-03-03,AU,Australia,Fitness_Wearables,76.44
2024-03-10,AU,Australia,Fitness_Wearables,75.03
2024-03-17,AU,Australia,Fitness_Wearables,74.12
2024-03-24,AU,Australia,Fitness_Wearables,72.7
2024-03-31,AU,Australia,Fitness_Wearables,75.63
2024-04-07,AU,Australia,Fitness_Wearables,74.52
2024-04-14,AU,Australia,Fitness_Wearables,73.91
2024-04-21,AU,Australia,Fitness_Wearables,72.9
2024-04-28,AU,Australia,Fitness_Wearables,74.92
2024-05-05,AU,Australia,Fitness_Wearables,71.39
2024-05-12,AU,Australia,Fitness_Wearables,71.89
2024-05-19,AU,Australia,Fitness_Wearables,73.91
2024-05-26,AU,Australia,Fitness_Wearables,73.91
2024-06-02,AU,Australia,Fitness_Wearables,72.9
2024-06-09,AU,Australia,Fitness_Wearables,73.91
2024-06-16,AU,Australia,Fitness_Wearables,74.22
2024-06-23,AU,Australia,Fitness_Wearables,74.42
2024-06-30,AU,Australia,Fitness_Wearables,72.5
2024-07-07,AU,Australia,Fitness_Wearables,75.73
2024-07-14,AU,Australia,Fitness_Wearables,74.92
2024-07-21,AU,Australia,Fitness_Wearables,75.83
2024-07-28,AU,Australia,Fitness_Wearables,76.95
2024-08-04,AU,Australia,Fitness_Wearables,76.95
2024-08-11,AU,Australia,Fitness_Wearables,78.26
2024-08-18,AU,Australia,Fitness_Wearables,77.96
2024-08-25,AU,Australia,Fitness_Wearables,77.25
2024-09-01,AU,Australia,Fitness_Wearables,76.54
2024-09-08,AU,Australia,Fitness_Wearables,76.64
2024-09-15,AU,Australia,Fitness_Wearables,76.24
2024-09-22,AU,Australia,Fitness_Wearables,75.73
2024-09-29,AU,Australia,Fitness_Wearables,75.33
2024-10-06,AU,Australia,Fitness_Wearables,76.24
2024-10-13,AU,Australia,Fitness_Wearables,76.44
2024-10-20,AU,Australia,Fitness_Wearables,73.21
2024-10-27,AU,Australia,Fitness_Wearables,70.68
2024-11-03,AU,Australia,Fitness_Wearables,72.9
2024-11-10,AU,Australia,Fitness_Wearables,72.9
2024-11-17,AU,Australia,Fitness_Wearables,78.56
2024-11-24,AU,Australia,Fitness_Wearables,82.1
2024-12-01,AU,Australia,Fitness_Wearables,74.62
2024-12-08,AU,Australia,Fitness_Wearables,71.99
2024-12-15,AU,Australia,Fitness_Wearables,69.87
2024-12-22,AU,Australia,Fitness_Wearables,80.18
2024-12-29,AU,Australia,Fitness_Wearables,87.26
2025-01-05,AU,Australia,Fitness_Wearables,96.46
2025-01-12,AU,Australia,Fitness_Wearables,90.7
2025-01-19,AU,Australia,Fitness_Wearables,84.23
2025-01-26,AU,Australia,Fitness_Wearables,88.68
2025-02-02,AU,Australia,Fitness_Wearables,83.82
2025-02-09,AU,Australia,Fitness_Wearables,78.46
2025-02-16,AU,Australia,Fitness_Wearables,82.2
2025-02-23,AU,Australia,Fitness_Wearables,83.22
2025-03-02,AU,Australia,Fitness_Wearables,75.23
2025-03-09,AU,Australia,Fitness_Wearables,79.98
2025-03-16,AU,Australia,Fitness_Wearables,77.55
2025-03-23,AU,Australia,Fitness_Wearables,78.16
2025-03-30,AU,Australia,Fitness_Wearables,76.14
2025-04-06,AU,Australia,Fitness_Wearables,74.42
2025-04-13,AU,Australia,Fitness_Wearables,75.83
2025-04-20,AU,Australia,Fitness_Wearables,76.24
2025-04-27,AU,Australia,Fitness_Wearables,75.43
2025-05-04,AU,Australia,Fitness_Wearables,76.14
2025-05-11,AU,Australia,Fitness_Wearables,77.25
2025-05-18,AU,Australia,Fitness_Wearables,76.64
2025-05-25,AU,Australia,Fitness_Wearables,76.95
2025-06-01,AU,Australia,Fitness_Wearables,75.73
2025-06-08,AU,Australia,Fitness_Wearables,73.61
2025-06-15,AU,Australia,Fitness_Wearables,74.32
2025-06-22,AU,Australia,Fitness_Wearables,74.92
2025-06-29,AU,Australia,Fitness_Wearables,76.44
2025-07-06,AU,Australia,Fitness_Wearables,77.76
2025-07-13,AU,Australia,Fitness_Wearables,76.74
2025-07-20,AU,Australia,Fitness_Wearables,76.44
2025-07-27,AU,Australia,Fitness_Wearables,77.86
2025-08-03,AU,Australia,Fitness_Wearables,77.86
2025-08-10,AU,Australia,Fitness_Wearables,78.06
2025-08-17,AU,Australia,Fitness_Wearables,79.88
2025-08-24,AU,Australia,Fitness_Wearables,78.16
2025-08-31,AU,Australia,Fitness_Wearables,76.85
2025-09-07,AU,Australia,Fitness_Wearables,75.63
2025-09-14,AU,Australia,Fitness_Wearables,80.49
2025-09-21,AU,Australia,Fitness_Wearables,76.85
2025-09-28,AU,Australia,Fitness_Wearables,77.35
2025-10-05,AU,Australia,Fitness_Wearables,76.14
2025-10-12,AU,Australia,Fitness_Wearables,78.16
2025-10-19,AU,Australia,Fitness_Wearables,76.54
2025-10-26,AU,Australia,Fitness_Wearables,73.0
2025-11-02,AU,Australia,Fitness_Wearables,82.91
2025-11-09,AU,Australia,Fitness_Wearables,81.5
2025-11-16,AU,Australia,Fitness_Wearables,84.83
2025-11-23,AU,Australia,Fitness_Wearables,86.55
2025-11-30,AU,Australia,Fitness_Wearables,81.6
2025-12-07,AU,Australia,Fitness_Wearables,80.18
2025-12-14,AU,Australia,Fitness_Wearables,74.32
2025-12-21,AU,Australia,Fitness_Wearables,82.91
2025-12-28,AU,Australia,Fitness_Wearables,94.84
2026-01-04,AU,Australia,Fitness_Wearables,97.78
2026-01-11,AU,Australia,Fitness_Wearables,100.0
2026-01-18,AU,Australia,Fitness_Wearables,92.21
2026-01-25,AU,Australia,Fitness_Wearables,92.62
2026-02-01,AU,Australia,Fitness_Wearables,94.03
2026-02-08,AU,Australia,Fitness_Wearables,97.47
2026-02-15,AU,Australia,Fitness_Wearables,94.34
2026-02-22,AU,Australia,Fitness_Wearables,86.86
2026-03-01,AU,Australia,Fitness_Wearables,83.82
2026-03-08,AU,Australia,Fitness_Wearables,86.35
2026-03-15,AU,Australia,Fitness_Wearables,86.15
2026-03-22,AU,Australia,Fitness_Wearables,86.75
2026-03-29,AU,Australia,Fitness_Wearables,85.84
2026-04-05,AU,Australia,Fitness_Wearables,88.17
2026-04-12,AU,Australia,Fitness_Wearables,86.65
2026-04-19,AU,Australia,Fitness_Wearables,87.77
2026-04-26,AU,Australia,Fitness_Wearables,88.27
2026-05-03,AU,Australia,Fitness_Wearables,87.16
2026-05-10,AU,Australia,Fitness_Wearables,87.36
2026-05-17,AU,Australia,Fitness_Wearables,84.73
2026-05-24,AU,Australia,Fitness_Wearables,85.54
2026-05-31,AU,Australia,Fitness_Wearables,84.93
2026-06-07,AU,Australia,Fitness_Wearables,81.8
2026-06-14,AU,Australia,Fitness_Wearables,81.19
2026-06-21,AU,Australia,Fitness_Wearables,83.32
2026-06-28,AU,Australia,Fitness_Wearables,84.83
2026-07-05,AU,Australia,Fitness_Wearables,84.73
2026-07-12,AU,Australia,Fitness_Wearables,84.02
2026-07-19,AU,Australia,Fitness_Wearables,82.71
2026-07-26,AU,Australia,Fitness_Wearables,85.44
2026-08-02,AU,Australia,Fitness_Wearables,84.73
2026-08-09,AU,Australia,Fitness_Wearables,83.82
2026-08-16,AU,Australia,Fitness_Wearables,84.93
2026-08-23,AU,Australia,Fitness_Wearables,84.73
2022-08-28,AU,Australia,Fashion_Beauty,67.6
2022-09-04,AU,Australia,Fashion_Beauty,65.16
2022-09-11,AU,Australia,Fashion_Beauty,64.79
2022-09-18,AU,Australia,Fashion_Beauty,65.53
2022-09-25,AU,Australia,Fashion_Beauty,66.14
2022-10-02,AU,Australia,Fashion_Beauty,69.8
2022-10-09,AU,Australia,Fashion_Beauty,69.93
2022-10-16,AU,Australia,Fashion_Beauty,69.68
2022-10-23,AU,Australia,Fashion_Beauty,67.36
2022-10-30,AU,Australia,Fashion_Beauty,68.95
2022-11-06,AU,Australia,Fashion_Beauty,65.4
2022-11-13,AU,Australia,Fashion_Beauty,66.99
2022-11-20,AU,Australia,Fashion_Beauty,71.39
2022-11-27,AU,Australia,Fashion_Beauty,67.73
2022-12-04,AU,Australia,Fashion_Beauty,63.2
2022-12-11,AU,Australia,Fashion_Beauty,62.71
2022-12-18,AU,Australia,Fashion_Beauty,60.76
2022-12-25,AU,Australia,Fashion_Beauty,67.73
2023-01-01,AU,Australia,Fashion_Beauty,59.17
2023-01-08,AU,Australia,Fashion_Beauty,57.33
2023-01-15,AU,Australia,Fashion_Beauty,57.58
2023-01-22,AU,Australia,Fashion_Beauty,56.97
2023-01-29,AU,Australia,Fashion_Beauty,57.7
2023-02-05,AU,Australia,Fashion_Beauty,60.88
2023-02-12,AU,Australia,Fashion_Beauty,58.44
2023-02-19,AU,Australia,Fashion_Beauty,57.82
2023-02-26,AU,Australia,Fashion_Beauty,61.12
2023-03-05,AU,Australia,Fashion_Beauty,66.14
2023-03-12,AU,Australia,Fashion_Beauty,64.55
2023-03-19,AU,Australia,Fashion_Beauty,61.49
2023-03-26,AU,Australia,Fashion_Beauty,61.37
2023-04-02,AU,Australia,Fashion_Beauty,60.76
2023-04-09,AU,Australia,Fashion_Beauty,64.43
2023-04-16,AU,Australia,Fashion_Beauty,64.91
2023-04-23,AU,Australia,Fashion_Beauty,64.43
2023-04-30,AU,Australia,Fashion_Beauty,65.53
2023-05-07,AU,Australia,Fashion_Beauty,64.91
2023-05-14,AU,Australia,Fashion_Beauty,67.48
2023-05-21,AU,Australia,Fashion_Beauty,61.61
2023-05-28,AU,Australia,Fashion_Beauty,60.27
2023-06-04,AU,Australia,Fashion_Beauty,59.17
2023-06-11,AU,Australia,Fashion_Beauty,58.8
2023-06-18,AU,Australia,Fashion_Beauty,59.66
2023-06-25,AU,Australia,Fashion_Beauty,58.44
2023-07-02,AU,Australia,Fashion_Beauty,60.76
2023-07-09,AU,Australia,Fashion_Beauty,58.19
2023-07-16,AU,Australia,Fashion_Beauty,59.78
2023-07-23,AU,Australia,Fashion_Beauty,59.66
2023-07-30,AU,Australia,Fashion_Beauty,60.27
2023-08-06,AU,Australia,Fashion_Beauty,59.29
2023-08-13,AU,Australia,Fashion_Beauty,60.88
2023-08-20,AU,Australia,Fashion_Beauty,61.49
2023-08-27,AU,Australia,Fashion_Beauty,60.88
2023-09-03,AU,Australia,Fashion_Beauty,60.27
2023-09-10,AU,Australia,Fashion_Beauty,60.64
2023-09-17,AU,Australia,Fashion_Beauty,62.47
2023-09-24,AU,Australia,Fashion_Beauty,63.2
2023-10-01,AU,Australia,Fashion_Beauty,61.49
2023-10-08,AU,Australia,Fashion_Beauty,62.1
2023-10-15,AU,Australia,Fashion_Beauty,63.94
2023-10-22,AU,Australia,Fashion_Beauty,65.16
2023-10-29,AU,Australia,Fashion_Beauty,63.94
2023-11-05,AU,Australia,Fashion_Beauty,65.04
2023-11-12,AU,Australia,Fashion_Beauty,66.63
2023-11-19,AU,Australia,Fashion_Beauty,71.88
2023-11-26,AU,Australia,Fashion_Beauty,67.24
2023-12-03,AU,Australia,Fashion_Beauty,66.63
2023-12-10,AU,Australia,Fashion_Beauty,69.19
2023-12-17,AU,Australia,Fashion_Beauty,63.08
2023-12-24,AU,Australia,Fashion_Beauty,65.89
2023-12-31,AU,Australia,Fashion_Beauty,58.07
2024-01-07,AU,Australia,Fashion_Beauty,60.76
2024-01-14,AU,Australia,Fashion_Beauty,57.82
2024-01-21,AU,Australia,Fashion_Beauty,54.65
2024-01-28,AU,Australia,Fashion_Beauty,55.62
2024-02-04,AU,Australia,Fashion_Beauty,57.95
2024-02-11,AU,Australia,Fashion_Beauty,55.38
2024-02-18,AU,Australia,Fashion_Beauty,59.78
2024-02-25,AU,Australia,Fashion_Beauty,57.33
2024-03-03,AU,Australia,Fashion_Beauty,60.02
2024-03-10,AU,Australia,Fashion_Beauty,60.27
2024-03-17,AU,Australia,Fashion_Beauty,58.68
2024-03-24,AU,Australia,Fashion_Beauty,57.58
2024-03-31,AU,Australia,Fashion_Beauty,58.56
2024-04-07,AU,Australia,Fashion_Beauty,62.1
2024-04-14,AU,Australia,Fashion_Beauty,60.64
2024-04-21,AU,Australia,Fashion_Beauty,63.33
2024-04-28,AU,Australia,Fashion_Beauty,61.74
2024-05-05,AU,Australia,Fashion_Beauty,62.71
2024-05-12,AU,Australia,Fashion_Beauty,64.18
2024-05-19,AU,Australia,Fashion_Beauty,62.59
2024-05-26,AU,Australia,Fashion_Beauty,59.78
2024-06-02,AU,Australia,Fashion_Beauty,59.29
2024-06-09,AU,Australia,Fashion_Beauty,60.39
2024-06-16,AU,Australia,Fashion_Beauty,58.56
2024-06-23,AU,Australia,Fashion_Beauty,57.58
2024-06-30,AU,Australia,Fashion_Beauty,56.97
2024-07-07,AU,Australia,Fashion_Beauty,59.66
2024-07-14,AU,Australia,Fashion_Beauty,59.17
2024-07-21,AU,Australia,Fashion_Beauty,61.0
2024-07-28,AU,Australia,Fashion_Beauty,59.05
2024-08-04,AU,Australia,Fashion_Beauty,58.68
2024-08-11,AU,Australia,Fashion_Beauty,61.74
2024-08-18,AU,Australia,Fashion_Beauty,61.74
2024-08-25,AU,Australia,Fashion_Beauty,62.1
2024-09-01,AU,Australia,Fashion_Beauty,63.2
2024-09-08,AU,Australia,Fashion_Beauty,62.84
2024-09-15,AU,Australia,Fashion_Beauty,63.45
2024-09-22,AU,Australia,Fashion_Beauty,65.04
2024-09-29,AU,Australia,Fashion_Beauty,65.16
2024-10-06,AU,Australia,Fashion_Beauty,63.08
2024-10-13,AU,Australia,Fashion_Beauty,76.28
2024-10-20,AU,Australia,Fashion_Beauty,69.19
2024-10-27,AU,Australia,Fashion_Beauty,64.3
2024-11-03,AU,Australia,Fashion_Beauty,61.25
2024-11-10,AU,Australia,Fashion_Beauty,63.57
2024-11-17,AU,Australia,Fashion_Beauty,66.87
2024-11-24,AU,Australia,Fashion_Beauty,71.64
2024-12-01,AU,Australia,Fashion_Beauty,64.55
2024-12-08,AU,Australia,Fashion_Beauty,63.81
2024-12-15,AU,Australia,Fashion_Beauty,63.45
2024-12-22,AU,Australia,Fashion_Beauty,69.68
2024-12-29,AU,Australia,Fashion_Beauty,60.27
2025-01-05,AU,Australia,Fashion_Beauty,59.54
2025-01-12,AU,Australia,Fashion_Beauty,58.31
2025-01-19,AU,Australia,Fashion_Beauty,57.21
2025-01-26,AU,Australia,Fashion_Beauty,57.09
2025-02-02,AU,Australia,Fashion_Beauty,58.44
2025-02-09,AU,Australia,Fashion_Beauty,59.9
2025-02-16,AU,Australia,Fashion_Beauty,58.56
2025-02-23,AU,Australia,Fashion_Beauty,60.15
2025-03-02,AU,Australia,Fashion_Beauty,57.33
2025-03-09,AU,Australia,Fashion_Beauty,59.29
2025-03-16,AU,Australia,Fashion_Beauty,61.0
2025-03-23,AU,Australia,Fashion_Beauty,58.8
2025-03-30,AU,Australia,Fashion_Beauty,60.02
2025-04-06,AU,Australia,Fashion_Beauty,60.88
2025-04-13,AU,Australia,Fashion_Beauty,59.66
2025-04-20,AU,Australia,Fashion_Beauty,62.22
2025-04-27,AU,Australia,Fashion_Beauty,58.8
2025-05-04,AU,Australia,Fashion_Beauty,62.84
2025-05-11,AU,Australia,Fashion_Beauty,62.84
2025-05-18,AU,Australia,Fashion_Beauty,62.59
2025-05-25,AU,Australia,Fashion_Beauty,60.15
2025-06-01,AU,Australia,Fashion_Beauty,59.41
2025-06-08,AU,Australia,Fashion_Beauty,59.05
2025-06-15,AU,Australia,Fashion_Beauty,59.54
2025-06-22,AU,Australia,Fashion_Beauty,57.82
2025-06-29,AU,Australia,Fashion_Beauty,59.17
2025-07-06,AU,Australia,Fashion_Beauty,60.27
2025-07-13,AU,Australia,Fashion_Beauty,58.19
2025-07-20,AU,Australia,Fashion_Beauty,57.58
2025-07-27,AU,Australia,Fashion_Beauty,59.54
2025-08-03,AU,Australia,Fashion_Beauty,62.84
2025-08-10,AU,Australia,Fashion_Beauty,60.51
2025-08-17,AU,Australia,Fashion_Beauty,61.25
2025-08-24,AU,Australia,Fashion_Beauty,61.61
2025-08-31,AU,Australia,Fashion_Beauty,60.88
2025-09-07,AU,Australia,Fashion_Beauty,60.64
2025-09-14,AU,Australia,Fashion_Beauty,60.39
2025-09-21,AU,Australia,Fashion_Beauty,58.56
2025-09-28,AU,Australia,Fashion_Beauty,63.45
2025-10-05,AU,Australia,Fashion_Beauty,64.06
2025-10-12,AU,Australia,Fashion_Beauty,80.44
2025-10-19,AU,Australia,Fashion_Beauty,63.94
2025-10-26,AU,Australia,Fashion_Beauty,63.69
2025-11-02,AU,Australia,Fashion_Beauty,71.64
2025-11-09,AU,Australia,Fashion_Beauty,70.29
2025-11-16,AU,Australia,Fashion_Beauty,71.27
2025-11-23,AU,Australia,Fashion_Beauty,79.34
2025-11-30,AU,Australia,Fashion_Beauty,73.72
2025-12-07,AU,Australia,Fashion_Beauty,69.93
2025-12-14,AU,Australia,Fashion_Beauty,66.5
2025-12-21,AU,Australia,Fashion_Beauty,70.42
2025-12-28,AU,Australia,Fashion_Beauty,67.6
2026-01-04,AU,Australia,Fashion_Beauty,72.25
2026-01-11,AU,Australia,Fashion_Beauty,62.71
2026-01-18,AU,Australia,Fashion_Beauty,63.69
2026-01-25,AU,Australia,Fashion_Beauty,62.96
2026-02-01,AU,Australia,Fashion_Beauty,66.5
2026-02-08,AU,Australia,Fashion_Beauty,92.91
2026-02-15,AU,Australia,Fashion_Beauty,100.0
2026-02-22,AU,Australia,Fashion_Beauty,72.37
2026-03-01,AU,Australia,Fashion_Beauty,65.77
2026-03-08,AU,Australia,Fashion_Beauty,69.93
2026-03-15,AU,Australia,Fashion_Beauty,68.46
2026-03-22,AU,Australia,Fashion_Beauty,67.6
2026-03-29,AU,Australia,Fashion_Beauty,65.16
2026-04-05,AU,Australia,Fashion_Beauty,71.03
2026-04-12,AU,Australia,Fashion_Beauty,71.27
2026-04-19,AU,Australia,Fashion_Beauty,69.32
2026-04-26,AU,Australia,Fashion_Beauty,71.27
2026-05-03,AU,Australia,Fashion_Beauty,75.55
2026-05-10,AU,Australia,Fashion_Beauty,74.69
2026-05-17,AU,Australia,Fashion_Beauty,70.54
2026-05-24,AU,Australia,Fashion_Beauty,69.32
2026-05-31,AU,Australia,Fashion_Beauty,69.8
2026-06-07,AU,Australia,Fashion_Beauty,66.87
2026-06-14,AU,Australia,Fashion_Beauty,64.91
2026-06-21,AU,Australia,Fashion_Beauty,67.24
2026-06-28,AU,Australia,Fashion_Beauty,67.73
2026-07-05,AU,Australia,Fashion_Beauty,69.56
2026-07-12,AU,Australia,Fashion_Beauty,67.48
2026-07-19,AU,Australia,Fashion_Beauty,66.99
2026-07-26,AU,Australia,Fashion_Beauty,66.38
2026-08-02,AU,Australia,Fashion_Beauty,64.43
2026-08-09,AU,Australia,Fashion_Beauty,67.36
2026-08-16,AU,Australia,Fashion_Beauty,66.99
2026-08-23,AU,Australia,Fashion_Beauty,66.38
2022-08-28,BR,Brazil,Nutrition_Diets,33.47
2022-09-04,BR,Brazil,Nutrition_Diets,31.07
2022-09-11,BR,Brazil,Nutrition_Diets,33.79
2022-09-18,BR,Brazil,Nutrition_Diets,33.68
2022-09-25,BR,Brazil,Nutrition_Diets,31.39
2022-10-02,BR,Brazil,Nutrition_Diets,27.63
2022-10-09,BR,Brazil,Nutrition_Diets,32.64
2022-10-16,BR,Brazil,Nutrition_Diets,33.68
2022-10-23,BR,Brazil,Nutrition_Diets,33.68
2022-10-30,BR,Brazil,Nutrition_Diets,27.95
2022-11-06,BR,Brazil,Nutrition_Diets,32.74
2022-11-13,BR,Brazil,Nutrition_Diets,33.37
2022-11-20,BR,Brazil,Nutrition_Diets,31.28
2022-11-27,BR,Brazil,Nutrition_Diets,30.87
2022-12-04,BR,Brazil,Nutrition_Diets,29.09
2022-12-11,BR,Brazil,Nutrition_Diets,29.82
2022-12-18,BR,Brazil,Nutrition_Diets,31.07
2022-12-25,BR,Brazil,Nutrition_Diets,28.57
2023-01-01,BR,Brazil,Nutrition_Diets,36.81
2023-01-08,BR,Brazil,Nutrition_Diets,37.75
2023-01-15,BR,Brazil,Nutrition_Diets,39.21
2023-01-22,BR,Brazil,Nutrition_Diets,37.64
2023-01-29,BR,Brazil,Nutrition_Diets,36.6
2023-02-05,BR,Brazil,Nutrition_Diets,36.08
2023-02-12,BR,Brazil,Nutrition_Diets,34.2
2023-02-19,BR,Brazil,Nutrition_Diets,32.33
2023-02-26,BR,Brazil,Nutrition_Diets,34.72
2023-03-05,BR,Brazil,Nutrition_Diets,33.47
2023-03-12,BR,Brazil,Nutrition_Diets,34.41
2023-03-19,BR,Brazil,Nutrition_Diets,35.04
2023-03-26,BR,Brazil,Nutrition_Diets,34.52
2023-04-02,BR,Brazil,Nutrition_Diets,33.06
2023-04-09,BR,Brazil,Nutrition_Diets,30.14
2023-04-16,BR,Brazil,Nutrition_Diets,29.82
2023-04-23,BR,Brazil,Nutrition_Diets,30.24
2023-04-30,BR,Brazil,Nutrition_Diets,29.61
2023-05-07,BR,Brazil,Nutrition_Diets,30.03
2023-05-14,BR,Brazil,Nutrition_Diets,29.93
2023-05-21,BR,Brazil,Nutrition_Diets,30.24
2023-05-28,BR,Brazil,Nutrition_Diets,30.97
2023-06-04,BR,Brazil,Nutrition_Diets,29.3
2023-06-11,BR,Brazil,Nutrition_Diets,32.22
2023-06-18,BR,Brazil,Nutrition_Diets,31.6
2023-06-25,BR,Brazil,Nutrition_Diets,32.01
2023-07-02,BR,Brazil,Nutrition_Diets,31.7
2023-07-09,BR,Brazil,Nutrition_Diets,32.01
2023-07-16,BR,Brazil,Nutrition_Diets,31.49
2023-07-23,BR,Brazil,Nutrition_Diets,32.01
2023-07-30,BR,Brazil,Nutrition_Diets,33.37
2023-08-06,BR,Brazil,Nutrition_Diets,33.99
2023-08-13,BR,Brazil,Nutrition_Diets,31.28
2023-08-20,BR,Brazil,Nutrition_Diets,34.2
2023-08-27,BR,Brazil,Nutrition_Diets,31.8
2023-09-03,BR,Brazil,Nutrition_Diets,32.85
2023-09-10,BR,Brazil,Nutrition_Diets,35.35
2023-09-17,BR,Brazil,Nutrition_Diets,33.58
2023-09-24,BR,Brazil,Nutrition_Diets,31.91
2023-10-01,BR,Brazil,Nutrition_Diets,32.01
2023-10-08,BR,Brazil,Nutrition_Diets,29.93
2023-10-15,BR,Brazil,Nutrition_Diets,32.22
2023-10-22,BR,Brazil,Nutrition_Diets,32.95
2023-10-29,BR,Brazil,Nutrition_Diets,30.66
2023-11-05,BR,Brazil,Nutrition_Diets,32.01
2023-11-12,BR,Brazil,Nutrition_Diets,31.49
2023-11-19,BR,Brazil,Nutrition_Diets,32.64
2023-11-26,BR,Brazil,Nutrition_Diets,29.3
2023-12-03,BR,Brazil,Nutrition_Diets,30.55
2023-12-10,BR,Brazil,Nutrition_Diets,30.45
2023-12-17,BR,Brazil,Nutrition_Diets,28.57
2023-12-24,BR,Brazil,Nutrition_Diets,25.55
2023-12-31,BR,Brazil,Nutrition_Diets,30.14
2024-01-07,BR,Brazil,Nutrition_Diets,37.75
2024-01-14,BR,Brazil,Nutrition_Diets,33.79
2024-01-21,BR,Brazil,Nutrition_Diets,32.74
2024-01-28,BR,Brazil,Nutrition_Diets,33.26
2024-02-04,BR,Brazil,Nutrition_Diets,31.28
2024-02-11,BR,Brazil,Nutrition_Diets,30.34
2024-02-18,BR,Brazil,Nutrition_Diets,29.93
2024-02-25,BR,Brazil,Nutrition_Diets,30.87
2024-03-03,BR,Brazil,Nutrition_Diets,31.39
2024-03-10,BR,Brazil,Nutrition_Diets,31.07
2024-03-17,BR,Brazil,Nutrition_Diets,29.41
2024-03-24,BR,Brazil,Nutrition_Diets,28.78
2024-03-31,BR,Brazil,Nutrition_Diets,28.15
2024-04-07,BR,Brazil,Nutrition_Diets,28.15
2024-04-14,BR,Brazil,Nutrition_Diets,26.9
2024-04-21,BR,Brazil,Nutrition_Diets,27.74
2024-04-28,BR,Brazil,Nutrition_Diets,26.8
2024-05-05,BR,Brazil,Nutrition_Diets,27.01
2024-05-12,BR,Brazil,Nutrition_Diets,28.05
2024-05-19,BR,Brazil,Nutrition_Diets,28.57
2024-05-26,BR,Brazil,Nutrition_Diets,26.49
2024-06-02,BR,Brazil,Nutrition_Diets,30.45
2024-06-09,BR,Brazil,Nutrition_Diets,28.99
2024-06-16,BR,Brazil,Nutrition_Diets,28.99
2024-06-23,BR,Brazil,Nutrition_Diets,28.36
2024-06-30,BR,Brazil,Nutrition_Diets,29.93
2024-07-07,BR,Brazil,Nutrition_Diets,28.36
2024-07-14,BR,Brazil,Nutrition_Diets,30.03
2024-07-21,BR,Brazil,Nutrition_Diets,29.3
2024-07-28,BR,Brazil,Nutrition_Diets,27.95
2024-08-04,BR,Brazil,Nutrition_Diets,30.66
2024-08-11,BR,Brazil,Nutrition_Diets,28.88
2024-08-18,BR,Brazil,Nutrition_Diets,30.24
2024-08-25,BR,Brazil,Nutrition_Diets,29.93
2024-09-01,BR,Brazil,Nutrition_Diets,32.74
2024-09-08,BR,Brazil,Nutrition_Diets,33.89
2024-09-15,BR,Brazil,Nutrition_Diets,31.91
2024-09-22,BR,Brazil,Nutrition_Diets,33.99
2024-09-29,BR,Brazil,Nutrition_Diets,32.43
2024-10-06,BR,Brazil,Nutrition_Diets,29.72
2024-10-13,BR,Brazil,Nutrition_Diets,34.41
2024-10-20,BR,Brazil,Nutrition_Diets,35.14
2024-10-27,BR,Brazil,Nutrition_Diets,33.68
2024-11-03,BR,Brazil,Nutrition_Diets,32.53
2024-11-10,BR,Brazil,Nutrition_Diets,32.33
2024-11-17,BR,Brazil,Nutrition_Diets,32.01
2024-11-24,BR,Brazil,Nutrition_Diets,35.66
2024-12-01,BR,Brazil,Nutrition_Diets,34.83
2024-12-08,BR,Brazil,Nutrition_Diets,32.74
2024-12-15,BR,Brazil,Nutrition_Diets,30.66
2024-12-22,BR,Brazil,Nutrition_Diets,28.05
2024-12-29,BR,Brazil,Nutrition_Diets,29.3
2025-01-05,BR,Brazil,Nutrition_Diets,39.1
2025-01-12,BR,Brazil,Nutrition_Diets,43.38
2025-01-19,BR,Brazil,Nutrition_Diets,44.0
2025-01-26,BR,Brazil,Nutrition_Diets,40.77
2025-02-02,BR,Brazil,Nutrition_Diets,37.75
2025-02-09,BR,Brazil,Nutrition_Diets,36.7
2025-02-16,BR,Brazil,Nutrition_Diets,35.77
2025-02-23,BR,Brazil,Nutrition_Diets,33.79
2025-03-02,BR,Brazil,Nutrition_Diets,32.43
2025-03-09,BR,Brazil,Nutrition_Diets,37.43
2025-03-16,BR,Brazil,Nutrition_Diets,38.58
2025-03-23,BR,Brazil,Nutrition_Diets,35.56
2025-03-30,BR,Brazil,Nutrition_Diets,34.41
2025-04-06,BR,Brazil,Nutrition_Diets,35.35
2025-04-13,BR,Brazil,Nutrition_Diets,35.25
2025-04-20,BR,Brazil,Nutrition_Diets,39.62
2025-04-27,BR,Brazil,Nutrition_Diets,40.77
2025-05-04,BR,Brazil,Nutrition_Diets,38.69
2025-05-11,BR,Brazil,Nutrition_Diets,38.58
2025-05-18,BR,Brazil,Nutrition_Diets,38.37
2025-05-25,BR,Brazil,Nutrition_Diets,37.12
2025-06-01,BR,Brazil,Nutrition_Diets,38.27
2025-06-08,BR,Brazil,Nutrition_Diets,36.6
2025-06-15,BR,Brazil,Nutrition_Diets,40.77
2025-06-22,BR,Brazil,Nutrition_Diets,37.96
2025-06-29,BR,Brazil,Nutrition_Diets,36.08
2025-07-06,BR,Brazil,Nutrition_Diets,30.24
2025-07-13,BR,Brazil,Nutrition_Diets,29.51
2025-07-20,BR,Brazil,Nutrition_Diets,31.18
2025-07-27,BR,Brazil,Nutrition_Diets,29.72
2025-08-03,BR,Brazil,Nutrition_Diets,29.82
2025-08-10,BR,Brazil,Nutrition_Diets,31.18
2025-08-17,BR,Brazil,Nutrition_Diets,30.03
2025-08-24,BR,Brazil,Nutrition_Diets,30.24
2025-08-31,BR,Brazil,Nutrition_Diets,33.06
2025-09-07,BR,Brazil,Nutrition_Diets,29.93
2025-09-14,BR,Brazil,Nutrition_Diets,29.93
2025-09-21,BR,Brazil,Nutrition_Diets,29.2
2025-09-28,BR,Brazil,Nutrition_Diets,28.68
2025-10-05,BR,Brazil,Nutrition_Diets,31.39
2025-10-12,BR,Brazil,Nutrition_Diets,31.8
2025-10-19,BR,Brazil,Nutrition_Diets,31.28
2025-10-26,BR,Brazil,Nutrition_Diets,36.29
2025-11-02,BR,Brazil,Nutrition_Diets,44.73
2025-11-09,BR,Brazil,Nutrition_Diets,44.21
2025-11-16,BR,Brazil,Nutrition_Diets,43.38
2025-11-23,BR,Brazil,Nutrition_Diets,49.01
2025-11-30,BR,Brazil,Nutrition_Diets,50.57
2025-12-07,BR,Brazil,Nutrition_Diets,47.24
2025-12-14,BR,Brazil,Nutrition_Diets,47.86
2025-12-21,BR,Brazil,Nutrition_Diets,35.14
2025-12-28,BR,Brazil,Nutrition_Diets,36.39
2026-01-04,BR,Brazil,Nutrition_Diets,45.57
2026-01-11,BR,Brazil,Nutrition_Diets,46.61
2026-01-18,BR,Brazil,Nutrition_Diets,47.34
2026-01-25,BR,Brazil,Nutrition_Diets,48.49
2026-02-01,BR,Brazil,Nutrition_Diets,48.59
2026-02-08,BR,Brazil,Nutrition_Diets,47.03
2026-02-15,BR,Brazil,Nutrition_Diets,57.35
2026-02-22,BR,Brazil,Nutrition_Diets,48.59
2026-03-01,BR,Brazil,Nutrition_Diets,44.84
2026-03-08,BR,Brazil,Nutrition_Diets,44.63
2026-03-15,BR,Brazil,Nutrition_Diets,53.28
2026-03-22,BR,Brazil,Nutrition_Diets,49.53
2026-03-29,BR,Brazil,Nutrition_Diets,46.82
2026-04-05,BR,Brazil,Nutrition_Diets,43.48
2026-04-12,BR,Brazil,Nutrition_Diets,48.8
2026-04-19,BR,Brazil,Nutrition_Diets,58.29
2026-04-26,BR,Brazil,Nutrition_Diets,63.4
2026-05-03,BR,Brazil,Nutrition_Diets,43.9
2026-05-10,BR,Brazil,Nutrition_Diets,38.89
2026-05-17,BR,Brazil,Nutrition_Diets,44.21
2026-05-24,BR,Brazil,Nutrition_Diets,44.11
2026-05-31,BR,Brazil,Nutrition_Diets,43.8
2026-06-07,BR,Brazil,Nutrition_Diets,42.96
2026-06-14,BR,Brazil,Nutrition_Diets,80.6
2026-06-21,BR,Brazil,Nutrition_Diets,100.0
2026-06-28,BR,Brazil,Nutrition_Diets,57.35
2026-07-05,BR,Brazil,Nutrition_Diets,42.44
2026-07-12,BR,Brazil,Nutrition_Diets,44.11
2026-07-19,BR,Brazil,Nutrition_Diets,55.58
2026-07-26,BR,Brazil,Nutrition_Diets,70.8
2026-08-02,BR,Brazil,Nutrition_Diets,49.74
2026-08-09,BR,Brazil,Nutrition_Diets,41.81
2026-08-16,BR,Brazil,Nutrition_Diets,51.3
2026-08-23,BR,Brazil,Nutrition_Diets,33.26
2022-08-28,BR,Brazil,Fitness_Wearables,53.61
2022-09-04,BR,Brazil,Fitness_Wearables,52.91
2022-09-11,BR,Brazil,Fitness_Wearables,55.01
2022-09-18,BR,Brazil,Fitness_Wearables,54.21
2022-09-25,BR,Brazil,Fitness_Wearables,51.7
2022-10-02,BR,Brazil,Fitness_Wearables,45.69
2022-10-09,BR,Brazil,Fitness_Wearables,54.21
2022-10-16,BR,Brazil,Fitness_Wearables,54.81
2022-10-23,BR,Brazil,Fitness_Wearables,54.41
2022-10-30,BR,Brazil,Fitness_Wearables,45.49
2022-11-06,BR,Brazil,Fitness_Wearables,55.11
2022-11-13,BR,Brazil,Fitness_Wearables,57.21
2022-11-20,BR,Brazil,Fitness_Wearables,54.81
2022-11-27,BR,Brazil,Fitness_Wearables,51.0
2022-12-04,BR,Brazil,Fitness_Wearables,49.6
2022-12-11,BR,Brazil,Fitness_Wearables,53.61
2022-12-18,BR,Brazil,Fitness_Wearables,50.9
2022-12-25,BR,Brazil,Fitness_Wearables,53.71
2023-01-01,BR,Brazil,Fitness_Wearables,69.84
2023-01-08,BR,Brazil,Fitness_Wearables,71.74
2023-01-15,BR,Brazil,Fitness_Wearables,72.04
2023-01-22,BR,Brazil,Fitness_Wearables,71.64
2023-01-29,BR,Brazil,Fitness_Wearables,72.34
2023-02-05,BR,Brazil,Fitness_Wearables,68.64
2023-02-12,BR,Brazil,Fitness_Wearables,62.73
2023-02-19,BR,Brazil,Fitness_Wearables,57.41
2023-02-26,BR,Brazil,Fitness_Wearables,62.63
2023-03-05,BR,Brazil,Fitness_Wearables,61.52
2023-03-12,BR,Brazil,Fitness_Wearables,61.32
2023-03-19,BR,Brazil,Fitness_Wearables,62.12
2023-03-26,BR,Brazil,Fitness_Wearables,62.32
2023-04-02,BR,Brazil,Fitness_Wearables,56.81
2023-04-09,BR,Brazil,Fitness_Wearables,57.11
2023-04-16,BR,Brazil,Fitness_Wearables,56.21
2023-04-23,BR,Brazil,Fitness_Wearables,56.31
2023-04-30,BR,Brazil,Fitness_Wearables,56.11
2023-05-07,BR,Brazil,Fitness_Wearables,56.31
2023-05-14,BR,Brazil,Fitness_Wearables,54.11
2023-05-21,BR,Brazil,Fitness_Wearables,56.31
2023-05-28,BR,Brazil,Fitness_Wearables,54.41
2023-06-04,BR,Brazil,Fitness_Wearables,55.31
2023-06-11,BR,Brazil,Fitness_Wearables,52.91
2023-06-18,BR,Brazil,Fitness_Wearables,53.01
2023-06-25,BR,Brazil,Fitness_Wearables,54.61
2023-07-02,BR,Brazil,Fitness_Wearables,57.11
2023-07-09,BR,Brazil,Fitness_Wearables,58.52
2023-07-16,BR,Brazil,Fitness_Wearables,57.52
2023-07-23,BR,Brazil,Fitness_Wearables,58.92
2023-07-30,BR,Brazil,Fitness_Wearables,61.92
2023-08-06,BR,Brazil,Fitness_Wearables,61.62
2023-08-13,BR,Brazil,Fitness_Wearables,59.62
2023-08-20,BR,Brazil,Fitness_Wearables,60.22
2023-08-27,BR,Brazil,Fitness_Wearables,57.92
2023-09-03,BR,Brazil,Fitness_Wearables,58.92
2023-09-10,BR,Brazil,Fitness_Wearables,62.73
2023-09-17,BR,Brazil,Fitness_Wearables,61.82
2023-09-24,BR,Brazil,Fitness_Wearables,55.91
2023-10-01,BR,Brazil,Fitness_Wearables,58.02
2023-10-08,BR,Brazil,Fitness_Wearables,58.32
2023-10-15,BR,Brazil,Fitness_Wearables,60.82
2023-10-22,BR,Brazil,Fitness_Wearables,55.41
2023-10-29,BR,Brazil,Fitness_Wearables,56.11
2023-11-05,BR,Brazil,Fitness_Wearables,55.41
2023-11-12,BR,Brazil,Fitness_Wearables,58.52
2023-11-19,BR,Brazil,Fitness_Wearables,61.22
2023-11-26,BR,Brazil,Fitness_Wearables,53.91
2023-12-03,BR,Brazil,Fitness_Wearables,53.11
2023-12-10,BR,Brazil,Fitness_Wearables,57.62
2023-12-17,BR,Brazil,Fitness_Wearables,51.4
2023-12-24,BR,Brazil,Fitness_Wearables,52.2
2023-12-31,BR,Brazil,Fitness_Wearables,65.53
2024-01-07,BR,Brazil,Fitness_Wearables,72.55
2024-01-14,BR,Brazil,Fitness_Wearables,68.04
2024-01-21,BR,Brazil,Fitness_Wearables,66.13
2024-01-28,BR,Brazil,Fitness_Wearables,64.23
2024-02-04,BR,Brazil,Fitness_Wearables,60.02
2024-02-11,BR,Brazil,Fitness_Wearables,57.11
2024-02-18,BR,Brazil,Fitness_Wearables,60.32
2024-02-25,BR,Brazil,Fitness_Wearables,60.62
2024-03-03,BR,Brazil,Fitness_Wearables,60.12
2024-03-10,BR,Brazil,Fitness_Wearables,60.22
2024-03-17,BR,Brazil,Fitness_Wearables,60.82
2024-03-24,BR,Brazil,Fitness_Wearables,55.51
2024-03-31,BR,Brazil,Fitness_Wearables,57.82
2024-04-07,BR,Brazil,Fitness_Wearables,57.21
2024-04-14,BR,Brazil,Fitness_Wearables,58.42
2024-04-21,BR,Brazil,Fitness_Wearables,58.22
2024-04-28,BR,Brazil,Fitness_Wearables,56.11
2024-05-05,BR,Brazil,Fitness_Wearables,54.51
2024-05-12,BR,Brazil,Fitness_Wearables,57.11
2024-05-19,BR,Brazil,Fitness_Wearables,57.31
2024-05-26,BR,Brazil,Fitness_Wearables,54.41
2024-06-02,BR,Brazil,Fitness_Wearables,57.92
2024-06-09,BR,Brazil,Fitness_Wearables,59.82
2024-06-16,BR,Brazil,Fitness_Wearables,56.61
2024-06-23,BR,Brazil,Fitness_Wearables,54.71
2024-06-30,BR,Brazil,Fitness_Wearables,56.81
2024-07-07,BR,Brazil,Fitness_Wearables,57.21
2024-07-14,BR,Brazil,Fitness_Wearables,61.02
2024-07-21,BR,Brazil,Fitness_Wearables,59.92
2024-07-28,BR,Brazil,Fitness_Wearables,59.52
2024-08-04,BR,Brazil,Fitness_Wearables,61.52
2024-08-11,BR,Brazil,Fitness_Wearables,58.82
2024-08-18,BR,Brazil,Fitness_Wearables,59.62
2024-08-25,BR,Brazil,Fitness_Wearables,56.71
2024-09-01,BR,Brazil,Fitness_Wearables,62.02
2024-09-08,BR,Brazil,Fitness_Wearables,63.33
2024-09-15,BR,Brazil,Fitness_Wearables,59.02
2024-09-22,BR,Brazil,Fitness_Wearables,59.62
2024-09-29,BR,Brazil,Fitness_Wearables,58.62
2024-10-06,BR,Brazil,Fitness_Wearables,53.01
2024-10-13,BR,Brazil,Fitness_Wearables,61.62
2024-10-20,BR,Brazil,Fitness_Wearables,60.32
2024-10-27,BR,Brazil,Fitness_Wearables,60.12
2024-11-03,BR,Brazil,Fitness_Wearables,60.42
2024-11-10,BR,Brazil,Fitness_Wearables,60.92
2024-11-17,BR,Brazil,Fitness_Wearables,60.62
2024-11-24,BR,Brazil,Fitness_Wearables,61.12
2024-12-01,BR,Brazil,Fitness_Wearables,56.51
2024-12-08,BR,Brazil,Fitness_Wearables,54.61
2024-12-15,BR,Brazil,Fitness_Wearables,55.71
2024-12-22,BR,Brazil,Fitness_Wearables,52.71
2024-12-29,BR,Brazil,Fitness_Wearables,59.32
2025-01-05,BR,Brazil,Fitness_Wearables,76.35
2025-01-12,BR,Brazil,Fitness_Wearables,78.66
2025-01-19,BR,Brazil,Fitness_Wearables,77.66
2025-01-26,BR,Brazil,Fitness_Wearables,73.75
2025-02-02,BR,Brazil,Fitness_Wearables,76.75
2025-02-09,BR,Brazil,Fitness_Wearables,74.95
2025-02-16,BR,Brazil,Fitness_Wearables,70.64
2025-02-23,BR,Brazil,Fitness_Wearables,65.03
2025-03-02,BR,Brazil,Fitness_Wearables,65.73
2025-03-09,BR,Brazil,Fitness_Wearables,66.13
2025-03-16,BR,Brazil,Fitness_Wearables,69.74
2025-03-23,BR,Brazil,Fitness_Wearables,66.83
2025-03-30,BR,Brazil,Fitness_Wearables,66.33
2025-04-06,BR,Brazil,Fitness_Wearables,65.73
2025-04-13,BR,Brazil,Fitness_Wearables,61.62
2025-04-20,BR,Brazil,Fitness_Wearables,65.93
2025-04-27,BR,Brazil,Fitness_Wearables,69.74
2025-05-04,BR,Brazil,Fitness_Wearables,70.14
2025-05-11,BR,Brazil,Fitness_Wearables,68.74
2025-05-18,BR,Brazil,Fitness_Wearables,68.24
2025-05-25,BR,Brazil,Fitness_Wearables,63.13
2025-06-01,BR,Brazil,Fitness_Wearables,65.73
2025-06-08,BR,Brazil,Fitness_Wearables,63.83
2025-06-15,BR,Brazil,Fitness_Wearables,65.93
2025-06-22,BR,Brazil,Fitness_Wearables,64.33
2025-06-29,BR,Brazil,Fitness_Wearables,62.83
2025-07-06,BR,Brazil,Fitness_Wearables,59.72
2025-07-13,BR,Brazil,Fitness_Wearables,59.92
2025-07-20,BR,Brazil,Fitness_Wearables,60.82
2025-07-27,BR,Brazil,Fitness_Wearables,61.72
2025-08-03,BR,Brazil,Fitness_Wearables,62.02
2025-08-10,BR,Brazil,Fitness_Wearables,62.12
2025-08-17,BR,Brazil,Fitness_Wearables,63.23
2025-08-24,BR,Brazil,Fitness_Wearables,61.72
2025-08-31,BR,Brazil,Fitness_Wearables,66.53
2025-09-07,BR,Brazil,Fitness_Wearables,62.42
2025-09-14,BR,Brazil,Fitness_Wearables,59.82
2025-09-21,BR,Brazil,Fitness_Wearables,59.72
2025-09-28,BR,Brazil,Fitness_Wearables,59.92
2025-10-05,BR,Brazil,Fitness_Wearables,61.62
2025-10-12,BR,Brazil,Fitness_Wearables,63.43
2025-10-19,BR,Brazil,Fitness_Wearables,62.02
2025-10-26,BR,Brazil,Fitness_Wearables,64.33
2025-11-02,BR,Brazil,Fitness_Wearables,69.34
2025-11-09,BR,Brazil,Fitness_Wearables,71.64
2025-11-16,BR,Brazil,Fitness_Wearables,73.65
2025-11-23,BR,Brazil,Fitness_Wearables,82.87
2025-11-30,BR,Brazil,Fitness_Wearables,79.06
2025-12-07,BR,Brazil,Fitness_Wearables,75.55
2025-12-14,BR,Brazil,Fitness_Wearables,72.95
2025-12-21,BR,Brazil,Fitness_Wearables,60.12
2025-12-28,BR,Brazil,Fitness_Wearables,64.43
2026-01-04,BR,Brazil,Fitness_Wearables,87.17
2026-01-11,BR,Brazil,Fitness_Wearables,85.37
2026-01-18,BR,Brazil,Fitness_Wearables,82.46
2026-01-25,BR,Brazil,Fitness_Wearables,80.56
2026-02-01,BR,Brazil,Fitness_Wearables,81.86
2026-02-08,BR,Brazil,Fitness_Wearables,78.96
2026-02-15,BR,Brazil,Fitness_Wearables,82.77
2026-02-22,BR,Brazil,Fitness_Wearables,76.45
2026-03-01,BR,Brazil,Fitness_Wearables,72.85
2026-03-08,BR,Brazil,Fitness_Wearables,74.45
2026-03-15,BR,Brazil,Fitness_Wearables,77.35
2026-03-22,BR,Brazil,Fitness_Wearables,72.55
2026-03-29,BR,Brazil,Fitness_Wearables,70.14
2026-04-05,BR,Brazil,Fitness_Wearables,71.34
2026-04-12,BR,Brazil,Fitness_Wearables,73.25
2026-04-19,BR,Brazil,Fitness_Wearables,82.97
2026-04-26,BR,Brazil,Fitness_Wearables,82.87
2026-05-03,BR,Brazil,Fitness_Wearables,73.95
2026-05-10,BR,Brazil,Fitness_Wearables,66.83
2026-05-17,BR,Brazil,Fitness_Wearables,67.23
2026-05-24,BR,Brazil,Fitness_Wearables,67.33
2026-05-31,BR,Brazil,Fitness_Wearables,69.14
2026-06-07,BR,Brazil,Fitness_Wearables,67.03
2026-06-14,BR,Brazil,Fitness_Wearables,87.88
2026-06-21,BR,Brazil,Fitness_Wearables,100.0
2026-06-28,BR,Brazil,Fitness_Wearables,69.44
2026-07-05,BR,Brazil,Fitness_Wearables,62.83
2026-07-12,BR,Brazil,Fitness_Wearables,67.43
2026-07-19,BR,Brazil,Fitness_Wearables,77.86
2026-07-26,BR,Brazil,Fitness_Wearables,83.27
2026-08-02,BR,Brazil,Fitness_Wearables,80.86
2026-08-09,BR,Brazil,Fitness_Wearables,74.05
2026-08-16,BR,Brazil,Fitness_Wearables,76.05
2026-08-23,BR,Brazil,Fitness_Wearables,68.24
2022-08-28,BR,Brazil,Fashion_Beauty,52.01
2022-09-04,BR,Brazil,Fashion_Beauty,50.67
2022-09-11,BR,Brazil,Fashion_Beauty,50.31
2022-09-18,BR,Brazil,Fashion_Beauty,50.79
2022-09-25,BR,Brazil,Fashion_Beauty,51.16
2022-10-02,BR,Brazil,Fashion_Beauty,43.47
2022-10-09,BR,Brazil,Fashion_Beauty,51.4
2022-10-16,BR,Brazil,Fashion_Beauty,49.82
2022-10-23,BR,Brazil,Fashion_Beauty,48.72
2022-10-30,BR,Brazil,Fashion_Beauty,43.71
2022-11-06,BR,Brazil,Fashion_Beauty,50.31
2022-11-13,BR,Brazil,Fashion_Beauty,57.14
2022-11-20,BR,Brazil,Fashion_Beauty,51.28
2022-11-27,BR,Brazil,Fashion_Beauty,50.55
2022-12-04,BR,Brazil,Fashion_Beauty,53.24
2022-12-11,BR,Brazil,Fashion_Beauty,58.49
2022-12-18,BR,Brazil,Fashion_Beauty,58.73
2022-12-25,BR,Brazil,Fashion_Beauty,53.85
2023-01-01,BR,Brazil,Fashion_Beauty,50.43
2023-01-08,BR,Brazil,Fashion_Beauty,53.11
2023-01-15,BR,Brazil,Fashion_Beauty,52.26
2023-01-22,BR,Brazil,Fashion_Beauty,52.63
2023-01-29,BR,Brazil,Fashion_Beauty,51.4
2023-02-05,BR,Brazil,Fashion_Beauty,51.53
2023-02-12,BR,Brazil,Fashion_Beauty,49.82
2023-02-19,BR,Brazil,Fashion_Beauty,50.31
2023-02-26,BR,Brazil,Fashion_Beauty,51.89
2023-03-05,BR,Brazil,Fashion_Beauty,56.65
2023-03-12,BR,Brazil,Fashion_Beauty,56.04
2023-03-19,BR,Brazil,Fashion_Beauty,53.36
2023-03-26,BR,Brazil,Fashion_Beauty,51.28
2023-04-02,BR,Brazil,Fashion_Beauty,51.16
2023-04-09,BR,Brazil,Fashion_Beauty,49.21
2023-04-16,BR,Brazil,Fashion_Beauty,53.24
2023-04-23,BR,Brazil,Fashion_Beauty,53.97
2023-04-30,BR,Brazil,Fashion_Beauty,53.72
2023-05-07,BR,Brazil,Fashion_Beauty,52.75
2023-05-14,BR,Brazil,Fashion_Beauty,51.89
2023-05-21,BR,Brazil,Fashion_Beauty,52.01
2023-05-28,BR,Brazil,Fashion_Beauty,54.09
2023-06-04,BR,Brazil,Fashion_Beauty,56.29
2023-06-11,BR,Brazil,Fashion_Beauty,55.19
2023-06-18,BR,Brazil,Fashion_Beauty,53.72
2023-06-25,BR,Brazil,Fashion_Beauty,52.75
2023-07-02,BR,Brazil,Fashion_Beauty,60.68
2023-07-09,BR,Brazil,Fashion_Beauty,54.58
2023-07-16,BR,Brazil,Fashion_Beauty,52.5
2023-07-23,BR,Brazil,Fashion_Beauty,52.26
2023-07-30,BR,Brazil,Fashion_Beauty,53.48
2023-08-06,BR,Brazil,Fashion_Beauty,50.06
2023-08-13,BR,Brazil,Fashion_Beauty,48.96
2023-08-20,BR,Brazil,Fashion_Beauty,49.82
2023-08-27,BR,Brazil,Fashion_Beauty,49.57
2023-09-03,BR,Brazil,Fashion_Beauty,51.28
2023-09-10,BR,Brazil,Fashion_Beauty,50.55
2023-09-17,BR,Brazil,Fashion_Beauty,49.45
2023-09-24,BR,Brazil,Fashion_Beauty,47.74
2023-10-01,BR,Brazil,Fashion_Beauty,49.45
2023-10-08,BR,Brazil,Fashion_Beauty,51.77
2023-10-15,BR,Brazil,Fashion_Beauty,51.04
2023-10-22,BR,Brazil,Fashion_Beauty,48.72
2023-10-29,BR,Brazil,Fashion_Beauty,50.79
2023-11-05,BR,Brazil,Fashion_Beauty,50.06
2023-11-12,BR,Brazil,Fashion_Beauty,51.28
2023-11-19,BR,Brazil,Fashion_Beauty,55.07
2023-11-26,BR,Brazil,Fashion_Beauty,51.53
2023-12-03,BR,Brazil,Fashion_Beauty,55.92
2023-12-10,BR,Brazil,Fashion_Beauty,63.0
2023-12-17,BR,Brazil,Fashion_Beauty,60.44
2023-12-24,BR,Brazil,Fashion_Beauty,57.51
2023-12-31,BR,Brazil,Fashion_Beauty,51.16
2024-01-07,BR,Brazil,Fashion_Beauty,52.87
2024-01-14,BR,Brazil,Fashion_Beauty,52.01
2024-01-21,BR,Brazil,Fashion_Beauty,52.01
2024-01-28,BR,Brazil,Fashion_Beauty,53.11
2024-02-04,BR,Brazil,Fashion_Beauty,51.28
2024-02-11,BR,Brazil,Fashion_Beauty,50.79
2024-02-18,BR,Brazil,Fashion_Beauty,49.69
2024-02-25,BR,Brazil,Fashion_Beauty,50.79
2024-03-03,BR,Brazil,Fashion_Beauty,51.4
2024-03-10,BR,Brazil,Fashion_Beauty,52.14
2024-03-17,BR,Brazil,Fashion_Beauty,49.94
2024-03-24,BR,Brazil,Fashion_Beauty,47.99
2024-03-31,BR,Brazil,Fashion_Beauty,49.69
2024-04-07,BR,Brazil,Fashion_Beauty,50.18
2024-04-14,BR,Brazil,Fashion_Beauty,47.62
2024-04-21,BR,Brazil,Fashion_Beauty,50.43
2024-04-28,BR,Brazil,Fashion_Beauty,52.63
2024-05-05,BR,Brazil,Fashion_Beauty,49.33
2024-05-12,BR,Brazil,Fashion_Beauty,50.31
2024-05-19,BR,Brazil,Fashion_Beauty,49.94
2024-05-26,BR,Brazil,Fashion_Beauty,51.04
2024-06-02,BR,Brazil,Fashion_Beauty,52.14
2024-06-09,BR,Brazil,Fashion_Beauty,53.48
2024-06-16,BR,Brazil,Fashion_Beauty,49.69
2024-06-23,BR,Brazil,Fashion_Beauty,49.21
2024-06-30,BR,Brazil,Fashion_Beauty,51.16
2024-07-07,BR,Brazil,Fashion_Beauty,52.01
2024-07-14,BR,Brazil,Fashion_Beauty,55.19
2024-07-21,BR,Brazil,Fashion_Beauty,53.85
2024-07-28,BR,Brazil,Fashion_Beauty,50.92
2024-08-04,BR,Brazil,Fashion_Beauty,52.01
2024-08-11,BR,Brazil,Fashion_Beauty,53.85
2024-08-18,BR,Brazil,Fashion_Beauty,50.92
2024-08-25,BR,Brazil,Fashion_Beauty,51.77
2024-09-01,BR,Brazil,Fashion_Beauty,52.38
2024-09-08,BR,Brazil,Fashion_Beauty,53.6
2024-09-15,BR,Brazil,Fashion_Beauty,51.4
2024-09-22,BR,Brazil,Fashion_Beauty,51.16
2024-09-29,BR,Brazil,Fashion_Beauty,52.01
2024-10-06,BR,Brazil,Fashion_Beauty,47.37
2024-10-13,BR,Brazil,Fashion_Beauty,68.99
2024-10-20,BR,Brazil,Fashion_Beauty,53.48
2024-10-27,BR,Brazil,Fashion_Beauty,53.97
2024-11-03,BR,Brazil,Fashion_Beauty,53.72
2024-11-10,BR,Brazil,Fashion_Beauty,56.17
2024-11-17,BR,Brazil,Fashion_Beauty,60.56
2024-11-24,BR,Brazil,Fashion_Beauty,64.47
2024-12-01,BR,Brazil,Fashion_Beauty,59.22
2024-12-08,BR,Brazil,Fashion_Beauty,61.29
2024-12-15,BR,Brazil,Fashion_Beauty,65.93
2024-12-22,BR,Brazil,Fashion_Beauty,63.37
2024-12-29,BR,Brazil,Fashion_Beauty,55.43
2025-01-05,BR,Brazil,Fashion_Beauty,57.75
2025-01-12,BR,Brazil,Fashion_Beauty,58.97
2025-01-19,BR,Brazil,Fashion_Beauty,55.92
2025-01-26,BR,Brazil,Fashion_Beauty,53.11
2025-02-02,BR,Brazil,Fashion_Beauty,55.68
2025-02-09,BR,Brazil,Fashion_Beauty,51.4
2025-02-16,BR,Brazil,Fashion_Beauty,53.97
2025-02-23,BR,Brazil,Fashion_Beauty,51.04
2025-03-02,BR,Brazil,Fashion_Beauty,55.19
2025-03-09,BR,Brazil,Fashion_Beauty,54.21
2025-03-16,BR,Brazil,Fashion_Beauty,55.92
2025-03-23,BR,Brazil,Fashion_Beauty,57.26
2025-03-30,BR,Brazil,Fashion_Beauty,55.19
2025-04-06,BR,Brazil,Fashion_Beauty,55.31
2025-04-13,BR,Brazil,Fashion_Beauty,55.31
2025-04-20,BR,Brazil,Fashion_Beauty,59.22
2025-04-27,BR,Brazil,Fashion_Beauty,65.45
2025-05-04,BR,Brazil,Fashion_Beauty,64.96
2025-05-11,BR,Brazil,Fashion_Beauty,64.1
2025-05-18,BR,Brazil,Fashion_Beauty,58.24
2025-05-25,BR,Brazil,Fashion_Beauty,57.14
2025-06-01,BR,Brazil,Fashion_Beauty,61.29
2025-06-08,BR,Brazil,Fashion_Beauty,64.71
2025-06-15,BR,Brazil,Fashion_Beauty,63.98
2025-06-22,BR,Brazil,Fashion_Beauty,59.71
2025-06-29,BR,Brazil,Fashion_Beauty,58.73
2025-07-06,BR,Brazil,Fashion_Beauty,55.68
2025-07-13,BR,Brazil,Fashion_Beauty,53.11
2025-07-20,BR,Brazil,Fashion_Beauty,52.5
2025-07-27,BR,Brazil,Fashion_Beauty,51.65
2025-08-03,BR,Brazil,Fashion_Beauty,52.63
2025-08-10,BR,Brazil,Fashion_Beauty,53.36
2025-08-17,BR,Brazil,Fashion_Beauty,49.94
2025-08-24,BR,Brazil,Fashion_Beauty,49.33
2025-08-31,BR,Brazil,Fashion_Beauty,53.48
2025-09-07,BR,Brazil,Fashion_Beauty,52.38
2025-09-14,BR,Brazil,Fashion_Beauty,48.72
2025-09-21,BR,Brazil,Fashion_Beauty,51.04
2025-09-28,BR,Brazil,Fashion_Beauty,50.92
2025-10-05,BR,Brazil,Fashion_Beauty,54.33
2025-10-12,BR,Brazil,Fashion_Beauty,71.31
2025-10-19,BR,Brazil,Fashion_Beauty,53.97
2025-10-26,BR,Brazil,Fashion_Beauty,59.95
2025-11-02,BR,Brazil,Fashion_Beauty,65.45
2025-11-09,BR,Brazil,Fashion_Beauty,66.42
2025-11-16,BR,Brazil,Fashion_Beauty,67.77
2025-11-23,BR,Brazil,Fashion_Beauty,82.42
2025-11-30,BR,Brazil,Fashion_Beauty,91.33
2025-12-07,BR,Brazil,Fashion_Beauty,88.03
2025-12-14,BR,Brazil,Fashion_Beauty,83.15
2025-12-21,BR,Brazil,Fashion_Beauty,71.55
2025-12-28,BR,Brazil,Fashion_Beauty,67.28
2026-01-04,BR,Brazil,Fashion_Beauty,63.98
2026-01-11,BR,Brazil,Fashion_Beauty,64.1
2026-01-18,BR,Brazil,Fashion_Beauty,66.18
2026-01-25,BR,Brazil,Fashion_Beauty,68.38
2026-02-01,BR,Brazil,Fashion_Beauty,70.45
2026-02-08,BR,Brazil,Fashion_Beauty,74.36
2026-02-15,BR,Brazil,Fashion_Beauty,79.0
2026-02-22,BR,Brazil,Fashion_Beauty,69.6
2026-03-01,BR,Brazil,Fashion_Beauty,61.17
2026-03-08,BR,Brazil,Fashion_Beauty,63.25
2026-03-15,BR,Brazil,Fashion_Beauty,64.59
2026-03-22,BR,Brazil,Fashion_Beauty,61.54
2026-03-29,BR,Brazil,Fashion_Beauty,61.29
2026-04-05,BR,Brazil,Fashion_Beauty,60.2
2026-04-12,BR,Brazil,Fashion_Beauty,67.64
2026-04-19,BR,Brazil,Fashion_Beauty,77.05
2026-04-26,BR,Brazil,Fashion_Beauty,76.8
2026-05-03,BR,Brazil,Fashion_Beauty,65.32
2026-05-10,BR,Brazil,Fashion_Beauty,62.15
2026-05-17,BR,Brazil,Fashion_Beauty,60.44
2026-05-24,BR,Brazil,Fashion_Beauty,58.36
2026-05-31,BR,Brazil,Fashion_Beauty,62.15
2026-06-07,BR,Brazil,Fashion_Beauty,61.78
2026-06-14,BR,Brazil,Fashion_Beauty,86.2
2026-06-21,BR,Brazil,Fashion_Beauty,100.0
2026-06-28,BR,Brazil,Fashion_Beauty,67.52
2026-07-05,BR,Brazil,Fashion_Beauty,59.83
2026-07-12,BR,Brazil,Fashion_Beauty,60.32
2026-07-19,BR,Brazil,Fashion_Beauty,64.35
2026-07-26,BR,Brazil,Fashion_Beauty,66.06
2026-08-02,BR,Brazil,Fashion_Beauty,61.78
2026-08-09,BR,Brazil,Fashion_Beauty,62.03
2026-08-16,BR,Brazil,Fashion_Beauty,60.07
2026-08-23,BR,Brazil,Fashion_Beauty,58.85
2022-08-28,MX,Mexico,Nutrition_Diets,29.17
2022-09-04,MX,Mexico,Nutrition_Diets,27.56
2022-09-11,MX,Mexico,Nutrition_Diets,26.3
2022-09-18,MX,Mexico,Nutrition_Diets,27.83
2022-09-25,MX,Mexico,Nutrition_Diets,29.08
2022-10-02,MX,Mexico,Nutrition_Diets,29.26
2022-10-09,MX,Mexico,Nutrition_Diets,29.35
2022-10-16,MX,Mexico,Nutrition_Diets,27.2
2022-10-23,MX,Mexico,Nutrition_Diets,26.48
2022-10-30,MX,Mexico,Nutrition_Diets,26.75
2022-11-06,MX,Mexico,Nutrition_Diets,29.71
2022-11-13,MX,Mexico,Nutrition_Diets,26.57
2022-11-20,MX,Mexico,Nutrition_Diets,24.33
2022-11-27,MX,Mexico,Nutrition_Diets,26.48
2022-12-04,MX,Mexico,Nutrition_Diets,24.96
2022-12-11,MX,Mexico,Nutrition_Diets,25.22
2022-12-18,MX,Mexico,Nutrition_Diets,27.2
2022-12-25,MX,Mexico,Nutrition_Diets,28.9
2023-01-01,MX,Mexico,Nutrition_Diets,35.37
2023-01-08,MX,Mexico,Nutrition_Diets,36.27
2023-01-15,MX,Mexico,Nutrition_Diets,35.19
2023-01-22,MX,Mexico,Nutrition_Diets,34.74
2023-01-29,MX,Mexico,Nutrition_Diets,32.59
2023-02-05,MX,Mexico,Nutrition_Diets,31.42
2023-02-12,MX,Mexico,Nutrition_Diets,29.35
2023-02-19,MX,Mexico,Nutrition_Diets,31.51
2023-02-26,MX,Mexico,Nutrition_Diets,32.32
2023-03-05,MX,Mexico,Nutrition_Diets,31.87
2023-03-12,MX,Mexico,Nutrition_Diets,31.87
2023-03-19,MX,Mexico,Nutrition_Diets,30.88
2023-03-26,MX,Mexico,Nutrition_Diets,32.41
2023-04-02,MX,Mexico,Nutrition_Diets,29.26
2023-04-09,MX,Mexico,Nutrition_Diets,30.61
2023-04-16,MX,Mexico,Nutrition_Diets,30.88
2023-04-23,MX,Mexico,Nutrition_Diets,29.62
2023-04-30,MX,Mexico,Nutrition_Diets,30.34
2023-05-07,MX,Mexico,Nutrition_Diets,27.56
2023-05-14,MX,Mexico,Nutrition_Diets,29.26
2023-05-21,MX,Mexico,Nutrition_Diets,28.46
2023-05-28,MX,Mexico,Nutrition_Diets,30.43
2023-06-04,MX,Mexico,Nutrition_Diets,30.61
2023-06-11,MX,Mexico,Nutrition_Diets,30.52
2023-06-18,MX,Mexico,Nutrition_Diets,31.51
2023-06-25,MX,Mexico,Nutrition_Diets,30.97
2023-07-02,MX,Mexico,Nutrition_Diets,31.33
2023-07-09,MX,Mexico,Nutrition_Diets,30.34
2023-07-16,MX,Mexico,Nutrition_Diets,30.25
2023-07-23,MX,Mexico,Nutrition_Diets,30.34
2023-07-30,MX,Mexico,Nutrition_Diets,31.06
2023-08-06,MX,Mexico,Nutrition_Diets,29.71
2023-08-13,MX,Mexico,Nutrition_Diets,30.16
2023-08-20,MX,Mexico,Nutrition_Diets,29.08
2023-08-27,MX,Mexico,Nutrition_Diets,27.29
2023-09-03,MX,Mexico,Nutrition_Diets,27.56
2023-09-10,MX,Mexico,Nutrition_Diets,25.67
2023-09-17,MX,Mexico,Nutrition_Diets,26.66
2023-09-24,MX,Mexico,Nutrition_Diets,25.85
2023-10-01,MX,Mexico,Nutrition_Diets,26.48
2023-10-08,MX,Mexico,Nutrition_Diets,24.6
2023-10-15,MX,Mexico,Nutrition_Diets,26.3
2023-10-22,MX,Mexico,Nutrition_Diets,24.51
2023-10-29,MX,Mexico,Nutrition_Diets,24.78
2023-11-05,MX,Mexico,Nutrition_Diets,27.2
2023-11-12,MX,Mexico,Nutrition_Diets,26.66
2023-11-19,MX,Mexico,Nutrition_Diets,24.42
2023-11-26,MX,Mexico,Nutrition_Diets,24.51
2023-12-03,MX,Mexico,Nutrition_Diets,23.25
2023-12-10,MX,Mexico,Nutrition_Diets,23.07
2023-12-17,MX,Mexico,Nutrition_Diets,25.22
2023-12-24,MX,Mexico,Nutrition_Diets,25.58
2023-12-31,MX,Mexico,Nutrition_Diets,30.79
2024-01-07,MX,Mexico,Nutrition_Diets,34.2
2024-01-14,MX,Mexico,Nutrition_Diets,30.79
2024-01-21,MX,Mexico,Nutrition_Diets,30.43
2024-01-28,MX,Mexico,Nutrition_Diets,30.25
2024-02-04,MX,Mexico,Nutrition_Diets,31.15
2024-02-11,MX,Mexico,Nutrition_Diets,29.08
2024-02-18,MX,Mexico,Nutrition_Diets,30.79
2024-02-25,MX,Mexico,Nutrition_Diets,31.42
2024-03-03,MX,Mexico,Nutrition_Diets,30.34
2024-03-10,MX,Mexico,Nutrition_Diets,31.42
2024-03-17,MX,Mexico,Nutrition_Diets,30.34
2024-03-24,MX,Mexico,Nutrition_Diets,32.05
2024-03-31,MX,Mexico,Nutrition_Diets,33.39
2024-04-07,MX,Mexico,Nutrition_Diets,30.97
2024-04-14,MX,Mexico,Nutrition_Diets,31.87
2024-04-21,MX,Mexico,Nutrition_Diets,31.24
2024-04-28,MX,Mexico,Nutrition_Diets,30.07
2024-05-05,MX,Mexico,Nutrition_Diets,30.25
2024-05-12,MX,Mexico,Nutrition_Diets,31.51
2024-05-19,MX,Mexico,Nutrition_Diets,29.62
2024-05-26,MX,Mexico,Nutrition_Diets,28.1
2024-06-02,MX,Mexico,Nutrition_Diets,29.17
2024-06-09,MX,Mexico,Nutrition_Diets,30.43
2024-06-16,MX,Mexico,Nutrition_Diets,30.61
2024-06-23,MX,Mexico,Nutrition_Diets,30.61
2024-06-30,MX,Mexico,Nutrition_Diets,29.71
2024-07-07,MX,Mexico,Nutrition_Diets,31.06
2024-07-14,MX,Mexico,Nutrition_Diets,33.21
2024-07-21,MX,Mexico,Nutrition_Diets,31.15
2024-07-28,MX,Mexico,Nutrition_Diets,29.98
2024-08-04,MX,Mexico,Nutrition_Diets,31.24
2024-08-11,MX,Mexico,Nutrition_Diets,29.08
2024-08-18,MX,Mexico,Nutrition_Diets,30.25
2024-08-25,MX,Mexico,Nutrition_Diets,28.73
2024-09-01,MX,Mexico,Nutrition_Diets,29.17
2024-09-08,MX,Mexico,Nutrition_Diets,29.62
2024-09-15,MX,Mexico,Nutrition_Diets,28.82
2024-09-22,MX,Mexico,Nutrition_Diets,28.37
2024-09-29,MX,Mexico,Nutrition_Diets,29.17
2024-10-06,MX,Mexico,Nutrition_Diets,29.35
2024-10-13,MX,Mexico,Nutrition_Diets,30.79
2024-10-20,MX,Mexico,Nutrition_Diets,27.29
2024-10-27,MX,Mexico,Nutrition_Diets,25.85
2024-11-03,MX,Mexico,Nutrition_Diets,27.56
2024-11-10,MX,Mexico,Nutrition_Diets,28.99
2024-11-17,MX,Mexico,Nutrition_Diets,28.55
2024-11-24,MX,Mexico,Nutrition_Diets,28.01
2024-12-01,MX,Mexico,Nutrition_Diets,25.49
2024-12-08,MX,Mexico,Nutrition_Diets,26.93
2024-12-15,MX,Mexico,Nutrition_Diets,27.65
2024-12-22,MX,Mexico,Nutrition_Diets,28.99
2024-12-29,MX,Mexico,Nutrition_Diets,33.21
2025-01-05,MX,Mexico,Nutrition_Diets,34.92
2025-01-12,MX,Mexico,Nutrition_Diets,37.52
2025-01-19,MX,Mexico,Nutrition_Diets,33.75
2025-01-26,MX,Mexico,Nutrition_Diets,32.76
2025-02-02,MX,Mexico,Nutrition_Diets,30.52
2025-02-09,MX,Mexico,Nutrition_Diets,29.62
2025-02-16,MX,Mexico,Nutrition_Diets,32.5
2025-02-23,MX,Mexico,Nutrition_Diets,31.33
2025-03-02,MX,Mexico,Nutrition_Diets,31.87
2025-03-09,MX,Mexico,Nutrition_Diets,32.68
2025-03-16,MX,Mexico,Nutrition_Diets,32.76
2025-03-23,MX,Mexico,Nutrition_Diets,32.14
2025-03-30,MX,Mexico,Nutrition_Diets,29.98
2025-04-06,MX,Mexico,Nutrition_Diets,31.42
2025-04-13,MX,Mexico,Nutrition_Diets,32.59
2025-04-20,MX,Mexico,Nutrition_Diets,34.56
2025-04-27,MX,Mexico,Nutrition_Diets,33.48
2025-05-04,MX,Mexico,Nutrition_Diets,34.47
2025-05-11,MX,Mexico,Nutrition_Diets,33.48
2025-05-18,MX,Mexico,Nutrition_Diets,31.24
2025-05-25,MX,Mexico,Nutrition_Diets,31.87
2025-06-01,MX,Mexico,Nutrition_Diets,36.27
2025-06-08,MX,Mexico,Nutrition_Diets,39.77
2025-06-15,MX,Mexico,Nutrition_Diets,37.25
2025-06-22,MX,Mexico,Nutrition_Diets,39.05
2025-06-29,MX,Mexico,Nutrition_Diets,34.74
2025-07-06,MX,Mexico,Nutrition_Diets,30.25
2025-07-13,MX,Mexico,Nutrition_Diets,30.61
2025-07-20,MX,Mexico,Nutrition_Diets,33.48
2025-07-27,MX,Mexico,Nutrition_Diets,31.33
2025-08-03,MX,Mexico,Nutrition_Diets,32.5
2025-08-10,MX,Mexico,Nutrition_Diets,33.75
2025-08-17,MX,Mexico,Nutrition_Diets,29.53
2025-08-24,MX,Mexico,Nutrition_Diets,27.02
2025-08-31,MX,Mexico,Nutrition_Diets,28.64
2025-09-07,MX,Mexico,Nutrition_Diets,23.88
2025-09-14,MX,Mexico,Nutrition_Diets,23.52
2025-09-21,MX,Mexico,Nutrition_Diets,23.7
2025-09-28,MX,Mexico,Nutrition_Diets,25.4
2025-10-05,MX,Mexico,Nutrition_Diets,25.31
2025-10-12,MX,Mexico,Nutrition_Diets,25.49
2025-10-19,MX,Mexico,Nutrition_Diets,25.76
2025-10-26,MX,Mexico,Nutrition_Diets,33.03
2025-11-02,MX,Mexico,Nutrition_Diets,47.31
2025-11-09,MX,Mexico,Nutrition_Diets,46.59
2025-11-16,MX,Mexico,Nutrition_Diets,46.23
2025-11-23,MX,Mexico,Nutrition_Diets,48.38
2025-11-30,MX,Mexico,Nutrition_Diets,53.5
2025-12-07,MX,Mexico,Nutrition_Diets,49.46
2025-12-14,MX,Mexico,Nutrition_Diets,46.77
2025-12-21,MX,Mexico,Nutrition_Diets,38.51
2025-12-28,MX,Mexico,Nutrition_Diets,46.32
2026-01-04,MX,Mexico,Nutrition_Diets,49.55
2026-01-11,MX,Mexico,Nutrition_Diets,52.33
2026-01-18,MX,Mexico,Nutrition_Diets,53.14
2026-01-25,MX,Mexico,Nutrition_Diets,63.55
2026-02-01,MX,Mexico,Nutrition_Diets,65.08
2026-02-08,MX,Mexico,Nutrition_Diets,60.41
2026-02-15,MX,Mexico,Nutrition_Diets,78.9
2026-02-22,MX,Mexico,Nutrition_Diets,64.45
2026-03-01,MX,Mexico,Nutrition_Diets,51.26
2026-03-08,MX,Mexico,Nutrition_Diets,52.6
2026-03-15,MX,Mexico,Nutrition_Diets,60.95
2026-03-22,MX,Mexico,Nutrition_Diets,60.77
2026-03-29,MX,Mexico,Nutrition_Diets,67.24
2026-04-05,MX,Mexico,Nutrition_Diets,66.52
2026-04-12,MX,Mexico,Nutrition_Diets,49.91
2026-04-19,MX,Mexico,Nutrition_Diets,44.17
2026-04-26,MX,Mexico,Nutrition_Diets,49.19
2026-05-03,MX,Mexico,Nutrition_Diets,52.06
2026-05-10,MX,Mexico,Nutrition_Diets,48.03
2026-05-17,MX,Mexico,Nutrition_Diets,50.81
2026-05-24,MX,Mexico,Nutrition_Diets,49.1
2026-05-31,MX,Mexico,Nutrition_Diets,49.28
2026-06-07,MX,Mexico,Nutrition_Diets,46.95
2026-06-14,MX,Mexico,Nutrition_Diets,70.74
2026-06-21,MX,Mexico,Nutrition_Diets,100.0
2026-06-28,MX,Mexico,Nutrition_Diets,69.93
2026-07-05,MX,Mexico,Nutrition_Diets,61.85
2026-07-12,MX,Mexico,Nutrition_Diets,60.23
2026-07-19,MX,Mexico,Nutrition_Diets,50.36
2026-07-26,MX,Mexico,Nutrition_Diets,49.01
2026-08-02,MX,Mexico,Nutrition_Diets,41.38
2026-08-09,MX,Mexico,Nutrition_Diets,35.82
2026-08-16,MX,Mexico,Nutrition_Diets,36.0
2026-08-23,MX,Mexico,Nutrition_Diets,26.75
2022-08-28,MX,Mexico,Fitness_Wearables,59.31
2022-09-04,MX,Mexico,Fitness_Wearables,56.73
2022-09-11,MX,Mexico,Fitness_Wearables,54.79
2022-09-18,MX,Mexico,Fitness_Wearables,55.65
2022-09-25,MX,Mexico,Fitness_Wearables,54.68
2022-10-02,MX,Mexico,Fitness_Wearables,55.44
2022-10-09,MX,Mexico,Fitness_Wearables,55.33
2022-10-16,MX,Mexico,Fitness_Wearables,57.7
2022-10-23,MX,Mexico,Fitness_Wearables,51.99
2022-10-30,MX,Mexico,Fitness_Wearables,55.33
2022-11-06,MX,Mexico,Fitness_Wearables,56.62
2022-11-13,MX,Mexico,Fitness_Wearables,58.23
2022-11-20,MX,Mexico,Fitness_Wearables,51.88
2022-11-27,MX,Mexico,Fitness_Wearables,50.48
2022-12-04,MX,Mexico,Fitness_Wearables,52.42
2022-12-11,MX,Mexico,Fitness_Wearables,55.54
2022-12-18,MX,Mexico,Fitness_Wearables,60.17
2022-12-25,MX,Mexico,Fitness_Wearables,66.95
2023-01-01,MX,Mexico,Fitness_Wearables,80.41
2023-01-08,MX,Mexico,Fitness_Wearables,72.55
2023-01-15,MX,Mexico,Fitness_Wearables,68.46
2023-01-22,MX,Mexico,Fitness_Wearables,67.17
2023-01-29,MX,Mexico,Fitness_Wearables,64.8
2023-02-05,MX,Mexico,Fitness_Wearables,63.72
2023-02-12,MX,Mexico,Fitness_Wearables,61.14
2023-02-19,MX,Mexico,Fitness_Wearables,62.65
2023-02-26,MX,Mexico,Fitness_Wearables,61.36
2023-03-05,MX,Mexico,Fitness_Wearables,60.5
2023-03-12,MX,Mexico,Fitness_Wearables,58.23
2023-03-19,MX,Mexico,Fitness_Wearables,58.99
2023-03-26,MX,Mexico,Fitness_Wearables,57.37
2023-04-02,MX,Mexico,Fitness_Wearables,61.46
2023-04-09,MX,Mexico,Fitness_Wearables,60.71
2023-04-16,MX,Mexico,Fitness_Wearables,60.28
2023-04-23,MX,Mexico,Fitness_Wearables,58.77
2023-04-30,MX,Mexico,Fitness_Wearables,64.8
2023-05-07,MX,Mexico,Fitness_Wearables,59.31
2023-05-14,MX,Mexico,Fitness_Wearables,59.42
2023-05-21,MX,Mexico,Fitness_Wearables,58.45
2023-05-28,MX,Mexico,Fitness_Wearables,66.85
2023-06-04,MX,Mexico,Fitness_Wearables,65.66
2023-06-11,MX,Mexico,Fitness_Wearables,64.16
2023-06-18,MX,Mexico,Fitness_Wearables,64.37
2023-06-25,MX,Mexico,Fitness_Wearables,65.55
2023-07-02,MX,Mexico,Fitness_Wearables,66.31
2023-07-09,MX,Mexico,Fitness_Wearables,68.78
2023-07-16,MX,Mexico,Fitness_Wearables,68.03
2023-07-23,MX,Mexico,Fitness_Wearables,67.92
2023-07-30,MX,Mexico,Fitness_Wearables,69.86
2023-08-06,MX,Mexico,Fitness_Wearables,67.06
2023-08-13,MX,Mexico,Fitness_Wearables,67.38
2023-08-20,MX,Mexico,Fitness_Wearables,61.14
2023-08-27,MX,Mexico,Fitness_Wearables,61.36
2023-09-03,MX,Mexico,Fitness_Wearables,61.36
2023-09-10,MX,Mexico,Fitness_Wearables,61.03
2023-09-17,MX,Mexico,Fitness_Wearables,58.34
2023-09-24,MX,Mexico,Fitness_Wearables,57.05
2023-10-01,MX,Mexico,Fitness_Wearables,57.59
2023-10-08,MX,Mexico,Fitness_Wearables,56.62
2023-10-15,MX,Mexico,Fitness_Wearables,57.8
2023-10-22,MX,Mexico,Fitness_Wearables,53.28
2023-10-29,MX,Mexico,Fitness_Wearables,57.59
2023-11-05,MX,Mexico,Fitness_Wearables,61.36
2023-11-12,MX,Mexico,Fitness_Wearables,62.54
2023-11-19,MX,Mexico,Fitness_Wearables,66.09
2023-11-26,MX,Mexico,Fitness_Wearables,62.54
2023-12-03,MX,Mexico,Fitness_Wearables,54.9
2023-12-10,MX,Mexico,Fitness_Wearables,56.73
2023-12-17,MX,Mexico,Fitness_Wearables,63.72
2023-12-24,MX,Mexico,Fitness_Wearables,71.8
2023-12-31,MX,Mexico,Fitness_Wearables,82.02
2024-01-07,MX,Mexico,Fitness_Wearables,77.4
2024-01-14,MX,Mexico,Fitness_Wearables,67.92
2024-01-21,MX,Mexico,Fitness_Wearables,68.03
2024-01-28,MX,Mexico,Fitness_Wearables,69.64
2024-02-04,MX,Mexico,Fitness_Wearables,68.57
2024-02-11,MX,Mexico,Fitness_Wearables,63.08
2024-02-18,MX,Mexico,Fitness_Wearables,66.31
2024-02-25,MX,Mexico,Fitness_Wearables,66.42
2024-03-03,MX,Mexico,Fitness_Wearables,68.25
2024-03-10,MX,Mexico,Fitness_Wearables,65.55
2024-03-17,MX,Mexico,Fitness_Wearables,65.77
2024-03-24,MX,Mexico,Fitness_Wearables,70.4
2024-03-31,MX,Mexico,Fitness_Wearables,73.41
2024-04-07,MX,Mexico,Fitness_Wearables,65.66
2024-04-14,MX,Mexico,Fitness_Wearables,65.34
2024-04-21,MX,Mexico,Fitness_Wearables,64.69
2024-04-28,MX,Mexico,Fitness_Wearables,68.57
2024-05-05,MX,Mexico,Fitness_Wearables,64.69
2024-05-12,MX,Mexico,Fitness_Wearables,67.06
2024-05-19,MX,Mexico,Fitness_Wearables,66.31
2024-05-26,MX,Mexico,Fitness_Wearables,62.97
2024-06-02,MX,Mexico,Fitness_Wearables,65.02
2024-06-09,MX,Mexico,Fitness_Wearables,67.92
2024-06-16,MX,Mexico,Fitness_Wearables,66.52
2024-06-23,MX,Mexico,Fitness_Wearables,66.09
2024-06-30,MX,Mexico,Fitness_Wearables,66.42
2024-07-07,MX,Mexico,Fitness_Wearables,69.32
2024-07-14,MX,Mexico,Fitness_Wearables,72.66
2024-07-21,MX,Mexico,Fitness_Wearables,70.83
2024-07-28,MX,Mexico,Fitness_Wearables,70.08
2024-08-04,MX,Mexico,Fitness_Wearables,73.2
2024-08-11,MX,Mexico,Fitness_Wearables,68.35
2024-08-18,MX,Mexico,Fitness_Wearables,68.57
2024-08-25,MX,Mexico,Fitness_Wearables,65.55
2024-09-01,MX,Mexico,Fitness_Wearables,67.81
2024-09-08,MX,Mexico,Fitness_Wearables,65.88
2024-09-15,MX,Mexico,Fitness_Wearables,65.02
2024-09-22,MX,Mexico,Fitness_Wearables,62.76
2024-09-29,MX,Mexico,Fitness_Wearables,63.94
2024-10-06,MX,Mexico,Fitness_Wearables,62.43
2024-10-13,MX,Mexico,Fitness_Wearables,64.16
2024-10-20,MX,Mexico,Fitness_Wearables,57.05
2024-10-27,MX,Mexico,Fitness_Wearables,61.46
2024-11-03,MX,Mexico,Fitness_Wearables,60.93
2024-11-10,MX,Mexico,Fitness_Wearables,65.55
2024-11-17,MX,Mexico,Fitness_Wearables,68.89
2024-11-24,MX,Mexico,Fitness_Wearables,62.54
2024-12-01,MX,Mexico,Fitness_Wearables,59.2
2024-12-08,MX,Mexico,Fitness_Wearables,62.97
2024-12-15,MX,Mexico,Fitness_Wearables,67.38
2024-12-22,MX,Mexico,Fitness_Wearables,77.07
2024-12-29,MX,Mexico,Fitness_Wearables,83.32
2025-01-05,MX,Mexico,Fitness_Wearables,86.76
2025-01-12,MX,Mexico,Fitness_Wearables,80.84
2025-01-19,MX,Mexico,Fitness_Wearables,76.0
2025-01-26,MX,Mexico,Fitness_Wearables,73.2
2025-02-02,MX,Mexico,Fitness_Wearables,74.06
2025-02-09,MX,Mexico,Fitness_Wearables,68.03
2025-02-16,MX,Mexico,Fitness_Wearables,70.18
2025-02-23,MX,Mexico,Fitness_Wearables,68.14
2025-03-02,MX,Mexico,Fitness_Wearables,65.98
2025-03-09,MX,Mexico,Fitness_Wearables,69.43
2025-03-16,MX,Mexico,Fitness_Wearables,70.18
2025-03-23,MX,Mexico,Fitness_Wearables,66.2
2025-03-30,MX,Mexico,Fitness_Wearables,65.34
2025-04-06,MX,Mexico,Fitness_Wearables,63.62
2025-04-13,MX,Mexico,Fitness_Wearables,69.97
2025-04-20,MX,Mexico,Fitness_Wearables,73.3
2025-04-27,MX,Mexico,Fitness_Wearables,74.06
2025-05-04,MX,Mexico,Fitness_Wearables,73.09
2025-05-11,MX,Mexico,Fitness_Wearables,72.01
2025-05-18,MX,Mexico,Fitness_Wearables,70.83
2025-05-25,MX,Mexico,Fitness_Wearables,74.06
2025-06-01,MX,Mexico,Fitness_Wearables,78.26
2025-06-08,MX,Mexico,Fitness_Wearables,76.86
2025-06-15,MX,Mexico,Fitness_Wearables,73.74
2025-06-22,MX,Mexico,Fitness_Wearables,76.43
2025-06-29,MX,Mexico,Fitness_Wearables,76.64
2025-07-06,MX,Mexico,Fitness_Wearables,75.03
2025-07-13,MX,Mexico,Fitness_Wearables,73.63
2025-07-20,MX,Mexico,Fitness_Wearables,78.58
2025-07-27,MX,Mexico,Fitness_Wearables,75.57
2025-08-03,MX,Mexico,Fitness_Wearables,72.44
2025-08-10,MX,Mexico,Fitness_Wearables,69.75
2025-08-17,MX,Mexico,Fitness_Wearables,69.86
2025-08-24,MX,Mexico,Fitness_Wearables,67.49
2025-08-31,MX,Mexico,Fitness_Wearables,66.31
2025-09-07,MX,Mexico,Fitness_Wearables,60.17
2025-09-14,MX,Mexico,Fitness_Wearables,62.0
2025-09-21,MX,Mexico,Fitness_Wearables,60.82
2025-09-28,MX,Mexico,Fitness_Wearables,61.57
2025-10-05,MX,Mexico,Fitness_Wearables,60.28
2025-10-12,MX,Mexico,Fitness_Wearables,59.74
2025-10-19,MX,Mexico,Fitness_Wearables,59.53
2025-10-26,MX,Mexico,Fitness_Wearables,60.82
2025-11-02,MX,Mexico,Fitness_Wearables,69.43
2025-11-09,MX,Mexico,Fitness_Wearables,75.13
2025-11-16,MX,Mexico,Fitness_Wearables,80.62
2025-11-23,MX,Mexico,Fitness_Wearables,79.44
2025-11-30,MX,Mexico,Fitness_Wearables,84.61
2025-12-07,MX,Mexico,Fitness_Wearables,80.95
2025-12-14,MX,Mexico,Fitness_Wearables,84.82
2025-12-21,MX,Mexico,Fitness_Wearables,85.36
2025-12-28,MX,Mexico,Fitness_Wearables,91.93
2026-01-04,MX,Mexico,Fitness_Wearables,100.0
2026-01-11,MX,Mexico,Fitness_Wearables,88.91
2026-01-18,MX,Mexico,Fitness_Wearables,87.19
2026-01-25,MX,Mexico,Fitness_Wearables,90.1
2026-02-01,MX,Mexico,Fitness_Wearables,93.11
2026-02-08,MX,Mexico,Fitness_Wearables,89.45
2026-02-15,MX,Mexico,Fitness_Wearables,98.17
2026-02-22,MX,Mexico,Fitness_Wearables,85.47
2026-03-01,MX,Mexico,Fitness_Wearables,80.52
2026-03-08,MX,Mexico,Fitness_Wearables,80.19
2026-03-15,MX,Mexico,Fitness_Wearables,82.99
2026-03-22,MX,Mexico,Fitness_Wearables,79.22
2026-03-29,MX,Mexico,Fitness_Wearables,86.87
2026-04-05,MX,Mexico,Fitness_Wearables,86.65
2026-04-12,MX,Mexico,Fitness_Wearables,77.61
2026-04-19,MX,Mexico,Fitness_Wearables,75.57
2026-04-26,MX,Mexico,Fitness_Wearables,77.5
2026-05-03,MX,Mexico,Fitness_Wearables,78.26
2026-05-10,MX,Mexico,Fitness_Wearables,74.06
2026-05-17,MX,Mexico,Fitness_Wearables,72.34
2026-05-24,MX,Mexico,Fitness_Wearables,76.21
2026-05-31,MX,Mexico,Fitness_Wearables,79.22
2026-06-07,MX,Mexico,Fitness_Wearables,71.69
2026-06-14,MX,Mexico,Fitness_Wearables,79.33
2026-06-21,MX,Mexico,Fitness_Wearables,91.5
2026-06-28,MX,Mexico,Fitness_Wearables,75.46
2026-07-05,MX,Mexico,Fitness_Wearables,73.95
2026-07-12,MX,Mexico,Fitness_Wearables,81.05
2026-07-19,MX,Mexico,Fitness_Wearables,84.07
2026-07-26,MX,Mexico,Fitness_Wearables,84.93
2026-08-02,MX,Mexico,Fitness_Wearables,81.81
2026-08-09,MX,Mexico,Fitness_Wearables,76.75
2026-08-16,MX,Mexico,Fitness_Wearables,75.24
2026-08-23,MX,Mexico,Fitness_Wearables,70.08
2022-08-28,MX,Mexico,Fashion_Beauty,50.28
2022-09-04,MX,Mexico,Fashion_Beauty,49.72
2022-09-11,MX,Mexico,Fashion_Beauty,48.89
2022-09-18,MX,Mexico,Fashion_Beauty,49.86
2022-09-25,MX,Mexico,Fashion_Beauty,51.94
2022-10-02,MX,Mexico,Fashion_Beauty,53.74
2022-10-09,MX,Mexico,Fashion_Beauty,51.8
2022-10-16,MX,Mexico,Fashion_Beauty,51.52
2022-10-23,MX,Mexico,Fashion_Beauty,52.49
2022-10-30,MX,Mexico,Fashion_Beauty,53.32
2022-11-06,MX,Mexico,Fashion_Beauty,53.88
2022-11-13,MX,Mexico,Fashion_Beauty,55.82
2022-11-20,MX,Mexico,Fashion_Beauty,52.91
2022-11-27,MX,Mexico,Fashion_Beauty,52.91
2022-12-04,MX,Mexico,Fashion_Beauty,55.12
2022-12-11,MX,Mexico,Fashion_Beauty,62.6
2022-12-18,MX,Mexico,Fashion_Beauty,69.25
2022-12-25,MX,Mexico,Fashion_Beauty,65.37
2023-01-01,MX,Mexico,Fashion_Beauty,60.8
2023-01-08,MX,Mexico,Fashion_Beauty,55.4
2023-01-15,MX,Mexico,Fashion_Beauty,52.35
2023-01-22,MX,Mexico,Fashion_Beauty,53.74
2023-01-29,MX,Mexico,Fashion_Beauty,51.8
2023-02-05,MX,Mexico,Fashion_Beauty,54.43
2023-02-12,MX,Mexico,Fashion_Beauty,51.25
2023-02-19,MX,Mexico,Fashion_Beauty,53.32
2023-02-26,MX,Mexico,Fashion_Beauty,53.88
2023-03-05,MX,Mexico,Fashion_Beauty,56.79
2023-03-12,MX,Mexico,Fashion_Beauty,53.05
2023-03-19,MX,Mexico,Fashion_Beauty,53.88
2023-03-26,MX,Mexico,Fashion_Beauty,52.49
2023-04-02,MX,Mexico,Fashion_Beauty,55.96
2023-04-09,MX,Mexico,Fashion_Beauty,57.34
2023-04-16,MX,Mexico,Fashion_Beauty,54.16
2023-04-23,MX,Mexico,Fashion_Beauty,55.54
2023-04-30,MX,Mexico,Fashion_Beauty,57.06
2023-05-07,MX,Mexico,Fashion_Beauty,56.79
2023-05-14,MX,Mexico,Fashion_Beauty,54.02
2023-05-21,MX,Mexico,Fashion_Beauty,53.32
2023-05-28,MX,Mexico,Fashion_Beauty,57.89
2023-06-04,MX,Mexico,Fashion_Beauty,57.48
2023-06-11,MX,Mexico,Fashion_Beauty,55.96
2023-06-18,MX,Mexico,Fashion_Beauty,55.54
2023-06-25,MX,Mexico,Fashion_Beauty,56.65
2023-07-02,MX,Mexico,Fashion_Beauty,60.11
2023-07-09,MX,Mexico,Fashion_Beauty,57.48
2023-07-16,MX,Mexico,Fashion_Beauty,56.93
2023-07-23,MX,Mexico,Fashion_Beauty,60.66
2023-07-30,MX,Mexico,Fashion_Beauty,57.89
2023-08-06,MX,Mexico,Fashion_Beauty,58.45
2023-08-13,MX,Mexico,Fashion_Beauty,69.39
2023-08-20,MX,Mexico,Fashion_Beauty,60.25
2023-08-27,MX,Mexico,Fashion_Beauty,52.77
2023-09-03,MX,Mexico,Fashion_Beauty,53.19
2023-09-10,MX,Mexico,Fashion_Beauty,52.22
2023-09-17,MX,Mexico,Fashion_Beauty,53.05
2023-09-24,MX,Mexico,Fashion_Beauty,53.46
2023-10-01,MX,Mexico,Fashion_Beauty,53.88
2023-10-08,MX,Mexico,Fashion_Beauty,55.12
2023-10-15,MX,Mexico,Fashion_Beauty,56.65
2023-10-22,MX,Mexico,Fashion_Beauty,54.43
2023-10-29,MX,Mexico,Fashion_Beauty,56.93
2023-11-05,MX,Mexico,Fashion_Beauty,56.51
2023-11-12,MX,Mexico,Fashion_Beauty,59.56
2023-11-19,MX,Mexico,Fashion_Beauty,62.19
2023-11-26,MX,Mexico,Fashion_Beauty,60.11
2023-12-03,MX,Mexico,Fashion_Beauty,61.08
2023-12-10,MX,Mexico,Fashion_Beauty,64.13
2023-12-17,MX,Mexico,Fashion_Beauty,72.44
2023-12-24,MX,Mexico,Fashion_Beauty,72.3
2023-12-31,MX,Mexico,Fashion_Beauty,65.51
2024-01-07,MX,Mexico,Fashion_Beauty,58.45
2024-01-14,MX,Mexico,Fashion_Beauty,55.4
2024-01-21,MX,Mexico,Fashion_Beauty,54.02
2024-01-28,MX,Mexico,Fashion_Beauty,52.63
2024-02-04,MX,Mexico,Fashion_Beauty,54.99
2024-02-11,MX,Mexico,Fashion_Beauty,52.63
2024-02-18,MX,Mexico,Fashion_Beauty,52.77
2024-02-25,MX,Mexico,Fashion_Beauty,50.83
2024-03-03,MX,Mexico,Fashion_Beauty,52.22
2024-03-10,MX,Mexico,Fashion_Beauty,50.83
2024-03-17,MX,Mexico,Fashion_Beauty,50.42
2024-03-24,MX,Mexico,Fashion_Beauty,57.06
2024-03-31,MX,Mexico,Fashion_Beauty,56.37
2024-04-07,MX,Mexico,Fashion_Beauty,51.11
2024-04-14,MX,Mexico,Fashion_Beauty,51.39
2024-04-21,MX,Mexico,Fashion_Beauty,51.39
2024-04-28,MX,Mexico,Fashion_Beauty,54.57
2024-05-05,MX,Mexico,Fashion_Beauty,55.54
2024-05-12,MX,Mexico,Fashion_Beauty,53.46
2024-05-19,MX,Mexico,Fashion_Beauty,51.25
2024-05-26,MX,Mexico,Fashion_Beauty,49.72
2024-06-02,MX,Mexico,Fashion_Beauty,49.17
2024-06-09,MX,Mexico,Fashion_Beauty,53.6
2024-06-16,MX,Mexico,Fashion_Beauty,53.32
2024-06-23,MX,Mexico,Fashion_Beauty,54.29
2024-06-30,MX,Mexico,Fashion_Beauty,54.16
2024-07-07,MX,Mexico,Fashion_Beauty,56.65
2024-07-14,MX,Mexico,Fashion_Beauty,59.7
2024-07-21,MX,Mexico,Fashion_Beauty,59.83
2024-07-28,MX,Mexico,Fashion_Beauty,60.39
2024-08-04,MX,Mexico,Fashion_Beauty,61.22
2024-08-11,MX,Mexico,Fashion_Beauty,72.85
2024-08-18,MX,Mexico,Fashion_Beauty,60.94
2024-08-25,MX,Mexico,Fashion_Beauty,53.05
2024-09-01,MX,Mexico,Fashion_Beauty,53.6
2024-09-08,MX,Mexico,Fashion_Beauty,53.88
2024-09-15,MX,Mexico,Fashion_Beauty,53.46
2024-09-22,MX,Mexico,Fashion_Beauty,59.56
2024-09-29,MX,Mexico,Fashion_Beauty,59.0
2024-10-06,MX,Mexico,Fashion_Beauty,58.03
2024-10-13,MX,Mexico,Fashion_Beauty,76.87
2024-10-20,MX,Mexico,Fashion_Beauty,57.62
2024-10-27,MX,Mexico,Fashion_Beauty,56.23
2024-11-03,MX,Mexico,Fashion_Beauty,56.09
2024-11-10,MX,Mexico,Fashion_Beauty,59.28
2024-11-17,MX,Mexico,Fashion_Beauty,63.99
2024-11-24,MX,Mexico,Fashion_Beauty,66.2
2024-12-01,MX,Mexico,Fashion_Beauty,62.33
2024-12-08,MX,Mexico,Fashion_Beauty,66.34
2024-12-15,MX,Mexico,Fashion_Beauty,72.02
2024-12-22,MX,Mexico,Fashion_Beauty,79.5
2024-12-29,MX,Mexico,Fashion_Beauty,70.91
2025-01-05,MX,Mexico,Fashion_Beauty,62.05
2025-01-12,MX,Mexico,Fashion_Beauty,60.8
2025-01-19,MX,Mexico,Fashion_Beauty,59.7
2025-01-26,MX,Mexico,Fashion_Beauty,57.48
2025-02-02,MX,Mexico,Fashion_Beauty,57.76
2025-02-09,MX,Mexico,Fashion_Beauty,56.09
2025-02-16,MX,Mexico,Fashion_Beauty,56.93
2025-02-23,MX,Mexico,Fashion_Beauty,56.09
2025-03-02,MX,Mexico,Fashion_Beauty,52.77
2025-03-09,MX,Mexico,Fashion_Beauty,54.43
2025-03-16,MX,Mexico,Fashion_Beauty,57.06
2025-03-23,MX,Mexico,Fashion_Beauty,56.09
2025-03-30,MX,Mexico,Fashion_Beauty,55.82
2025-04-06,MX,Mexico,Fashion_Beauty,58.17
2025-04-13,MX,Mexico,Fashion_Beauty,64.82
2025-04-20,MX,Mexico,Fashion_Beauty,60.94
2025-04-27,MX,Mexico,Fashion_Beauty,59.83
2025-05-04,MX,Mexico,Fashion_Beauty,61.63
2025-05-11,MX,Mexico,Fashion_Beauty,59.14
2025-05-18,MX,Mexico,Fashion_Beauty,57.2
2025-05-25,MX,Mexico,Fashion_Beauty,59.42
2025-06-01,MX,Mexico,Fashion_Beauty,61.08
2025-06-08,MX,Mexico,Fashion_Beauty,64.82
2025-06-15,MX,Mexico,Fashion_Beauty,60.66
2025-06-22,MX,Mexico,Fashion_Beauty,63.16
2025-06-29,MX,Mexico,Fashion_Beauty,61.36
2025-07-06,MX,Mexico,Fashion_Beauty,59.28
2025-07-13,MX,Mexico,Fashion_Beauty,59.42
2025-07-20,MX,Mexico,Fashion_Beauty,62.6
2025-07-27,MX,Mexico,Fashion_Beauty,59.7
2025-08-03,MX,Mexico,Fashion_Beauty,64.13
2025-08-10,MX,Mexico,Fashion_Beauty,67.73
2025-08-17,MX,Mexico,Fashion_Beauty,59.0
2025-08-24,MX,Mexico,Fashion_Beauty,56.51
2025-08-31,MX,Mexico,Fashion_Beauty,53.32
2025-09-07,MX,Mexico,Fashion_Beauty,51.8
2025-09-14,MX,Mexico,Fashion_Beauty,53.46
2025-09-21,MX,Mexico,Fashion_Beauty,53.74
2025-09-28,MX,Mexico,Fashion_Beauty,57.34
2025-10-05,MX,Mexico,Fashion_Beauty,57.34
2025-10-12,MX,Mexico,Fashion_Beauty,83.8
2025-10-19,MX,Mexico,Fashion_Beauty,58.45
2025-10-26,MX,Mexico,Fashion_Beauty,60.25
2025-11-02,MX,Mexico,Fashion_Beauty,69.67
2025-11-09,MX,Mexico,Fashion_Beauty,75.9
2025-11-16,MX,Mexico,Fashion_Beauty,80.61
2025-11-23,MX,Mexico,Fashion_Beauty,88.64
2025-11-30,MX,Mexico,Fashion_Beauty,100.0
2025-12-07,MX,Mexico,Fashion_Beauty,97.09
2025-12-14,MX,Mexico,Fashion_Beauty,95.71
2025-12-21,MX,Mexico,Fashion_Beauty,91.83
2025-12-28,MX,Mexico,Fashion_Beauty,85.46
2026-01-04,MX,Mexico,Fashion_Beauty,83.93
2026-01-11,MX,Mexico,Fashion_Beauty,78.12
2026-01-18,MX,Mexico,Fashion_Beauty,74.1
2026-01-25,MX,Mexico,Fashion_Beauty,80.33
2026-02-01,MX,Mexico,Fashion_Beauty,83.66
2026-02-08,MX,Mexico,Fashion_Beauty,95.15
2026-02-15,MX,Mexico,Fashion_Beauty,98.2
2026-02-22,MX,Mexico,Fashion_Beauty,85.18
2026-03-01,MX,Mexico,Fashion_Beauty,68.84
2026-03-08,MX,Mexico,Fashion_Beauty,66.07
2026-03-15,MX,Mexico,Fashion_Beauty,69.11
2026-03-22,MX,Mexico,Fashion_Beauty,69.39
2026-03-29,MX,Mexico,Fashion_Beauty,73.82
2026-04-05,MX,Mexico,Fashion_Beauty,73.55
2026-04-12,MX,Mexico,Fashion_Beauty,67.31
2026-04-19,MX,Mexico,Fashion_Beauty,67.87
2026-04-26,MX,Mexico,Fashion_Beauty,67.17
2026-05-03,MX,Mexico,Fashion_Beauty,68.56
2026-05-10,MX,Mexico,Fashion_Beauty,65.93
2026-05-17,MX,Mexico,Fashion_Beauty,62.88
2026-05-24,MX,Mexico,Fashion_Beauty,64.4
2026-05-31,MX,Mexico,Fashion_Beauty,62.74
2026-06-07,MX,Mexico,Fashion_Beauty,58.31
2026-06-14,MX,Mexico,Fashion_Beauty,72.58
2026-06-21,MX,Mexico,Fashion_Beauty,86.57
2026-06-28,MX,Mexico,Fashion_Beauty,68.7
2026-07-05,MX,Mexico,Fashion_Beauty,63.99
2026-07-12,MX,Mexico,Fashion_Beauty,67.87
2026-07-19,MX,Mexico,Fashion_Beauty,67.45
2026-07-26,MX,Mexico,Fashion_Beauty,68.14
2026-08-02,MX,Mexico,Fashion_Beauty,63.02
2026-08-09,MX,Mexico,Fashion_Beauty,67.17
2026-08-16,MX,Mexico,Fashion_Beauty,60.94
2026-08-23,MX,Mexico,Fashion_Beauty,55.54
2022-08-28,ZA,South_Africa,Nutrition_Diets,81.28
2022-09-04,ZA,South_Africa,Nutrition_Diets,82.5
2022-09-11,ZA,South_Africa,Nutrition_Diets,83.21
2022-09-18,ZA,South_Africa,Nutrition_Diets,77.01
2022-09-25,ZA,South_Africa,Nutrition_Diets,80.98
2022-10-02,ZA,South_Africa,Nutrition_Diets,81.08
2022-10-09,ZA,South_Africa,Nutrition_Diets,88.91
2022-10-16,ZA,South_Africa,Nutrition_Diets,81.28
2022-10-23,ZA,South_Africa,Nutrition_Diets,78.64
2022-10-30,ZA,South_Africa,Nutrition_Diets,76.5
2022-11-06,ZA,South_Africa,Nutrition_Diets,75.18
2022-11-13,ZA,South_Africa,Nutrition_Diets,78.43
2022-11-20,ZA,South_Africa,Nutrition_Diets,68.87
2022-11-27,ZA,South_Africa,Nutrition_Diets,63.68
2022-12-04,ZA,South_Africa,Nutrition_Diets,64.39
2022-12-11,ZA,South_Africa,Nutrition_Diets,62.36
2022-12-18,ZA,South_Africa,Nutrition_Diets,62.26
2022-12-25,ZA,South_Africa,Nutrition_Diets,75.08
2023-01-01,ZA,South_Africa,Nutrition_Diets,100.0
2023-01-08,ZA,South_Africa,Nutrition_Diets,97.46
2023-01-15,ZA,South_Africa,Nutrition_Diets,88.4
2023-01-22,ZA,South_Africa,Nutrition_Diets,88.71
2023-01-29,ZA,South_Africa,Nutrition_Diets,88.81
2023-02-05,ZA,South_Africa,Nutrition_Diets,85.45
2023-02-12,ZA,South_Africa,Nutrition_Diets,76.2
2023-02-19,ZA,South_Africa,Nutrition_Diets,78.33
2023-02-26,ZA,South_Africa,Nutrition_Diets,78.54
2023-03-05,ZA,South_Africa,Nutrition_Diets,80.77
2023-03-12,ZA,South_Africa,Nutrition_Diets,80.26
2023-03-19,ZA,South_Africa,Nutrition_Diets,77.21
2023-03-26,ZA,South_Africa,Nutrition_Diets,73.04
2023-04-02,ZA,South_Africa,Nutrition_Diets,67.96
2023-04-09,ZA,South_Africa,Nutrition_Diets,71.92
2023-04-16,ZA,South_Africa,Nutrition_Diets,72.23
2023-04-23,ZA,South_Africa,Nutrition_Diets,71.31
2023-04-30,ZA,South_Africa,Nutrition_Diets,72.13
2023-05-07,ZA,South_Africa,Nutrition_Diets,69.38
2023-05-14,ZA,South_Africa,Nutrition_Diets,66.84
2023-05-21,ZA,South_Africa,Nutrition_Diets,69.58
2023-05-28,ZA,South_Africa,Nutrition_Diets,68.46
2023-06-04,ZA,South_Africa,Nutrition_Diets,70.09
2023-06-11,ZA,South_Africa,Nutrition_Diets,65.41
2023-06-18,ZA,South_Africa,Nutrition_Diets,68.97
2023-06-25,ZA,South_Africa,Nutrition_Diets,67.85
2023-07-02,ZA,South_Africa,Nutrition_Diets,71.01
2023-07-09,ZA,South_Africa,Nutrition_Diets,66.84
2023-07-16,ZA,South_Africa,Nutrition_Diets,69.48
2023-07-23,ZA,South_Africa,Nutrition_Diets,74.47
2023-07-30,ZA,South_Africa,Nutrition_Diets,73.65
2023-08-06,ZA,South_Africa,Nutrition_Diets,78.74
2023-08-13,ZA,South_Africa,Nutrition_Diets,83.32
2023-08-20,ZA,South_Africa,Nutrition_Diets,80.26
2023-08-27,ZA,South_Africa,Nutrition_Diets,80.77
2023-09-03,ZA,South_Africa,Nutrition_Diets,79.55
2023-09-10,ZA,South_Africa,Nutrition_Diets,75.79
2023-09-17,ZA,South_Africa,Nutrition_Diets,69.07
2023-09-24,ZA,South_Africa,Nutrition_Diets,68.26
2023-10-01,ZA,South_Africa,Nutrition_Diets,68.36
2023-10-08,ZA,South_Africa,Nutrition_Diets,75.48
2023-10-15,ZA,South_Africa,Nutrition_Diets,69.28
2023-10-22,ZA,South_Africa,Nutrition_Diets,68.06
2023-10-29,ZA,South_Africa,Nutrition_Diets,65.72
2023-11-05,ZA,South_Africa,Nutrition_Diets,71.62
2023-11-12,ZA,South_Africa,Nutrition_Diets,70.6
2023-11-19,ZA,South_Africa,Nutrition_Diets,67.96
2023-11-26,ZA,South_Africa,Nutrition_Diets,63.38
2023-12-03,ZA,South_Africa,Nutrition_Diets,59.31
2023-12-10,ZA,South_Africa,Nutrition_Diets,54.63
2023-12-17,ZA,South_Africa,Nutrition_Diets,55.54
2023-12-24,ZA,South_Africa,Nutrition_Diets,60.02
2023-12-31,ZA,South_Africa,Nutrition_Diets,87.69
2024-01-07,ZA,South_Africa,Nutrition_Diets,91.35
2024-01-14,ZA,South_Africa,Nutrition_Diets,83.93
2024-01-21,ZA,South_Africa,Nutrition_Diets,79.15
2024-01-28,ZA,South_Africa,Nutrition_Diets,74.57
2024-02-04,ZA,South_Africa,Nutrition_Diets,75.89
2024-02-11,ZA,South_Africa,Nutrition_Diets,73.65
2024-02-18,ZA,South_Africa,Nutrition_Diets,73.25
2024-02-25,ZA,South_Africa,Nutrition_Diets,70.8
2024-03-03,ZA,South_Africa,Nutrition_Diets,71.01
2024-03-10,ZA,South_Africa,Nutrition_Diets,69.18
2024-03-17,ZA,South_Africa,Nutrition_Diets,64.29
2024-03-24,ZA,South_Africa,Nutrition_Diets,60.43
2024-03-31,ZA,South_Africa,Nutrition_Diets,64.5
2024-04-07,ZA,South_Africa,Nutrition_Diets,62.56
2024-04-14,ZA,South_Africa,Nutrition_Diets,67.14
2024-04-21,ZA,South_Africa,Nutrition_Diets,63.99
2024-04-28,ZA,South_Africa,Nutrition_Diets,67.34
2024-05-05,ZA,South_Africa,Nutrition_Diets,64.29
2024-05-12,ZA,South_Africa,Nutrition_Diets,61.95
2024-05-19,ZA,South_Africa,Nutrition_Diets,65.41
2024-05-26,ZA,South_Africa,Nutrition_Diets,62.26
2024-06-02,ZA,South_Africa,Nutrition_Diets,58.8
2024-06-09,ZA,South_Africa,Nutrition_Diets,59.0
2024-06-16,ZA,South_Africa,Nutrition_Diets,60.12
2024-06-23,ZA,South_Africa,Nutrition_Diets,60.94
2024-06-30,ZA,South_Africa,Nutrition_Diets,60.33
2024-07-07,ZA,South_Africa,Nutrition_Diets,59.72
2024-07-14,ZA,South_Africa,Nutrition_Diets,65.01
2024-07-21,ZA,South_Africa,Nutrition_Diets,69.18
2024-07-28,ZA,South_Africa,Nutrition_Diets,67.75
2024-08-04,ZA,South_Africa,Nutrition_Diets,64.29
2024-08-11,ZA,South_Africa,Nutrition_Diets,69.89
2024-08-18,ZA,South_Africa,Nutrition_Diets,68.97
2024-08-25,ZA,South_Africa,Nutrition_Diets,69.28
2024-09-01,ZA,South_Africa,Nutrition_Diets,71.82
2024-09-08,ZA,South_Africa,Nutrition_Diets,72.02
2024-09-15,ZA,South_Africa,Nutrition_Diets,62.26
2024-09-22,ZA,South_Africa,Nutrition_Diets,57.88
2024-09-29,ZA,South_Africa,Nutrition_Diets,66.63
2024-10-06,ZA,South_Africa,Nutrition_Diets,73.25
2024-10-13,ZA,South_Africa,Nutrition_Diets,72.02
2024-10-20,ZA,South_Africa,Nutrition_Diets,66.43
2024-10-27,ZA,South_Africa,Nutrition_Diets,67.96
2024-11-03,ZA,South_Africa,Nutrition_Diets,65.41
2024-11-10,ZA,South_Africa,Nutrition_Diets,65.92
2024-11-17,ZA,South_Africa,Nutrition_Diets,64.8
2024-11-24,ZA,South_Africa,Nutrition_Diets,56.87
2024-12-01,ZA,South_Africa,Nutrition_Diets,56.46
2024-12-08,ZA,South_Africa,Nutrition_Diets,55.75
2024-12-15,ZA,South_Africa,Nutrition_Diets,50.46
2024-12-22,ZA,South_Africa,Nutrition_Diets,50.25
2024-12-29,ZA,South_Africa,Nutrition_Diets,71.21
2025-01-05,ZA,South_Africa,Nutrition_Diets,84.44
2025-01-12,ZA,South_Africa,Nutrition_Diets,74.47
2025-01-19,ZA,South_Africa,Nutrition_Diets,76.81
2025-01-26,ZA,South_Africa,Nutrition_Diets,77.62
2025-02-02,ZA,South_Africa,Nutrition_Diets,75.89
2025-02-09,ZA,South_Africa,Nutrition_Diets,72.94
2025-02-16,ZA,South_Africa,Nutrition_Diets,70.91
2025-02-23,ZA,South_Africa,Nutrition_Diets,71.62
2025-03-02,ZA,South_Africa,Nutrition_Diets,70.7
2025-03-09,ZA,South_Africa,Nutrition_Diets,69.48
2025-03-16,ZA,South_Africa,Nutrition_Diets,63.78
2025-03-23,ZA,South_Africa,Nutrition_Diets,61.44
2025-03-30,ZA,South_Africa,Nutrition_Diets,60.12
2025-04-06,ZA,South_Africa,Nutrition_Diets,64.09
2025-04-13,ZA,South_Africa,Nutrition_Diets,56.77
2025-04-20,ZA,South_Africa,Nutrition_Diets,56.77
2025-04-27,ZA,South_Africa,Nutrition_Diets,57.58
2025-05-04,ZA,South_Africa,Nutrition_Diets,60.12
2025-05-11,ZA,South_Africa,Nutrition_Diets,61.75
2025-05-18,ZA,South_Africa,Nutrition_Diets,61.24
2025-05-25,ZA,South_Africa,Nutrition_Diets,59.82
2025-06-01,ZA,South_Africa,Nutrition_Diets,60.02
2025-06-08,ZA,South_Africa,Nutrition_Diets,56.36
2025-06-15,ZA,South_Africa,Nutrition_Diets,57.88
2025-06-22,ZA,South_Africa,Nutrition_Diets,58.7
2025-06-29,ZA,South_Africa,Nutrition_Diets,56.46
2025-07-06,ZA,South_Africa,Nutrition_Diets,54.32
2025-07-13,ZA,South_Africa,Nutrition_Diets,58.9
2025-07-20,ZA,South_Africa,Nutrition_Diets,63.68
2025-07-27,ZA,South_Africa,Nutrition_Diets,64.19
2025-08-03,ZA,South_Africa,Nutrition_Diets,66.23
2025-08-10,ZA,South_Africa,Nutrition_Diets,65.41
2025-08-17,ZA,South_Africa,Nutrition_Diets,65.21
2025-08-24,ZA,South_Africa,Nutrition_Diets,66.12
2025-08-31,ZA,South_Africa,Nutrition_Diets,67.04
2025-09-07,ZA,South_Africa,Nutrition_Diets,65.31
2025-09-14,ZA,South_Africa,Nutrition_Diets,61.75
2025-09-21,ZA,South_Africa,Nutrition_Diets,60.02
2025-09-28,ZA,South_Africa,Nutrition_Diets,57.68
2025-10-05,ZA,South_Africa,Nutrition_Diets,60.53
2025-10-12,ZA,South_Africa,Nutrition_Diets,66.02
2025-10-19,ZA,South_Africa,Nutrition_Diets,62.56
2025-10-26,ZA,South_Africa,Nutrition_Diets,64.7
2025-11-02,ZA,South_Africa,Nutrition_Diets,66.94
2025-11-09,ZA,South_Africa,Nutrition_Diets,68.67
2025-11-16,ZA,South_Africa,Nutrition_Diets,62.67
2025-11-23,ZA,South_Africa,Nutrition_Diets,58.39
2025-11-30,ZA,South_Africa,Nutrition_Diets,56.56
2025-12-07,ZA,South_Africa,Nutrition_Diets,55.54
2025-12-14,ZA,South_Africa,Nutrition_Diets,54.73
2025-12-21,ZA,South_Africa,Nutrition_Diets,50.15
2025-12-28,ZA,South_Africa,Nutrition_Diets,61.65
2026-01-04,ZA,South_Africa,Nutrition_Diets,80.06
2026-01-11,ZA,South_Africa,Nutrition_Diets,71.92
2026-01-18,ZA,South_Africa,Nutrition_Diets,73.75
2026-01-25,ZA,South_Africa,Nutrition_Diets,74.87
2026-02-01,ZA,South_Africa,Nutrition_Diets,73.96
2026-02-08,ZA,South_Africa,Nutrition_Diets,73.86
2026-02-15,ZA,South_Africa,Nutrition_Diets,79.15
2026-02-22,ZA,South_Africa,Nutrition_Diets,79.86
2026-03-01,ZA,South_Africa,Nutrition_Diets,63.99
2026-03-08,ZA,South_Africa,Nutrition_Diets,65.72
2026-03-15,ZA,South_Africa,Nutrition_Diets,61.85
2026-03-22,ZA,South_Africa,Nutrition_Diets,64.8
2026-03-29,ZA,South_Africa,Nutrition_Diets,71.62
2026-04-05,ZA,South_Africa,Nutrition_Diets,70.4
2026-04-12,ZA,South_Africa,Nutrition_Diets,60.73
2026-04-19,ZA,South_Africa,Nutrition_Diets,56.05
2026-04-26,ZA,South_Africa,Nutrition_Diets,56.66
2026-05-03,ZA,South_Africa,Nutrition_Diets,55.04
2026-05-10,ZA,South_Africa,Nutrition_Diets,54.73
2026-05-17,ZA,South_Africa,Nutrition_Diets,56.66
2026-05-24,ZA,South_Africa,Nutrition_Diets,59.1
2026-05-31,ZA,South_Africa,Nutrition_Diets,57.88
2026-06-07,ZA,South_Africa,Nutrition_Diets,51.37
2026-06-14,ZA,South_Africa,Nutrition_Diets,47.71
2026-06-21,ZA,South_Africa,Nutrition_Diets,47.81
2026-06-28,ZA,South_Africa,Nutrition_Diets,50.97
2026-07-05,ZA,South_Africa,Nutrition_Diets,53.92
2026-07-12,ZA,South_Africa,Nutrition_Diets,57.78
2026-07-19,ZA,South_Africa,Nutrition_Diets,65.82
2026-07-26,ZA,South_Africa,Nutrition_Diets,63.38
2026-08-02,ZA,South_Africa,Nutrition_Diets,59.1
2026-08-09,ZA,South_Africa,Nutrition_Diets,54.53
2026-08-16,ZA,South_Africa,Nutrition_Diets,56.46
2026-08-23,ZA,South_Africa,Nutrition_Diets,59.51
2022-08-28,ZA,South_Africa,Fitness_Wearables,74.44
2022-09-04,ZA,South_Africa,Fitness_Wearables,77.88
2022-09-11,ZA,South_Africa,Fitness_Wearables,76.69
2022-09-18,ZA,South_Africa,Fitness_Wearables,71.7
2022-09-25,ZA,South_Africa,Fitness_Wearables,73.13
2022-10-02,ZA,South_Africa,Fitness_Wearables,72.77
2022-10-09,ZA,South_Africa,Fitness_Wearables,78.24
2022-10-16,ZA,South_Africa,Fitness_Wearables,74.08
2022-10-23,ZA,South_Africa,Fitness_Wearables,73.48
2022-10-30,ZA,South_Africa,Fitness_Wearables,76.1
2022-11-06,ZA,South_Africa,Fitness_Wearables,70.63
2022-11-13,ZA,South_Africa,Fitness_Wearables,75.15
2022-11-20,ZA,South_Africa,Fitness_Wearables,75.86
2022-11-27,ZA,South_Africa,Fitness_Wearables,70.87
2022-12-04,ZA,South_Africa,Fitness_Wearables,66.59
2022-12-11,ZA,South_Africa,Fitness_Wearables,73.25
2022-12-18,ZA,South_Africa,Fitness_Wearables,71.82
2022-12-25,ZA,South_Africa,Fitness_Wearables,83.23
2023-01-01,ZA,South_Africa,Fitness_Wearables,96.55
2023-01-08,ZA,South_Africa,Fitness_Wearables,95.72
2023-01-15,ZA,South_Africa,Fitness_Wearables,90.25
2023-01-22,ZA,South_Africa,Fitness_Wearables,92.27
2023-01-29,ZA,South_Africa,Fitness_Wearables,93.22
2023-02-05,ZA,South_Africa,Fitness_Wearables,87.16
2023-02-12,ZA,South_Africa,Fitness_Wearables,81.81
2023-02-19,ZA,South_Africa,Fitness_Wearables,82.76
2023-02-26,ZA,South_Africa,Fitness_Wearables,84.78
2023-03-05,ZA,South_Africa,Fitness_Wearables,88.94
2023-03-12,ZA,South_Africa,Fitness_Wearables,81.45
2023-03-19,ZA,South_Africa,Fitness_Wearables,82.76
2023-03-26,ZA,South_Africa,Fitness_Wearables,71.94
2023-04-02,ZA,South_Africa,Fitness_Wearables,71.22
2023-04-09,ZA,South_Africa,Fitness_Wearables,73.6
2023-04-16,ZA,South_Africa,Fitness_Wearables,72.65
2023-04-23,ZA,South_Africa,Fitness_Wearables,72.06
2023-04-30,ZA,South_Africa,Fitness_Wearables,72.18
2023-05-07,ZA,South_Africa,Fitness_Wearables,68.85
2023-05-14,ZA,South_Africa,Fitness_Wearables,65.99
2023-05-21,ZA,South_Africa,Fitness_Wearables,67.54
2023-05-28,ZA,South_Africa,Fitness_Wearables,67.9
2023-06-04,ZA,South_Africa,Fitness_Wearables,70.27
2023-06-11,ZA,South_Africa,Fitness_Wearables,70.63
2023-06-18,ZA,South_Africa,Fitness_Wearables,68.85
2023-06-25,ZA,South_Africa,Fitness_Wearables,69.56
2023-07-02,ZA,South_Africa,Fitness_Wearables,71.82
2023-07-09,ZA,South_Africa,Fitness_Wearables,68.25
2023-07-16,ZA,South_Africa,Fitness_Wearables,72.65
2023-07-23,ZA,South_Africa,Fitness_Wearables,70.99
2023-07-30,ZA,South_Africa,Fitness_Wearables,73.6
2023-08-06,ZA,South_Africa,Fitness_Wearables,80.62
2023-08-13,ZA,South_Africa,Fitness_Wearables,79.79
2023-08-20,ZA,South_Africa,Fitness_Wearables,74.32
2023-08-27,ZA,South_Africa,Fitness_Wearables,73.48
2023-09-03,ZA,South_Africa,Fitness_Wearables,72.29
2023-09-10,ZA,South_Africa,Fitness_Wearables,72.41
2023-09-17,ZA,South_Africa,Fitness_Wearables,66.83
2023-09-24,ZA,South_Africa,Fitness_Wearables,69.32
2023-10-01,ZA,South_Africa,Fitness_Wearables,69.56
2023-10-08,ZA,South_Africa,Fitness_Wearables,72.77
2023-10-15,ZA,South_Africa,Fitness_Wearables,66.83
2023-10-22,ZA,South_Africa,Fitness_Wearables,63.26
2023-10-29,ZA,South_Africa,Fitness_Wearables,64.45
2023-11-05,ZA,South_Africa,Fitness_Wearables,70.63
2023-11-12,ZA,South_Africa,Fitness_Wearables,72.89
2023-11-19,ZA,South_Africa,Fitness_Wearables,77.05
2023-11-26,ZA,South_Africa,Fitness_Wearables,70.27
2023-12-03,ZA,South_Africa,Fitness_Wearables,66.83
2023-12-10,ZA,South_Africa,Fitness_Wearables,68.25
2023-12-17,ZA,South_Africa,Fitness_Wearables,67.3
2023-12-24,ZA,South_Africa,Fitness_Wearables,77.29
2023-12-31,ZA,South_Africa,Fitness_Wearables,91.91
2024-01-07,ZA,South_Africa,Fitness_Wearables,92.87
2024-01-14,ZA,South_Africa,Fitness_Wearables,89.42
2024-01-21,ZA,South_Africa,Fitness_Wearables,84.9
2024-01-28,ZA,South_Africa,Fitness_Wearables,85.02
2024-02-04,ZA,South_Africa,Fitness_Wearables,80.86
2024-02-11,ZA,South_Africa,Fitness_Wearables,83.23
2024-02-18,ZA,South_Africa,Fitness_Wearables,89.66
2024-02-25,ZA,South_Africa,Fitness_Wearables,95.12
2024-03-03,ZA,South_Africa,Fitness_Wearables,89.77
2024-03-10,ZA,South_Africa,Fitness_Wearables,85.61
2024-03-17,ZA,South_Africa,Fitness_Wearables,80.02
2024-03-24,ZA,South_Africa,Fitness_Wearables,73.84
2024-03-31,ZA,South_Africa,Fitness_Wearables,71.94
2024-04-07,ZA,South_Africa,Fitness_Wearables,69.32
2024-04-14,ZA,South_Africa,Fitness_Wearables,68.97
2024-04-21,ZA,South_Africa,Fitness_Wearables,70.04
2024-04-28,ZA,South_Africa,Fitness_Wearables,69.92
2024-05-05,ZA,South_Africa,Fitness_Wearables,69.44
2024-05-12,ZA,South_Africa,Fitness_Wearables,65.04
2024-05-19,ZA,South_Africa,Fitness_Wearables,69.08
2024-05-26,ZA,South_Africa,Fitness_Wearables,68.85
2024-06-02,ZA,South_Africa,Fitness_Wearables,67.9
2024-06-09,ZA,South_Africa,Fitness_Wearables,68.49
2024-06-16,ZA,South_Africa,Fitness_Wearables,69.92
2024-06-23,ZA,South_Africa,Fitness_Wearables,68.73
2024-06-30,ZA,South_Africa,Fitness_Wearables,70.51
2024-07-07,ZA,South_Africa,Fitness_Wearables,66.94
2024-07-14,ZA,South_Africa,Fitness_Wearables,71.82
2024-07-21,ZA,South_Africa,Fitness_Wearables,71.58
2024-07-28,ZA,South_Africa,Fitness_Wearables,75.03
2024-08-04,ZA,South_Africa,Fitness_Wearables,77.05
2024-08-11,ZA,South_Africa,Fitness_Wearables,72.77
2024-08-18,ZA,South_Africa,Fitness_Wearables,69.92
2024-08-25,ZA,South_Africa,Fitness_Wearables,69.44
2024-09-01,ZA,South_Africa,Fitness_Wearables,72.53
2024-09-08,ZA,South_Africa,Fitness_Wearables,71.11
2024-09-15,ZA,South_Africa,Fitness_Wearables,66.47
2024-09-22,ZA,South_Africa,Fitness_Wearables,66.83
2024-09-29,ZA,South_Africa,Fitness_Wearables,66.83
2024-10-06,ZA,South_Africa,Fitness_Wearables,73.13
2024-10-13,ZA,South_Africa,Fitness_Wearables,70.63
2024-10-20,ZA,South_Africa,Fitness_Wearables,67.78
2024-10-27,ZA,South_Africa,Fitness_Wearables,67.78
2024-11-03,ZA,South_Africa,Fitness_Wearables,67.18
2024-11-10,ZA,South_Africa,Fitness_Wearables,70.04
2024-11-17,ZA,South_Africa,Fitness_Wearables,72.29
2024-11-24,ZA,South_Africa,Fitness_Wearables,72.53
2024-12-01,ZA,South_Africa,Fitness_Wearables,70.39
2024-12-08,ZA,South_Africa,Fitness_Wearables,67.9
2024-12-15,ZA,South_Africa,Fitness_Wearables,72.18
2024-12-22,ZA,South_Africa,Fitness_Wearables,78.6
2024-12-29,ZA,South_Africa,Fitness_Wearables,88.11
2025-01-05,ZA,South_Africa,Fitness_Wearables,93.82
2025-01-12,ZA,South_Africa,Fitness_Wearables,85.61
2025-01-19,ZA,South_Africa,Fitness_Wearables,86.56
2025-01-26,ZA,South_Africa,Fitness_Wearables,83.83
2025-02-02,ZA,South_Africa,Fitness_Wearables,79.79
2025-02-09,ZA,South_Africa,Fitness_Wearables,79.19
2025-02-16,ZA,South_Africa,Fitness_Wearables,78.12
2025-02-23,ZA,South_Africa,Fitness_Wearables,80.02
2025-03-02,ZA,South_Africa,Fitness_Wearables,79.55
2025-03-09,ZA,South_Africa,Fitness_Wearables,81.45
2025-03-16,ZA,South_Africa,Fitness_Wearables,79.19
2025-03-23,ZA,South_Africa,Fitness_Wearables,73.48
2025-03-30,ZA,South_Africa,Fitness_Wearables,71.11
2025-04-06,ZA,South_Africa,Fitness_Wearables,73.37
2025-04-13,ZA,South_Africa,Fitness_Wearables,71.82
2025-04-20,ZA,South_Africa,Fitness_Wearables,72.77
2025-04-27,ZA,South_Africa,Fitness_Wearables,71.34
2025-05-04,ZA,South_Africa,Fitness_Wearables,68.13
2025-05-11,ZA,South_Africa,Fitness_Wearables,67.54
2025-05-18,ZA,South_Africa,Fitness_Wearables,67.18
2025-05-25,ZA,South_Africa,Fitness_Wearables,68.37
2025-06-01,ZA,South_Africa,Fitness_Wearables,69.56
2025-06-08,ZA,South_Africa,Fitness_Wearables,67.42
2025-06-15,ZA,South_Africa,Fitness_Wearables,71.94
2025-06-22,ZA,South_Africa,Fitness_Wearables,66.47
2025-06-29,ZA,South_Africa,Fitness_Wearables,67.42
2025-07-06,ZA,South_Africa,Fitness_Wearables,68.25
2025-07-13,ZA,South_Africa,Fitness_Wearables,70.04
2025-07-20,ZA,South_Africa,Fitness_Wearables,72.89
2025-07-27,ZA,South_Africa,Fitness_Wearables,71.11
2025-08-03,ZA,South_Africa,Fitness_Wearables,71.82
2025-08-10,ZA,South_Africa,Fitness_Wearables,69.32
2025-08-17,ZA,South_Africa,Fitness_Wearables,70.87
2025-08-24,ZA,South_Africa,Fitness_Wearables,68.85
2025-08-31,ZA,South_Africa,Fitness_Wearables,72.29
2025-09-07,ZA,South_Africa,Fitness_Wearables,70.15
2025-09-14,ZA,South_Africa,Fitness_Wearables,67.54
2025-09-21,ZA,South_Africa,Fitness_Wearables,69.44
2025-09-28,ZA,South_Africa,Fitness_Wearables,65.4
2025-10-05,ZA,South_Africa,Fitness_Wearables,67.9
2025-10-12,ZA,South_Africa,Fitness_Wearables,69.92
2025-10-19,ZA,South_Africa,Fitness_Wearables,69.92
2025-10-26,ZA,South_Africa,Fitness_Wearables,72.18
2025-11-02,ZA,South_Africa,Fitness_Wearables,75.74
2025-11-09,ZA,South_Africa,Fitness_Wearables,78.48
2025-11-16,ZA,South_Africa,Fitness_Wearables,75.15
2025-11-23,ZA,South_Africa,Fitness_Wearables,79.55
2025-11-30,ZA,South_Africa,Fitness_Wearables,74.55
2025-12-07,ZA,South_Africa,Fitness_Wearables,74.91
2025-12-14,ZA,South_Africa,Fitness_Wearables,79.31
2025-12-21,ZA,South_Africa,Fitness_Wearables,76.46
2025-12-28,ZA,South_Africa,Fitness_Wearables,89.77
2026-01-04,ZA,South_Africa,Fitness_Wearables,96.79
2026-01-11,ZA,South_Africa,Fitness_Wearables,89.54
2026-01-18,ZA,South_Africa,Fitness_Wearables,93.94
2026-01-25,ZA,South_Africa,Fitness_Wearables,89.3
2026-02-01,ZA,South_Africa,Fitness_Wearables,92.27
2026-02-08,ZA,South_Africa,Fitness_Wearables,95.24
2026-02-15,ZA,South_Africa,Fitness_Wearables,100.0
2026-02-22,ZA,South_Africa,Fitness_Wearables,94.41
2026-03-01,ZA,South_Africa,Fitness_Wearables,77.88
2026-03-08,ZA,South_Africa,Fitness_Wearables,80.98
2026-03-15,ZA,South_Africa,Fitness_Wearables,77.05
2026-03-22,ZA,South_Africa,Fitness_Wearables,77.29
2026-03-29,ZA,South_Africa,Fitness_Wearables,85.49
2026-04-05,ZA,South_Africa,Fitness_Wearables,89.42
2026-04-12,ZA,South_Africa,Fitness_Wearables,73.96
2026-04-19,ZA,South_Africa,Fitness_Wearables,71.11
2026-04-26,ZA,South_Africa,Fitness_Wearables,74.32
2026-05-03,ZA,South_Africa,Fitness_Wearables,70.39
2026-05-10,ZA,South_Africa,Fitness_Wearables,69.2
2026-05-17,ZA,South_Africa,Fitness_Wearables,71.7
2026-05-24,ZA,South_Africa,Fitness_Wearables,73.25
2026-05-31,ZA,South_Africa,Fitness_Wearables,73.84
2026-06-07,ZA,South_Africa,Fitness_Wearables,68.85
2026-06-14,ZA,South_Africa,Fitness_Wearables,70.15
2026-06-21,ZA,South_Africa,Fitness_Wearables,65.04
2026-06-28,ZA,South_Africa,Fitness_Wearables,64.33
2026-07-05,ZA,South_Africa,Fitness_Wearables,66.59
2026-07-12,ZA,South_Africa,Fitness_Wearables,71.58
2026-07-19,ZA,South_Africa,Fitness_Wearables,78.95
2026-07-26,ZA,South_Africa,Fitness_Wearables,74.44
2026-08-02,ZA,South_Africa,Fitness_Wearables,74.79
2026-08-09,ZA,South_Africa,Fitness_Wearables,71.34
2026-08-16,ZA,South_Africa,Fitness_Wearables,75.98
2026-08-23,ZA,South_Africa,Fitness_Wearables,71.22
2022-08-28,ZA,South_Africa,Fashion_Beauty,89.06
2022-09-04,ZA,South_Africa,Fashion_Beauty,90.58
2022-09-11,ZA,South_Africa,Fashion_Beauty,84.21
2022-09-18,ZA,South_Africa,Fashion_Beauty,89.06
2022-09-25,ZA,South_Africa,Fashion_Beauty,87.95
2022-10-02,ZA,South_Africa,Fashion_Beauty,84.76
2022-10-09,ZA,South_Africa,Fashion_Beauty,82.83
2022-10-16,ZA,South_Africa,Fashion_Beauty,80.61
2022-10-23,ZA,South_Africa,Fashion_Beauty,87.26
2022-10-30,ZA,South_Africa,Fashion_Beauty,86.57
2022-11-06,ZA,South_Africa,Fashion_Beauty,82.13
2022-11-13,ZA,South_Africa,Fashion_Beauty,90.44
2022-11-20,ZA,South_Africa,Fashion_Beauty,95.15
2022-11-27,ZA,South_Africa,Fashion_Beauty,92.8
2022-12-04,ZA,South_Africa,Fashion_Beauty,86.98
2022-12-11,ZA,South_Africa,Fashion_Beauty,87.53
2022-12-18,ZA,South_Africa,Fashion_Beauty,90.44
2022-12-25,ZA,South_Africa,Fashion_Beauty,74.38
2023-01-01,ZA,South_Africa,Fashion_Beauty,71.47
2023-01-08,ZA,South_Africa,Fashion_Beauty,66.76
2023-01-15,ZA,South_Africa,Fashion_Beauty,67.45
2023-01-22,ZA,South_Africa,Fashion_Beauty,71.88
2023-01-29,ZA,South_Africa,Fashion_Beauty,71.61
2023-02-05,ZA,South_Africa,Fashion_Beauty,72.16
2023-02-12,ZA,South_Africa,Fashion_Beauty,70.5
2023-02-19,ZA,South_Africa,Fashion_Beauty,74.52
2023-02-26,ZA,South_Africa,Fashion_Beauty,76.45
2023-03-05,ZA,South_Africa,Fashion_Beauty,78.95
2023-03-12,ZA,South_Africa,Fashion_Beauty,76.73
2023-03-19,ZA,South_Africa,Fashion_Beauty,83.52
2023-03-26,ZA,South_Africa,Fashion_Beauty,88.5
2023-04-02,ZA,South_Africa,Fashion_Beauty,81.02
2023-04-09,ZA,South_Africa,Fashion_Beauty,83.1
2023-04-16,ZA,South_Africa,Fashion_Beauty,87.12
2023-04-23,ZA,South_Africa,Fashion_Beauty,90.86
2023-04-30,ZA,South_Africa,Fashion_Beauty,86.98
2023-05-07,ZA,South_Africa,Fashion_Beauty,85.46
2023-05-14,ZA,South_Africa,Fashion_Beauty,85.32
2023-05-21,ZA,South_Africa,Fashion_Beauty,92.24
2023-05-28,ZA,South_Africa,Fashion_Beauty,86.15
2023-06-04,ZA,South_Africa,Fashion_Beauty,84.63
2023-06-11,ZA,South_Africa,Fashion_Beauty,82.55
2023-06-18,ZA,South_Africa,Fashion_Beauty,88.23
2023-06-25,ZA,South_Africa,Fashion_Beauty,92.11
2023-07-02,ZA,South_Africa,Fashion_Beauty,92.94
2023-07-09,ZA,South_Africa,Fashion_Beauty,82.96
2023-07-16,ZA,South_Africa,Fashion_Beauty,81.99
2023-07-23,ZA,South_Africa,Fashion_Beauty,87.26
2023-07-30,ZA,South_Africa,Fashion_Beauty,78.53
2023-08-06,ZA,South_Africa,Fashion_Beauty,78.95
2023-08-13,ZA,South_Africa,Fashion_Beauty,81.99
2023-08-20,ZA,South_Africa,Fashion_Beauty,83.24
2023-08-27,ZA,South_Africa,Fashion_Beauty,85.87
2023-09-03,ZA,South_Africa,Fashion_Beauty,83.52
2023-09-10,ZA,South_Africa,Fashion_Beauty,81.44
2023-09-17,ZA,South_Africa,Fashion_Beauty,80.06
2023-09-24,ZA,South_Africa,Fashion_Beauty,83.66
2023-10-01,ZA,South_Africa,Fashion_Beauty,78.81
2023-10-08,ZA,South_Africa,Fashion_Beauty,80.61
2023-10-15,ZA,South_Africa,Fashion_Beauty,77.01
2023-10-22,ZA,South_Africa,Fashion_Beauty,84.63
2023-10-29,ZA,South_Africa,Fashion_Beauty,79.92
2023-11-05,ZA,South_Africa,Fashion_Beauty,82.13
2023-11-12,ZA,South_Africa,Fashion_Beauty,84.07
2023-11-19,ZA,South_Africa,Fashion_Beauty,95.84
2023-11-26,ZA,South_Africa,Fashion_Beauty,90.17
2023-12-03,ZA,South_Africa,Fashion_Beauty,89.75
2023-12-10,ZA,South_Africa,Fashion_Beauty,90.86
2023-12-17,ZA,South_Africa,Fashion_Beauty,89.47
2023-12-24,ZA,South_Africa,Fashion_Beauty,75.76
2023-12-31,ZA,South_Africa,Fashion_Beauty,69.81
2024-01-07,ZA,South_Africa,Fashion_Beauty,72.71
2024-01-14,ZA,South_Africa,Fashion_Beauty,67.04
2024-01-21,ZA,South_Africa,Fashion_Beauty,69.67
2024-01-28,ZA,South_Africa,Fashion_Beauty,68.28
2024-02-04,ZA,South_Africa,Fashion_Beauty,64.54
2024-02-11,ZA,South_Africa,Fashion_Beauty,67.87
2024-02-18,ZA,South_Africa,Fashion_Beauty,67.87
2024-02-25,ZA,South_Africa,Fashion_Beauty,71.61
2024-03-03,ZA,South_Africa,Fashion_Beauty,69.25
2024-03-10,ZA,South_Africa,Fashion_Beauty,67.31
2024-03-17,ZA,South_Africa,Fashion_Beauty,69.67
2024-03-24,ZA,South_Africa,Fashion_Beauty,74.79
2024-03-31,ZA,South_Africa,Fashion_Beauty,73.55
2024-04-07,ZA,South_Africa,Fashion_Beauty,78.53
2024-04-14,ZA,South_Africa,Fashion_Beauty,77.84
2024-04-21,ZA,South_Africa,Fashion_Beauty,79.36
2024-04-28,ZA,South_Africa,Fashion_Beauty,73.68
2024-05-05,ZA,South_Africa,Fashion_Beauty,74.79
2024-05-12,ZA,South_Africa,Fashion_Beauty,70.91
2024-05-19,ZA,South_Africa,Fashion_Beauty,74.79
2024-05-26,ZA,South_Africa,Fashion_Beauty,75.62
2024-06-02,ZA,South_Africa,Fashion_Beauty,78.25
2024-06-09,ZA,South_Africa,Fashion_Beauty,77.84
2024-06-16,ZA,South_Africa,Fashion_Beauty,71.75
2024-06-23,ZA,South_Africa,Fashion_Beauty,78.53
2024-06-30,ZA,South_Africa,Fashion_Beauty,74.38
2024-07-07,ZA,South_Africa,Fashion_Beauty,71.33
2024-07-14,ZA,South_Africa,Fashion_Beauty,73.27
2024-07-21,ZA,South_Africa,Fashion_Beauty,78.81
2024-07-28,ZA,South_Africa,Fashion_Beauty,79.64
2024-08-04,ZA,South_Africa,Fashion_Beauty,76.04
2024-08-11,ZA,South_Africa,Fashion_Beauty,76.18
2024-08-18,ZA,South_Africa,Fashion_Beauty,79.5
2024-08-25,ZA,South_Africa,Fashion_Beauty,80.19
2024-09-01,ZA,South_Africa,Fashion_Beauty,80.19
2024-09-08,ZA,South_Africa,Fashion_Beauty,76.45
2024-09-15,ZA,South_Africa,Fashion_Beauty,74.52
2024-09-22,ZA,South_Africa,Fashion_Beauty,79.5
2024-09-29,ZA,South_Africa,Fashion_Beauty,74.52
2024-10-06,ZA,South_Africa,Fashion_Beauty,73.55
2024-10-13,ZA,South_Africa,Fashion_Beauty,80.47
2024-10-20,ZA,South_Africa,Fashion_Beauty,77.42
2024-10-27,ZA,South_Africa,Fashion_Beauty,76.87
2024-11-03,ZA,South_Africa,Fashion_Beauty,74.1
2024-11-10,ZA,South_Africa,Fashion_Beauty,79.09
2024-11-17,ZA,South_Africa,Fashion_Beauty,83.1
2024-11-24,ZA,South_Africa,Fashion_Beauty,95.71
2024-12-01,ZA,South_Africa,Fashion_Beauty,92.8
2024-12-08,ZA,South_Africa,Fashion_Beauty,83.93
2024-12-15,ZA,South_Africa,Fashion_Beauty,83.24
2024-12-22,ZA,South_Africa,Fashion_Beauty,71.75
2024-12-29,ZA,South_Africa,Fashion_Beauty,66.48
2025-01-05,ZA,South_Africa,Fashion_Beauty,65.37
2025-01-12,ZA,South_Africa,Fashion_Beauty,57.89
2025-01-19,ZA,South_Africa,Fashion_Beauty,60.8
2025-01-26,ZA,South_Africa,Fashion_Beauty,63.16
2025-02-02,ZA,South_Africa,Fashion_Beauty,66.9
2025-02-09,ZA,South_Africa,Fashion_Beauty,65.93
2025-02-16,ZA,South_Africa,Fashion_Beauty,65.65
2025-02-23,ZA,South_Africa,Fashion_Beauty,69.39
2025-03-02,ZA,South_Africa,Fashion_Beauty,66.2
2025-03-09,ZA,South_Africa,Fashion_Beauty,69.25
2025-03-16,ZA,South_Africa,Fashion_Beauty,73.41
2025-03-23,ZA,South_Africa,Fashion_Beauty,73.13
2025-03-30,ZA,South_Africa,Fashion_Beauty,74.79
2025-04-06,ZA,South_Africa,Fashion_Beauty,70.5
2025-04-13,ZA,South_Africa,Fashion_Beauty,72.85
2025-04-20,ZA,South_Africa,Fashion_Beauty,76.04
2025-04-27,ZA,South_Africa,Fashion_Beauty,81.58
2025-05-04,ZA,South_Africa,Fashion_Beauty,78.67
2025-05-11,ZA,South_Africa,Fashion_Beauty,73.27
2025-05-18,ZA,South_Africa,Fashion_Beauty,76.18
2025-05-25,ZA,South_Africa,Fashion_Beauty,77.42
2025-06-01,ZA,South_Africa,Fashion_Beauty,74.1
2025-06-08,ZA,South_Africa,Fashion_Beauty,78.25
2025-06-15,ZA,South_Africa,Fashion_Beauty,70.5
2025-06-22,ZA,South_Africa,Fashion_Beauty,74.79
2025-06-29,ZA,South_Africa,Fashion_Beauty,76.45
2025-07-06,ZA,South_Africa,Fashion_Beauty,72.99
2025-07-13,ZA,South_Africa,Fashion_Beauty,71.88
2025-07-20,ZA,South_Africa,Fashion_Beauty,73.13
2025-07-27,ZA,South_Africa,Fashion_Beauty,75.21
2025-08-03,ZA,South_Africa,Fashion_Beauty,73.96
2025-08-10,ZA,South_Africa,Fashion_Beauty,72.71
2025-08-17,ZA,South_Africa,Fashion_Beauty,71.33
2025-08-24,ZA,South_Africa,Fashion_Beauty,75.21
2025-08-31,ZA,South_Africa,Fashion_Beauty,74.93
2025-09-07,ZA,South_Africa,Fashion_Beauty,70.36
2025-09-14,ZA,South_Africa,Fashion_Beauty,70.22
2025-09-21,ZA,South_Africa,Fashion_Beauty,74.52
2025-09-28,ZA,South_Africa,Fashion_Beauty,68.56
2025-10-05,ZA,South_Africa,Fashion_Beauty,74.1
2025-10-12,ZA,South_Africa,Fashion_Beauty,75.62
2025-10-19,ZA,South_Africa,Fashion_Beauty,70.78
2025-10-26,ZA,South_Africa,Fashion_Beauty,75.35
2025-11-02,ZA,South_Africa,Fashion_Beauty,74.65
2025-11-09,ZA,South_Africa,Fashion_Beauty,77.29
2025-11-16,ZA,South_Africa,Fashion_Beauty,79.09
2025-11-23,ZA,South_Africa,Fashion_Beauty,96.26
2025-11-30,ZA,South_Africa,Fashion_Beauty,89.61
2025-12-07,ZA,South_Africa,Fashion_Beauty,88.09
2025-12-14,ZA,South_Africa,Fashion_Beauty,89.61
2025-12-21,ZA,South_Africa,Fashion_Beauty,75.48
2025-12-28,ZA,South_Africa,Fashion_Beauty,65.93
2026-01-04,ZA,South_Africa,Fashion_Beauty,63.43
2026-01-11,ZA,South_Africa,Fashion_Beauty,61.08
2026-01-18,ZA,South_Africa,Fashion_Beauty,65.37
2026-01-25,ZA,South_Africa,Fashion_Beauty,65.24
2026-02-01,ZA,South_Africa,Fashion_Beauty,68.01
2026-02-08,ZA,South_Africa,Fashion_Beauty,89.2
2026-02-15,ZA,South_Africa,Fashion_Beauty,100.0
2026-02-22,ZA,South_Africa,Fashion_Beauty,98.75
2026-03-01,ZA,South_Africa,Fashion_Beauty,67.73
2026-03-08,ZA,South_Africa,Fashion_Beauty,67.87
2026-03-15,ZA,South_Africa,Fashion_Beauty,68.14
2026-03-22,ZA,South_Africa,Fashion_Beauty,74.38
2026-03-29,ZA,South_Africa,Fashion_Beauty,77.15
2026-04-05,ZA,South_Africa,Fashion_Beauty,77.01
2026-04-12,ZA,South_Africa,Fashion_Beauty,69.81
2026-04-19,ZA,South_Africa,Fashion_Beauty,75.35
2026-04-26,ZA,South_Africa,Fashion_Beauty,79.36
2026-05-03,ZA,South_Africa,Fashion_Beauty,74.1
2026-05-10,ZA,South_Africa,Fashion_Beauty,72.44
2026-05-17,ZA,South_Africa,Fashion_Beauty,83.93
2026-05-24,ZA,South_Africa,Fashion_Beauty,77.98
2026-05-31,ZA,South_Africa,Fashion_Beauty,75.62
2026-06-07,ZA,South_Africa,Fashion_Beauty,70.5
2026-06-14,ZA,South_Africa,Fashion_Beauty,67.73
2026-06-21,ZA,South_Africa,Fashion_Beauty,69.39
2026-06-28,ZA,South_Africa,Fashion_Beauty,68.84
2026-07-05,ZA,South_Africa,Fashion_Beauty,69.94
2026-07-12,ZA,South_Africa,Fashion_Beauty,70.64
2026-07-19,ZA,South_Africa,Fashion_Beauty,75.62
2026-07-26,ZA,South_Africa,Fashion_Beauty,74.93
2026-08-02,ZA,South_Africa,Fashion_Beauty,74.65
2026-08-09,ZA,South_Africa,Fashion_Beauty,68.84
2026-08-16,ZA,South_Africa,Fashion_Beauty,78.25
2026-08-23,ZA,South_Africa,Fashion_Beauty,74.79
2022-08-28,KE,Kenya,Nutrition_Diets,79.08
2022-09-04,KE,Kenya,Nutrition_Diets,83.02
2022-09-11,KE,Kenya,Nutrition_Diets,79.74
2022-09-18,KE,Kenya,Nutrition_Diets,92.33
2022-09-25,KE,Kenya,Nutrition_Diets,92.22
2022-10-02,KE,Kenya,Nutrition_Diets,88.72
2022-10-09,KE,Kenya,Nutrition_Diets,90.91
2022-10-16,KE,Kenya,Nutrition_Diets,80.39
2022-10-23,KE,Kenya,Nutrition_Diets,96.93
2022-10-30,KE,Kenya,Nutrition_Diets,88.06
2022-11-06,KE,Kenya,Nutrition_Diets,90.14
2022-11-13,KE,Kenya,Nutrition_Diets,91.68
2022-11-20,KE,Kenya,Nutrition_Diets,73.82
2022-11-27,KE,Kenya,Nutrition_Diets,71.19
2022-12-04,KE,Kenya,Nutrition_Diets,79.74
2022-12-11,KE,Kenya,Nutrition_Diets,72.73
2022-12-18,KE,Kenya,Nutrition_Diets,68.89
2022-12-25,KE,Kenya,Nutrition_Diets,66.7
2023-01-01,KE,Kenya,Nutrition_Diets,75.68
2023-01-08,KE,Kenya,Nutrition_Diets,82.8
2023-01-15,KE,Kenya,Nutrition_Diets,82.04
2023-01-22,KE,Kenya,Nutrition_Diets,78.64
2023-01-29,KE,Kenya,Nutrition_Diets,81.49
2023-02-05,KE,Kenya,Nutrition_Diets,90.8
2023-02-12,KE,Kenya,Nutrition_Diets,85.21
2023-02-19,KE,Kenya,Nutrition_Diets,86.86
2023-02-26,KE,Kenya,Nutrition_Diets,79.52
2023-03-05,KE,Kenya,Nutrition_Diets,87.51
2023-03-12,KE,Kenya,Nutrition_Diets,88.06
2023-03-19,KE,Kenya,Nutrition_Diets,86.31
2023-03-26,KE,Kenya,Nutrition_Diets,85.21
2023-04-02,KE,Kenya,Nutrition_Diets,83.02
2023-04-09,KE,Kenya,Nutrition_Diets,81.71
2023-04-16,KE,Kenya,Nutrition_Diets,79.3
2023-04-23,KE,Kenya,Nutrition_Diets,79.41
2023-04-30,KE,Kenya,Nutrition_Diets,79.63
2023-05-07,KE,Kenya,Nutrition_Diets,85.54
2023-05-14,KE,Kenya,Nutrition_Diets,86.31
2023-05-21,KE,Kenya,Nutrition_Diets,92.11
2023-05-28,KE,Kenya,Nutrition_Diets,91.68
2023-06-04,KE,Kenya,Nutrition_Diets,96.39
2023-06-11,KE,Kenya,Nutrition_Diets,97.81
2023-06-18,KE,Kenya,Nutrition_Diets,100.0
2023-06-25,KE,Kenya,Nutrition_Diets,90.8
2023-07-02,KE,Kenya,Nutrition_Diets,99.12
2023-07-09,KE,Kenya,Nutrition_Diets,92.22
2023-07-16,KE,Kenya,Nutrition_Diets,90.14
2023-07-23,KE,Kenya,Nutrition_Diets,92.0
2023-07-30,KE,Kenya,Nutrition_Diets,83.35
2023-08-06,KE,Kenya,Nutrition_Diets,73.71
2023-08-13,KE,Kenya,Nutrition_Diets,71.63
2023-08-20,KE,Kenya,Nutrition_Diets,76.23
2023-08-27,KE,Kenya,Nutrition_Diets,76.23
2023-09-03,KE,Kenya,Nutrition_Diets,82.91
2023-09-10,KE,Kenya,Nutrition_Diets,86.2
2023-09-17,KE,Kenya,Nutrition_Diets,87.08
2023-09-24,KE,Kenya,Nutrition_Diets,81.27
2023-10-01,KE,Kenya,Nutrition_Diets,80.94
2023-10-08,KE,Kenya,Nutrition_Diets,82.91
2023-10-15,KE,Kenya,Nutrition_Diets,84.45
2023-10-22,KE,Kenya,Nutrition_Diets,76.34
2023-10-29,KE,Kenya,Nutrition_Diets,72.95
2023-11-05,KE,Kenya,Nutrition_Diets,69.44
2023-11-12,KE,Kenya,Nutrition_Diets,74.37
2023-11-19,KE,Kenya,Nutrition_Diets,74.48
2023-11-26,KE,Kenya,Nutrition_Diets,72.29
2023-12-03,KE,Kenya,Nutrition_Diets,72.18
2023-12-10,KE,Kenya,Nutrition_Diets,69.99
2023-12-17,KE,Kenya,Nutrition_Diets,58.27
2023-12-24,KE,Kenya,Nutrition_Diets,59.26
2023-12-31,KE,Kenya,Nutrition_Diets,76.34
2024-01-07,KE,Kenya,Nutrition_Diets,76.67
2024-01-14,KE,Kenya,Nutrition_Diets,81.71
2024-01-21,KE,Kenya,Nutrition_Diets,91.13
2024-01-28,KE,Kenya,Nutrition_Diets,77.77
2024-02-04,KE,Kenya,Nutrition_Diets,77.0
2024-02-11,KE,Kenya,Nutrition_Diets,69.66
2024-02-18,KE,Kenya,Nutrition_Diets,73.06
2024-02-25,KE,Kenya,Nutrition_Diets,70.54
2024-03-03,KE,Kenya,Nutrition_Diets,70.43
2024-03-10,KE,Kenya,Nutrition_Diets,68.35
2024-03-17,KE,Kenya,Nutrition_Diets,74.59
2024-03-24,KE,Kenya,Nutrition_Diets,68.13
2024-03-31,KE,Kenya,Nutrition_Diets,62.32
2024-04-07,KE,Kenya,Nutrition_Diets,65.06
2024-04-14,KE,Kenya,Nutrition_Diets,67.47
2024-04-21,KE,Kenya,Nutrition_Diets,62.21
2024-04-28,KE,Kenya,Nutrition_Diets,62.21
2024-05-05,KE,Kenya,Nutrition_Diets,65.17
2024-05-12,KE,Kenya,Nutrition_Diets,70.87
2024-05-19,KE,Kenya,Nutrition_Diets,76.34
2024-05-26,KE,Kenya,Nutrition_Diets,79.52
2024-06-02,KE,Kenya,Nutrition_Diets,75.79
2024-06-09,KE,Kenya,Nutrition_Diets,78.42
2024-06-16,KE,Kenya,Nutrition_Diets,71.41
2024-06-23,KE,Kenya,Nutrition_Diets,60.24
2024-06-30,KE,Kenya,Nutrition_Diets,71.52
2024-07-07,KE,Kenya,Nutrition_Diets,74.15
2024-07-14,KE,Kenya,Nutrition_Diets,72.73
2024-07-21,KE,Kenya,Nutrition_Diets,70.97
2024-07-28,KE,Kenya,Nutrition_Diets,69.88
2024-08-04,KE,Kenya,Nutrition_Diets,68.67
2024-08-11,KE,Kenya,Nutrition_Diets,67.47
2024-08-18,KE,Kenya,Nutrition_Diets,64.73
2024-08-25,KE,Kenya,Nutrition_Diets,65.28
2024-09-01,KE,Kenya,Nutrition_Diets,69.0
2024-09-08,KE,Kenya,Nutrition_Diets,76.67
2024-09-15,KE,Kenya,Nutrition_Diets,72.73
2024-09-22,KE,Kenya,Nutrition_Diets,69.99
2024-09-29,KE,Kenya,Nutrition_Diets,65.06
2024-10-06,KE,Kenya,Nutrition_Diets,69.22
2024-10-13,KE,Kenya,Nutrition_Diets,70.43
2024-10-20,KE,Kenya,Nutrition_Diets,63.64
2024-10-27,KE,Kenya,Nutrition_Diets,64.18
2024-11-03,KE,Kenya,Nutrition_Diets,64.84
2024-11-10,KE,Kenya,Nutrition_Diets,71.63
2024-11-17,KE,Kenya,Nutrition_Diets,65.94
2024-11-24,KE,Kenya,Nutrition_Diets,63.75
2024-12-01,KE,Kenya,Nutrition_Diets,59.58
2024-12-08,KE,Kenya,Nutrition_Diets,58.38
2024-12-15,KE,Kenya,Nutrition_Diets,55.75
2024-12-22,KE,Kenya,Nutrition_Diets,46.11
2024-12-29,KE,Kenya,Nutrition_Diets,60.35
2025-01-05,KE,Kenya,Nutrition_Diets,68.35
2025-01-12,KE,Kenya,Nutrition_Diets,70.87
2025-01-19,KE,Kenya,Nutrition_Diets,74.04
2025-01-26,KE,Kenya,Nutrition_Diets,74.81
2025-02-02,KE,Kenya,Nutrition_Diets,81.16
2025-02-09,KE,Kenya,Nutrition_Diets,76.67
2025-02-16,KE,Kenya,Nutrition_Diets,81.38
2025-02-23,KE,Kenya,Nutrition_Diets,68.78
2025-03-02,KE,Kenya,Nutrition_Diets,72.18
2025-03-09,KE,Kenya,Nutrition_Diets,69.33
2025-03-16,KE,Kenya,Nutrition_Diets,81.27
2025-03-23,KE,Kenya,Nutrition_Diets,71.3
2025-03-30,KE,Kenya,Nutrition_Diets,63.64
2025-04-06,KE,Kenya,Nutrition_Diets,63.42
2025-04-13,KE,Kenya,Nutrition_Diets,62.32
2025-04-20,KE,Kenya,Nutrition_Diets,66.37
2025-04-27,KE,Kenya,Nutrition_Diets,74.15
2025-05-04,KE,Kenya,Nutrition_Diets,82.37
2025-05-11,KE,Kenya,Nutrition_Diets,88.17
2025-05-18,KE,Kenya,Nutrition_Diets,93.65
2025-05-25,KE,Kenya,Nutrition_Diets,86.42
2025-06-01,KE,Kenya,Nutrition_Diets,71.74
2025-06-08,KE,Kenya,Nutrition_Diets,76.34
2025-06-15,KE,Kenya,Nutrition_Diets,75.25
2025-06-22,KE,Kenya,Nutrition_Diets,62.87
2025-06-29,KE,Kenya,Nutrition_Diets,64.95
2025-07-06,KE,Kenya,Nutrition_Diets,67.03
2025-07-13,KE,Kenya,Nutrition_Diets,63.31
2025-07-20,KE,Kenya,Nutrition_Diets,66.81
2025-07-27,KE,Kenya,Nutrition_Diets,61.99
2025-08-03,KE,Kenya,Nutrition_Diets,58.05
2025-08-10,KE,Kenya,Nutrition_Diets,61.88
2025-08-17,KE,Kenya,Nutrition_Diets,53.12
2025-08-24,KE,Kenya,Nutrition_Diets,55.86
2025-08-31,KE,Kenya,Nutrition_Diets,68.57
2025-09-07,KE,Kenya,Nutrition_Diets,65.94
2025-09-14,KE,Kenya,Nutrition_Diets,59.69
2025-09-21,KE,Kenya,Nutrition_Diets,63.86
2025-09-28,KE,Kenya,Nutrition_Diets,63.75
2025-10-05,KE,Kenya,Nutrition_Diets,63.2
2025-10-12,KE,Kenya,Nutrition_Diets,54.33
2025-10-19,KE,Kenya,Nutrition_Diets,56.08
2025-10-26,KE,Kenya,Nutrition_Diets,63.42
2025-11-02,KE,Kenya,Nutrition_Diets,66.59
2025-11-09,KE,Kenya,Nutrition_Diets,67.36
2025-11-16,KE,Kenya,Nutrition_Diets,70.54
2025-11-23,KE,Kenya,Nutrition_Diets,67.69
2025-11-30,KE,Kenya,Nutrition_Diets,63.2
2025-12-07,KE,Kenya,Nutrition_Diets,64.84
2025-12-14,KE,Kenya,Nutrition_Diets,59.8
2025-12-21,KE,Kenya,Nutrition_Diets,41.73
2025-12-28,KE,Kenya,Nutrition_Diets,46.0
2026-01-04,KE,Kenya,Nutrition_Diets,58.05
2026-01-11,KE,Kenya,Nutrition_Diets,66.92
2026-01-18,KE,Kenya,Nutrition_Diets,70.76
2026-01-25,KE,Kenya,Nutrition_Diets,69.77
2026-02-01,KE,Kenya,Nutrition_Diets,66.48
2026-02-08,KE,Kenya,Nutrition_Diets,71.08
2026-02-15,KE,Kenya,Nutrition_Diets,63.2
2026-02-22,KE,Kenya,Nutrition_Diets,63.96
2026-03-01,KE,Kenya,Nutrition_Diets,58.6
2026-03-08,KE,Kenya,Nutrition_Diets,66.48
2026-03-15,KE,Kenya,Nutrition_Diets,61.34
2026-03-22,KE,Kenya,Nutrition_Diets,69.33
2026-03-29,KE,Kenya,Nutrition_Diets,63.31
2026-04-05,KE,Kenya,Nutrition_Diets,63.09
2026-04-12,KE,Kenya,Nutrition_Diets,62.21
2026-04-19,KE,Kenya,Nutrition_Diets,63.09
2026-04-26,KE,Kenya,Nutrition_Diets,75.14
2026-05-03,KE,Kenya,Nutrition_Diets,73.06
2026-05-10,KE,Kenya,Nutrition_Diets,74.26
2026-05-17,KE,Kenya,Nutrition_Diets,67.8
2026-05-24,KE,Kenya,Nutrition_Diets,65.17
2026-05-31,KE,Kenya,Nutrition_Diets,73.17
2026-06-07,KE,Kenya,Nutrition_Diets,69.22
2026-06-14,KE,Kenya,Nutrition_Diets,56.74
2026-06-21,KE,Kenya,Nutrition_Diets,58.05
2026-06-28,KE,Kenya,Nutrition_Diets,61.56
2026-07-05,KE,Kenya,Nutrition_Diets,62.21
2026-07-12,KE,Kenya,Nutrition_Diets,57.17
2026-07-19,KE,Kenya,Nutrition_Diets,66.05
2026-07-26,KE,Kenya,Nutrition_Diets,60.79
2026-08-02,KE,Kenya,Nutrition_Diets,51.7
2026-08-09,KE,Kenya,Nutrition_Diets,50.82
2026-08-16,KE,Kenya,Nutrition_Diets,46.88
2026-08-23,KE,Kenya,Nutrition_Diets,52.03
2022-08-28,KE,Kenya,Fitness_Wearables,72.31
2022-09-04,KE,Kenya,Fitness_Wearables,71.35
2022-09-11,KE,Kenya,Fitness_Wearables,75.58
2022-09-18,KE,Kenya,Fitness_Wearables,74.76
2022-09-25,KE,Kenya,Fitness_Wearables,79.4
2022-10-02,KE,Kenya,Fitness_Wearables,76.67
2022-10-09,KE,Kenya,Fitness_Wearables,69.17
2022-10-16,KE,Kenya,Fitness_Wearables,66.71
2022-10-23,KE,Kenya,Fitness_Wearables,70.94
2022-10-30,KE,Kenya,Fitness_Wearables,71.9
2022-11-06,KE,Kenya,Fitness_Wearables,75.58
2022-11-13,KE,Kenya,Fitness_Wearables,68.49
2022-11-20,KE,Kenya,Fitness_Wearables,69.3
2022-11-27,KE,Kenya,Fitness_Wearables,62.89
2022-12-04,KE,Kenya,Fitness_Wearables,71.49
2022-12-11,KE,Kenya,Fitness_Wearables,64.53
2022-12-18,KE,Kenya,Fitness_Wearables,63.3
2022-12-25,KE,Kenya,Fitness_Wearables,61.94
2023-01-01,KE,Kenya,Fitness_Wearables,72.31
2023-01-08,KE,Kenya,Fitness_Wearables,74.9
2023-01-15,KE,Kenya,Fitness_Wearables,72.44
2023-01-22,KE,Kenya,Fitness_Wearables,72.99
2023-01-29,KE,Kenya,Fitness_Wearables,73.12
2023-02-05,KE,Kenya,Fitness_Wearables,84.72
2023-02-12,KE,Kenya,Fitness_Wearables,71.62
2023-02-19,KE,Kenya,Fitness_Wearables,77.9
2023-02-26,KE,Kenya,Fitness_Wearables,77.22
2023-03-05,KE,Kenya,Fitness_Wearables,75.03
2023-03-12,KE,Kenya,Fitness_Wearables,72.71
2023-03-19,KE,Kenya,Fitness_Wearables,65.89
2023-03-26,KE,Kenya,Fitness_Wearables,77.63
2023-04-02,KE,Kenya,Fitness_Wearables,66.85
2023-04-09,KE,Kenya,Fitness_Wearables,69.99
2023-04-16,KE,Kenya,Fitness_Wearables,70.12
2023-04-23,KE,Kenya,Fitness_Wearables,65.89
2023-04-30,KE,Kenya,Fitness_Wearables,69.44
2023-05-07,KE,Kenya,Fitness_Wearables,71.9
2023-05-14,KE,Kenya,Fitness_Wearables,69.44
2023-05-21,KE,Kenya,Fitness_Wearables,75.17
2023-05-28,KE,Kenya,Fitness_Wearables,76.13
2023-06-04,KE,Kenya,Fitness_Wearables,78.04
2023-06-11,KE,Kenya,Fitness_Wearables,83.9
2023-06-18,KE,Kenya,Fitness_Wearables,81.45
2023-06-25,KE,Kenya,Fitness_Wearables,78.44
2023-07-02,KE,Kenya,Fitness_Wearables,80.49
2023-07-09,KE,Kenya,Fitness_Wearables,74.08
2023-07-16,KE,Kenya,Fitness_Wearables,77.08
2023-07-23,KE,Kenya,Fitness_Wearables,85.95
2023-07-30,KE,Kenya,Fitness_Wearables,78.17
2023-08-06,KE,Kenya,Fitness_Wearables,68.35
2023-08-13,KE,Kenya,Fitness_Wearables,74.62
2023-08-20,KE,Kenya,Fitness_Wearables,77.08
2023-08-27,KE,Kenya,Fitness_Wearables,77.9
2023-09-03,KE,Kenya,Fitness_Wearables,83.63
2023-09-10,KE,Kenya,Fitness_Wearables,82.67
2023-09-17,KE,Kenya,Fitness_Wearables,80.22
2023-09-24,KE,Kenya,Fitness_Wearables,75.58
2023-10-01,KE,Kenya,Fitness_Wearables,71.76
2023-10-08,KE,Kenya,Fitness_Wearables,77.08
2023-10-15,KE,Kenya,Fitness_Wearables,78.31
2023-10-22,KE,Kenya,Fitness_Wearables,76.26
2023-10-29,KE,Kenya,Fitness_Wearables,67.53
2023-11-05,KE,Kenya,Fitness_Wearables,61.94
2023-11-12,KE,Kenya,Fitness_Wearables,73.81
2023-11-19,KE,Kenya,Fitness_Wearables,73.12
2023-11-26,KE,Kenya,Fitness_Wearables,68.76
2023-12-03,KE,Kenya,Fitness_Wearables,61.66
2023-12-10,KE,Kenya,Fitness_Wearables,68.21
2023-12-17,KE,Kenya,Fitness_Wearables,54.3
2023-12-24,KE,Kenya,Fitness_Wearables,62.62
2023-12-31,KE,Kenya,Fitness_Wearables,80.35
2024-01-07,KE,Kenya,Fitness_Wearables,80.08
2024-01-14,KE,Kenya,Fitness_Wearables,81.31
2024-01-21,KE,Kenya,Fitness_Wearables,81.04
2024-01-28,KE,Kenya,Fitness_Wearables,81.31
2024-02-04,KE,Kenya,Fitness_Wearables,71.76
2024-02-11,KE,Kenya,Fitness_Wearables,73.67
2024-02-18,KE,Kenya,Fitness_Wearables,64.26
2024-02-25,KE,Kenya,Fitness_Wearables,67.26
2024-03-03,KE,Kenya,Fitness_Wearables,67.39
2024-03-10,KE,Kenya,Fitness_Wearables,73.12
2024-03-17,KE,Kenya,Fitness_Wearables,75.44
2024-03-24,KE,Kenya,Fitness_Wearables,69.3
2024-03-31,KE,Kenya,Fitness_Wearables,64.39
2024-04-07,KE,Kenya,Fitness_Wearables,60.85
2024-04-14,KE,Kenya,Fitness_Wearables,69.3
2024-04-21,KE,Kenya,Fitness_Wearables,66.58
2024-04-28,KE,Kenya,Fitness_Wearables,73.12
2024-05-05,KE,Kenya,Fitness_Wearables,69.71
2024-05-12,KE,Kenya,Fitness_Wearables,69.85
2024-05-19,KE,Kenya,Fitness_Wearables,69.85
2024-05-26,KE,Kenya,Fitness_Wearables,76.53
2024-06-02,KE,Kenya,Fitness_Wearables,76.81
2024-06-09,KE,Kenya,Fitness_Wearables,76.53
2024-06-16,KE,Kenya,Fitness_Wearables,72.17
2024-06-23,KE,Kenya,Fitness_Wearables,66.03
2024-06-30,KE,Kenya,Fitness_Wearables,65.21
2024-07-07,KE,Kenya,Fitness_Wearables,74.22
2024-07-14,KE,Kenya,Fitness_Wearables,65.89
2024-07-21,KE,Kenya,Fitness_Wearables,73.94
2024-07-28,KE,Kenya,Fitness_Wearables,75.31
2024-08-04,KE,Kenya,Fitness_Wearables,75.72
2024-08-11,KE,Kenya,Fitness_Wearables,71.08
2024-08-18,KE,Kenya,Fitness_Wearables,69.58
2024-08-25,KE,Kenya,Fitness_Wearables,72.44
2024-09-01,KE,Kenya,Fitness_Wearables,70.12
2024-09-08,KE,Kenya,Fitness_Wearables,82.67
2024-09-15,KE,Kenya,Fitness_Wearables,71.62
2024-09-22,KE,Kenya,Fitness_Wearables,73.94
2024-09-29,KE,Kenya,Fitness_Wearables,69.71
2024-10-06,KE,Kenya,Fitness_Wearables,71.49
2024-10-13,KE,Kenya,Fitness_Wearables,67.26
2024-10-20,KE,Kenya,Fitness_Wearables,58.53
2024-10-27,KE,Kenya,Fitness_Wearables,63.17
2024-11-03,KE,Kenya,Fitness_Wearables,61.53
2024-11-10,KE,Kenya,Fitness_Wearables,69.58
2024-11-17,KE,Kenya,Fitness_Wearables,64.26
2024-11-24,KE,Kenya,Fitness_Wearables,67.8
2024-12-01,KE,Kenya,Fitness_Wearables,71.08
2024-12-08,KE,Kenya,Fitness_Wearables,66.17
2024-12-15,KE,Kenya,Fitness_Wearables,66.03
2024-12-22,KE,Kenya,Fitness_Wearables,57.03
2024-12-29,KE,Kenya,Fitness_Wearables,69.85
2025-01-05,KE,Kenya,Fitness_Wearables,71.35
2025-01-12,KE,Kenya,Fitness_Wearables,81.58
2025-01-19,KE,Kenya,Fitness_Wearables,86.22
2025-01-26,KE,Kenya,Fitness_Wearables,86.36
2025-02-02,KE,Kenya,Fitness_Wearables,75.17
2025-02-09,KE,Kenya,Fitness_Wearables,80.22
2025-02-16,KE,Kenya,Fitness_Wearables,84.99
2025-02-23,KE,Kenya,Fitness_Wearables,77.35
2025-03-02,KE,Kenya,Fitness_Wearables,82.4
2025-03-09,KE,Kenya,Fitness_Wearables,74.76
2025-03-16,KE,Kenya,Fitness_Wearables,79.54
2025-03-23,KE,Kenya,Fitness_Wearables,74.76
2025-03-30,KE,Kenya,Fitness_Wearables,73.67
2025-04-06,KE,Kenya,Fitness_Wearables,80.49
2025-04-13,KE,Kenya,Fitness_Wearables,71.76
2025-04-20,KE,Kenya,Fitness_Wearables,82.26
2025-04-27,KE,Kenya,Fitness_Wearables,69.85
2025-05-04,KE,Kenya,Fitness_Wearables,69.71
2025-05-11,KE,Kenya,Fitness_Wearables,71.62
2025-05-18,KE,Kenya,Fitness_Wearables,79.13
2025-05-25,KE,Kenya,Fitness_Wearables,78.44
2025-06-01,KE,Kenya,Fitness_Wearables,75.17
2025-06-08,KE,Kenya,Fitness_Wearables,81.58
2025-06-15,KE,Kenya,Fitness_Wearables,79.4
2025-06-22,KE,Kenya,Fitness_Wearables,93.86
2025-06-29,KE,Kenya,Fitness_Wearables,83.49
2025-07-06,KE,Kenya,Fitness_Wearables,68.21
2025-07-13,KE,Kenya,Fitness_Wearables,71.9
2025-07-20,KE,Kenya,Fitness_Wearables,82.4
2025-07-27,KE,Kenya,Fitness_Wearables,72.44
2025-08-03,KE,Kenya,Fitness_Wearables,67.94
2025-08-10,KE,Kenya,Fitness_Wearables,75.44
2025-08-17,KE,Kenya,Fitness_Wearables,63.57
2025-08-24,KE,Kenya,Fitness_Wearables,72.58
2025-08-31,KE,Kenya,Fitness_Wearables,75.17
2025-09-07,KE,Kenya,Fitness_Wearables,73.94
2025-09-14,KE,Kenya,Fitness_Wearables,64.26
2025-09-21,KE,Kenya,Fitness_Wearables,75.72
2025-09-28,KE,Kenya,Fitness_Wearables,68.76
2025-10-05,KE,Kenya,Fitness_Wearables,65.48
2025-10-12,KE,Kenya,Fitness_Wearables,64.8
2025-10-19,KE,Kenya,Fitness_Wearables,66.17
2025-10-26,KE,Kenya,Fitness_Wearables,72.99
2025-11-02,KE,Kenya,Fitness_Wearables,88.4
2025-11-09,KE,Kenya,Fitness_Wearables,97.14
2025-11-16,KE,Kenya,Fitness_Wearables,88.13
2025-11-23,KE,Kenya,Fitness_Wearables,91.27
2025-11-30,KE,Kenya,Fitness_Wearables,78.04
2025-12-07,KE,Kenya,Fitness_Wearables,87.04
2025-12-14,KE,Kenya,Fitness_Wearables,80.49
2025-12-21,KE,Kenya,Fitness_Wearables,61.66
2025-12-28,KE,Kenya,Fitness_Wearables,71.49
2026-01-04,KE,Kenya,Fitness_Wearables,70.8
2026-01-11,KE,Kenya,Fitness_Wearables,87.31
2026-01-18,KE,Kenya,Fitness_Wearables,100.0
2026-01-25,KE,Kenya,Fitness_Wearables,91.54
2026-02-01,KE,Kenya,Fitness_Wearables,86.77
2026-02-08,KE,Kenya,Fitness_Wearables,94.54
2026-02-15,KE,Kenya,Fitness_Wearables,91.81
2026-02-22,KE,Kenya,Fitness_Wearables,81.99
2026-03-01,KE,Kenya,Fitness_Wearables,74.9
2026-03-08,KE,Kenya,Fitness_Wearables,74.62
2026-03-15,KE,Kenya,Fitness_Wearables,78.44
2026-03-22,KE,Kenya,Fitness_Wearables,85.54
2026-03-29,KE,Kenya,Fitness_Wearables,82.26
2026-04-05,KE,Kenya,Fitness_Wearables,80.22
2026-04-12,KE,Kenya,Fitness_Wearables,85.54
2026-04-19,KE,Kenya,Fitness_Wearables,88.68
2026-04-26,KE,Kenya,Fitness_Wearables,86.9
2026-05-03,KE,Kenya,Fitness_Wearables,98.91
2026-05-10,KE,Kenya,Fitness_Wearables,98.36
2026-05-17,KE,Kenya,Fitness_Wearables,77.35
2026-05-24,KE,Kenya,Fitness_Wearables,76.53
2026-05-31,KE,Kenya,Fitness_Wearables,84.58
2026-06-07,KE,Kenya,Fitness_Wearables,85.4
2026-06-14,KE,Kenya,Fitness_Wearables,86.36
2026-06-21,KE,Kenya,Fitness_Wearables,75.44
2026-06-28,KE,Kenya,Fitness_Wearables,69.71
2026-07-05,KE,Kenya,Fitness_Wearables,72.99
2026-07-12,KE,Kenya,Fitness_Wearables,84.58
2026-07-19,KE,Kenya,Fitness_Wearables,72.44
2026-07-26,KE,Kenya,Fitness_Wearables,80.76
2026-08-02,KE,Kenya,Fitness_Wearables,68.08
2026-08-09,KE,Kenya,Fitness_Wearables,81.45
2026-08-16,KE,Kenya,Fitness_Wearables,70.94
2026-08-23,KE,Kenya,Fitness_Wearables,68.35
2022-08-28,KE,Kenya,Fashion_Beauty,83.08
2022-09-04,KE,Kenya,Fashion_Beauty,89.51
2022-09-11,KE,Kenya,Fashion_Beauty,86.8
2022-09-18,KE,Kenya,Fashion_Beauty,94.08
2022-09-25,KE,Kenya,Fashion_Beauty,94.59
2022-10-02,KE,Kenya,Fashion_Beauty,89.0
2022-10-09,KE,Kenya,Fashion_Beauty,84.6
2022-10-16,KE,Kenya,Fashion_Beauty,84.09
2022-10-23,KE,Kenya,Fashion_Beauty,91.37
2022-10-30,KE,Kenya,Fashion_Beauty,91.54
2022-11-06,KE,Kenya,Fashion_Beauty,87.14
2022-11-13,KE,Kenya,Fashion_Beauty,99.66
2022-11-20,KE,Kenya,Fashion_Beauty,89.51
2022-11-27,KE,Kenya,Fashion_Beauty,89.51
2022-12-04,KE,Kenya,Fashion_Beauty,95.43
2022-12-11,KE,Kenya,Fashion_Beauty,100.0
2022-12-18,KE,Kenya,Fashion_Beauty,99.83
2022-12-25,KE,Kenya,Fashion_Beauty,83.25
2023-01-01,KE,Kenya,Fashion_Beauty,86.46
2023-01-08,KE,Kenya,Fashion_Beauty,85.79
2023-01-15,KE,Kenya,Fashion_Beauty,77.66
2023-01-22,KE,Kenya,Fashion_Beauty,80.54
2023-01-29,KE,Kenya,Fashion_Beauty,80.2
2023-02-05,KE,Kenya,Fashion_Beauty,79.19
2023-02-12,KE,Kenya,Fashion_Beauty,77.33
2023-02-19,KE,Kenya,Fashion_Beauty,89.17
2023-02-26,KE,Kenya,Fashion_Beauty,82.4
2023-03-05,KE,Kenya,Fashion_Beauty,82.74
2023-03-12,KE,Kenya,Fashion_Beauty,86.97
2023-03-19,KE,Kenya,Fashion_Beauty,87.14
2023-03-26,KE,Kenya,Fashion_Beauty,85.11
2023-04-02,KE,Kenya,Fashion_Beauty,79.02
2023-04-09,KE,Kenya,Fashion_Beauty,83.42
2023-04-16,KE,Kenya,Fashion_Beauty,78.51
2023-04-23,KE,Kenya,Fashion_Beauty,80.2
2023-04-30,KE,Kenya,Fashion_Beauty,79.36
2023-05-07,KE,Kenya,Fashion_Beauty,86.13
2023-05-14,KE,Kenya,Fashion_Beauty,88.66
2023-05-21,KE,Kenya,Fashion_Beauty,84.94
2023-05-28,KE,Kenya,Fashion_Beauty,87.31
2023-06-04,KE,Kenya,Fashion_Beauty,87.99
2023-06-11,KE,Kenya,Fashion_Beauty,88.16
2023-06-18,KE,Kenya,Fashion_Beauty,92.72
2023-06-25,KE,Kenya,Fashion_Beauty,93.4
2023-07-02,KE,Kenya,Fashion_Beauty,90.52
2023-07-09,KE,Kenya,Fashion_Beauty,87.99
2023-07-16,KE,Kenya,Fashion_Beauty,86.13
2023-07-23,KE,Kenya,Fashion_Beauty,84.09
2023-07-30,KE,Kenya,Fashion_Beauty,84.6
2023-08-06,KE,Kenya,Fashion_Beauty,74.96
2023-08-13,KE,Kenya,Fashion_Beauty,76.99
2023-08-20,KE,Kenya,Fashion_Beauty,78.34
2023-08-27,KE,Kenya,Fashion_Beauty,74.96
2023-09-03,KE,Kenya,Fashion_Beauty,82.91
2023-09-10,KE,Kenya,Fashion_Beauty,90.86
2023-09-17,KE,Kenya,Fashion_Beauty,80.2
2023-09-24,KE,Kenya,Fashion_Beauty,79.02
2023-10-01,KE,Kenya,Fashion_Beauty,80.88
2023-10-08,KE,Kenya,Fashion_Beauty,81.05
2023-10-15,KE,Kenya,Fashion_Beauty,84.94
2023-10-22,KE,Kenya,Fashion_Beauty,76.82
2023-10-29,KE,Kenya,Fashion_Beauty,79.02
2023-11-05,KE,Kenya,Fashion_Beauty,80.03
2023-11-12,KE,Kenya,Fashion_Beauty,86.63
2023-11-19,KE,Kenya,Fashion_Beauty,84.6
2023-11-26,KE,Kenya,Fashion_Beauty,87.31
2023-12-03,KE,Kenya,Fashion_Beauty,85.45
2023-12-10,KE,Kenya,Fashion_Beauty,88.83
2023-12-17,KE,Kenya,Fashion_Beauty,79.36
2023-12-24,KE,Kenya,Fashion_Beauty,69.71
2023-12-31,KE,Kenya,Fashion_Beauty,72.25
2024-01-07,KE,Kenya,Fashion_Beauty,77.5
2024-01-14,KE,Kenya,Fashion_Beauty,73.94
2024-01-21,KE,Kenya,Fashion_Beauty,74.62
2024-01-28,KE,Kenya,Fashion_Beauty,74.79
2024-02-04,KE,Kenya,Fashion_Beauty,73.6
2024-02-11,KE,Kenya,Fashion_Beauty,71.74
2024-02-18,KE,Kenya,Fashion_Beauty,74.45
2024-02-25,KE,Kenya,Fashion_Beauty,70.9
2024-03-03,KE,Kenya,Fashion_Beauty,72.76
2024-03-10,KE,Kenya,Fashion_Beauty,71.07
2024-03-17,KE,Kenya,Fashion_Beauty,74.11
2024-03-24,KE,Kenya,Fashion_Beauty,76.65
2024-03-31,KE,Kenya,Fashion_Beauty,73.94
2024-04-07,KE,Kenya,Fashion_Beauty,70.73
2024-04-14,KE,Kenya,Fashion_Beauty,67.17
2024-04-21,KE,Kenya,Fashion_Beauty,69.2
2024-04-28,KE,Kenya,Fashion_Beauty,67.17
2024-05-05,KE,Kenya,Fashion_Beauty,71.57
2024-05-12,KE,Kenya,Fashion_Beauty,67.68
2024-05-19,KE,Kenya,Fashion_Beauty,74.79
2024-05-26,KE,Kenya,Fashion_Beauty,77.83
2024-06-02,KE,Kenya,Fashion_Beauty,82.23
2024-06-09,KE,Kenya,Fashion_Beauty,80.03
2024-06-16,KE,Kenya,Fashion_Beauty,71.24
2024-06-23,KE,Kenya,Fashion_Beauty,70.73
2024-06-30,KE,Kenya,Fashion_Beauty,77.83
2024-07-07,KE,Kenya,Fashion_Beauty,81.56
2024-07-14,KE,Kenya,Fashion_Beauty,69.04
2024-07-21,KE,Kenya,Fashion_Beauty,69.2
2024-07-28,KE,Kenya,Fashion_Beauty,75.8
2024-08-04,KE,Kenya,Fashion_Beauty,73.43
2024-08-11,KE,Kenya,Fashion_Beauty,67.51
2024-08-18,KE,Kenya,Fashion_Beauty,67.17
2024-08-25,KE,Kenya,Fashion_Beauty,62.44
2024-09-01,KE,Kenya,Fashion_Beauty,72.42
2024-09-08,KE,Kenya,Fashion_Beauty,75.8
2024-09-15,KE,Kenya,Fashion_Beauty,68.7
2024-09-22,KE,Kenya,Fashion_Beauty,65.65
2024-09-29,KE,Kenya,Fashion_Beauty,69.2
2024-10-06,KE,Kenya,Fashion_Beauty,71.4
2024-10-13,KE,Kenya,Fashion_Beauty,71.74
2024-10-20,KE,Kenya,Fashion_Beauty,74.11
2024-10-27,KE,Kenya,Fashion_Beauty,78.17
2024-11-03,KE,Kenya,Fashion_Beauty,71.07
2024-11-10,KE,Kenya,Fashion_Beauty,82.23
2024-11-17,KE,Kenya,Fashion_Beauty,77.16
2024-11-24,KE,Kenya,Fashion_Beauty,78.0
2024-12-01,KE,Kenya,Fashion_Beauty,78.68
2024-12-08,KE,Kenya,Fashion_Beauty,73.94
2024-12-15,KE,Kenya,Fashion_Beauty,74.96
2024-12-22,KE,Kenya,Fashion_Beauty,68.02
2024-12-29,KE,Kenya,Fashion_Beauty,65.99
2025-01-05,KE,Kenya,Fashion_Beauty,63.62
2025-01-12,KE,Kenya,Fashion_Beauty,69.2
2025-01-19,KE,Kenya,Fashion_Beauty,69.71
2025-01-26,KE,Kenya,Fashion_Beauty,70.39
2025-02-02,KE,Kenya,Fashion_Beauty,69.71
2025-02-09,KE,Kenya,Fashion_Beauty,71.24
2025-02-16,KE,Kenya,Fashion_Beauty,74.28
2025-02-23,KE,Kenya,Fashion_Beauty,76.48
2025-03-02,KE,Kenya,Fashion_Beauty,67.17
2025-03-09,KE,Kenya,Fashion_Beauty,73.27
2025-03-16,KE,Kenya,Fashion_Beauty,74.62
2025-03-23,KE,Kenya,Fashion_Beauty,73.94
2025-03-30,KE,Kenya,Fashion_Beauty,72.59
2025-04-06,KE,Kenya,Fashion_Beauty,64.97
2025-04-13,KE,Kenya,Fashion_Beauty,66.33
2025-04-20,KE,Kenya,Fashion_Beauty,70.05
2025-04-27,KE,Kenya,Fashion_Beauty,70.56
2025-05-04,KE,Kenya,Fashion_Beauty,64.13
2025-05-11,KE,Kenya,Fashion_Beauty,70.39
2025-05-18,KE,Kenya,Fashion_Beauty,69.88
2025-05-25,KE,Kenya,Fashion_Beauty,71.74
2025-06-01,KE,Kenya,Fashion_Beauty,70.22
2025-06-08,KE,Kenya,Fashion_Beauty,84.94
2025-06-15,KE,Kenya,Fashion_Beauty,72.42
2025-06-22,KE,Kenya,Fashion_Beauty,76.65
2025-06-29,KE,Kenya,Fashion_Beauty,71.74
2025-07-06,KE,Kenya,Fashion_Beauty,72.42
2025-07-13,KE,Kenya,Fashion_Beauty,70.56
2025-07-20,KE,Kenya,Fashion_Beauty,67.01
2025-07-27,KE,Kenya,Fashion_Beauty,70.9
2025-08-03,KE,Kenya,Fashion_Beauty,74.96
2025-08-10,KE,Kenya,Fashion_Beauty,75.47
2025-08-17,KE,Kenya,Fashion_Beauty,60.58
2025-08-24,KE,Kenya,Fashion_Beauty,60.24
2025-08-31,KE,Kenya,Fashion_Beauty,71.4
2025-09-07,KE,Kenya,Fashion_Beauty,70.05
2025-09-14,KE,Kenya,Fashion_Beauty,62.61
2025-09-21,KE,Kenya,Fashion_Beauty,68.19
2025-09-28,KE,Kenya,Fashion_Beauty,65.48
2025-10-05,KE,Kenya,Fashion_Beauty,68.7
2025-10-12,KE,Kenya,Fashion_Beauty,63.79
2025-10-19,KE,Kenya,Fashion_Beauty,61.93
2025-10-26,KE,Kenya,Fashion_Beauty,72.42
2025-11-02,KE,Kenya,Fashion_Beauty,79.19
2025-11-09,KE,Kenya,Fashion_Beauty,90.36
2025-11-16,KE,Kenya,Fashion_Beauty,83.93
2025-11-23,KE,Kenya,Fashion_Beauty,93.91
2025-11-30,KE,Kenya,Fashion_Beauty,86.46
2025-12-07,KE,Kenya,Fashion_Beauty,89.34
2025-12-14,KE,Kenya,Fashion_Beauty,84.43
2025-12-21,KE,Kenya,Fashion_Beauty,66.16
2025-12-28,KE,Kenya,Fashion_Beauty,69.88
2026-01-04,KE,Kenya,Fashion_Beauty,62.44
2026-01-11,KE,Kenya,Fashion_Beauty,67.17
2026-01-18,KE,Kenya,Fashion_Beauty,73.27
2026-01-25,KE,Kenya,Fashion_Beauty,75.63
2026-02-01,KE,Kenya,Fashion_Beauty,70.05
2026-02-08,KE,Kenya,Fashion_Beauty,87.99
2026-02-15,KE,Kenya,Fashion_Beauty,80.88
2026-02-22,KE,Kenya,Fashion_Beauty,81.05
2026-03-01,KE,Kenya,Fashion_Beauty,67.34
2026-03-08,KE,Kenya,Fashion_Beauty,71.74
2026-03-15,KE,Kenya,Fashion_Beauty,66.33
2026-03-22,KE,Kenya,Fashion_Beauty,70.56
2026-03-29,KE,Kenya,Fashion_Beauty,73.27
2026-04-05,KE,Kenya,Fashion_Beauty,77.83
2026-04-12,KE,Kenya,Fashion_Beauty,69.71
2026-04-19,KE,Kenya,Fashion_Beauty,81.05
2026-04-26,KE,Kenya,Fashion_Beauty,74.62
2026-05-03,KE,Kenya,Fashion_Beauty,78.17
2026-05-10,KE,Kenya,Fashion_Beauty,72.76
2026-05-17,KE,Kenya,Fashion_Beauty,64.3
2026-05-24,KE,Kenya,Fashion_Beauty,70.9
2026-05-31,KE,Kenya,Fashion_Beauty,69.88
2026-06-07,KE,Kenya,Fashion_Beauty,64.64
2026-06-14,KE,Kenya,Fashion_Beauty,60.74
2026-06-21,KE,Kenya,Fashion_Beauty,62.27
2026-06-28,KE,Kenya,Fashion_Beauty,60.07
2026-07-05,KE,Kenya,Fashion_Beauty,61.76
2026-07-12,KE,Kenya,Fashion_Beauty,60.91
2026-07-19,KE,Kenya,Fashion_Beauty,65.31
2026-07-26,KE,Kenya,Fashion_Beauty,69.04
2026-08-02,KE,Kenya,Fashion_Beauty,64.13
2026-08-09,KE,Kenya,Fashion_Beauty,67.01
2026-08-16,KE,Kenya,Fashion_Beauty,59.9
2026-08-23,KE,Kenya,Fashion_Beauty,64.97
2022-08-28,SG,Singapore,Nutrition_Diets,53.23
2022-09-04,SG,Singapore,Nutrition_Diets,53.98
2022-09-11,SG,Singapore,Nutrition_Diets,54.41
2022-09-18,SG,Singapore,Nutrition_Diets,53.33
2022-09-25,SG,Singapore,Nutrition_Diets,56.88
2022-10-02,SG,Singapore,Nutrition_Diets,53.87
2022-10-09,SG,Singapore,Nutrition_Diets,53.98
2022-10-16,SG,Singapore,Nutrition_Diets,50.75
2022-10-23,SG,Singapore,Nutrition_Diets,52.58
2022-10-30,SG,Singapore,Nutrition_Diets,52.04
2022-11-06,SG,Singapore,Nutrition_Diets,51.61
2022-11-13,SG,Singapore,Nutrition_Diets,49.68
2022-11-20,SG,Singapore,Nutrition_Diets,46.13
2022-11-27,SG,Singapore,Nutrition_Diets,46.99
2022-12-04,SG,Singapore,Nutrition_Diets,47.53
2022-12-11,SG,Singapore,Nutrition_Diets,49.46
2022-12-18,SG,Singapore,Nutrition_Diets,49.03
2022-12-25,SG,Singapore,Nutrition_Diets,50.22
2023-01-01,SG,Singapore,Nutrition_Diets,56.45
2023-01-08,SG,Singapore,Nutrition_Diets,52.04
2023-01-15,SG,Singapore,Nutrition_Diets,52.9
2023-01-22,SG,Singapore,Nutrition_Diets,56.45
2023-01-29,SG,Singapore,Nutrition_Diets,54.19
2023-02-05,SG,Singapore,Nutrition_Diets,55.59
2023-02-12,SG,Singapore,Nutrition_Diets,53.98
2023-02-19,SG,Singapore,Nutrition_Diets,56.88
2023-02-26,SG,Singapore,Nutrition_Diets,55.16
2023-03-05,SG,Singapore,Nutrition_Diets,54.19
2023-03-12,SG,Singapore,Nutrition_Diets,52.04
2023-03-19,SG,Singapore,Nutrition_Diets,54.41
2023-03-26,SG,Singapore,Nutrition_Diets,52.69
2023-04-02,SG,Singapore,Nutrition_Diets,53.01
2023-04-09,SG,Singapore,Nutrition_Diets,58.71
2023-04-16,SG,Singapore,Nutrition_Diets,54.73
2023-04-23,SG,Singapore,Nutrition_Diets,55.05
2023-04-30,SG,Singapore,Nutrition_Diets,53.23
2023-05-07,SG,Singapore,Nutrition_Diets,55.38
2023-05-14,SG,Singapore,Nutrition_Diets,53.01
2023-05-21,SG,Singapore,Nutrition_Diets,54.95
2023-05-28,SG,Singapore,Nutrition_Diets,53.55
2023-06-04,SG,Singapore,Nutrition_Diets,53.55
2023-06-11,SG,Singapore,Nutrition_Diets,54.19
2023-06-18,SG,Singapore,Nutrition_Diets,56.02
2023-06-25,SG,Singapore,Nutrition_Diets,56.67
2023-07-02,SG,Singapore,Nutrition_Diets,56.13
2023-07-09,SG,Singapore,Nutrition_Diets,58.06
2023-07-16,SG,Singapore,Nutrition_Diets,54.19
2023-07-23,SG,Singapore,Nutrition_Diets,55.05
2023-07-30,SG,Singapore,Nutrition_Diets,55.27
2023-08-06,SG,Singapore,Nutrition_Diets,55.91
2023-08-13,SG,Singapore,Nutrition_Diets,56.34
2023-08-20,SG,Singapore,Nutrition_Diets,56.67
2023-08-27,SG,Singapore,Nutrition_Diets,53.55
2023-09-03,SG,Singapore,Nutrition_Diets,51.29
2023-09-10,SG,Singapore,Nutrition_Diets,54.84
2023-09-17,SG,Singapore,Nutrition_Diets,54.09
2023-09-24,SG,Singapore,Nutrition_Diets,52.69
2023-10-01,SG,Singapore,Nutrition_Diets,51.4
2023-10-08,SG,Singapore,Nutrition_Diets,52.15
2023-10-15,SG,Singapore,Nutrition_Diets,55.59
2023-10-22,SG,Singapore,Nutrition_Diets,50.11
2023-10-29,SG,Singapore,Nutrition_Diets,51.08
2023-11-05,SG,Singapore,Nutrition_Diets,50.97
2023-11-12,SG,Singapore,Nutrition_Diets,49.68
2023-11-19,SG,Singapore,Nutrition_Diets,49.89
2023-11-26,SG,Singapore,Nutrition_Diets,50.22
2023-12-03,SG,Singapore,Nutrition_Diets,47.74
2023-12-10,SG,Singapore,Nutrition_Diets,48.92
2023-12-17,SG,Singapore,Nutrition_Diets,46.56
2023-12-24,SG,Singapore,Nutrition_Diets,49.46
2023-12-31,SG,Singapore,Nutrition_Diets,54.95
2024-01-07,SG,Singapore,Nutrition_Diets,55.7
2024-01-14,SG,Singapore,Nutrition_Diets,53.01
2024-01-21,SG,Singapore,Nutrition_Diets,49.57
2024-01-28,SG,Singapore,Nutrition_Diets,49.68
2024-02-04,SG,Singapore,Nutrition_Diets,51.08
2024-02-11,SG,Singapore,Nutrition_Diets,52.04
2024-02-18,SG,Singapore,Nutrition_Diets,52.15
2024-02-25,SG,Singapore,Nutrition_Diets,51.4
2024-03-03,SG,Singapore,Nutrition_Diets,46.77
2024-03-10,SG,Singapore,Nutrition_Diets,49.14
2024-03-17,SG,Singapore,Nutrition_Diets,53.44
2024-03-24,SG,Singapore,Nutrition_Diets,51.94
2024-03-31,SG,Singapore,Nutrition_Diets,49.46
2024-04-07,SG,Singapore,Nutrition_Diets,53.01
2024-04-14,SG,Singapore,Nutrition_Diets,51.29
2024-04-21,SG,Singapore,Nutrition_Diets,52.58
2024-04-28,SG,Singapore,Nutrition_Diets,53.87
2024-05-05,SG,Singapore,Nutrition_Diets,52.47
2024-05-12,SG,Singapore,Nutrition_Diets,50.43
2024-05-19,SG,Singapore,Nutrition_Diets,53.76
2024-05-26,SG,Singapore,Nutrition_Diets,52.26
2024-06-02,SG,Singapore,Nutrition_Diets,52.26
2024-06-09,SG,Singapore,Nutrition_Diets,52.58
2024-06-16,SG,Singapore,Nutrition_Diets,50.97
2024-06-23,SG,Singapore,Nutrition_Diets,53.44
2024-06-30,SG,Singapore,Nutrition_Diets,52.15
2024-07-07,SG,Singapore,Nutrition_Diets,53.55
2024-07-14,SG,Singapore,Nutrition_Diets,52.37
2024-07-21,SG,Singapore,Nutrition_Diets,54.09
2024-07-28,SG,Singapore,Nutrition_Diets,51.94
2024-08-04,SG,Singapore,Nutrition_Diets,50.22
2024-08-11,SG,Singapore,Nutrition_Diets,49.89
2024-08-18,SG,Singapore,Nutrition_Diets,54.73
2024-08-25,SG,Singapore,Nutrition_Diets,50.75
2024-09-01,SG,Singapore,Nutrition_Diets,52.26
2024-09-08,SG,Singapore,Nutrition_Diets,54.3
2024-09-15,SG,Singapore,Nutrition_Diets,53.87
2024-09-22,SG,Singapore,Nutrition_Diets,49.78
2024-09-29,SG,Singapore,Nutrition_Diets,54.62
2024-10-06,SG,Singapore,Nutrition_Diets,53.98
2024-10-13,SG,Singapore,Nutrition_Diets,51.4
2024-10-20,SG,Singapore,Nutrition_Diets,49.89
2024-10-27,SG,Singapore,Nutrition_Diets,51.18
2024-11-03,SG,Singapore,Nutrition_Diets,48.39
2024-11-10,SG,Singapore,Nutrition_Diets,50.43
2024-11-17,SG,Singapore,Nutrition_Diets,47.42
2024-11-24,SG,Singapore,Nutrition_Diets,45.91
2024-12-01,SG,Singapore,Nutrition_Diets,46.24
2024-12-08,SG,Singapore,Nutrition_Diets,47.53
2024-12-15,SG,Singapore,Nutrition_Diets,45.27
2024-12-22,SG,Singapore,Nutrition_Diets,44.84
2024-12-29,SG,Singapore,Nutrition_Diets,51.51
2025-01-05,SG,Singapore,Nutrition_Diets,50.32
2025-01-12,SG,Singapore,Nutrition_Diets,49.78
2025-01-19,SG,Singapore,Nutrition_Diets,50.75
2025-01-26,SG,Singapore,Nutrition_Diets,53.01
2025-02-02,SG,Singapore,Nutrition_Diets,51.83
2025-02-09,SG,Singapore,Nutrition_Diets,52.04
2025-02-16,SG,Singapore,Nutrition_Diets,51.08
2025-02-23,SG,Singapore,Nutrition_Diets,51.4
2025-03-02,SG,Singapore,Nutrition_Diets,49.14
2025-03-09,SG,Singapore,Nutrition_Diets,49.68
2025-03-16,SG,Singapore,Nutrition_Diets,47.31
2025-03-23,SG,Singapore,Nutrition_Diets,50.11
2025-03-30,SG,Singapore,Nutrition_Diets,47.63
2025-04-06,SG,Singapore,Nutrition_Diets,48.82
2025-04-13,SG,Singapore,Nutrition_Diets,48.39
2025-04-20,SG,Singapore,Nutrition_Diets,48.17
2025-04-27,SG,Singapore,Nutrition_Diets,45.48
2025-05-04,SG,Singapore,Nutrition_Diets,49.68
2025-05-11,SG,Singapore,Nutrition_Diets,49.14
2025-05-18,SG,Singapore,Nutrition_Diets,48.6
2025-05-25,SG,Singapore,Nutrition_Diets,49.35
2025-06-01,SG,Singapore,Nutrition_Diets,49.89
2025-06-08,SG,Singapore,Nutrition_Diets,48.92
2025-06-15,SG,Singapore,Nutrition_Diets,49.68
2025-06-22,SG,Singapore,Nutrition_Diets,50.65
2025-06-29,SG,Singapore,Nutrition_Diets,49.57
2025-07-06,SG,Singapore,Nutrition_Diets,52.37
2025-07-13,SG,Singapore,Nutrition_Diets,49.78
2025-07-20,SG,Singapore,Nutrition_Diets,47.85
2025-07-27,SG,Singapore,Nutrition_Diets,48.28
2025-08-03,SG,Singapore,Nutrition_Diets,46.45
2025-08-10,SG,Singapore,Nutrition_Diets,48.6
2025-08-17,SG,Singapore,Nutrition_Diets,51.08
2025-08-24,SG,Singapore,Nutrition_Diets,46.45
2025-08-31,SG,Singapore,Nutrition_Diets,49.14
2025-09-07,SG,Singapore,Nutrition_Diets,48.6
2025-09-14,SG,Singapore,Nutrition_Diets,48.17
2025-09-21,SG,Singapore,Nutrition_Diets,51.29
2025-09-28,SG,Singapore,Nutrition_Diets,46.24
2025-10-05,SG,Singapore,Nutrition_Diets,47.74
2025-10-12,SG,Singapore,Nutrition_Diets,47.31
2025-10-19,SG,Singapore,Nutrition_Diets,47.85
2025-10-26,SG,Singapore,Nutrition_Diets,53.66
2025-11-02,SG,Singapore,Nutrition_Diets,59.78
2025-11-09,SG,Singapore,Nutrition_Diets,61.51
2025-11-16,SG,Singapore,Nutrition_Diets,62.9
2025-11-23,SG,Singapore,Nutrition_Diets,63.23
2025-11-30,SG,Singapore,Nutrition_Diets,63.33
2025-12-07,SG,Singapore,Nutrition_Diets,66.24
2025-12-14,SG,Singapore,Nutrition_Diets,63.12
2025-12-21,SG,Singapore,Nutrition_Diets,65.27
2025-12-28,SG,Singapore,Nutrition_Diets,67.74
2026-01-04,SG,Singapore,Nutrition_Diets,68.92
2026-01-11,SG,Singapore,Nutrition_Diets,68.49
2026-01-18,SG,Singapore,Nutrition_Diets,72.8
2026-01-25,SG,Singapore,Nutrition_Diets,71.61
2026-02-01,SG,Singapore,Nutrition_Diets,70.54
2026-02-08,SG,Singapore,Nutrition_Diets,65.27
2026-02-15,SG,Singapore,Nutrition_Diets,70.22
2026-02-22,SG,Singapore,Nutrition_Diets,69.35
2026-03-01,SG,Singapore,Nutrition_Diets,71.94
2026-03-08,SG,Singapore,Nutrition_Diets,82.26
2026-03-15,SG,Singapore,Nutrition_Diets,85.27
2026-03-22,SG,Singapore,Nutrition_Diets,88.17
2026-03-29,SG,Singapore,Nutrition_Diets,92.9
2026-04-05,SG,Singapore,Nutrition_Diets,96.24
2026-04-12,SG,Singapore,Nutrition_Diets,100.0
2026-04-19,SG,Singapore,Nutrition_Diets,93.23
2026-04-26,SG,Singapore,Nutrition_Diets,81.51
2026-05-03,SG,Singapore,Nutrition_Diets,84.3
2026-05-10,SG,Singapore,Nutrition_Diets,91.83
2026-05-17,SG,Singapore,Nutrition_Diets,93.01
2026-05-24,SG,Singapore,Nutrition_Diets,89.78
2026-05-31,SG,Singapore,Nutrition_Diets,90.54
2026-06-07,SG,Singapore,Nutrition_Diets,93.33
2026-06-14,SG,Singapore,Nutrition_Diets,77.53
2026-06-21,SG,Singapore,Nutrition_Diets,80.0
2026-06-28,SG,Singapore,Nutrition_Diets,91.08
2026-07-05,SG,Singapore,Nutrition_Diets,89.89
2026-07-12,SG,Singapore,Nutrition_Diets,73.01
2026-07-19,SG,Singapore,Nutrition_Diets,89.25
2026-07-26,SG,Singapore,Nutrition_Diets,83.87
2026-08-02,SG,Singapore,Nutrition_Diets,61.51
2026-08-09,SG,Singapore,Nutrition_Diets,56.88
2026-08-16,SG,Singapore,Nutrition_Diets,60.54
2026-08-23,SG,Singapore,Nutrition_Diets,53.33
2022-08-28,SG,Singapore,Fitness_Wearables,61.29
2022-09-04,SG,Singapore,Fitness_Wearables,67.01
2022-09-11,SG,Singapore,Fitness_Wearables,69.51
2022-09-18,SG,Singapore,Fitness_Wearables,64.93
2022-09-25,SG,Singapore,Fitness_Wearables,62.23
2022-10-02,SG,Singapore,Fitness_Wearables,59.42
2022-10-09,SG,Singapore,Fitness_Wearables,60.98
2022-10-16,SG,Singapore,Fitness_Wearables,59.11
2022-10-23,SG,Singapore,Fitness_Wearables,61.29
2022-10-30,SG,Singapore,Fitness_Wearables,61.81
2022-11-06,SG,Singapore,Fitness_Wearables,61.6
2022-11-13,SG,Singapore,Fitness_Wearables,58.69
2022-11-20,SG,Singapore,Fitness_Wearables,56.09
2022-11-27,SG,Singapore,Fitness_Wearables,55.67
2022-12-04,SG,Singapore,Fitness_Wearables,58.06
2022-12-11,SG,Singapore,Fitness_Wearables,58.9
2022-12-18,SG,Singapore,Fitness_Wearables,57.34
2022-12-25,SG,Singapore,Fitness_Wearables,62.23
2023-01-01,SG,Singapore,Fitness_Wearables,70.03
2023-01-08,SG,Singapore,Fitness_Wearables,63.68
2023-01-15,SG,Singapore,Fitness_Wearables,60.56
2023-01-22,SG,Singapore,Fitness_Wearables,65.76
2023-01-29,SG,Singapore,Fitness_Wearables,67.53
2023-02-05,SG,Singapore,Fitness_Wearables,65.35
2023-02-12,SG,Singapore,Fitness_Wearables,61.5
2023-02-19,SG,Singapore,Fitness_Wearables,64.83
2023-02-26,SG,Singapore,Fitness_Wearables,63.37
2023-03-05,SG,Singapore,Fitness_Wearables,62.54
2023-03-12,SG,Singapore,Fitness_Wearables,61.81
2023-03-19,SG,Singapore,Fitness_Wearables,60.56
2023-03-26,SG,Singapore,Fitness_Wearables,59.63
2023-04-02,SG,Singapore,Fitness_Wearables,61.71
2023-04-09,SG,Singapore,Fitness_Wearables,61.39
2023-04-16,SG,Singapore,Fitness_Wearables,60.15
2023-04-23,SG,Singapore,Fitness_Wearables,59.73
2023-04-30,SG,Singapore,Fitness_Wearables,64.31
2023-05-07,SG,Singapore,Fitness_Wearables,61.81
2023-05-14,SG,Singapore,Fitness_Wearables,61.29
2023-05-21,SG,Singapore,Fitness_Wearables,63.27
2023-05-28,SG,Singapore,Fitness_Wearables,61.81
2023-06-04,SG,Singapore,Fitness_Wearables,63.16
2023-06-11,SG,Singapore,Fitness_Wearables,67.43
2023-06-18,SG,Singapore,Fitness_Wearables,62.54
2023-06-25,SG,Singapore,Fitness_Wearables,64.52
2023-07-02,SG,Singapore,Fitness_Wearables,66.91
2023-07-09,SG,Singapore,Fitness_Wearables,64.62
2023-07-16,SG,Singapore,Fitness_Wearables,62.12
2023-07-23,SG,Singapore,Fitness_Wearables,64.1
2023-07-30,SG,Singapore,Fitness_Wearables,65.87
2023-08-06,SG,Singapore,Fitness_Wearables,64.1
2023-08-13,SG,Singapore,Fitness_Wearables,63.27
2023-08-20,SG,Singapore,Fitness_Wearables,62.64
2023-08-27,SG,Singapore,Fitness_Wearables,64.2
2023-09-03,SG,Singapore,Fitness_Wearables,62.96
2023-09-10,SG,Singapore,Fitness_Wearables,63.79
2023-09-17,SG,Singapore,Fitness_Wearables,63.37
2023-09-24,SG,Singapore,Fitness_Wearables,65.14
2023-10-01,SG,Singapore,Fitness_Wearables,61.71
2023-10-08,SG,Singapore,Fitness_Wearables,61.5
2023-10-15,SG,Singapore,Fitness_Wearables,60.67
2023-10-22,SG,Singapore,Fitness_Wearables,61.71
2023-10-29,SG,Singapore,Fitness_Wearables,59.52
2023-11-05,SG,Singapore,Fitness_Wearables,60.77
2023-11-12,SG,Singapore,Fitness_Wearables,60.25
2023-11-19,SG,Singapore,Fitness_Wearables,61.5
2023-11-26,SG,Singapore,Fitness_Wearables,59.21
2023-12-03,SG,Singapore,Fitness_Wearables,61.08
2023-12-10,SG,Singapore,Fitness_Wearables,59.63
2023-12-17,SG,Singapore,Fitness_Wearables,59.63
2023-12-24,SG,Singapore,Fitness_Wearables,64.2
2023-12-31,SG,Singapore,Fitness_Wearables,68.57
2024-01-07,SG,Singapore,Fitness_Wearables,64.2
2024-01-14,SG,Singapore,Fitness_Wearables,60.46
2024-01-21,SG,Singapore,Fitness_Wearables,61.19
2024-01-28,SG,Singapore,Fitness_Wearables,60.98
2024-02-04,SG,Singapore,Fitness_Wearables,60.04
2024-02-11,SG,Singapore,Fitness_Wearables,65.14
2024-02-18,SG,Singapore,Fitness_Wearables,60.25
2024-02-25,SG,Singapore,Fitness_Wearables,65.66
2024-03-03,SG,Singapore,Fitness_Wearables,60.04
2024-03-10,SG,Singapore,Fitness_Wearables,62.64
2024-03-17,SG,Singapore,Fitness_Wearables,61.29
2024-03-24,SG,Singapore,Fitness_Wearables,63.79
2024-03-31,SG,Singapore,Fitness_Wearables,63.58
2024-04-07,SG,Singapore,Fitness_Wearables,67.01
2024-04-14,SG,Singapore,Fitness_Wearables,64.41
2024-04-21,SG,Singapore,Fitness_Wearables,64.62
2024-04-28,SG,Singapore,Fitness_Wearables,65.66
2024-05-05,SG,Singapore,Fitness_Wearables,63.48
2024-05-12,SG,Singapore,Fitness_Wearables,63.89
2024-05-19,SG,Singapore,Fitness_Wearables,64.72
2024-05-26,SG,Singapore,Fitness_Wearables,67.95
2024-06-02,SG,Singapore,Fitness_Wearables,68.89
2024-06-09,SG,Singapore,Fitness_Wearables,64.72
2024-06-16,SG,Singapore,Fitness_Wearables,67.43
2024-06-23,SG,Singapore,Fitness_Wearables,65.56
2024-06-30,SG,Singapore,Fitness_Wearables,72.74
2024-07-07,SG,Singapore,Fitness_Wearables,71.07
2024-07-14,SG,Singapore,Fitness_Wearables,68.57
2024-07-21,SG,Singapore,Fitness_Wearables,69.2
2024-07-28,SG,Singapore,Fitness_Wearables,67.22
2024-08-04,SG,Singapore,Fitness_Wearables,68.37
2024-08-11,SG,Singapore,Fitness_Wearables,67.12
2024-08-18,SG,Singapore,Fitness_Wearables,67.64
2024-08-25,SG,Singapore,Fitness_Wearables,67.12
2024-09-01,SG,Singapore,Fitness_Wearables,64.41
2024-09-08,SG,Singapore,Fitness_Wearables,70.66
2024-09-15,SG,Singapore,Fitness_Wearables,68.78
2024-09-22,SG,Singapore,Fitness_Wearables,67.64
2024-09-29,SG,Singapore,Fitness_Wearables,68.16
2024-10-06,SG,Singapore,Fitness_Wearables,66.7
2024-10-13,SG,Singapore,Fitness_Wearables,64.93
2024-10-20,SG,Singapore,Fitness_Wearables,62.54
2024-10-27,SG,Singapore,Fitness_Wearables,63.58
2024-11-03,SG,Singapore,Fitness_Wearables,58.58
2024-11-10,SG,Singapore,Fitness_Wearables,60.25
2024-11-17,SG,Singapore,Fitness_Wearables,59.52
2024-11-24,SG,Singapore,Fitness_Wearables,59.73
2024-12-01,SG,Singapore,Fitness_Wearables,60.77
2024-12-08,SG,Singapore,Fitness_Wearables,61.5
2024-12-15,SG,Singapore,Fitness_Wearables,62.02
2024-12-22,SG,Singapore,Fitness_Wearables,61.91
2024-12-29,SG,Singapore,Fitness_Wearables,69.51
2025-01-05,SG,Singapore,Fitness_Wearables,65.24
2025-01-12,SG,Singapore,Fitness_Wearables,61.39
2025-01-19,SG,Singapore,Fitness_Wearables,66.29
2025-01-26,SG,Singapore,Fitness_Wearables,70.45
2025-02-02,SG,Singapore,Fitness_Wearables,64.31
2025-02-09,SG,Singapore,Fitness_Wearables,64.41
2025-02-16,SG,Singapore,Fitness_Wearables,63.89
2025-02-23,SG,Singapore,Fitness_Wearables,64.41
2025-03-02,SG,Singapore,Fitness_Wearables,60.46
2025-03-09,SG,Singapore,Fitness_Wearables,62.75
2025-03-16,SG,Singapore,Fitness_Wearables,63.37
2025-03-23,SG,Singapore,Fitness_Wearables,64.1
2025-03-30,SG,Singapore,Fitness_Wearables,64.83
2025-04-06,SG,Singapore,Fitness_Wearables,61.39
2025-04-13,SG,Singapore,Fitness_Wearables,62.64
2025-04-20,SG,Singapore,Fitness_Wearables,62.96
2025-04-27,SG,Singapore,Fitness_Wearables,65.97
2025-05-04,SG,Singapore,Fitness_Wearables,62.02
2025-05-11,SG,Singapore,Fitness_Wearables,65.14
2025-05-18,SG,Singapore,Fitness_Wearables,66.6
2025-05-25,SG,Singapore,Fitness_Wearables,66.6
2025-06-01,SG,Singapore,Fitness_Wearables,69.3
2025-06-08,SG,Singapore,Fitness_Wearables,69.72
2025-06-15,SG,Singapore,Fitness_Wearables,68.99
2025-06-22,SG,Singapore,Fitness_Wearables,67.74
2025-06-29,SG,Singapore,Fitness_Wearables,70.03
2025-07-06,SG,Singapore,Fitness_Wearables,70.45
2025-07-13,SG,Singapore,Fitness_Wearables,68.05
2025-07-20,SG,Singapore,Fitness_Wearables,68.26
2025-07-27,SG,Singapore,Fitness_Wearables,69.3
2025-08-03,SG,Singapore,Fitness_Wearables,65.97
2025-08-10,SG,Singapore,Fitness_Wearables,66.39
2025-08-17,SG,Singapore,Fitness_Wearables,66.7
2025-08-24,SG,Singapore,Fitness_Wearables,64.52
2025-08-31,SG,Singapore,Fitness_Wearables,66.18
2025-09-07,SG,Singapore,Fitness_Wearables,67.12
2025-09-14,SG,Singapore,Fitness_Wearables,65.87
2025-09-21,SG,Singapore,Fitness_Wearables,65.76
2025-09-28,SG,Singapore,Fitness_Wearables,65.35
2025-10-05,SG,Singapore,Fitness_Wearables,64.72
2025-10-12,SG,Singapore,Fitness_Wearables,63.79
2025-10-19,SG,Singapore,Fitness_Wearables,64.72
2025-10-26,SG,Singapore,Fitness_Wearables,64.93
2025-11-02,SG,Singapore,Fitness_Wearables,75.44
2025-11-09,SG,Singapore,Fitness_Wearables,75.65
2025-11-16,SG,Singapore,Fitness_Wearables,76.48
2025-11-23,SG,Singapore,Fitness_Wearables,77.94
2025-11-30,SG,Singapore,Fitness_Wearables,80.65
2025-12-07,SG,Singapore,Fitness_Wearables,81.17
2025-12-14,SG,Singapore,Fitness_Wearables,82.21
2025-12-21,SG,Singapore,Fitness_Wearables,87.2
2025-12-28,SG,Singapore,Fitness_Wearables,92.09
2026-01-04,SG,Singapore,Fitness_Wearables,88.14
2026-01-11,SG,Singapore,Fitness_Wearables,83.77
2026-01-18,SG,Singapore,Fitness_Wearables,87.2
2026-01-25,SG,Singapore,Fitness_Wearables,86.37
2026-02-01,SG,Singapore,Fitness_Wearables,81.17
2026-02-08,SG,Singapore,Fitness_Wearables,82.1
2026-02-15,SG,Singapore,Fitness_Wearables,89.28
2026-02-22,SG,Singapore,Fitness_Wearables,77.52
2026-03-01,SG,Singapore,Fitness_Wearables,78.04
2026-03-08,SG,Singapore,Fitness_Wearables,82.83
2026-03-15,SG,Singapore,Fitness_Wearables,87.83
2026-03-22,SG,Singapore,Fitness_Wearables,93.55
2026-03-29,SG,Singapore,Fitness_Wearables,97.19
2026-04-05,SG,Singapore,Fitness_Wearables,97.4
2026-04-12,SG,Singapore,Fitness_Wearables,97.92
2026-04-19,SG,Singapore,Fitness_Wearables,92.92
2026-04-26,SG,Singapore,Fitness_Wearables,97.61
2026-05-03,SG,Singapore,Fitness_Wearables,90.43
2026-05-10,SG,Singapore,Fitness_Wearables,93.24
2026-05-17,SG,Singapore,Fitness_Wearables,90.95
2026-05-24,SG,Singapore,Fitness_Wearables,97.81
2026-05-31,SG,Singapore,Fitness_Wearables,100.0
2026-06-07,SG,Singapore,Fitness_Wearables,95.94
2026-06-14,SG,Singapore,Fitness_Wearables,86.99
2026-06-21,SG,Singapore,Fitness_Wearables,86.89
2026-06-28,SG,Singapore,Fitness_Wearables,93.24
2026-07-05,SG,Singapore,Fitness_Wearables,94.48
2026-07-12,SG,Singapore,Fitness_Wearables,82.93
2026-07-19,SG,Singapore,Fitness_Wearables,52.86
2026-07-26,SG,Singapore,Fitness_Wearables,61.71
2026-08-02,SG,Singapore,Fitness_Wearables,59.21
2026-08-09,SG,Singapore,Fitness_Wearables,73.36
2026-08-16,SG,Singapore,Fitness_Wearables,83.25
2026-08-23,SG,Singapore,Fitness_Wearables,75.86
2022-08-28,SG,Singapore,Fashion_Beauty,50.05
2022-09-04,SG,Singapore,Fashion_Beauty,50.05
2022-09-11,SG,Singapore,Fashion_Beauty,53.1
2022-09-18,SG,Singapore,Fashion_Beauty,51.52
2022-09-25,SG,Singapore,Fashion_Beauty,53.1
2022-10-02,SG,Singapore,Fashion_Beauty,52.99
2022-10-09,SG,Singapore,Fashion_Beauty,54.77
2022-10-16,SG,Singapore,Fashion_Beauty,53.52
2022-10-23,SG,Singapore,Fashion_Beauty,54.35
2022-10-30,SG,Singapore,Fashion_Beauty,52.99
2022-11-06,SG,Singapore,Fashion_Beauty,55.72
2022-11-13,SG,Singapore,Fashion_Beauty,53.83
2022-11-20,SG,Singapore,Fashion_Beauty,49.63
2022-11-27,SG,Singapore,Fashion_Beauty,49.74
2022-12-04,SG,Singapore,Fashion_Beauty,49.0
2022-12-11,SG,Singapore,Fashion_Beauty,51.94
2022-12-18,SG,Singapore,Fashion_Beauty,52.47
2022-12-25,SG,Singapore,Fashion_Beauty,54.67
2023-01-01,SG,Singapore,Fashion_Beauty,52.05
2023-01-08,SG,Singapore,Fashion_Beauty,55.3
2023-01-15,SG,Singapore,Fashion_Beauty,54.35
2023-01-22,SG,Singapore,Fashion_Beauty,52.68
2023-01-29,SG,Singapore,Fashion_Beauty,50.89
2023-02-05,SG,Singapore,Fashion_Beauty,51.1
2023-02-12,SG,Singapore,Fashion_Beauty,47.11
2023-02-19,SG,Singapore,Fashion_Beauty,50.47
2023-02-26,SG,Singapore,Fashion_Beauty,53.2
2023-03-05,SG,Singapore,Fashion_Beauty,51.84
2023-03-12,SG,Singapore,Fashion_Beauty,53.31
2023-03-19,SG,Singapore,Fashion_Beauty,50.05
2023-03-26,SG,Singapore,Fashion_Beauty,49.0
2023-04-02,SG,Singapore,Fashion_Beauty,51.63
2023-04-09,SG,Singapore,Fashion_Beauty,47.53
2023-04-16,SG,Singapore,Fashion_Beauty,46.17
2023-04-23,SG,Singapore,Fashion_Beauty,48.27
2023-04-30,SG,Singapore,Fashion_Beauty,49.21
2023-05-07,SG,Singapore,Fashion_Beauty,48.16
2023-05-14,SG,Singapore,Fashion_Beauty,47.95
2023-05-21,SG,Singapore,Fashion_Beauty,50.47
2023-05-28,SG,Singapore,Fashion_Beauty,49.21
2023-06-04,SG,Singapore,Fashion_Beauty,47.95
2023-06-11,SG,Singapore,Fashion_Beauty,49.11
2023-06-18,SG,Singapore,Fashion_Beauty,47.74
2023-06-25,SG,Singapore,Fashion_Beauty,49.53
2023-07-02,SG,Singapore,Fashion_Beauty,49.95
2023-07-09,SG,Singapore,Fashion_Beauty,50.47
2023-07-16,SG,Singapore,Fashion_Beauty,47.32
2023-07-23,SG,Singapore,Fashion_Beauty,51.42
2023-07-30,SG,Singapore,Fashion_Beauty,48.9
2023-08-06,SG,Singapore,Fashion_Beauty,48.48
2023-08-13,SG,Singapore,Fashion_Beauty,48.06
2023-08-20,SG,Singapore,Fashion_Beauty,49.0
2023-08-27,SG,Singapore,Fashion_Beauty,47.32
2023-09-03,SG,Singapore,Fashion_Beauty,50.47
2023-09-10,SG,Singapore,Fashion_Beauty,48.06
2023-09-17,SG,Singapore,Fashion_Beauty,48.9
2023-09-24,SG,Singapore,Fashion_Beauty,49.32
2023-10-01,SG,Singapore,Fashion_Beauty,52.89
2023-10-08,SG,Singapore,Fashion_Beauty,49.21
2023-10-15,SG,Singapore,Fashion_Beauty,51.63
2023-10-22,SG,Singapore,Fashion_Beauty,52.05
2023-10-29,SG,Singapore,Fashion_Beauty,51.63
2023-11-05,SG,Singapore,Fashion_Beauty,53.52
2023-11-12,SG,Singapore,Fashion_Beauty,52.78
2023-11-19,SG,Singapore,Fashion_Beauty,52.99
2023-11-26,SG,Singapore,Fashion_Beauty,53.73
2023-12-03,SG,Singapore,Fashion_Beauty,53.93
2023-12-10,SG,Singapore,Fashion_Beauty,54.88
2023-12-17,SG,Singapore,Fashion_Beauty,52.68
2023-12-24,SG,Singapore,Fashion_Beauty,54.25
2023-12-31,SG,Singapore,Fashion_Beauty,51.94
2024-01-07,SG,Singapore,Fashion_Beauty,52.15
2024-01-14,SG,Singapore,Fashion_Beauty,51.84
2024-01-21,SG,Singapore,Fashion_Beauty,52.05
2024-01-28,SG,Singapore,Fashion_Beauty,51.94
2024-02-04,SG,Singapore,Fashion_Beauty,51.0
2024-02-11,SG,Singapore,Fashion_Beauty,48.27
2024-02-18,SG,Singapore,Fashion_Beauty,48.06
2024-02-25,SG,Singapore,Fashion_Beauty,48.9
2024-03-03,SG,Singapore,Fashion_Beauty,49.63
2024-03-10,SG,Singapore,Fashion_Beauty,48.69
2024-03-17,SG,Singapore,Fashion_Beauty,49.21
2024-03-24,SG,Singapore,Fashion_Beauty,49.63
2024-03-31,SG,Singapore,Fashion_Beauty,47.74
2024-04-07,SG,Singapore,Fashion_Beauty,47.64
2024-04-14,SG,Singapore,Fashion_Beauty,47.43
2024-04-21,SG,Singapore,Fashion_Beauty,47.01
2024-04-28,SG,Singapore,Fashion_Beauty,48.06
2024-05-05,SG,Singapore,Fashion_Beauty,47.11
2024-05-12,SG,Singapore,Fashion_Beauty,47.22
2024-05-19,SG,Singapore,Fashion_Beauty,48.37
2024-05-26,SG,Singapore,Fashion_Beauty,47.53
2024-06-02,SG,Singapore,Fashion_Beauty,47.85
2024-06-09,SG,Singapore,Fashion_Beauty,45.86
2024-06-16,SG,Singapore,Fashion_Beauty,46.9
2024-06-23,SG,Singapore,Fashion_Beauty,45.96
2024-06-30,SG,Singapore,Fashion_Beauty,45.96
2024-07-07,SG,Singapore,Fashion_Beauty,47.01
2024-07-14,SG,Singapore,Fashion_Beauty,45.65
2024-07-21,SG,Singapore,Fashion_Beauty,47.53
2024-07-28,SG,Singapore,Fashion_Beauty,48.27
2024-08-04,SG,Singapore,Fashion_Beauty,45.65
2024-08-11,SG,Singapore,Fashion_Beauty,45.96
2024-08-18,SG,Singapore,Fashion_Beauty,48.48
2024-08-25,SG,Singapore,Fashion_Beauty,47.95
2024-09-01,SG,Singapore,Fashion_Beauty,48.79
2024-09-08,SG,Singapore,Fashion_Beauty,50.89
2024-09-15,SG,Singapore,Fashion_Beauty,50.26
2024-09-22,SG,Singapore,Fashion_Beauty,46.59
2024-09-29,SG,Singapore,Fashion_Beauty,49.0
2024-10-06,SG,Singapore,Fashion_Beauty,49.74
2024-10-13,SG,Singapore,Fashion_Beauty,56.03
2024-10-20,SG,Singapore,Fashion_Beauty,51.84
2024-10-27,SG,Singapore,Fashion_Beauty,53.41
2024-11-03,SG,Singapore,Fashion_Beauty,51.1
2024-11-10,SG,Singapore,Fashion_Beauty,53.1
2024-11-17,SG,Singapore,Fashion_Beauty,56.77
2024-11-24,SG,Singapore,Fashion_Beauty,56.03
2024-12-01,SG,Singapore,Fashion_Beauty,55.61
2024-12-08,SG,Singapore,Fashion_Beauty,54.77
2024-12-15,SG,Singapore,Fashion_Beauty,53.1
2024-12-22,SG,Singapore,Fashion_Beauty,52.89
2024-12-29,SG,Singapore,Fashion_Beauty,54.56
2025-01-05,SG,Singapore,Fashion_Beauty,51.94
2025-01-12,SG,Singapore,Fashion_Beauty,52.89
2025-01-19,SG,Singapore,Fashion_Beauty,52.89
2025-01-26,SG,Singapore,Fashion_Beauty,50.26
2025-02-02,SG,Singapore,Fashion_Beauty,45.44
2025-02-09,SG,Singapore,Fashion_Beauty,48.58
2025-02-16,SG,Singapore,Fashion_Beauty,46.69
2025-02-23,SG,Singapore,Fashion_Beauty,46.69
2025-03-02,SG,Singapore,Fashion_Beauty,45.33
2025-03-09,SG,Singapore,Fashion_Beauty,47.22
2025-03-16,SG,Singapore,Fashion_Beauty,47.95
2025-03-23,SG,Singapore,Fashion_Beauty,47.43
2025-03-30,SG,Singapore,Fashion_Beauty,50.05
2025-04-06,SG,Singapore,Fashion_Beauty,45.86
2025-04-13,SG,Singapore,Fashion_Beauty,47.53
2025-04-20,SG,Singapore,Fashion_Beauty,47.95
2025-04-27,SG,Singapore,Fashion_Beauty,42.5
2025-05-04,SG,Singapore,Fashion_Beauty,44.81
2025-05-11,SG,Singapore,Fashion_Beauty,46.9
2025-05-18,SG,Singapore,Fashion_Beauty,45.65
2025-05-25,SG,Singapore,Fashion_Beauty,44.81
2025-06-01,SG,Singapore,Fashion_Beauty,45.65
2025-06-08,SG,Singapore,Fashion_Beauty,47.01
2025-06-15,SG,Singapore,Fashion_Beauty,47.22
2025-06-22,SG,Singapore,Fashion_Beauty,45.86
2025-06-29,SG,Singapore,Fashion_Beauty,44.39
2025-07-06,SG,Singapore,Fashion_Beauty,47.22
2025-07-13,SG,Singapore,Fashion_Beauty,41.87
2025-07-20,SG,Singapore,Fashion_Beauty,43.97
2025-07-27,SG,Singapore,Fashion_Beauty,44.39
2025-08-03,SG,Singapore,Fashion_Beauty,44.49
2025-08-10,SG,Singapore,Fashion_Beauty,45.02
2025-08-17,SG,Singapore,Fashion_Beauty,44.91
2025-08-24,SG,Singapore,Fashion_Beauty,44.81
2025-08-31,SG,Singapore,Fashion_Beauty,46.17
2025-09-07,SG,Singapore,Fashion_Beauty,47.32
2025-09-14,SG,Singapore,Fashion_Beauty,45.75
2025-09-21,SG,Singapore,Fashion_Beauty,45.65
2025-09-28,SG,Singapore,Fashion_Beauty,48.06
2025-10-05,SG,Singapore,Fashion_Beauty,46.07
2025-10-12,SG,Singapore,Fashion_Beauty,51.42
2025-10-19,SG,Singapore,Fashion_Beauty,49.0
2025-10-26,SG,Singapore,Fashion_Beauty,52.78
2025-11-02,SG,Singapore,Fashion_Beauty,62.33
2025-11-09,SG,Singapore,Fashion_Beauty,63.27
2025-11-16,SG,Singapore,Fashion_Beauty,61.07
2025-11-23,SG,Singapore,Fashion_Beauty,67.58
2025-11-30,SG,Singapore,Fashion_Beauty,73.87
2025-12-07,SG,Singapore,Fashion_Beauty,73.77
2025-12-14,SG,Singapore,Fashion_Beauty,69.88
2025-12-21,SG,Singapore,Fashion_Beauty,69.15
2025-12-28,SG,Singapore,Fashion_Beauty,73.03
2026-01-04,SG,Singapore,Fashion_Beauty,63.8
2026-01-11,SG,Singapore,Fashion_Beauty,66.21
2026-01-18,SG,Singapore,Fashion_Beauty,69.67
2026-01-25,SG,Singapore,Fashion_Beauty,69.57
2026-02-01,SG,Singapore,Fashion_Beauty,68.52
2026-02-08,SG,Singapore,Fashion_Beauty,86.36
2026-02-15,SG,Singapore,Fashion_Beauty,100.0
2026-02-22,SG,Singapore,Fashion_Beauty,73.03
2026-03-01,SG,Singapore,Fashion_Beauty,68.73
2026-03-08,SG,Singapore,Fashion_Beauty,78.38
2026-03-15,SG,Singapore,Fashion_Beauty,75.87
2026-03-22,SG,Singapore,Fashion_Beauty,74.82
2026-03-29,SG,Singapore,Fashion_Beauty,73.45
2026-04-05,SG,Singapore,Fashion_Beauty,73.98
2026-04-12,SG,Singapore,Fashion_Beauty,76.81
2026-04-19,SG,Singapore,Fashion_Beauty,72.82
2026-04-26,SG,Singapore,Fashion_Beauty,66.84
2026-05-03,SG,Singapore,Fashion_Beauty,70.41
2026-05-10,SG,Singapore,Fashion_Beauty,71.56
2026-05-17,SG,Singapore,Fashion_Beauty,69.99
2026-05-24,SG,Singapore,Fashion_Beauty,72.4
2026-05-31,SG,Singapore,Fashion_Beauty,73.24
2026-06-07,SG,Singapore,Fashion_Beauty,69.78
2026-06-14,SG,Singapore,Fashion_Beauty,59.39
2026-06-21,SG,Singapore,Fashion_Beauty,62.75
2026-06-28,SG,Singapore,Fashion_Beauty,66.32
2026-07-05,SG,Singapore,Fashion_Beauty,68.21
2026-07-12,SG,Singapore,Fashion_Beauty,60.34
2026-07-19,SG,Singapore,Fashion_Beauty,35.99
2026-07-26,SG,Singapore,Fashion_Beauty,36.52
2026-08-02,SG,Singapore,Fashion_Beauty,37.67
2026-08-09,SG,Singapore,Fashion_Beauty,51.21
2026-08-16,SG,Singapore,Fashion_Beauty,49.42
2026-08-23,SG,Singapore,Fashion_Beauty,44.28
2022-08-28,AE,United_Arab_Emirates,Nutrition_Diets,68.56
2022-09-04,AE,United_Arab_Emirates,Nutrition_Diets,69.29
2022-09-11,AE,United_Arab_Emirates,Nutrition_Diets,76.97
2022-09-18,AE,United_Arab_Emirates,Nutrition_Diets,73.4
2022-09-25,AE,United_Arab_Emirates,Nutrition_Diets,72.85
2022-10-02,AE,United_Arab_Emirates,Nutrition_Diets,68.74
2022-10-09,AE,United_Arab_Emirates,Nutrition_Diets,67.73
2022-10-16,AE,United_Arab_Emirates,Nutrition_Diets,69.74
2022-10-23,AE,United_Arab_Emirates,Nutrition_Diets,62.98
2022-10-30,AE,United_Arab_Emirates,Nutrition_Diets,68.56
2022-11-06,AE,United_Arab_Emirates,Nutrition_Diets,66.73
2022-11-13,AE,United_Arab_Emirates,Nutrition_Diets,66.0
2022-11-20,AE,United_Arab_Emirates,Nutrition_Diets,56.95
2022-11-27,AE,United_Arab_Emirates,Nutrition_Diets,55.21
2022-12-04,AE,United_Arab_Emirates,Nutrition_Diets,56.76
2022-12-11,AE,United_Arab_Emirates,Nutrition_Diets,59.96
2022-12-18,AE,United_Arab_Emirates,Nutrition_Diets,58.5
2022-12-25,AE,United_Arab_Emirates,Nutrition_Diets,62.07
2023-01-01,AE,United_Arab_Emirates,Nutrition_Diets,73.13
2023-01-08,AE,United_Arab_Emirates,Nutrition_Diets,67.92
2023-01-15,AE,United_Arab_Emirates,Nutrition_Diets,72.85
2023-01-22,AE,United_Arab_Emirates,Nutrition_Diets,70.57
2023-01-29,AE,United_Arab_Emirates,Nutrition_Diets,70.48
2023-02-05,AE,United_Arab_Emirates,Nutrition_Diets,70.38
2023-02-12,AE,United_Arab_Emirates,Nutrition_Diets,71.02
2023-02-19,AE,United_Arab_Emirates,Nutrition_Diets,70.57
2023-02-26,AE,United_Arab_Emirates,Nutrition_Diets,71.76
2023-03-05,AE,United_Arab_Emirates,Nutrition_Diets,67.82
2023-03-12,AE,United_Arab_Emirates,Nutrition_Diets,69.93
2023-03-19,AE,United_Arab_Emirates,Nutrition_Diets,66.64
2023-03-26,AE,United_Arab_Emirates,Nutrition_Diets,64.08
2023-04-02,AE,United_Arab_Emirates,Nutrition_Diets,63.71
2023-04-09,AE,United_Arab_Emirates,Nutrition_Diets,64.17
2023-04-16,AE,United_Arab_Emirates,Nutrition_Diets,59.32
2023-04-23,AE,United_Arab_Emirates,Nutrition_Diets,72.85
2023-04-30,AE,United_Arab_Emirates,Nutrition_Diets,74.86
2023-05-07,AE,United_Arab_Emirates,Nutrition_Diets,75.05
2023-05-14,AE,United_Arab_Emirates,Nutrition_Diets,76.14
2023-05-21,AE,United_Arab_Emirates,Nutrition_Diets,77.42
2023-05-28,AE,United_Arab_Emirates,Nutrition_Diets,73.77
2023-06-04,AE,United_Arab_Emirates,Nutrition_Diets,77.06
2023-06-11,AE,United_Arab_Emirates,Nutrition_Diets,73.13
2023-06-18,AE,United_Arab_Emirates,Nutrition_Diets,70.11
2023-06-25,AE,United_Arab_Emirates,Nutrition_Diets,67.64
2023-07-02,AE,United_Arab_Emirates,Nutrition_Diets,76.51
2023-07-09,AE,United_Arab_Emirates,Nutrition_Diets,73.77
2023-07-16,AE,United_Arab_Emirates,Nutrition_Diets,72.94
2023-07-23,AE,United_Arab_Emirates,Nutrition_Diets,73.31
2023-07-30,AE,United_Arab_Emirates,Nutrition_Diets,72.76
2023-08-06,AE,United_Arab_Emirates,Nutrition_Diets,76.78
2023-08-13,AE,United_Arab_Emirates,Nutrition_Diets,75.59
2023-08-20,AE,United_Arab_Emirates,Nutrition_Diets,73.67
2023-08-27,AE,United_Arab_Emirates,Nutrition_Diets,70.29
2023-09-03,AE,United_Arab_Emirates,Nutrition_Diets,69.74
2023-09-10,AE,United_Arab_Emirates,Nutrition_Diets,66.27
2023-09-17,AE,United_Arab_Emirates,Nutrition_Diets,70.84
2023-09-24,AE,United_Arab_Emirates,Nutrition_Diets,69.01
2023-10-01,AE,United_Arab_Emirates,Nutrition_Diets,68.19
2023-10-08,AE,United_Arab_Emirates,Nutrition_Diets,64.9
2023-10-15,AE,United_Arab_Emirates,Nutrition_Diets,63.16
2023-10-22,AE,United_Arab_Emirates,Nutrition_Diets,59.87
2023-10-29,AE,United_Arab_Emirates,Nutrition_Diets,61.33
2023-11-05,AE,United_Arab_Emirates,Nutrition_Diets,59.78
2023-11-12,AE,United_Arab_Emirates,Nutrition_Diets,59.69
2023-11-19,AE,United_Arab_Emirates,Nutrition_Diets,62.71
2023-11-26,AE,United_Arab_Emirates,Nutrition_Diets,62.07
2023-12-03,AE,United_Arab_Emirates,Nutrition_Diets,61.7
2023-12-10,AE,United_Arab_Emirates,Nutrition_Diets,64.99
2023-12-17,AE,United_Arab_Emirates,Nutrition_Diets,59.05
2023-12-24,AE,United_Arab_Emirates,Nutrition_Diets,57.22
2023-12-31,AE,United_Arab_Emirates,Nutrition_Diets,66.64
2024-01-07,AE,United_Arab_Emirates,Nutrition_Diets,70.66
2024-01-14,AE,United_Arab_Emirates,Nutrition_Diets,69.56
2024-01-21,AE,United_Arab_Emirates,Nutrition_Diets,64.81
2024-01-28,AE,United_Arab_Emirates,Nutrition_Diets,66.45
2024-02-04,AE,United_Arab_Emirates,Nutrition_Diets,66.91
2024-02-11,AE,United_Arab_Emirates,Nutrition_Diets,60.97
2024-02-18,AE,United_Arab_Emirates,Nutrition_Diets,65.36
2024-02-25,AE,United_Arab_Emirates,Nutrition_Diets,65.54
2024-03-03,AE,United_Arab_Emirates,Nutrition_Diets,59.32
2024-03-10,AE,United_Arab_Emirates,Nutrition_Diets,60.79
2024-03-17,AE,United_Arab_Emirates,Nutrition_Diets,60.15
2024-03-24,AE,United_Arab_Emirates,Nutrition_Diets,56.67
2024-03-31,AE,United_Arab_Emirates,Nutrition_Diets,57.68
2024-04-07,AE,United_Arab_Emirates,Nutrition_Diets,55.85
2024-04-14,AE,United_Arab_Emirates,Nutrition_Diets,61.15
2024-04-21,AE,United_Arab_Emirates,Nutrition_Diets,69.84
2024-04-28,AE,United_Arab_Emirates,Nutrition_Diets,67.28
2024-05-05,AE,United_Arab_Emirates,Nutrition_Diets,70.11
2024-05-12,AE,United_Arab_Emirates,Nutrition_Diets,67.92
2024-05-19,AE,United_Arab_Emirates,Nutrition_Diets,69.1
2024-05-26,AE,United_Arab_Emirates,Nutrition_Diets,71.57
2024-06-02,AE,United_Arab_Emirates,Nutrition_Diets,68.1
2024-06-09,AE,United_Arab_Emirates,Nutrition_Diets,64.72
2024-06-16,AE,United_Arab_Emirates,Nutrition_Diets,66.36
2024-06-23,AE,United_Arab_Emirates,Nutrition_Diets,70.48
2024-06-30,AE,United_Arab_Emirates,Nutrition_Diets,70.66
2024-07-07,AE,United_Arab_Emirates,Nutrition_Diets,68.83
2024-07-14,AE,United_Arab_Emirates,Nutrition_Diets,72.21
2024-07-21,AE,United_Arab_Emirates,Nutrition_Diets,70.02
2024-07-28,AE,United_Arab_Emirates,Nutrition_Diets,70.75
2024-08-04,AE,United_Arab_Emirates,Nutrition_Diets,71.85
2024-08-11,AE,United_Arab_Emirates,Nutrition_Diets,76.42
2024-08-18,AE,United_Arab_Emirates,Nutrition_Diets,74.13
2024-08-25,AE,United_Arab_Emirates,Nutrition_Diets,72.67
2024-09-01,AE,United_Arab_Emirates,Nutrition_Diets,74.41
2024-09-08,AE,United_Arab_Emirates,Nutrition_Diets,70.29
2024-09-15,AE,United_Arab_Emirates,Nutrition_Diets,69.84
2024-09-22,AE,United_Arab_Emirates,Nutrition_Diets,69.2
2024-09-29,AE,United_Arab_Emirates,Nutrition_Diets,69.38
2024-10-06,AE,United_Arab_Emirates,Nutrition_Diets,66.73
2024-10-13,AE,United_Arab_Emirates,Nutrition_Diets,69.01
2024-10-20,AE,United_Arab_Emirates,Nutrition_Diets,63.35
2024-10-27,AE,United_Arab_Emirates,Nutrition_Diets,64.53
2024-11-03,AE,United_Arab_Emirates,Nutrition_Diets,67.18
2024-11-10,AE,United_Arab_Emirates,Nutrition_Diets,64.35
2024-11-17,AE,United_Arab_Emirates,Nutrition_Diets,64.99
2024-11-24,AE,United_Arab_Emirates,Nutrition_Diets,59.23
2024-12-01,AE,United_Arab_Emirates,Nutrition_Diets,58.87
2024-12-08,AE,United_Arab_Emirates,Nutrition_Diets,57.04
2024-12-15,AE,United_Arab_Emirates,Nutrition_Diets,58.32
2024-12-22,AE,United_Arab_Emirates,Nutrition_Diets,54.48
2024-12-29,AE,United_Arab_Emirates,Nutrition_Diets,60.33
2025-01-05,AE,United_Arab_Emirates,Nutrition_Diets,66.45
2025-01-12,AE,United_Arab_Emirates,Nutrition_Diets,68.46
2025-01-19,AE,United_Arab_Emirates,Nutrition_Diets,66.09
2025-01-26,AE,United_Arab_Emirates,Nutrition_Diets,65.27
2025-02-02,AE,United_Arab_Emirates,Nutrition_Diets,63.44
2025-02-09,AE,United_Arab_Emirates,Nutrition_Diets,63.99
2025-02-16,AE,United_Arab_Emirates,Nutrition_Diets,61.43
2025-02-23,AE,United_Arab_Emirates,Nutrition_Diets,58.23
2025-03-02,AE,United_Arab_Emirates,Nutrition_Diets,57.4
2025-03-09,AE,United_Arab_Emirates,Nutrition_Diets,61.33
2025-03-16,AE,United_Arab_Emirates,Nutrition_Diets,59.14
2025-03-23,AE,United_Arab_Emirates,Nutrition_Diets,54.3
2025-03-30,AE,United_Arab_Emirates,Nutrition_Diets,62.61
2025-04-06,AE,United_Arab_Emirates,Nutrition_Diets,63.89
2025-04-13,AE,United_Arab_Emirates,Nutrition_Diets,64.72
2025-04-20,AE,United_Arab_Emirates,Nutrition_Diets,67.18
2025-04-27,AE,United_Arab_Emirates,Nutrition_Diets,64.17
2025-05-04,AE,United_Arab_Emirates,Nutrition_Diets,60.51
2025-05-11,AE,United_Arab_Emirates,Nutrition_Diets,62.52
2025-05-18,AE,United_Arab_Emirates,Nutrition_Diets,63.35
2025-05-25,AE,United_Arab_Emirates,Nutrition_Diets,60.97
2025-06-01,AE,United_Arab_Emirates,Nutrition_Diets,62.61
2025-06-08,AE,United_Arab_Emirates,Nutrition_Diets,67.73
2025-06-15,AE,United_Arab_Emirates,Nutrition_Diets,62.61
2025-06-22,AE,United_Arab_Emirates,Nutrition_Diets,60.79
2025-06-29,AE,United_Arab_Emirates,Nutrition_Diets,63.53
2025-07-06,AE,United_Arab_Emirates,Nutrition_Diets,63.89
2025-07-13,AE,United_Arab_Emirates,Nutrition_Diets,62.98
2025-07-20,AE,United_Arab_Emirates,Nutrition_Diets,62.61
2025-07-27,AE,United_Arab_Emirates,Nutrition_Diets,60.05
2025-08-03,AE,United_Arab_Emirates,Nutrition_Diets,67.82
2025-08-10,AE,United_Arab_Emirates,Nutrition_Diets,67.73
2025-08-17,AE,United_Arab_Emirates,Nutrition_Diets,62.34
2025-08-24,AE,United_Arab_Emirates,Nutrition_Diets,60.51
2025-08-31,AE,United_Arab_Emirates,Nutrition_Diets,60.69
2025-09-07,AE,United_Arab_Emirates,Nutrition_Diets,58.5
2025-09-14,AE,United_Arab_Emirates,Nutrition_Diets,56.03
2025-09-21,AE,United_Arab_Emirates,Nutrition_Diets,57.31
2025-09-28,AE,United_Arab_Emirates,Nutrition_Diets,53.56
2025-10-05,AE,United_Arab_Emirates,Nutrition_Diets,55.67
2025-10-12,AE,United_Arab_Emirates,Nutrition_Diets,55.48
2025-10-19,AE,United_Arab_Emirates,Nutrition_Diets,54.02
2025-10-26,AE,United_Arab_Emirates,Nutrition_Diets,63.16
2025-11-02,AE,United_Arab_Emirates,Nutrition_Diets,70.48
2025-11-09,AE,United_Arab_Emirates,Nutrition_Diets,74.22
2025-11-16,AE,United_Arab_Emirates,Nutrition_Diets,70.29
2025-11-23,AE,United_Arab_Emirates,Nutrition_Diets,69.47
2025-11-30,AE,United_Arab_Emirates,Nutrition_Diets,69.47
2025-12-07,AE,United_Arab_Emirates,Nutrition_Diets,70.38
2025-12-14,AE,United_Arab_Emirates,Nutrition_Diets,65.08
2025-12-21,AE,United_Arab_Emirates,Nutrition_Diets,61.52
2025-12-28,AE,United_Arab_Emirates,Nutrition_Diets,69.38
2026-01-04,AE,United_Arab_Emirates,Nutrition_Diets,70.11
2026-01-11,AE,United_Arab_Emirates,Nutrition_Diets,67.18
2026-01-18,AE,United_Arab_Emirates,Nutrition_Diets,73.31
2026-01-25,AE,United_Arab_Emirates,Nutrition_Diets,72.58
2026-02-01,AE,United_Arab_Emirates,Nutrition_Diets,68.37
2026-02-08,AE,United_Arab_Emirates,Nutrition_Diets,74.68
2026-02-15,AE,United_Arab_Emirates,Nutrition_Diets,71.66
2026-02-22,AE,United_Arab_Emirates,Nutrition_Diets,72.03
2026-03-01,AE,United_Arab_Emirates,Nutrition_Diets,56.49
2026-03-08,AE,United_Arab_Emirates,Nutrition_Diets,64.26
2026-03-15,AE,United_Arab_Emirates,Nutrition_Diets,63.07
2026-03-22,AE,United_Arab_Emirates,Nutrition_Diets,70.93
2026-03-29,AE,United_Arab_Emirates,Nutrition_Diets,78.43
2026-04-05,AE,United_Arab_Emirates,Nutrition_Diets,75.59
2026-04-12,AE,United_Arab_Emirates,Nutrition_Diets,77.06
2026-04-19,AE,United_Arab_Emirates,Nutrition_Diets,77.7
2026-04-26,AE,United_Arab_Emirates,Nutrition_Diets,79.07
2026-05-03,AE,United_Arab_Emirates,Nutrition_Diets,78.15
2026-05-10,AE,United_Arab_Emirates,Nutrition_Diets,76.6
2026-05-17,AE,United_Arab_Emirates,Nutrition_Diets,71.48
2026-05-24,AE,United_Arab_Emirates,Nutrition_Diets,72.58
2026-05-31,AE,United_Arab_Emirates,Nutrition_Diets,75.32
2026-06-07,AE,United_Arab_Emirates,Nutrition_Diets,63.25
2026-06-14,AE,United_Arab_Emirates,Nutrition_Diets,61.33
2026-06-21,AE,United_Arab_Emirates,Nutrition_Diets,60.97
2026-06-28,AE,United_Arab_Emirates,Nutrition_Diets,73.13
2026-07-05,AE,United_Arab_Emirates,Nutrition_Diets,83.36
2026-07-12,AE,United_Arab_Emirates,Nutrition_Diets,100.0
2026-07-19,AE,United_Arab_Emirates,Nutrition_Diets,76.33
2026-07-26,AE,United_Arab_Emirates,Nutrition_Diets,69.93
2026-08-02,AE,United_Arab_Emirates,Nutrition_Diets,67.0
2026-08-09,AE,United_Arab_Emirates,Nutrition_Diets,63.44
2026-08-16,AE,United_Arab_Emirates,Nutrition_Diets,65.81
2026-08-23,AE,United_Arab_Emirates,Nutrition_Diets,59.14
2022-08-28,AE,United_Arab_Emirates,Fitness_Wearables,70.27
2022-09-04,AE,United_Arab_Emirates,Fitness_Wearables,71.3
2022-09-11,AE,United_Arab_Emirates,Fitness_Wearables,77.47
2022-09-18,AE,United_Arab_Emirates,Fitness_Wearables,74.07
2022-09-25,AE,United_Arab_Emirates,Fitness_Wearables,74.9
2022-10-02,AE,United_Arab_Emirates,Fitness_Wearables,73.66
2022-10-09,AE,United_Arab_Emirates,Fitness_Wearables,71.09
2022-10-16,AE,United_Arab_Emirates,Fitness_Wearables,72.02
2022-10-23,AE,United_Arab_Emirates,Fitness_Wearables,75.21
2022-10-30,AE,United_Arab_Emirates,Fitness_Wearables,75.72
2022-11-06,AE,United_Arab_Emirates,Fitness_Wearables,75.51
2022-11-13,AE,United_Arab_Emirates,Fitness_Wearables,72.02
2022-11-20,AE,United_Arab_Emirates,Fitness_Wearables,61.83
2022-11-27,AE,United_Arab_Emirates,Fitness_Wearables,55.66
2022-12-04,AE,United_Arab_Emirates,Fitness_Wearables,57.3
2022-12-11,AE,United_Arab_Emirates,Fitness_Wearables,61.93
2022-12-18,AE,United_Arab_Emirates,Fitness_Wearables,61.11
2022-12-25,AE,United_Arab_Emirates,Fitness_Wearables,62.14
2023-01-01,AE,United_Arab_Emirates,Fitness_Wearables,72.33
2023-01-08,AE,United_Arab_Emirates,Fitness_Wearables,69.86
2023-01-15,AE,United_Arab_Emirates,Fitness_Wearables,71.71
2023-01-22,AE,United_Arab_Emirates,Fitness_Wearables,68.52
2023-01-29,AE,United_Arab_Emirates,Fitness_Wearables,71.19
2023-02-05,AE,United_Arab_Emirates,Fitness_Wearables,69.65
2023-02-12,AE,United_Arab_Emirates,Fitness_Wearables,68.31
2023-02-19,AE,United_Arab_Emirates,Fitness_Wearables,69.14
2023-02-26,AE,United_Arab_Emirates,Fitness_Wearables,66.98
2023-03-05,AE,United_Arab_Emirates,Fitness_Wearables,66.87
2023-03-12,AE,United_Arab_Emirates,Fitness_Wearables,65.74
2023-03-19,AE,United_Arab_Emirates,Fitness_Wearables,66.98
2023-03-26,AE,United_Arab_Emirates,Fitness_Wearables,70.27
2023-04-02,AE,United_Arab_Emirates,Fitness_Wearables,67.39
2023-04-09,AE,United_Arab_Emirates,Fitness_Wearables,63.68
2023-04-16,AE,United_Arab_Emirates,Fitness_Wearables,63.89
2023-04-23,AE,United_Arab_Emirates,Fitness_Wearables,70.68
2023-04-30,AE,United_Arab_Emirates,Fitness_Wearables,68.42
2023-05-07,AE,United_Arab_Emirates,Fitness_Wearables,68.42
2023-05-14,AE,United_Arab_Emirates,Fitness_Wearables,69.03
2023-05-21,AE,United_Arab_Emirates,Fitness_Wearables,70.27
2023-05-28,AE,United_Arab_Emirates,Fitness_Wearables,71.81
2023-06-04,AE,United_Arab_Emirates,Fitness_Wearables,75.21
2023-06-11,AE,United_Arab_Emirates,Fitness_Wearables,72.94
2023-06-18,AE,United_Arab_Emirates,Fitness_Wearables,75.0
2023-06-25,AE,United_Arab_Emirates,Fitness_Wearables,64.09
2023-07-02,AE,United_Arab_Emirates,Fitness_Wearables,78.19
2023-07-09,AE,United_Arab_Emirates,Fitness_Wearables,76.54
2023-07-16,AE,United_Arab_Emirates,Fitness_Wearables,73.77
2023-07-23,AE,United_Arab_Emirates,Fitness_Wearables,75.31
2023-07-30,AE,United_Arab_Emirates,Fitness_Wearables,75.41
2023-08-06,AE,United_Arab_Emirates,Fitness_Wearables,77.37
2023-08-13,AE,United_Arab_Emirates,Fitness_Wearables,74.79
2023-08-20,AE,United_Arab_Emirates,Fitness_Wearables,73.15
2023-08-27,AE,United_Arab_Emirates,Fitness_Wearables,74.69
2023-09-03,AE,United_Arab_Emirates,Fitness_Wearables,69.24
2023-09-10,AE,United_Arab_Emirates,Fitness_Wearables,70.88
2023-09-17,AE,United_Arab_Emirates,Fitness_Wearables,73.77
2023-09-24,AE,United_Arab_Emirates,Fitness_Wearables,67.39
2023-10-01,AE,United_Arab_Emirates,Fitness_Wearables,72.94
2023-10-08,AE,United_Arab_Emirates,Fitness_Wearables,67.59
2023-10-15,AE,United_Arab_Emirates,Fitness_Wearables,66.77
2023-10-22,AE,United_Arab_Emirates,Fitness_Wearables,69.24
2023-10-29,AE,United_Arab_Emirates,Fitness_Wearables,68.21
2023-11-05,AE,United_Arab_Emirates,Fitness_Wearables,70.47
2023-11-12,AE,United_Arab_Emirates,Fitness_Wearables,66.77
2023-11-19,AE,United_Arab_Emirates,Fitness_Wearables,69.55
2023-11-26,AE,United_Arab_Emirates,Fitness_Wearables,65.12
2023-12-03,AE,United_Arab_Emirates,Fitness_Wearables,64.09
2023-12-10,AE,United_Arab_Emirates,Fitness_Wearables,64.81
2023-12-17,AE,United_Arab_Emirates,Fitness_Wearables,62.04
2023-12-24,AE,United_Arab_Emirates,Fitness_Wearables,60.91
2023-12-31,AE,United_Arab_Emirates,Fitness_Wearables,70.27
2024-01-07,AE,United_Arab_Emirates,Fitness_Wearables,70.78
2024-01-14,AE,United_Arab_Emirates,Fitness_Wearables,68.93
2024-01-21,AE,United_Arab_Emirates,Fitness_Wearables,66.67
2024-01-28,AE,United_Arab_Emirates,Fitness_Wearables,71.19
2024-02-04,AE,United_Arab_Emirates,Fitness_Wearables,69.03
2024-02-11,AE,United_Arab_Emirates,Fitness_Wearables,67.8
2024-02-18,AE,United_Arab_Emirates,Fitness_Wearables,69.55
2024-02-25,AE,United_Arab_Emirates,Fitness_Wearables,68.62
2024-03-03,AE,United_Arab_Emirates,Fitness_Wearables,65.74
2024-03-10,AE,United_Arab_Emirates,Fitness_Wearables,69.03
2024-03-17,AE,United_Arab_Emirates,Fitness_Wearables,69.03
2024-03-24,AE,United_Arab_Emirates,Fitness_Wearables,67.8
2024-03-31,AE,United_Arab_Emirates,Fitness_Wearables,65.84
2024-04-07,AE,United_Arab_Emirates,Fitness_Wearables,57.92
2024-04-14,AE,United_Arab_Emirates,Fitness_Wearables,66.87
2024-04-21,AE,United_Arab_Emirates,Fitness_Wearables,68.31
2024-04-28,AE,United_Arab_Emirates,Fitness_Wearables,65.43
2024-05-05,AE,United_Arab_Emirates,Fitness_Wearables,69.24
2024-05-12,AE,United_Arab_Emirates,Fitness_Wearables,70.16
2024-05-19,AE,United_Arab_Emirates,Fitness_Wearables,71.3
2024-05-26,AE,United_Arab_Emirates,Fitness_Wearables,73.97
2024-06-02,AE,United_Arab_Emirates,Fitness_Wearables,70.47
2024-06-09,AE,United_Arab_Emirates,Fitness_Wearables,68.62
2024-06-16,AE,United_Arab_Emirates,Fitness_Wearables,70.99
2024-06-23,AE,United_Arab_Emirates,Fitness_Wearables,74.59
2024-06-30,AE,United_Arab_Emirates,Fitness_Wearables,78.91
2024-07-07,AE,United_Arab_Emirates,Fitness_Wearables,80.56
2024-07-14,AE,United_Arab_Emirates,Fitness_Wearables,76.65
2024-07-21,AE,United_Arab_Emirates,Fitness_Wearables,77.98
2024-07-28,AE,United_Arab_Emirates,Fitness_Wearables,76.95
2024-08-04,AE,United_Arab_Emirates,Fitness_Wearables,77.26
2024-08-11,AE,United_Arab_Emirates,Fitness_Wearables,82.2
2024-08-18,AE,United_Arab_Emirates,Fitness_Wearables,82.1
2024-08-25,AE,United_Arab_Emirates,Fitness_Wearables,80.25
2024-09-01,AE,United_Arab_Emirates,Fitness_Wearables,84.26
2024-09-08,AE,United_Arab_Emirates,Fitness_Wearables,83.85
2024-09-15,AE,United_Arab_Emirates,Fitness_Wearables,78.09
2024-09-22,AE,United_Arab_Emirates,Fitness_Wearables,76.34
2024-09-29,AE,United_Arab_Emirates,Fitness_Wearables,80.86
2024-10-06,AE,United_Arab_Emirates,Fitness_Wearables,78.5
2024-10-13,AE,United_Arab_Emirates,Fitness_Wearables,77.26
2024-10-20,AE,United_Arab_Emirates,Fitness_Wearables,81.58
2024-10-27,AE,United_Arab_Emirates,Fitness_Wearables,78.09
2024-11-03,AE,United_Arab_Emirates,Fitness_Wearables,82.61
2024-11-10,AE,United_Arab_Emirates,Fitness_Wearables,79.63
2024-11-17,AE,United_Arab_Emirates,Fitness_Wearables,78.5
2024-11-24,AE,United_Arab_Emirates,Fitness_Wearables,73.46
2024-12-01,AE,United_Arab_Emirates,Fitness_Wearables,66.87
2024-12-08,AE,United_Arab_Emirates,Fitness_Wearables,70.47
2024-12-15,AE,United_Arab_Emirates,Fitness_Wearables,69.34
2024-12-22,AE,United_Arab_Emirates,Fitness_Wearables,68.42
2024-12-29,AE,United_Arab_Emirates,Fitness_Wearables,70.58
2025-01-05,AE,United_Arab_Emirates,Fitness_Wearables,76.03
2025-01-12,AE,United_Arab_Emirates,Fitness_Wearables,73.46
2025-01-19,AE,United_Arab_Emirates,Fitness_Wearables,74.9
2025-01-26,AE,United_Arab_Emirates,Fitness_Wearables,73.97
2025-02-02,AE,United_Arab_Emirates,Fitness_Wearables,73.25
2025-02-09,AE,United_Arab_Emirates,Fitness_Wearables,72.02
2025-02-16,AE,United_Arab_Emirates,Fitness_Wearables,71.71
2025-02-23,AE,United_Arab_Emirates,Fitness_Wearables,68.11
2025-03-02,AE,United_Arab_Emirates,Fitness_Wearables,73.25
2025-03-09,AE,United_Arab_Emirates,Fitness_Wearables,74.69
2025-03-16,AE,United_Arab_Emirates,Fitness_Wearables,73.56
2025-03-23,AE,United_Arab_Emirates,Fitness_Wearables,65.74
2025-03-30,AE,United_Arab_Emirates,Fitness_Wearables,71.09
2025-04-06,AE,United_Arab_Emirates,Fitness_Wearables,73.66
2025-04-13,AE,United_Arab_Emirates,Fitness_Wearables,72.33
2025-04-20,AE,United_Arab_Emirates,Fitness_Wearables,71.71
2025-04-27,AE,United_Arab_Emirates,Fitness_Wearables,72.74
2025-05-04,AE,United_Arab_Emirates,Fitness_Wearables,72.33
2025-05-11,AE,United_Arab_Emirates,Fitness_Wearables,76.85
2025-05-18,AE,United_Arab_Emirates,Fitness_Wearables,72.22
2025-05-25,AE,United_Arab_Emirates,Fitness_Wearables,71.71
2025-06-01,AE,United_Arab_Emirates,Fitness_Wearables,67.18
2025-06-08,AE,United_Arab_Emirates,Fitness_Wearables,80.66
2025-06-15,AE,United_Arab_Emirates,Fitness_Wearables,79.73
2025-06-22,AE,United_Arab_Emirates,Fitness_Wearables,75.51
2025-06-29,AE,United_Arab_Emirates,Fitness_Wearables,83.13
2025-07-06,AE,United_Arab_Emirates,Fitness_Wearables,80.04
2025-07-13,AE,United_Arab_Emirates,Fitness_Wearables,82.2
2025-07-20,AE,United_Arab_Emirates,Fitness_Wearables,77.57
2025-07-27,AE,United_Arab_Emirates,Fitness_Wearables,79.73
2025-08-03,AE,United_Arab_Emirates,Fitness_Wearables,82.92
2025-08-10,AE,United_Arab_Emirates,Fitness_Wearables,81.48
2025-08-17,AE,United_Arab_Emirates,Fitness_Wearables,84.36
2025-08-24,AE,United_Arab_Emirates,Fitness_Wearables,78.5
2025-08-31,AE,United_Arab_Emirates,Fitness_Wearables,79.12
2025-09-07,AE,United_Arab_Emirates,Fitness_Wearables,76.95
2025-09-14,AE,United_Arab_Emirates,Fitness_Wearables,75.72
2025-09-21,AE,United_Arab_Emirates,Fitness_Wearables,72.33
2025-09-28,AE,United_Arab_Emirates,Fitness_Wearables,74.59
2025-10-05,AE,United_Arab_Emirates,Fitness_Wearables,79.01
2025-10-12,AE,United_Arab_Emirates,Fitness_Wearables,68.93
2025-10-19,AE,United_Arab_Emirates,Fitness_Wearables,69.44
2025-10-26,AE,United_Arab_Emirates,Fitness_Wearables,84.88
2025-11-02,AE,United_Arab_Emirates,Fitness_Wearables,93.42
2025-11-09,AE,United_Arab_Emirates,Fitness_Wearables,94.34
2025-11-16,AE,United_Arab_Emirates,Fitness_Wearables,90.02
2025-11-23,AE,United_Arab_Emirates,Fitness_Wearables,92.18
2025-11-30,AE,United_Arab_Emirates,Fitness_Wearables,85.08
2025-12-07,AE,United_Arab_Emirates,Fitness_Wearables,87.65
2025-12-14,AE,United_Arab_Emirates,Fitness_Wearables,84.05
2025-12-21,AE,United_Arab_Emirates,Fitness_Wearables,81.38
2025-12-28,AE,United_Arab_Emirates,Fitness_Wearables,80.76
2026-01-04,AE,United_Arab_Emirates,Fitness_Wearables,90.74
2026-01-11,AE,United_Arab_Emirates,Fitness_Wearables,86.63
2026-01-18,AE,United_Arab_Emirates,Fitness_Wearables,87.96
2026-01-25,AE,United_Arab_Emirates,Fitness_Wearables,84.57
2026-02-01,AE,United_Arab_Emirates,Fitness_Wearables,85.08
2026-02-08,AE,United_Arab_Emirates,Fitness_Wearables,92.18
2026-02-15,AE,United_Arab_Emirates,Fitness_Wearables,94.34
2026-02-22,AE,United_Arab_Emirates,Fitness_Wearables,87.04
2026-03-01,AE,United_Arab_Emirates,Fitness_Wearables,69.55
2026-03-08,AE,United_Arab_Emirates,Fitness_Wearables,79.22
2026-03-15,AE,United_Arab_Emirates,Fitness_Wearables,70.99
2026-03-22,AE,United_Arab_Emirates,Fitness_Wearables,78.4
2026-03-29,AE,United_Arab_Emirates,Fitness_Wearables,84.36
2026-04-05,AE,United_Arab_Emirates,Fitness_Wearables,80.35
2026-04-12,AE,United_Arab_Emirates,Fitness_Wearables,83.95
2026-04-19,AE,United_Arab_Emirates,Fitness_Wearables,87.86
2026-04-26,AE,United_Arab_Emirates,Fitness_Wearables,92.08
2026-05-03,AE,United_Arab_Emirates,Fitness_Wearables,90.84
2026-05-10,AE,United_Arab_Emirates,Fitness_Wearables,97.94
2026-05-17,AE,United_Arab_Emirates,Fitness_Wearables,83.02
2026-05-24,AE,United_Arab_Emirates,Fitness_Wearables,85.91
2026-05-31,AE,United_Arab_Emirates,Fitness_Wearables,93.93
2026-06-07,AE,United_Arab_Emirates,Fitness_Wearables,84.57
2026-06-14,AE,United_Arab_Emirates,Fitness_Wearables,83.23
2026-06-21,AE,United_Arab_Emirates,Fitness_Wearables,82.41
2026-06-28,AE,United_Arab_Emirates,Fitness_Wearables,85.7
2026-07-05,AE,United_Arab_Emirates,Fitness_Wearables,91.46
2026-07-12,AE,United_Arab_Emirates,Fitness_Wearables,100.0
2026-07-19,AE,United_Arab_Emirates,Fitness_Wearables,92.7
2026-07-26,AE,United_Arab_Emirates,Fitness_Wearables,89.2
2026-08-02,AE,United_Arab_Emirates,Fitness_Wearables,88.79
2026-08-09,AE,United_Arab_Emirates,Fitness_Wearables,88.37
2026-08-16,AE,United_Arab_Emirates,Fitness_Wearables,85.39
2026-08-23,AE,United_Arab_Emirates,Fitness_Wearables,84.16
2022-08-28,AE,United_Arab_Emirates,Fashion_Beauty,64.01
2022-09-04,AE,United_Arab_Emirates,Fashion_Beauty,61.71
2022-09-11,AE,United_Arab_Emirates,Fashion_Beauty,65.7
2022-09-18,AE,United_Arab_Emirates,Fashion_Beauty,63.89
2022-09-25,AE,United_Arab_Emirates,Fashion_Beauty,62.44
2022-10-02,AE,United_Arab_Emirates,Fashion_Beauty,65.22
2022-10-09,AE,United_Arab_Emirates,Fashion_Beauty,66.79
2022-10-16,AE,United_Arab_Emirates,Fashion_Beauty,63.77
2022-10-23,AE,United_Arab_Emirates,Fashion_Beauty,65.1
2022-10-30,AE,United_Arab_Emirates,Fashion_Beauty,65.46
2022-11-06,AE,United_Arab_Emirates,Fashion_Beauty,66.06
2022-11-13,AE,United_Arab_Emirates,Fashion_Beauty,67.15
2022-11-20,AE,United_Arab_Emirates,Fashion_Beauty,63.16
2022-11-27,AE,United_Arab_Emirates,Fashion_Beauty,63.04
2022-12-04,AE,United_Arab_Emirates,Fashion_Beauty,59.06
2022-12-11,AE,United_Arab_Emirates,Fashion_Beauty,64.86
2022-12-18,AE,United_Arab_Emirates,Fashion_Beauty,67.15
2022-12-25,AE,United_Arab_Emirates,Fashion_Beauty,68.84
2023-01-01,AE,United_Arab_Emirates,Fashion_Beauty,68.12
2023-01-08,AE,United_Arab_Emirates,Fashion_Beauty,64.37
2023-01-15,AE,United_Arab_Emirates,Fashion_Beauty,65.82
2023-01-22,AE,United_Arab_Emirates,Fashion_Beauty,65.94
2023-01-29,AE,United_Arab_Emirates,Fashion_Beauty,66.55
2023-02-05,AE,United_Arab_Emirates,Fashion_Beauty,65.58
2023-02-12,AE,United_Arab_Emirates,Fashion_Beauty,66.55
2023-02-19,AE,United_Arab_Emirates,Fashion_Beauty,67.87
2023-02-26,AE,United_Arab_Emirates,Fashion_Beauty,66.67
2023-03-05,AE,United_Arab_Emirates,Fashion_Beauty,70.17
2023-03-12,AE,United_Arab_Emirates,Fashion_Beauty,70.17
2023-03-19,AE,United_Arab_Emirates,Fashion_Beauty,61.84
2023-03-26,AE,United_Arab_Emirates,Fashion_Beauty,69.2
2023-04-02,AE,United_Arab_Emirates,Fashion_Beauty,75.0
2023-04-09,AE,United_Arab_Emirates,Fashion_Beauty,71.86
2023-04-16,AE,United_Arab_Emirates,Fashion_Beauty,73.91
2023-04-23,AE,United_Arab_Emirates,Fashion_Beauty,65.82
2023-04-30,AE,United_Arab_Emirates,Fashion_Beauty,67.87
2023-05-07,AE,United_Arab_Emirates,Fashion_Beauty,64.25
2023-05-14,AE,United_Arab_Emirates,Fashion_Beauty,64.25
2023-05-21,AE,United_Arab_Emirates,Fashion_Beauty,68.84
2023-05-28,AE,United_Arab_Emirates,Fashion_Beauty,70.89
2023-06-04,AE,United_Arab_Emirates,Fashion_Beauty,69.69
2023-06-11,AE,United_Arab_Emirates,Fashion_Beauty,77.78
2023-06-18,AE,United_Arab_Emirates,Fashion_Beauty,76.09
2023-06-25,AE,United_Arab_Emirates,Fashion_Beauty,78.86
2023-07-02,AE,United_Arab_Emirates,Fashion_Beauty,70.53
2023-07-09,AE,United_Arab_Emirates,Fashion_Beauty,70.65
2023-07-16,AE,United_Arab_Emirates,Fashion_Beauty,69.69
2023-07-23,AE,United_Arab_Emirates,Fashion_Beauty,66.55
2023-07-30,AE,United_Arab_Emirates,Fashion_Beauty,67.15
2023-08-06,AE,United_Arab_Emirates,Fashion_Beauty,69.57
2023-08-13,AE,United_Arab_Emirates,Fashion_Beauty,68.72
2023-08-20,AE,United_Arab_Emirates,Fashion_Beauty,64.73
2023-08-27,AE,United_Arab_Emirates,Fashion_Beauty,64.86
2023-09-03,AE,United_Arab_Emirates,Fashion_Beauty,62.32
2023-09-10,AE,United_Arab_Emirates,Fashion_Beauty,60.63
2023-09-17,AE,United_Arab_Emirates,Fashion_Beauty,66.3
2023-09-24,AE,United_Arab_Emirates,Fashion_Beauty,65.58
2023-10-01,AE,United_Arab_Emirates,Fashion_Beauty,66.3
2023-10-08,AE,United_Arab_Emirates,Fashion_Beauty,64.25
2023-10-15,AE,United_Arab_Emirates,Fashion_Beauty,60.02
2023-10-22,AE,United_Arab_Emirates,Fashion_Beauty,62.92
2023-10-29,AE,United_Arab_Emirates,Fashion_Beauty,62.44
2023-11-05,AE,United_Arab_Emirates,Fashion_Beauty,66.06
2023-11-12,AE,United_Arab_Emirates,Fashion_Beauty,64.98
2023-11-19,AE,United_Arab_Emirates,Fashion_Beauty,71.26
2023-11-26,AE,United_Arab_Emirates,Fashion_Beauty,67.87
2023-12-03,AE,United_Arab_Emirates,Fashion_Beauty,73.67
2023-12-10,AE,United_Arab_Emirates,Fashion_Beauty,72.22
2023-12-17,AE,United_Arab_Emirates,Fashion_Beauty,75.6
2023-12-24,AE,United_Arab_Emirates,Fashion_Beauty,71.38
2023-12-31,AE,United_Arab_Emirates,Fashion_Beauty,68.36
2024-01-07,AE,United_Arab_Emirates,Fashion_Beauty,69.93
2024-01-14,AE,United_Arab_Emirates,Fashion_Beauty,69.81
2024-01-21,AE,United_Arab_Emirates,Fashion_Beauty,67.03
2024-01-28,AE,United_Arab_Emirates,Fashion_Beauty,69.2
2024-02-04,AE,United_Arab_Emirates,Fashion_Beauty,69.57
2024-02-11,AE,United_Arab_Emirates,Fashion_Beauty,65.1
2024-02-18,AE,United_Arab_Emirates,Fashion_Beauty,67.87
2024-02-25,AE,United_Arab_Emirates,Fashion_Beauty,70.17
2024-03-03,AE,United_Arab_Emirates,Fashion_Beauty,64.37
2024-03-10,AE,United_Arab_Emirates,Fashion_Beauty,65.82
2024-03-17,AE,United_Arab_Emirates,Fashion_Beauty,70.41
2024-03-24,AE,United_Arab_Emirates,Fashion_Beauty,76.57
2024-03-31,AE,United_Arab_Emirates,Fashion_Beauty,80.68
2024-04-07,AE,United_Arab_Emirates,Fashion_Beauty,75.85
2024-04-14,AE,United_Arab_Emirates,Fashion_Beauty,56.52
2024-04-21,AE,United_Arab_Emirates,Fashion_Beauty,64.01
2024-04-28,AE,United_Arab_Emirates,Fashion_Beauty,62.2
2024-05-05,AE,United_Arab_Emirates,Fashion_Beauty,65.7
2024-05-12,AE,United_Arab_Emirates,Fashion_Beauty,65.7
2024-05-19,AE,United_Arab_Emirates,Fashion_Beauty,66.18
2024-05-26,AE,United_Arab_Emirates,Fashion_Beauty,69.81
2024-06-02,AE,United_Arab_Emirates,Fashion_Beauty,68.48
2024-06-09,AE,United_Arab_Emirates,Fashion_Beauty,67.87
2024-06-16,AE,United_Arab_Emirates,Fashion_Beauty,65.82
2024-06-23,AE,United_Arab_Emirates,Fashion_Beauty,67.39
2024-06-30,AE,United_Arab_Emirates,Fashion_Beauty,69.44
2024-07-07,AE,United_Arab_Emirates,Fashion_Beauty,67.75
2024-07-14,AE,United_Arab_Emirates,Fashion_Beauty,69.08
2024-07-21,AE,United_Arab_Emirates,Fashion_Beauty,66.18
2024-07-28,AE,United_Arab_Emirates,Fashion_Beauty,64.49
2024-08-04,AE,United_Arab_Emirates,Fashion_Beauty,66.06
2024-08-11,AE,United_Arab_Emirates,Fashion_Beauty,69.08
2024-08-18,AE,United_Arab_Emirates,Fashion_Beauty,69.2
2024-08-25,AE,United_Arab_Emirates,Fashion_Beauty,68.0
2024-09-01,AE,United_Arab_Emirates,Fashion_Beauty,72.95
2024-09-08,AE,United_Arab_Emirates,Fashion_Beauty,70.41
2024-09-15,AE,United_Arab_Emirates,Fashion_Beauty,67.39
2024-09-22,AE,United_Arab_Emirates,Fashion_Beauty,67.03
2024-09-29,AE,United_Arab_Emirates,Fashion_Beauty,69.32
2024-10-06,AE,United_Arab_Emirates,Fashion_Beauty,67.03
2024-10-13,AE,United_Arab_Emirates,Fashion_Beauty,72.1
2024-10-20,AE,United_Arab_Emirates,Fashion_Beauty,71.26
2024-10-27,AE,United_Arab_Emirates,Fashion_Beauty,71.14
2024-11-03,AE,United_Arab_Emirates,Fashion_Beauty,67.63
2024-11-10,AE,United_Arab_Emirates,Fashion_Beauty,68.84
2024-11-17,AE,United_Arab_Emirates,Fashion_Beauty,70.89
2024-11-24,AE,United_Arab_Emirates,Fashion_Beauty,70.41
2024-12-01,AE,United_Arab_Emirates,Fashion_Beauty,69.57
2024-12-08,AE,United_Arab_Emirates,Fashion_Beauty,69.2
2024-12-15,AE,United_Arab_Emirates,Fashion_Beauty,71.86
2024-12-22,AE,United_Arab_Emirates,Fashion_Beauty,72.71
2024-12-29,AE,United_Arab_Emirates,Fashion_Beauty,69.57
2025-01-05,AE,United_Arab_Emirates,Fashion_Beauty,69.08
2025-01-12,AE,United_Arab_Emirates,Fashion_Beauty,67.87
2025-01-19,AE,United_Arab_Emirates,Fashion_Beauty,69.69
2025-01-26,AE,United_Arab_Emirates,Fashion_Beauty,71.5
2025-02-02,AE,United_Arab_Emirates,Fashion_Beauty,70.05
2025-02-09,AE,United_Arab_Emirates,Fashion_Beauty,66.67
2025-02-16,AE,United_Arab_Emirates,Fashion_Beauty,65.1
2025-02-23,AE,United_Arab_Emirates,Fashion_Beauty,61.84
2025-03-02,AE,United_Arab_Emirates,Fashion_Beauty,64.49
2025-03-09,AE,United_Arab_Emirates,Fashion_Beauty,70.29
2025-03-16,AE,United_Arab_Emirates,Fashion_Beauty,75.6
2025-03-23,AE,United_Arab_Emirates,Fashion_Beauty,77.17
2025-03-30,AE,United_Arab_Emirates,Fashion_Beauty,73.31
2025-04-06,AE,United_Arab_Emirates,Fashion_Beauty,69.08
2025-04-13,AE,United_Arab_Emirates,Fashion_Beauty,64.86
2025-04-20,AE,United_Arab_Emirates,Fashion_Beauty,65.22
2025-04-27,AE,United_Arab_Emirates,Fashion_Beauty,63.29
2025-05-04,AE,United_Arab_Emirates,Fashion_Beauty,60.87
2025-05-11,AE,United_Arab_Emirates,Fashion_Beauty,63.41
2025-05-18,AE,United_Arab_Emirates,Fashion_Beauty,68.0
2025-05-25,AE,United_Arab_Emirates,Fashion_Beauty,67.87
2025-06-01,AE,United_Arab_Emirates,Fashion_Beauty,71.5
2025-06-08,AE,United_Arab_Emirates,Fashion_Beauty,69.44
2025-06-15,AE,United_Arab_Emirates,Fashion_Beauty,65.34
2025-06-22,AE,United_Arab_Emirates,Fashion_Beauty,64.49
2025-06-29,AE,United_Arab_Emirates,Fashion_Beauty,67.27
2025-07-06,AE,United_Arab_Emirates,Fashion_Beauty,67.75
2025-07-13,AE,United_Arab_Emirates,Fashion_Beauty,67.03
2025-07-20,AE,United_Arab_Emirates,Fashion_Beauty,65.34
2025-07-27,AE,United_Arab_Emirates,Fashion_Beauty,65.58
2025-08-03,AE,United_Arab_Emirates,Fashion_Beauty,71.26
2025-08-10,AE,United_Arab_Emirates,Fashion_Beauty,65.7
2025-08-17,AE,United_Arab_Emirates,Fashion_Beauty,66.43
2025-08-24,AE,United_Arab_Emirates,Fashion_Beauty,67.87
2025-08-31,AE,United_Arab_Emirates,Fashion_Beauty,70.29
2025-09-07,AE,United_Arab_Emirates,Fashion_Beauty,61.11
2025-09-14,AE,United_Arab_Emirates,Fashion_Beauty,60.75
2025-09-21,AE,United_Arab_Emirates,Fashion_Beauty,64.86
2025-09-28,AE,United_Arab_Emirates,Fashion_Beauty,61.96
2025-10-05,AE,United_Arab_Emirates,Fashion_Beauty,69.69
2025-10-12,AE,United_Arab_Emirates,Fashion_Beauty,71.38
2025-10-19,AE,United_Arab_Emirates,Fashion_Beauty,65.34
2025-10-26,AE,United_Arab_Emirates,Fashion_Beauty,72.95
2025-11-02,AE,United_Arab_Emirates,Fashion_Beauty,78.38
2025-11-09,AE,United_Arab_Emirates,Fashion_Beauty,84.66
2025-11-16,AE,United_Arab_Emirates,Fashion_Beauty,82.49
2025-11-23,AE,United_Arab_Emirates,Fashion_Beauty,92.03
2025-11-30,AE,United_Arab_Emirates,Fashion_Beauty,91.55
2025-12-07,AE,United_Arab_Emirates,Fashion_Beauty,88.29
2025-12-14,AE,United_Arab_Emirates,Fashion_Beauty,84.3
2025-12-21,AE,United_Arab_Emirates,Fashion_Beauty,86.71
2025-12-28,AE,United_Arab_Emirates,Fashion_Beauty,83.94
2026-01-04,AE,United_Arab_Emirates,Fashion_Beauty,78.14
2026-01-11,AE,United_Arab_Emirates,Fashion_Beauty,76.93
2026-01-18,AE,United_Arab_Emirates,Fashion_Beauty,81.88
2026-01-25,AE,United_Arab_Emirates,Fashion_Beauty,82.61
2026-02-01,AE,United_Arab_Emirates,Fashion_Beauty,85.51
2026-02-08,AE,United_Arab_Emirates,Fashion_Beauty,96.14
2026-02-15,AE,United_Arab_Emirates,Fashion_Beauty,99.88
2026-02-22,AE,United_Arab_Emirates,Fashion_Beauty,100.0
2026-03-01,AE,United_Arab_Emirates,Fashion_Beauty,68.84
2026-03-08,AE,United_Arab_Emirates,Fashion_Beauty,82.37
2026-03-15,AE,United_Arab_Emirates,Fashion_Beauty,82.0
2026-03-22,AE,United_Arab_Emirates,Fashion_Beauty,63.65
2026-03-29,AE,United_Arab_Emirates,Fashion_Beauty,71.38
2026-04-05,AE,United_Arab_Emirates,Fashion_Beauty,68.72
2026-04-12,AE,United_Arab_Emirates,Fashion_Beauty,70.29
2026-04-19,AE,United_Arab_Emirates,Fashion_Beauty,78.86
2026-04-26,AE,United_Arab_Emirates,Fashion_Beauty,78.62
2026-05-03,AE,United_Arab_Emirates,Fashion_Beauty,75.48
2026-05-10,AE,United_Arab_Emirates,Fashion_Beauty,78.5
2026-05-17,AE,United_Arab_Emirates,Fashion_Beauty,78.26
2026-05-24,AE,United_Arab_Emirates,Fashion_Beauty,86.11
2026-05-31,AE,United_Arab_Emirates,Fashion_Beauty,74.88
2026-06-07,AE,United_Arab_Emirates,Fashion_Beauty,66.67
2026-06-14,AE,United_Arab_Emirates,Fashion_Beauty,68.12
2026-06-21,AE,United_Arab_Emirates,Fashion_Beauty,63.04
2026-06-28,AE,United_Arab_Emirates,Fashion_Beauty,69.81
2026-07-05,AE,United_Arab_Emirates,Fashion_Beauty,76.69
2026-07-12,AE,United_Arab_Emirates,Fashion_Beauty,73.07
2026-07-19,AE,United_Arab_Emirates,Fashion_Beauty,70.53
2026-07-26,AE,United_Arab_Emirates,Fashion_Beauty,68.6
2026-08-02,AE,United_Arab_Emirates,Fashion_Beauty,70.89
2026-08-09,AE,United_Arab_Emirates,Fashion_Beauty,68.96
2026-08-16,AE,United_Arab_Emirates,Fashion_Beauty,69.81
2026-08-23,AE,United_Arab_Emirates,Fashion_Beauty,71.74
2022-08-28,CN,China,Nutrition_Diets,4.5
2022-09-04,CN,China,Nutrition_Diets,5.71
2022-09-11,CN,China,Nutrition_Diets,4.65
2022-09-18,CN,China,Nutrition_Diets,5.11
2022-09-25,CN,China,Nutrition_Diets,5.26
2022-10-02,CN,China,Nutrition_Diets,5.56
2022-10-09,CN,China,Nutrition_Diets,5.11
2022-10-16,CN,China,Nutrition_Diets,5.41
2022-10-23,CN,China,Nutrition_Diets,4.65
2022-10-30,CN,China,Nutrition_Diets,5.41
2022-11-06,CN,China,Nutrition_Diets,5.11
2022-11-13,CN,China,Nutrition_Diets,5.11
2022-11-20,CN,China,Nutrition_Diets,4.2
2022-11-27,CN,China,Nutrition_Diets,3.45
2022-12-04,CN,China,Nutrition_Diets,2.85
2022-12-11,CN,China,Nutrition_Diets,5.41
2022-12-18,CN,China,Nutrition_Diets,7.51
2022-12-25,CN,China,Nutrition_Diets,4.8
2023-01-01,CN,China,Nutrition_Diets,4.8
2023-01-08,CN,China,Nutrition_Diets,5.26
2023-01-15,CN,China,Nutrition_Diets,2.4
2023-01-22,CN,China,Nutrition_Diets,6.16
2023-01-29,CN,China,Nutrition_Diets,5.41
2023-02-05,CN,China,Nutrition_Diets,5.41
2023-02-12,CN,China,Nutrition_Diets,7.21
2023-02-19,CN,China,Nutrition_Diets,6.16
2023-02-26,CN,China,Nutrition_Diets,6.16
2023-03-05,CN,China,Nutrition_Diets,5.56
2023-03-12,CN,China,Nutrition_Diets,6.31
2023-03-19,CN,China,Nutrition_Diets,5.11
2023-03-26,CN,China,Nutrition_Diets,5.71
2023-04-02,CN,China,Nutrition_Diets,7.21
2023-04-09,CN,China,Nutrition_Diets,6.46
2023-04-16,CN,China,Nutrition_Diets,4.95
2023-04-23,CN,China,Nutrition_Diets,7.06
2023-04-30,CN,China,Nutrition_Diets,7.51
2023-05-07,CN,China,Nutrition_Diets,5.71
2023-05-14,CN,China,Nutrition_Diets,6.61
2023-05-21,CN,China,Nutrition_Diets,6.01
2023-05-28,CN,China,Nutrition_Diets,6.91
2023-06-04,CN,China,Nutrition_Diets,6.31
2023-06-11,CN,China,Nutrition_Diets,5.11
2023-06-18,CN,China,Nutrition_Diets,7.51
2023-06-25,CN,China,Nutrition_Diets,6.91
2023-07-02,CN,China,Nutrition_Diets,4.35
2023-07-09,CN,China,Nutrition_Diets,4.95
2023-07-16,CN,China,Nutrition_Diets,5.86
2023-07-23,CN,China,Nutrition_Diets,4.95
2023-07-30,CN,China,Nutrition_Diets,6.16
2023-08-06,CN,China,Nutrition_Diets,4.8
2023-08-13,CN,China,Nutrition_Diets,4.95
2023-08-20,CN,China,Nutrition_Diets,6.31
2023-08-27,CN,China,Nutrition_Diets,5.71
2023-09-03,CN,China,Nutrition_Diets,5.41
2023-09-10,CN,China,Nutrition_Diets,6.31
2023-09-17,CN,China,Nutrition_Diets,4.95
2023-09-24,CN,China,Nutrition_Diets,6.76
2023-10-01,CN,China,Nutrition_Diets,6.91
2023-10-08,CN,China,Nutrition_Diets,6.16
2023-10-15,CN,China,Nutrition_Diets,6.46
2023-10-22,CN,China,Nutrition_Diets,6.16
2023-10-29,CN,China,Nutrition_Diets,6.61
2023-11-05,CN,China,Nutrition_Diets,5.41
2023-11-12,CN,China,Nutrition_Diets,5.86
2023-11-19,CN,China,Nutrition_Diets,6.01
2023-11-26,CN,China,Nutrition_Diets,6.16
2023-12-03,CN,China,Nutrition_Diets,5.86
2023-12-10,CN,China,Nutrition_Diets,6.01
2023-12-17,CN,China,Nutrition_Diets,5.56
2023-12-24,CN,China,Nutrition_Diets,7.66
2023-12-31,CN,China,Nutrition_Diets,7.06
2024-01-07,CN,China,Nutrition_Diets,6.91
2024-01-14,CN,China,Nutrition_Diets,7.06
2024-01-21,CN,China,Nutrition_Diets,5.56
2024-01-28,CN,China,Nutrition_Diets,4.95
2024-02-04,CN,China,Nutrition_Diets,4.35
2024-02-11,CN,China,Nutrition_Diets,5.71
2024-02-18,CN,China,Nutrition_Diets,6.01
2024-02-25,CN,China,Nutrition_Diets,6.76
2024-03-03,CN,China,Nutrition_Diets,5.86
2024-03-10,CN,China,Nutrition_Diets,6.61
2024-03-17,CN,China,Nutrition_Diets,6.01
2024-03-24,CN,China,Nutrition_Diets,7.96
2024-03-31,CN,China,Nutrition_Diets,6.46
2024-04-07,CN,China,Nutrition_Diets,6.76
2024-04-14,CN,China,Nutrition_Diets,6.31
2024-04-21,CN,China,Nutrition_Diets,6.76
2024-04-28,CN,China,Nutrition_Diets,6.61
2024-05-05,CN,China,Nutrition_Diets,7.51
2024-05-12,CN,China,Nutrition_Diets,7.21
2024-05-19,CN,China,Nutrition_Diets,6.91
2024-05-26,CN,China,Nutrition_Diets,5.56
2024-06-02,CN,China,Nutrition_Diets,5.26
2024-06-09,CN,China,Nutrition_Diets,7.21
2024-06-16,CN,China,Nutrition_Diets,6.31
2024-06-23,CN,China,Nutrition_Diets,6.46
2024-06-30,CN,China,Nutrition_Diets,5.56
2024-07-07,CN,China,Nutrition_Diets,4.65
2024-07-14,CN,China,Nutrition_Diets,4.95
2024-07-21,CN,China,Nutrition_Diets,4.65
2024-07-28,CN,China,Nutrition_Diets,5.41
2024-08-04,CN,China,Nutrition_Diets,5.86
2024-08-11,CN,China,Nutrition_Diets,4.5
2024-08-18,CN,China,Nutrition_Diets,5.86
2024-08-25,CN,China,Nutrition_Diets,6.16
2024-09-01,CN,China,Nutrition_Diets,5.56
2024-09-08,CN,China,Nutrition_Diets,6.61
2024-09-15,CN,China,Nutrition_Diets,6.46
2024-09-22,CN,China,Nutrition_Diets,7.21
2024-09-29,CN,China,Nutrition_Diets,7.06
2024-10-06,CN,China,Nutrition_Diets,8.11
2024-10-13,CN,China,Nutrition_Diets,6.31
2024-10-20,CN,China,Nutrition_Diets,7.51
2024-10-27,CN,China,Nutrition_Diets,5.86
2024-11-03,CN,China,Nutrition_Diets,5.41
2024-11-10,CN,China,Nutrition_Diets,7.06
2024-11-17,CN,China,Nutrition_Diets,6.46
2024-11-24,CN,China,Nutrition_Diets,5.56
2024-12-01,CN,China,Nutrition_Diets,7.51
2024-12-08,CN,China,Nutrition_Diets,4.8
2024-12-15,CN,China,Nutrition_Diets,5.41
2024-12-22,CN,China,Nutrition_Diets,4.35
2024-12-29,CN,China,Nutrition_Diets,6.01
2025-01-05,CN,China,Nutrition_Diets,6.91
2025-01-12,CN,China,Nutrition_Diets,5.86
2025-01-19,CN,China,Nutrition_Diets,6.31
2025-01-26,CN,China,Nutrition_Diets,2.55
2025-02-02,CN,China,Nutrition_Diets,6.61
2025-02-09,CN,China,Nutrition_Diets,7.06
2025-02-16,CN,China,Nutrition_Diets,6.76
2025-02-23,CN,China,Nutrition_Diets,7.96
2025-03-02,CN,China,Nutrition_Diets,8.26
2025-03-09,CN,China,Nutrition_Diets,6.01
2025-03-16,CN,China,Nutrition_Diets,7.66
2025-03-23,CN,China,Nutrition_Diets,6.46
2025-03-30,CN,China,Nutrition_Diets,6.91
2025-04-06,CN,China,Nutrition_Diets,5.71
2025-04-13,CN,China,Nutrition_Diets,7.66
2025-04-20,CN,China,Nutrition_Diets,8.11
2025-04-27,CN,China,Nutrition_Diets,6.01
2025-05-04,CN,China,Nutrition_Diets,8.26
2025-05-11,CN,China,Nutrition_Diets,5.86
2025-05-18,CN,China,Nutrition_Diets,6.76
2025-05-25,CN,China,Nutrition_Diets,7.21
2025-06-01,CN,China,Nutrition_Diets,7.06
2025-06-08,CN,China,Nutrition_Diets,10.81
2025-06-15,CN,China,Nutrition_Diets,7.06
2025-06-22,CN,China,Nutrition_Diets,5.71
2025-06-29,CN,China,Nutrition_Diets,4.35
2025-07-06,CN,China,Nutrition_Diets,7.36
2025-07-13,CN,China,Nutrition_Diets,4.95
2025-07-20,CN,China,Nutrition_Diets,4.2
2025-07-27,CN,China,Nutrition_Diets,4.95
2025-08-03,CN,China,Nutrition_Diets,5.11
2025-08-10,CN,China,Nutrition_Diets,5.26
2025-08-17,CN,China,Nutrition_Diets,4.8
2025-08-24,CN,China,Nutrition_Diets,4.95
2025-08-31,CN,China,Nutrition_Diets,8.71
2025-09-07,CN,China,Nutrition_Diets,7.96
2025-09-14,CN,China,Nutrition_Diets,5.26
2025-09-21,CN,China,Nutrition_Diets,23.27
2025-09-28,CN,China,Nutrition_Diets,52.55
2025-10-05,CN,China,Nutrition_Diets,59.76
2025-10-12,CN,China,Nutrition_Diets,36.19
2025-10-19,CN,China,Nutrition_Diets,41.29
2025-10-26,CN,China,Nutrition_Diets,56.61
2025-11-02,CN,China,Nutrition_Diets,77.33
2025-11-09,CN,China,Nutrition_Diets,85.74
2025-11-16,CN,China,Nutrition_Diets,91.14
2025-11-23,CN,China,Nutrition_Diets,100.0
2025-11-30,CN,China,Nutrition_Diets,85.14
2025-12-07,CN,China,Nutrition_Diets,62.46
2025-12-14,CN,China,Nutrition_Diets,46.7
2025-12-21,CN,China,Nutrition_Diets,27.93
2025-12-28,CN,China,Nutrition_Diets,15.32
2026-01-04,CN,China,Nutrition_Diets,15.77
2026-01-11,CN,China,Nutrition_Diets,15.32
2026-01-18,CN,China,Nutrition_Diets,10.51
2026-01-25,CN,China,Nutrition_Diets,10.36
2026-02-01,CN,China,Nutrition_Diets,13.36
2026-02-08,CN,China,Nutrition_Diets,17.72
2026-02-15,CN,China,Nutrition_Diets,25.08
2026-02-22,CN,China,Nutrition_Diets,17.12
2026-03-01,CN,China,Nutrition_Diets,10.51
2026-03-08,CN,China,Nutrition_Diets,10.21
2026-03-15,CN,China,Nutrition_Diets,12.46
2026-03-22,CN,China,Nutrition_Diets,11.86
2026-03-29,CN,China,Nutrition_Diets,15.77
2026-04-05,CN,China,Nutrition_Diets,14.41
2026-04-12,CN,China,Nutrition_Diets,26.13
2026-04-19,CN,China,Nutrition_Diets,25.83
2026-04-26,CN,China,Nutrition_Diets,35.14
2026-05-03,CN,China,Nutrition_Diets,16.22
2026-05-10,CN,China,Nutrition_Diets,13.36
2026-05-17,CN,China,Nutrition_Diets,19.07
2026-05-24,CN,China,Nutrition_Diets,17.57
2026-05-31,CN,China,Nutrition_Diets,17.87
2026-06-07,CN,China,Nutrition_Diets,12.76
2026-06-14,CN,China,Nutrition_Diets,13.06
2026-06-21,CN,China,Nutrition_Diets,7.51
2026-06-28,CN,China,Nutrition_Diets,10.36
2026-07-05,CN,China,Nutrition_Diets,9.76
2026-07-12,CN,China,Nutrition_Diets,7.96
2026-07-19,CN,China,Nutrition_Diets,8.11
2026-07-26,CN,China,Nutrition_Diets,7.06
2026-08-02,CN,China,Nutrition_Diets,5.26
2026-08-09,CN,China,Nutrition_Diets,5.71
2026-08-16,CN,China,Nutrition_Diets,6.16
2026-08-23,CN,China,Nutrition_Diets,5.41
2022-08-28,CN,China,Fitness_Wearables,25.84
2022-09-04,CN,China,Fitness_Wearables,32.71
2022-09-11,CN,China,Fitness_Wearables,35.21
2022-09-18,CN,China,Fitness_Wearables,34.46
2022-09-25,CN,China,Fitness_Wearables,30.71
2022-10-02,CN,China,Fitness_Wearables,31.21
2022-10-09,CN,China,Fitness_Wearables,31.21
2022-10-16,CN,China,Fitness_Wearables,29.09
2022-10-23,CN,China,Fitness_Wearables,25.09
2022-10-30,CN,China,Fitness_Wearables,29.71
2022-11-06,CN,China,Fitness_Wearables,27.09
2022-11-13,CN,China,Fitness_Wearables,31.84
2022-11-20,CN,China,Fitness_Wearables,27.84
2022-11-27,CN,China,Fitness_Wearables,22.85
2022-12-04,CN,China,Fitness_Wearables,26.09
2022-12-11,CN,China,Fitness_Wearables,27.22
2022-12-18,CN,China,Fitness_Wearables,26.22
2022-12-25,CN,China,Fitness_Wearables,25.97
2023-01-01,CN,China,Fitness_Wearables,25.59
2023-01-08,CN,China,Fitness_Wearables,25.09
2023-01-15,CN,China,Fitness_Wearables,32.83
2023-01-22,CN,China,Fitness_Wearables,22.72
2023-01-29,CN,China,Fitness_Wearables,24.22
2023-02-05,CN,China,Fitness_Wearables,28.21
2023-02-12,CN,China,Fitness_Wearables,26.84
2023-02-19,CN,China,Fitness_Wearables,29.09
2023-02-26,CN,China,Fitness_Wearables,29.46
2023-03-05,CN,China,Fitness_Wearables,28.59
2023-03-12,CN,China,Fitness_Wearables,29.09
2023-03-19,CN,China,Fitness_Wearables,25.72
2023-03-26,CN,China,Fitness_Wearables,26.84
2023-04-02,CN,China,Fitness_Wearables,23.85
2023-04-09,CN,China,Fitness_Wearables,28.21
2023-04-16,CN,China,Fitness_Wearables,26.97
2023-04-23,CN,China,Fitness_Wearables,27.84
2023-04-30,CN,China,Fitness_Wearables,28.21
2023-05-07,CN,China,Fitness_Wearables,30.21
2023-05-14,CN,China,Fitness_Wearables,27.22
2023-05-21,CN,China,Fitness_Wearables,30.59
2023-05-28,CN,China,Fitness_Wearables,29.59
2023-06-04,CN,China,Fitness_Wearables,27.47
2023-06-11,CN,China,Fitness_Wearables,30.34
2023-06-18,CN,China,Fitness_Wearables,30.59
2023-06-25,CN,China,Fitness_Wearables,27.22
2023-07-02,CN,China,Fitness_Wearables,27.84
2023-07-09,CN,China,Fitness_Wearables,26.97
2023-07-16,CN,China,Fitness_Wearables,28.46
2023-07-23,CN,China,Fitness_Wearables,27.09
2023-07-30,CN,China,Fitness_Wearables,27.97
2023-08-06,CN,China,Fitness_Wearables,25.47
2023-08-13,CN,China,Fitness_Wearables,24.59
2023-08-20,CN,China,Fitness_Wearables,26.59
2023-08-27,CN,China,Fitness_Wearables,27.22
2023-09-03,CN,China,Fitness_Wearables,25.47
2023-09-10,CN,China,Fitness_Wearables,29.84
2023-09-17,CN,China,Fitness_Wearables,29.34
2023-09-24,CN,China,Fitness_Wearables,28.09
2023-10-01,CN,China,Fitness_Wearables,28.96
2023-10-08,CN,China,Fitness_Wearables,28.84
2023-10-15,CN,China,Fitness_Wearables,29.34
2023-10-22,CN,China,Fitness_Wearables,28.59
2023-10-29,CN,China,Fitness_Wearables,28.09
2023-11-05,CN,China,Fitness_Wearables,25.97
2023-11-12,CN,China,Fitness_Wearables,25.59
2023-11-19,CN,China,Fitness_Wearables,25.22
2023-11-26,CN,China,Fitness_Wearables,26.72
2023-12-03,CN,China,Fitness_Wearables,29.34
2023-12-10,CN,China,Fitness_Wearables,24.59
2023-12-17,CN,China,Fitness_Wearables,25.34
2023-12-24,CN,China,Fitness_Wearables,23.47
2023-12-31,CN,China,Fitness_Wearables,24.59
2024-01-07,CN,China,Fitness_Wearables,27.22
2024-01-14,CN,China,Fitness_Wearables,22.85
2024-01-21,CN,China,Fitness_Wearables,27.72
2024-01-28,CN,China,Fitness_Wearables,26.22
2024-02-04,CN,China,Fitness_Wearables,23.6
2024-02-11,CN,China,Fitness_Wearables,27.47
2024-02-18,CN,China,Fitness_Wearables,21.6
2024-02-25,CN,China,Fitness_Wearables,23.85
2024-03-03,CN,China,Fitness_Wearables,28.71
2024-03-10,CN,China,Fitness_Wearables,23.1
2024-03-17,CN,China,Fitness_Wearables,25.97
2024-03-24,CN,China,Fitness_Wearables,25.97
2024-03-31,CN,China,Fitness_Wearables,24.09
2024-04-07,CN,China,Fitness_Wearables,26.97
2024-04-14,CN,China,Fitness_Wearables,25.34
2024-04-21,CN,China,Fitness_Wearables,26.34
2024-04-28,CN,China,Fitness_Wearables,26.72
2024-05-05,CN,China,Fitness_Wearables,25.59
2024-05-12,CN,China,Fitness_Wearables,25.84
2024-05-19,CN,China,Fitness_Wearables,23.72
2024-05-26,CN,China,Fitness_Wearables,28.71
2024-06-02,CN,China,Fitness_Wearables,27.97
2024-06-09,CN,China,Fitness_Wearables,29.84
2024-06-16,CN,China,Fitness_Wearables,26.34
2024-06-23,CN,China,Fitness_Wearables,30.59
2024-06-30,CN,China,Fitness_Wearables,26.59
2024-07-07,CN,China,Fitness_Wearables,30.59
2024-07-14,CN,China,Fitness_Wearables,25.47
2024-07-21,CN,China,Fitness_Wearables,28.21
2024-07-28,CN,China,Fitness_Wearables,23.85
2024-08-04,CN,China,Fitness_Wearables,26.22
2024-08-11,CN,China,Fitness_Wearables,30.59
2024-08-18,CN,China,Fitness_Wearables,27.84
2024-08-25,CN,China,Fitness_Wearables,29.21
2024-09-01,CN,China,Fitness_Wearables,28.71
2024-09-08,CN,China,Fitness_Wearables,33.08
2024-09-15,CN,China,Fitness_Wearables,33.21
2024-09-22,CN,China,Fitness_Wearables,31.71
2024-09-29,CN,China,Fitness_Wearables,29.71
2024-10-06,CN,China,Fitness_Wearables,27.97
2024-10-13,CN,China,Fitness_Wearables,27.97
2024-10-20,CN,China,Fitness_Wearables,27.59
2024-10-27,CN,China,Fitness_Wearables,29.46
2024-11-03,CN,China,Fitness_Wearables,24.09
2024-11-10,CN,China,Fitness_Wearables,29.96
2024-11-17,CN,China,Fitness_Wearables,26.09
2024-11-24,CN,China,Fitness_Wearables,27.47
2024-12-01,CN,China,Fitness_Wearables,29.46
2024-12-08,CN,China,Fitness_Wearables,26.84
2024-12-15,CN,China,Fitness_Wearables,25.84
2024-12-22,CN,China,Fitness_Wearables,24.97
2024-12-29,CN,China,Fitness_Wearables,29.84
2025-01-05,CN,China,Fitness_Wearables,33.71
2025-01-12,CN,China,Fitness_Wearables,26.72
2025-01-19,CN,China,Fitness_Wearables,24.59
2025-01-26,CN,China,Fitness_Wearables,26.34
2025-02-02,CN,China,Fitness_Wearables,31.21
2025-02-09,CN,China,Fitness_Wearables,31.84
2025-02-16,CN,China,Fitness_Wearables,32.83
2025-02-23,CN,China,Fitness_Wearables,28.84
2025-03-02,CN,China,Fitness_Wearables,32.71
2025-03-09,CN,China,Fitness_Wearables,27.09
2025-03-16,CN,China,Fitness_Wearables,32.21
2025-03-23,CN,China,Fitness_Wearables,24.09
2025-03-30,CN,China,Fitness_Wearables,27.59
2025-04-06,CN,China,Fitness_Wearables,23.72
2025-04-13,CN,China,Fitness_Wearables,26.97
2025-04-20,CN,China,Fitness_Wearables,25.34
2025-04-27,CN,China,Fitness_Wearables,28.96
2025-05-04,CN,China,Fitness_Wearables,26.97
2025-05-11,CN,China,Fitness_Wearables,26.22
2025-05-18,CN,China,Fitness_Wearables,30.09
2025-05-25,CN,China,Fitness_Wearables,26.59
2025-06-01,CN,China,Fitness_Wearables,29.21
2025-06-08,CN,China,Fitness_Wearables,33.33
2025-06-15,CN,China,Fitness_Wearables,32.58
2025-06-22,CN,China,Fitness_Wearables,25.97
2025-06-29,CN,China,Fitness_Wearables,30.21
2025-07-06,CN,China,Fitness_Wearables,27.47
2025-07-13,CN,China,Fitness_Wearables,32.71
2025-07-20,CN,China,Fitness_Wearables,41.95
2025-07-27,CN,China,Fitness_Wearables,39.33
2025-08-03,CN,China,Fitness_Wearables,36.08
2025-08-10,CN,China,Fitness_Wearables,35.96
2025-08-17,CN,China,Fitness_Wearables,40.82
2025-08-24,CN,China,Fitness_Wearables,32.08
2025-08-31,CN,China,Fitness_Wearables,26.22
2025-09-07,CN,China,Fitness_Wearables,29.59
2025-09-14,CN,China,Fitness_Wearables,29.09
2025-09-21,CN,China,Fitness_Wearables,33.71
2025-09-28,CN,China,Fitness_Wearables,35.21
2025-10-05,CN,China,Fitness_Wearables,38.83
2025-10-12,CN,China,Fitness_Wearables,36.83
2025-10-19,CN,China,Fitness_Wearables,36.95
2025-10-26,CN,China,Fitness_Wearables,47.69
2025-11-02,CN,China,Fitness_Wearables,48.69
2025-11-09,CN,China,Fitness_Wearables,53.18
2025-11-16,CN,China,Fitness_Wearables,56.05
2025-11-23,CN,China,Fitness_Wearables,55.81
2025-11-30,CN,China,Fitness_Wearables,52.31
2025-12-07,CN,China,Fitness_Wearables,52.31
2025-12-14,CN,China,Fitness_Wearables,59.05
2025-12-21,CN,China,Fitness_Wearables,57.3
2025-12-28,CN,China,Fitness_Wearables,44.82
2026-01-04,CN,China,Fitness_Wearables,39.33
2026-01-11,CN,China,Fitness_Wearables,44.57
2026-01-18,CN,China,Fitness_Wearables,33.71
2026-01-25,CN,China,Fitness_Wearables,33.96
2026-02-01,CN,China,Fitness_Wearables,43.7
2026-02-08,CN,China,Fitness_Wearables,67.04
2026-02-15,CN,China,Fitness_Wearables,100.0
2026-02-22,CN,China,Fitness_Wearables,59.43
2026-03-01,CN,China,Fitness_Wearables,38.08
2026-03-08,CN,China,Fitness_Wearables,38.7
2026-03-15,CN,China,Fitness_Wearables,43.45
2026-03-22,CN,China,Fitness_Wearables,45.44
2026-03-29,CN,China,Fitness_Wearables,66.79
2026-04-05,CN,China,Fitness_Wearables,50.69
2026-04-12,CN,China,Fitness_Wearables,76.28
2026-04-19,CN,China,Fitness_Wearables,89.51
2026-04-26,CN,China,Fitness_Wearables,73.53
2026-05-03,CN,China,Fitness_Wearables,50.44
2026-05-10,CN,China,Fitness_Wearables,46.69
2026-05-17,CN,China,Fitness_Wearables,55.81
2026-05-24,CN,China,Fitness_Wearables,55.93
2026-05-31,CN,China,Fitness_Wearables,47.69
2026-06-07,CN,China,Fitness_Wearables,47.32
2026-06-14,CN,China,Fitness_Wearables,44.19
2026-06-21,CN,China,Fitness_Wearables,33.71
2026-06-28,CN,China,Fitness_Wearables,39.7
2026-07-05,CN,China,Fitness_Wearables,36.45
2026-07-12,CN,China,Fitness_Wearables,29.34
2026-07-19,CN,China,Fitness_Wearables,30.59
2026-07-26,CN,China,Fitness_Wearables,28.96
2026-08-02,CN,China,Fitness_Wearables,29.59
2026-08-09,CN,China,Fitness_Wearables,28.59
2026-08-16,CN,China,Fitness_Wearables,28.96
2026-08-23,CN,China,Fitness_Wearables,29.09
2022-08-28,CN,China,Fashion_Beauty,12.44
2022-09-04,CN,China,Fashion_Beauty,14.18
2022-09-11,CN,China,Fashion_Beauty,13.43
2022-09-18,CN,China,Fashion_Beauty,15.3
2022-09-25,CN,China,Fashion_Beauty,13.68
2022-10-02,CN,China,Fashion_Beauty,12.81
2022-10-09,CN,China,Fashion_Beauty,14.55
2022-10-16,CN,China,Fashion_Beauty,14.55
2022-10-23,CN,China,Fashion_Beauty,13.31
2022-10-30,CN,China,Fashion_Beauty,14.93
2022-11-06,CN,China,Fashion_Beauty,16.29
2022-11-13,CN,China,Fashion_Beauty,14.05
2022-11-20,CN,China,Fashion_Beauty,16.04
2022-11-27,CN,China,Fashion_Beauty,13.18
2022-12-04,CN,China,Fashion_Beauty,14.55
2022-12-11,CN,China,Fashion_Beauty,14.3
2022-12-18,CN,China,Fashion_Beauty,12.06
2022-12-25,CN,China,Fashion_Beauty,14.3
2023-01-01,CN,China,Fashion_Beauty,11.82
2023-01-08,CN,China,Fashion_Beauty,12.31
2023-01-15,CN,China,Fashion_Beauty,11.44
2023-01-22,CN,China,Fashion_Beauty,9.08
2023-01-29,CN,China,Fashion_Beauty,13.31
2023-02-05,CN,China,Fashion_Beauty,14.93
2023-02-12,CN,China,Fashion_Beauty,14.18
2023-02-19,CN,China,Fashion_Beauty,15.3
2023-02-26,CN,China,Fashion_Beauty,14.3
2023-03-05,CN,China,Fashion_Beauty,17.04
2023-03-12,CN,China,Fashion_Beauty,14.93
2023-03-19,CN,China,Fashion_Beauty,15.92
2023-03-26,CN,China,Fashion_Beauty,15.55
2023-04-02,CN,China,Fashion_Beauty,13.31
2023-04-09,CN,China,Fashion_Beauty,14.43
2023-04-16,CN,China,Fashion_Beauty,14.55
2023-04-23,CN,China,Fashion_Beauty,13.43
2023-04-30,CN,China,Fashion_Beauty,15.3
2023-05-07,CN,China,Fashion_Beauty,14.3
2023-05-14,CN,China,Fashion_Beauty,15.3
2023-05-21,CN,China,Fashion_Beauty,14.93
2023-05-28,CN,China,Fashion_Beauty,16.42
2023-06-04,CN,China,Fashion_Beauty,14.43
2023-06-11,CN,China,Fashion_Beauty,14.3
2023-06-18,CN,China,Fashion_Beauty,14.55
2023-06-25,CN,China,Fashion_Beauty,15.55
2023-07-02,CN,China,Fashion_Beauty,14.43
2023-07-09,CN,China,Fashion_Beauty,13.31
2023-07-16,CN,China,Fashion_Beauty,15.3
2023-07-23,CN,China,Fashion_Beauty,14.43
2023-07-30,CN,China,Fashion_Beauty,13.93
2023-08-06,CN,China,Fashion_Beauty,13.31
2023-08-13,CN,China,Fashion_Beauty,15.05
2023-08-20,CN,China,Fashion_Beauty,15.8
2023-08-27,CN,China,Fashion_Beauty,13.31
2023-09-03,CN,China,Fashion_Beauty,14.93
2023-09-10,CN,China,Fashion_Beauty,14.93
2023-09-17,CN,China,Fashion_Beauty,15.67
2023-09-24,CN,China,Fashion_Beauty,13.68
2023-10-01,CN,China,Fashion_Beauty,14.93
2023-10-08,CN,China,Fashion_Beauty,16.54
2023-10-15,CN,China,Fashion_Beauty,16.29
2023-10-22,CN,China,Fashion_Beauty,14.18
2023-10-29,CN,China,Fashion_Beauty,15.92
2023-11-05,CN,China,Fashion_Beauty,16.17
2023-11-12,CN,China,Fashion_Beauty,14.55
2023-11-19,CN,China,Fashion_Beauty,13.56
2023-11-26,CN,China,Fashion_Beauty,16.92
2023-12-03,CN,China,Fashion_Beauty,17.29
2023-12-10,CN,China,Fashion_Beauty,16.79
2023-12-17,CN,China,Fashion_Beauty,14.8
2023-12-24,CN,China,Fashion_Beauty,14.55
2023-12-31,CN,China,Fashion_Beauty,13.43
2024-01-07,CN,China,Fashion_Beauty,15.67
2024-01-14,CN,China,Fashion_Beauty,18.53
2024-01-21,CN,China,Fashion_Beauty,16.29
2024-01-28,CN,China,Fashion_Beauty,17.41
2024-02-04,CN,China,Fashion_Beauty,14.55
2024-02-11,CN,China,Fashion_Beauty,10.32
2024-02-18,CN,China,Fashion_Beauty,13.18
2024-02-25,CN,China,Fashion_Beauty,15.3
2024-03-03,CN,China,Fashion_Beauty,13.68
2024-03-10,CN,China,Fashion_Beauty,13.81
2024-03-17,CN,China,Fashion_Beauty,15.17
2024-03-24,CN,China,Fashion_Beauty,15.8
2024-03-31,CN,China,Fashion_Beauty,16.29
2024-04-07,CN,China,Fashion_Beauty,15.55
2024-04-14,CN,China,Fashion_Beauty,15.17
2024-04-21,CN,China,Fashion_Beauty,16.29
2024-04-28,CN,China,Fashion_Beauty,15.42
2024-05-05,CN,China,Fashion_Beauty,16.42
2024-05-12,CN,China,Fashion_Beauty,15.05
2024-05-19,CN,China,Fashion_Beauty,15.42
2024-05-26,CN,China,Fashion_Beauty,14.93
2024-06-02,CN,China,Fashion_Beauty,13.93
2024-06-09,CN,China,Fashion_Beauty,14.68
2024-06-16,CN,China,Fashion_Beauty,15.8
2024-06-23,CN,China,Fashion_Beauty,13.18
2024-06-30,CN,China,Fashion_Beauty,13.31
2024-07-07,CN,China,Fashion_Beauty,15.42
2024-07-14,CN,China,Fashion_Beauty,17.29
2024-07-21,CN,China,Fashion_Beauty,14.55
2024-07-28,CN,China,Fashion_Beauty,13.18
2024-08-04,CN,China,Fashion_Beauty,14.93
2024-08-11,CN,China,Fashion_Beauty,17.16
2024-08-18,CN,China,Fashion_Beauty,14.8
2024-08-25,CN,China,Fashion_Beauty,15.3
2024-09-01,CN,China,Fashion_Beauty,15.8
2024-09-08,CN,China,Fashion_Beauty,16.92
2024-09-15,CN,China,Fashion_Beauty,16.79
2024-09-22,CN,China,Fashion_Beauty,15.8
2024-09-29,CN,China,Fashion_Beauty,16.67
2024-10-06,CN,China,Fashion_Beauty,17.04
2024-10-13,CN,China,Fashion_Beauty,19.15
2024-10-20,CN,China,Fashion_Beauty,19.15
2024-10-27,CN,China,Fashion_Beauty,18.28
2024-11-03,CN,China,Fashion_Beauty,14.3
2024-11-10,CN,China,Fashion_Beauty,16.42
2024-11-17,CN,China,Fashion_Beauty,15.8
2024-11-24,CN,China,Fashion_Beauty,15.67
2024-12-01,CN,China,Fashion_Beauty,15.55
2024-12-08,CN,China,Fashion_Beauty,14.3
2024-12-15,CN,China,Fashion_Beauty,15.8
2024-12-22,CN,China,Fashion_Beauty,16.29
2024-12-29,CN,China,Fashion_Beauty,18.03
2025-01-05,CN,China,Fashion_Beauty,16.04
2025-01-12,CN,China,Fashion_Beauty,14.68
2025-01-19,CN,China,Fashion_Beauty,13.18
2025-01-26,CN,China,Fashion_Beauty,12.81
2025-02-02,CN,China,Fashion_Beauty,12.31
2025-02-09,CN,China,Fashion_Beauty,13.93
2025-02-16,CN,China,Fashion_Beauty,16.67
2025-02-23,CN,China,Fashion_Beauty,17.41
2025-03-02,CN,China,Fashion_Beauty,15.17
2025-03-09,CN,China,Fashion_Beauty,18.28
2025-03-16,CN,China,Fashion_Beauty,15.92
2025-03-23,CN,China,Fashion_Beauty,17.91
2025-03-30,CN,China,Fashion_Beauty,16.67
2025-04-06,CN,China,Fashion_Beauty,15.3
2025-04-13,CN,China,Fashion_Beauty,15.55
2025-04-20,CN,China,Fashion_Beauty,16.17
2025-04-27,CN,China,Fashion_Beauty,17.91
2025-05-04,CN,China,Fashion_Beauty,16.29
2025-05-11,CN,China,Fashion_Beauty,17.04
2025-05-18,CN,China,Fashion_Beauty,15.17
2025-05-25,CN,China,Fashion_Beauty,14.3
2025-06-01,CN,China,Fashion_Beauty,16.42
2025-06-08,CN,China,Fashion_Beauty,18.53
2025-06-15,CN,China,Fashion_Beauty,17.04
2025-06-22,CN,China,Fashion_Beauty,15.67
2025-06-29,CN,China,Fashion_Beauty,16.04
2025-07-06,CN,China,Fashion_Beauty,15.67
2025-07-13,CN,China,Fashion_Beauty,15.8
2025-07-20,CN,China,Fashion_Beauty,16.04
2025-07-27,CN,China,Fashion_Beauty,16.17
2025-08-03,CN,China,Fashion_Beauty,16.67
2025-08-10,CN,China,Fashion_Beauty,15.05
2025-08-17,CN,China,Fashion_Beauty,15.42
2025-08-24,CN,China,Fashion_Beauty,14.3
2025-08-31,CN,China,Fashion_Beauty,14.93
2025-09-07,CN,China,Fashion_Beauty,17.04
2025-09-14,CN,China,Fashion_Beauty,14.55
2025-09-21,CN,China,Fashion_Beauty,15.3
2025-09-28,CN,China,Fashion_Beauty,14.43
2025-10-05,CN,China,Fashion_Beauty,15.42
2025-10-12,CN,China,Fashion_Beauty,18.03
2025-10-19,CN,China,Fashion_Beauty,17.79
2025-10-26,CN,China,Fashion_Beauty,19.15
2025-11-02,CN,China,Fashion_Beauty,17.66
2025-11-09,CN,China,Fashion_Beauty,14.43
2025-11-16,CN,China,Fashion_Beauty,17.79
2025-11-23,CN,China,Fashion_Beauty,17.54
2025-11-30,CN,China,Fashion_Beauty,18.41
2025-12-07,CN,China,Fashion_Beauty,24.88
2025-12-14,CN,China,Fashion_Beauty,29.6
2025-12-21,CN,China,Fashion_Beauty,28.73
2025-12-28,CN,China,Fashion_Beauty,23.88
2026-01-04,CN,China,Fashion_Beauty,24.75
2026-01-11,CN,China,Fashion_Beauty,24.38
2026-01-18,CN,China,Fashion_Beauty,19.4
2026-01-25,CN,China,Fashion_Beauty,20.4
2026-02-01,CN,China,Fashion_Beauty,27.86
2026-02-08,CN,China,Fashion_Beauty,60.7
2026-02-15,CN,China,Fashion_Beauty,100.0
2026-02-22,CN,China,Fashion_Beauty,46.89
2026-03-01,CN,China,Fashion_Beauty,19.03
2026-03-08,CN,China,Fashion_Beauty,20.9
2026-03-15,CN,China,Fashion_Beauty,21.64
2026-03-22,CN,China,Fashion_Beauty,24.38
2026-03-29,CN,China,Fashion_Beauty,30.47
2026-04-05,CN,China,Fashion_Beauty,26.12
2026-04-12,CN,China,Fashion_Beauty,38.43
2026-04-19,CN,China,Fashion_Beauty,45.4
2026-04-26,CN,China,Fashion_Beauty,37.56
2026-05-03,CN,China,Fashion_Beauty,26.49
2026-05-10,CN,China,Fashion_Beauty,26.12
2026-05-17,CN,China,Fashion_Beauty,31.72
2026-05-24,CN,China,Fashion_Beauty,28.48
2026-05-31,CN,China,Fashion_Beauty,26.87
2026-06-07,CN,China,Fashion_Beauty,23.51
2026-06-14,CN,China,Fashion_Beauty,22.39
2026-06-21,CN,China,Fashion_Beauty,16.92
2026-06-28,CN,China,Fashion_Beauty,18.41
2026-07-05,CN,China,Fashion_Beauty,16.54
2026-07-12,CN,China,Fashion_Beauty,16.04
2026-07-19,CN,China,Fashion_Beauty,14.68
2026-07-26,CN,China,Fashion_Beauty,15.3
2026-08-02,CN,China,Fashion_Beauty,14.55
2026-08-09,CN,China,Fashion_Beauty,13.31
2026-08-16,CN,China,Fashion_Beauty,15.42
2026-08-23,CN,China,Fashion_Beauty,14.55
