Week_Start,Country_Code,Country_Name,Category,Search_Interest,Search_Velocity,Search_Acceleration
2023-01-01,AE,United_Arab_Emirates,Fashion_Beauty,67.23,-13.2,-4.62
2023-01-01,AE,United_Arab_Emirates,Fitness_Wearables,72.78,5.97,12.48
2023-01-01,AE,United_Arab_Emirates,Nutrition_Diets,74.4,14.84,23.46
2023-01-01,AU,Australia,Fashion_Beauty,58.06,-12.5,5.27
2023-01-01,AU,Australia,Fitness_Wearables,89.21,25.64,39.61
2023-01-01,AU,Australia,Nutrition_Diets,90.74,24.95,35.94
2023-01-01,BR,Brazil,Fashion_Beauty,51.29,-19.69,-4.13
2023-01-01,BR,Brazil,Fitness_Wearables,69.97,16.71,26.59
2023-01-01,BR,Brazil,Nutrition_Diets,36.6,-35.09,-32.78
2023-01-01,CA,Canada,Fashion_Beauty,61.19,-36.98,-42.57
2023-01-01,CA,Canada,Fitness_Wearables,90.99,8.62,0.54
2023-01-01,CA,Canada,Nutrition_Diets,83.35,4.66,-2.1
2023-01-01,CN,China,Fashion_Beauty,10.68,10.68,29.62
2023-01-01,CN,China,Fitness_Wearables,28.59,10.92,29.65
2023-01-01,CN,China,Nutrition_Diets,3.46,3.46,3.46
2023-01-01,DE,Germany,Fashion_Beauty,44.69,-30.58,-17.97
2023-01-01,DE,Germany,Fitness_Wearables,89.9,20.68,24.99
2023-01-01,DE,Germany,Nutrition_Diets,49.86,-6.78,8.38
2023-01-01,FR,France,Fashion_Beauty,28.18,-47.36,-42.26
2023-01-01,FR,France,Fitness_Wearables,65.68,-4.1,-6.66
2023-01-01,FR,France,Nutrition_Diets,39.24,-23.69,-19.68
2023-01-01,GB,United_Kingdom,Fashion_Beauty,48.95,-27.6,-16.81
2023-01-01,GB,United_Kingdom,Fitness_Wearables,90.17,19.54,20
2023-01-01,GB,United_Kingdom,Nutrition_Diets,88.31,25.89,33.03
2023-01-01,IN,India,Fashion_Beauty,53.33,-31.77,-32.41
2023-01-01,IN,India,Fitness_Wearables,80.1,-3.97,-3.34
2023-01-01,IN,India,Nutrition_Diets,74.45,-1.67,10.48
2023-01-01,JP,Japan,Fashion_Beauty,18.81,-69.1,-62.97
2023-01-01,JP,Japan,Fitness_Wearables,30.97,-26.21,-6.26
2023-01-01,JP,Japan,Nutrition_Diets,10.04,-26.76,-14.37
2023-01-01,KE,Kenya,Fashion_Beauty,92.31,39.57,45.84
2023-01-01,KE,Kenya,Fitness_Wearables,71.74,40.33,74.17
2023-01-01,KE,Kenya,Nutrition_Diets,75.96,24.78,37.33
2023-01-01,MX,Mexico,Fashion_Beauty,62.23,-22.92,-16.43
2023-01-01,MX,Mexico,Fitness_Wearables,81.83,9.57,9.19
2023-01-01,MX,Mexico,Nutrition_Diets,35.62,-37.54,-24.73
2023-01-01,NG,Nigeria,Fashion_Beauty,88.87,29.63,43.87
2023-01-01,NG,Nigeria,Fitness_Wearables,75.97,-5.21,5.46
2023-01-01,NG,Nigeria,Nutrition_Diets,79.44,29.09,51.21
2023-01-01,SG,Singapore,Fashion_Beauty,51.41,-22.15,-14.68
2023-01-01,SG,Singapore,Fitness_Wearables,70.75,1,0.26
2023-01-01,SG,Singapore,Nutrition_Diets,56.95,-6.49,11.35
2023-01-01,US,United_States,Fashion_Beauty,44.17,-45.42,-49.53
2023-01-01,US,United_States,Fitness_Wearables,71.76,-13.71,-27.67
2023-01-01,US,United_States,Nutrition_Diets,70.51,-5.99,-6.66
2023-01-01,ZA,South_Africa,Fashion_Beauty,69.08,9.25,23.57
2023-01-01,ZA,South_Africa,Fitness_Wearables,96.93,35.37,37.14
2023-01-01,ZA,South_Africa,Nutrition_Diets,100,43.39,48
2023-01-08,AE,United_Arab_Emirates,Fashion_Beauty,65.42,-1.81,11.39
2023-01-08,AE,United_Arab_Emirates,Fitness_Wearables,70.28,-2.5,-8.47
2023-01-08,AE,United_Arab_Emirates,Nutrition_Diets,69.17,-5.23,-20.07
2023-01-08,AU,Australia,Fashion_Beauty,58.19,0.13,12.63
2023-01-08,AU,Australia,Fitness_Wearables,87.26,-1.95,-27.59
2023-01-08,AU,Australia,Nutrition_Diets,87.02,-3.72,-28.67
2023-01-08,BR,Brazil,Fashion_Beauty,52.65,1.36,21.05
2023-01-08,BR,Brazil,Fitness_Wearables,72.67,2.7,-14.01
2023-01-08,BR,Brazil,Nutrition_Diets,37.66,1.06,36.15
2023-01-08,CA,Canada,Fashion_Beauty,61.08,-0.11,36.87
2023-01-08,CA,Canada,Fitness_Wearables,81.05,-9.94,-18.56
2023-01-08,CA,Canada,Nutrition_Diets,84.16,0.81,-3.85
2023-01-08,CN,China,Fashion_Beauty,12.92,2.24,-8.44
2023-01-08,CN,China,Fitness_Wearables,25.12,-3.47,-14.39
2023-01-08,CN,China,Nutrition_Diets,5.11,1.65,-1.81
2023-01-08,DE,Germany,Fashion_Beauty,44.36,-0.33,30.25
2023-01-08,DE,Germany,Fitness_Wearables,83.88,-6.02,-26.7
2023-01-08,DE,Germany,Nutrition_Diets,49.18,-0.68,6.1
2023-01-08,FR,France,Fashion_Beauty,31.05,2.87,50.23
2023-01-08,FR,France,Fitness_Wearables,63.78,-1.9,2.2
2023-01-08,FR,France,Nutrition_Diets,37.36,-1.88,21.81
2023-01-08,GB,United_Kingdom,Fashion_Beauty,50.82,1.87,29.47
2023-01-08,GB,United_Kingdom,Fitness_Wearables,81.37,-8.8,-28.34
2023-01-08,GB,United_Kingdom,Nutrition_Diets,86.01,-2.3,-28.19
2023-01-08,IN,India,Fashion_Beauty,54.06,0.73,32.5
2023-01-08,IN,India,Fitness_Wearables,76.87,-3.23,0.74
2023-01-08,IN,India,Nutrition_Diets,72.88,-1.57,0.1
2023-01-08,JP,Japan,Fashion_Beauty,19.4,0.59,69.69
2023-01-08,JP,Japan,Fitness_Wearables,29.31,-1.66,24.55
2023-01-08,JP,Japan,Nutrition_Diets,11.31,1.27,28.03
2023-01-08,KE,Kenya,Fashion_Beauty,89.53,-2.78,-42.35
2023-01-08,KE,Kenya,Fitness_Wearables,74.32,2.58,-37.75
2023-01-08,KE,Kenya,Nutrition_Diets,82.14,6.18,-18.6
2023-01-08,MX,Mexico,Fashion_Beauty,55.57,-6.66,16.26
2023-01-08,MX,Mexico,Fitness_Wearables,73.99,-7.84,-17.41
2023-01-08,MX,Mexico,Nutrition_Diets,36.34,0.72,38.26
2023-01-08,NG,Nigeria,Fashion_Beauty,90.03,1.16,-28.47
2023-01-08,NG,Nigeria,Fitness_Wearables,78.15,2.18,7.39
2023-01-08,NG,Nigeria,Nutrition_Diets,84.76,5.32,-23.77
2023-01-08,SG,Singapore,Fashion_Beauty,54.87,3.46,25.61
2023-01-08,SG,Singapore,Fitness_Wearables,64.28,-6.47,-7.47
2023-01-08,SG,Singapore,Nutrition_Diets,52.81,-4.14,2.35
2023-01-08,US,United_States,Fashion_Beauty,42.96,-1.21,44.21
2023-01-08,US,United_States,Fitness_Wearables,63.77,-7.99,5.72
2023-01-08,US,United_States,Nutrition_Diets,65.07,-5.44,0.55
2023-01-08,ZA,South_Africa,Fashion_Beauty,65.74,-3.34,-12.59
2023-01-08,ZA,South_Africa,Fitness_Wearables,95.17,-1.76,-37.13
2023-01-08,ZA,South_Africa,Nutrition_Diets,97.16,-2.84,-46.23
2023-01-15,AE,United_Arab_Emirates,Fashion_Beauty,66.51,1.09,2.9
2023-01-15,AE,United_Arab_Emirates,Fitness_Wearables,71.74,1.46,3.96
2023-01-15,AE,United_Arab_Emirates,Nutrition_Diets,73.12,3.95,9.18
2023-01-15,AU,Australia,Fashion_Beauty,58.68,0.49,0.36
2023-01-15,AU,Australia,Fitness_Wearables,81.6,-5.66,-3.71
2023-01-15,AU,Australia,Nutrition_Diets,84.15,-2.87,0.85
2023-01-15,BR,Brazil,Fashion_Beauty,51.05,-1.6,-2.96
2023-01-15,BR,Brazil,Fitness_Wearables,72.07,-0.6,-3.3
2023-01-15,BR,Brazil,Nutrition_Diets,39.26,1.6,0.54
2023-01-15,CA,Canada,Fashion_Beauty,63.07,1.99,2.1
2023-01-15,CA,Canada,Fitness_Wearables,77.17,-3.88,6.06
2023-01-15,CA,Canada,Nutrition_Diets,83.71,-0.45,-1.26
2023-01-15,CN,China,Fashion_Beauty,11.18,-1.74,-3.98
2023-01-15,CN,China,Fitness_Wearables,32.92,7.8,11.27
2023-01-15,CN,China,Nutrition_Diets,5.11,0,-1.65
2023-01-15,DE,Germany,Fashion_Beauty,46.93,2.57,2.9
2023-01-15,DE,Germany,Fitness_Wearables,77.75,-6.13,-0.11
2023-01-15,DE,Germany,Nutrition_Diets,48.02,-1.16,-0.48
2023-01-15,FR,France,Fashion_Beauty,36.03,4.98,2.11
2023-01-15,FR,France,Fitness_Wearables,59.56,-4.22,-2.32
2023-01-15,FR,France,Nutrition_Diets,37.44,0.08,1.96
2023-01-15,GB,United_Kingdom,Fashion_Beauty,50.7,-0.12,-1.99
2023-01-15,GB,United_Kingdom,Fitness_Wearables,74.64,-6.73,2.07
2023-01-15,GB,United_Kingdom,Nutrition_Diets,79.22,-6.79,-4.49
2023-01-15,IN,India,Fashion_Beauty,54.43,0.37,-0.36
2023-01-15,IN,India,Fitness_Wearables,76.53,-0.34,2.89
2023-01-15,IN,India,Nutrition_Diets,75.75,2.87,4.44
2023-01-15,JP,Japan,Fashion_Beauty,20.24,0.84,0.25
2023-01-15,JP,Japan,Fitness_Wearables,28.43,-0.88,0.78
2023-01-15,JP,Japan,Nutrition_Diets,11.7,0.39,-0.88
2023-01-15,KE,Kenya,Fashion_Beauty,84.78,-4.75,-1.97
2023-01-15,KE,Kenya,Fitness_Wearables,71.06,-3.26,-5.84
2023-01-15,KE,Kenya,Nutrition_Diets,81.04,-1.1,-7.28
2023-01-15,MX,Mexico,Fashion_Beauty,52.45,-3.12,3.54
2023-01-15,MX,Mexico,Fitness_Wearables,68.23,-5.76,2.08
2023-01-15,MX,Mexico,Nutrition_Diets,35.62,-0.72,-1.44
2023-01-15,NG,Nigeria,Fashion_Beauty,82.08,-7.95,-9.11
2023-01-15,NG,Nigeria,Fitness_Wearables,85.55,7.4,5.22
2023-01-15,NG,Nigeria,Nutrition_Diets,90.21,5.45,0.13
2023-01-15,SG,Singapore,Fashion_Beauty,54.45,-0.42,-3.88
2023-01-15,SG,Singapore,Fitness_Wearables,61.59,-2.69,3.78
2023-01-15,SG,Singapore,Nutrition_Diets,52.39,-0.42,3.72
2023-01-15,US,United_States,Fashion_Beauty,42.61,-0.35,0.86
2023-01-15,US,United_States,Fitness_Wearables,61.88,-1.89,6.1
2023-01-15,US,United_States,Nutrition_Diets,64.98,-0.09,5.35
2023-01-15,ZA,South_Africa,Fashion_Beauty,66.57,0.83,4.17
2023-01-15,ZA,South_Africa,Fitness_Wearables,91.04,-4.13,-2.37
2023-01-15,ZA,South_Africa,Nutrition_Diets,87.73,-9.43,-6.59
2023-01-22,AE,United_Arab_Emirates,Fashion_Beauty,65.9,-0.61,-1.7
2023-01-22,AE,United_Arab_Emirates,Fitness_Wearables,69.03,-2.71,-4.17
2023-01-22,AE,United_Arab_Emirates,Nutrition_Diets,71.01,-2.11,-6.06
2023-01-22,AU,Australia,Fashion_Beauty,58.68,0,-0.49
2023-01-22,AU,Australia,Fitness_Wearables,83.35,1.75,7.41
2023-01-22,AU,Australia,Nutrition_Diets,82.34,-1.81,1.06
2023-01-22,BR,Brazil,Fashion_Beauty,51.91,0.86,2.46
2023-01-22,BR,Brazil,Fitness_Wearables,71.17,-0.9,-0.3
2023-01-22,BR,Brazil,Nutrition_Diets,37.55,-1.71,-3.31
2023-01-22,CA,Canada,Fashion_Beauty,64.94,1.87,-0.12
2023-01-22,CA,Canada,Fitness_Wearables,77.91,0.74,4.62
2023-01-22,CA,Canada,Nutrition_Diets,82.45,-1.26,-0.81
2023-01-22,CN,China,Fashion_Beauty,10.81,-0.37,1.37
2023-01-22,CN,China,Fitness_Wearables,24.01,-8.91,-16.71
2023-01-22,CN,China,Nutrition_Diets,6.17,1.06,1.06
2023-01-22,DE,Germany,Fashion_Beauty,47.04,0.11,-2.46
2023-01-22,DE,Germany,Fitness_Wearables,74.35,-3.4,2.73
2023-01-22,DE,Germany,Nutrition_Diets,46.57,-1.45,-0.29
2023-01-22,FR,France,Fashion_Beauty,35.79,-0.24,-5.22
2023-01-22,FR,France,Fitness_Wearables,58.82,-0.74,3.48
2023-01-22,FR,France,Nutrition_Diets,38.92,1.48,1.4
2023-01-22,GB,United_Kingdom,Fashion_Beauty,51.4,0.7,0.82
2023-01-22,GB,United_Kingdom,Fitness_Wearables,74.84,0.2,6.93
2023-01-22,GB,United_Kingdom,Nutrition_Diets,77.22,-2,4.79
2023-01-22,IN,India,Fashion_Beauty,57.64,3.21,2.84
2023-01-22,IN,India,Fitness_Wearables,75.51,-1.02,-0.68
2023-01-22,IN,India,Nutrition_Diets,75.1,-0.65,-3.52
2023-01-22,JP,Japan,Fashion_Beauty,20,-0.24,-1.08
2023-01-22,JP,Japan,Fitness_Wearables,27.32,-1.11,-0.23
2023-01-22,JP,Japan,Nutrition_Diets,11.21,-0.49,-0.88
2023-01-22,KE,Kenya,Fashion_Beauty,84.62,-0.16,4.59
2023-01-22,KE,Kenya,Fitness_Wearables,73.37,2.31,5.57
2023-01-22,KE,Kenya,Nutrition_Diets,79.6,-1.44,-0.34
2023-01-22,MX,Mexico,Fashion_Beauty,55.03,2.58,5.7
2023-01-22,MX,Mexico,Fitness_Wearables,67.79,-0.44,5.32
2023-01-22,MX,Mexico,Nutrition_Diets,34.9,-0.72,7.11E-15
2023-01-22,NG,Nigeria,Fashion_Beauty,85.84,3.76,11.71
2023-01-22,NG,Nigeria,Fitness_Wearables,82.69,-2.86,-10.26
2023-01-22,NG,Nigeria,Nutrition_Diets,90.69,0.48,-4.97
2023-01-22,SG,Singapore,Fashion_Beauty,52.25,-2.2,-1.78
2023-01-22,SG,Singapore,Fitness_Wearables,66.47,4.88,7.57
2023-01-22,SG,Singapore,Nutrition_Diets,55.67,3.28,3.7
2023-01-22,US,United_States,Fashion_Beauty,44.51,1.9,2.25
2023-01-22,US,United_States,Fitness_Wearables,59.48,-2.4,-0.51
2023-01-22,US,United_States,Nutrition_Diets,62.86,-2.12,-2.03
2023-01-22,ZA,South_Africa,Fashion_Beauty,71.17,4.6,3.77
2023-01-22,ZA,South_Africa,Fitness_Wearables,91.04,0,4.13
2023-01-22,ZA,South_Africa,Nutrition_Diets,88.24,0.51,9.94
2023-01-29,AE,United_Arab_Emirates,Fashion_Beauty,66.26,0.36,0.97
2023-01-29,AE,United_Arab_Emirates,Fitness_Wearables,71.85,2.82,5.53
2023-01-29,AE,United_Arab_Emirates,Nutrition_Diets,71.1,0.09,2.2
2023-01-29,AU,Australia,Fashion_Beauty,58.19,-0.49,-0.49
2023-01-29,AU,Australia,Fitness_Wearables,85.2,1.85,0.1
2023-01-29,AU,Australia,Nutrition_Diets,83.09,0.75,2.56
2023-01-29,BR,Brazil,Fashion_Beauty,50.68,-1.23,-2.09
2023-01-29,BR,Brazil,Fitness_Wearables,73.27,2.1,3
2023-01-29,BR,Brazil,Nutrition_Diets,36.49,-1.06,0.65
2023-01-29,CA,Canada,Fashion_Beauty,63.29,-1.65,-3.52
2023-01-29,CA,Canada,Fitness_Wearables,75.92,-1.99,-2.73
2023-01-29,CA,Canada,Nutrition_Diets,81.28,-1.17,0.09
2023-01-29,CN,China,Fashion_Beauty,13.79,2.98,3.35
2023-01-29,CN,China,Fitness_Wearables,26.61,2.6,11.51
2023-01-29,CN,China,Nutrition_Diets,6.17,0,-1.06
2023-01-29,DE,Germany,Fashion_Beauty,44.58,-2.46,-2.57
2023-01-29,DE,Germany,Fitness_Wearables,71.62,-2.73,0.67
2023-01-29,DE,Germany,Nutrition_Diets,45.22,-1.35,0.1
2023-01-29,FR,France,Fashion_Beauty,29.68,-6.11,-5.87
2023-01-29,FR,France,Fitness_Wearables,57.97,-0.85,-0.11
2023-01-29,FR,France,Nutrition_Diets,39.24,0.32,-1.16
2023-01-29,GB,United_Kingdom,Fashion_Beauty,51.17,-0.23,-0.93
2023-01-29,GB,United_Kingdom,Fitness_Wearables,77.33,2.49,2.29
2023-01-29,GB,United_Kingdom,Nutrition_Diets,79.92,2.7,4.7
2023-01-29,IN,India,Fashion_Beauty,58.13,0.49,-2.72
2023-01-29,IN,India,Fitness_Wearables,78.74,3.23,4.25
2023-01-29,IN,India,Nutrition_Diets,78.49,3.39,4.04
2023-01-29,JP,Japan,Fashion_Beauty,19.05,-0.95,-0.71
2023-01-29,JP,Japan,Fitness_Wearables,27.54,0.22,1.33
2023-01-29,JP,Japan,Nutrition_Diets,11.21,0,0.49
2023-01-29,KE,Kenya,Fashion_Beauty,87.07,2.45,2.61
2023-01-29,KE,Kenya,Fitness_Wearables,75.14,1.77,-0.54
2023-01-29,KE,Kenya,Nutrition_Diets,82.58,2.98,4.42
2023-01-29,MX,Mexico,Fashion_Beauty,51.9,-3.13,-5.71
2023-01-29,MX,Mexico,Fitness_Wearables,67.03,-0.76,-0.32
2023-01-29,MX,Mexico,Nutrition_Diets,32.73,-2.17,-1.45
2023-01-29,NG,Nigeria,Fashion_Beauty,76.73,-9.11,-12.87
2023-01-29,NG,Nigeria,Fitness_Wearables,96.47,13.78,16.64
2023-01-29,NG,Nigeria,Nutrition_Diets,82.1,-8.59,-9.07
2023-01-29,SG,Singapore,Fashion_Beauty,50.37,-1.88,0.32
2023-01-29,SG,Singapore,Fitness_Wearables,66.67,0.2,-4.68
2023-01-29,SG,Singapore,Nutrition_Diets,53.23,-2.44,-5.72
2023-01-29,US,United_States,Fashion_Beauty,44.77,0.26,-1.64
2023-01-29,US,United_States,Fitness_Wearables,60.68,1.2,3.6
2023-01-29,US,United_States,Nutrition_Diets,62.58,-0.28,1.84
2023-01-29,ZA,South_Africa,Fashion_Beauty,70.61,-0.56,-5.16
2023-01-29,ZA,South_Africa,Fitness_Wearables,92.45,1.41,1.41
2023-01-29,ZA,South_Africa,Nutrition_Diets,88.03,-0.21,-0.72
2023-02-05,AE,United_Arab_Emirates,Fashion_Beauty,66.38,0.12,-0.24
2023-02-05,AE,United_Arab_Emirates,Fitness_Wearables,70.18,-1.67,-4.49
2023-02-05,AE,United_Arab_Emirates,Nutrition_Diets,71.65,0.55,0.46
2023-02-05,AU,Australia,Fashion_Beauty,61.91,3.72,4.21
2023-02-05,AU,Australia,Fitness_Wearables,81.4,-3.8,-5.65
2023-02-05,AU,Australia,Nutrition_Diets,77.98,-5.11,-5.86
2023-02-05,BR,Brazil,Fashion_Beauty,49.57,-1.11,0.12
2023-02-05,BR,Brazil,Fitness_Wearables,69.07,-4.2,-6.3
2023-02-05,BR,Brazil,Nutrition_Diets,35.85,-0.64,0.42
2023-02-05,CA,Canada,Fashion_Beauty,64.61,1.32,2.97
2023-02-05,CA,Canada,Fitness_Wearables,71.73,-4.19,-2.2
2023-02-05,CA,Canada,Nutrition_Diets,80.56,-0.72,0.45
2023-02-05,CN,China,Fashion_Beauty,14.53,0.74,-2.24
2023-02-05,CN,China,Fitness_Wearables,28.71,2.1,-0.5
2023-02-05,CN,China,Nutrition_Diets,5.71,-0.46,-0.46
2023-02-05,DE,Germany,Fashion_Beauty,44.92,0.34,2.8
2023-02-05,DE,Germany,Fitness_Wearables,68.22,-3.4,-0.67
2023-02-05,DE,Germany,Nutrition_Diets,44.93,-0.29,1.06
2023-02-05,FR,France,Fashion_Beauty,28.43,-1.25,4.86
2023-02-05,FR,France,Fitness_Wearables,55.12,-2.85,-2
2023-02-05,FR,France,Nutrition_Diets,35.8,-3.44,-3.76
2023-02-05,GB,United_Kingdom,Fashion_Beauty,51.4,0.23,0.46
2023-02-05,GB,United_Kingdom,Fitness_Wearables,73.19,-4.14,-6.63
2023-02-05,GB,United_Kingdom,Nutrition_Diets,77.32,-2.6,-5.3
2023-02-05,IN,India,Fashion_Beauty,55.17,-2.96,-3.45
2023-02-05,IN,India,Fitness_Wearables,76.02,-2.72,-5.95
2023-02-05,IN,India,Nutrition_Diets,77.44,-1.05,-4.44
2023-02-05,JP,Japan,Fashion_Beauty,19.4,0.35,1.3
2023-02-05,JP,Japan,Fitness_Wearables,26.66,-0.88,-1.1
2023-02-05,JP,Japan,Nutrition_Diets,10.72,-0.49,-0.49
2023-02-05,KE,Kenya,Fashion_Beauty,85.27,-1.8,-4.25
2023-02-05,KE,Kenya,Fitness_Wearables,83.56,8.42,6.65
2023-02-05,KE,Kenya,Nutrition_Diets,90.85,8.27,5.29
2023-02-05,MX,Mexico,Fashion_Beauty,54.76,2.86,5.99
2023-02-05,MX,Mexico,Fitness_Wearables,65.07,-1.96,-1.2
2023-02-05,MX,Mexico,Nutrition_Diets,31.65,-1.08,1.09
2023-02-05,NG,Nigeria,Fashion_Beauty,77.46,0.73,9.84
2023-02-05,NG,Nigeria,Fitness_Wearables,92.77,-3.7,-17.48
2023-02-05,NG,Nigeria,Nutrition_Diets,85.01,2.91,11.5
2023-02-05,SG,Singapore,Fashion_Beauty,50.05,-0.32,1.56
2023-02-05,SG,Singapore,Fitness_Wearables,65.57,-1.1,-1.3
2023-02-05,SG,Singapore,Nutrition_Diets,55.99,2.76,5.2
2023-02-05,US,United_States,Fashion_Beauty,44.25,-0.52,-0.78
2023-02-05,US,United_States,Fitness_Wearables,58.08,-2.6,-3.8
2023-02-05,US,United_States,Nutrition_Diets,62.86,0.28,0.56
2023-02-05,ZA,South_Africa,Fashion_Beauty,70.89,0.28,0.84
2023-02-05,ZA,South_Africa,Fitness_Wearables,86.79,-5.66,-7.07
2023-02-05,ZA,South_Africa,Nutrition_Diets,84.99,-3.04,-2.83
2023-02-12,AE,United_Arab_Emirates,Fashion_Beauty,67.11,0.73,0.61
2023-02-12,AE,United_Arab_Emirates,Fitness_Wearables,69.66,-0.52,1.15
2023-02-12,AE,United_Arab_Emirates,Nutrition_Diets,72.75,1.1,0.55
2023-02-12,AU,Australia,Fashion_Beauty,60.05,-1.86,-5.58
2023-02-12,AU,Australia,Fitness_Wearables,77.9,-3.5,0.3
2023-02-12,AU,Australia,Nutrition_Diets,80,2.02,7.13
2023-02-12,BR,Brazil,Fashion_Beauty,48.58,-0.99,0.12
2023-02-12,BR,Brazil,Fitness_Wearables,61.76,-7.31,-3.11
2023-02-12,BR,Brazil,Nutrition_Diets,34.36,-1.49,-0.85
2023-02-12,CA,Canada,Fashion_Beauty,60.31,-4.3,-5.62
2023-02-12,CA,Canada,Fitness_Wearables,66.91,-4.82,-0.63
2023-02-12,CA,Canada,Nutrition_Diets,73.81,-6.75,-6.03
2023-02-12,CN,China,Fashion_Beauty,14.66,0.13,-0.61
2023-02-12,CN,China,Fitness_Wearables,26.49,-2.22,-4.32
2023-02-12,CN,China,Nutrition_Diets,6.17,0.46,0.92
2023-02-12,DE,Germany,Fashion_Beauty,44.36,-0.56,-0.9
2023-02-12,DE,Germany,Fitness_Wearables,65.04,-3.18,0.22
2023-02-12,DE,Germany,Nutrition_Diets,43.19,-1.74,-1.45
2023-02-12,FR,France,Fashion_Beauty,28.05,-0.38,0.87
2023-02-12,FR,France,Fitness_Wearables,53.33,-1.79,1.06
2023-02-12,FR,France,Nutrition_Diets,34.89,-0.91,2.53
2023-02-12,GB,United_Kingdom,Fashion_Beauty,51.4,0,-0.23
2023-02-12,GB,United_Kingdom,Fitness_Wearables,67.29,-5.9,-1.76
2023-02-12,GB,United_Kingdom,Nutrition_Diets,75.12,-2.2,0.4
2023-02-12,IN,India,Fashion_Beauty,54.31,-0.86,2.1
2023-02-12,IN,India,Fitness_Wearables,74.32,-1.7,1.02
2023-02-12,IN,India,Nutrition_Diets,77.05,-0.39,0.66
2023-02-12,JP,Japan,Fashion_Beauty,20.36,0.96,0.61
2023-02-12,JP,Japan,Fitness_Wearables,27.1,0.44,1.32
2023-02-12,JP,Japan,Nutrition_Diets,10.53,-0.19,0.3
2023-02-12,KE,Kenya,Fashion_Beauty,81.01,-4.26,-2.46
2023-02-12,KE,Kenya,Fitness_Wearables,73.64,-9.92,-18.34
2023-02-12,KE,Kenya,Nutrition_Diets,83.79,-7.06,-15.33
2023-02-12,MX,Mexico,Fashion_Beauty,51.9,-2.86,-5.72
2023-02-12,MX,Mexico,Fitness_Wearables,61.48,-3.59,-1.63
2023-02-12,MX,Mexico,Nutrition_Diets,29.4,-2.25,-1.17
2023-02-12,NG,Nigeria,Fashion_Beauty,74.13,-3.33,-4.06
2023-02-12,NG,Nigeria,Fitness_Wearables,88.24,-4.53,-0.83
2023-02-12,NG,Nigeria,Nutrition_Diets,78.23,-6.78,-9.69
2023-02-12,SG,Singapore,Fashion_Beauty,47.12,-2.93,-2.61
2023-02-12,SG,Singapore,Fitness_Wearables,61.59,-3.98,-2.88
2023-02-12,SG,Singapore,Nutrition_Diets,53.55,-2.44,-5.2
2023-02-12,US,United_States,Fashion_Beauty,43.91,-0.34,0.18
2023-02-12,US,United_States,Fitness_Wearables,54.59,-3.49,-0.89
2023-02-12,US,United_States,Nutrition_Diets,58.71,-4.15,-4.43
2023-02-12,ZA,South_Africa,Fashion_Beauty,69.64,-1.25,-1.53
2023-02-12,ZA,South_Africa,Fitness_Wearables,83.49,-3.3,2.36
2023-02-12,ZA,South_Africa,Nutrition_Diets,76.67,-8.32,-5.28
2023-02-19,AE,United_Arab_Emirates,Fashion_Beauty,68.92,1.81,1.08
2023-02-19,AE,United_Arab_Emirates,Fitness_Wearables,69.76,0.1,0.62
2023-02-19,AE,United_Arab_Emirates,Nutrition_Diets,72.02,-0.73,-1.83
2023-02-19,AU,Australia,Fashion_Beauty,59.06,-0.99,0.87
2023-02-19,AU,Australia,Fitness_Wearables,79.65,1.75,5.25
2023-02-19,AU,Australia,Nutrition_Diets,82.77,2.77,0.75
2023-02-19,BR,Brazil,Fashion_Beauty,48.21,-0.37,0.62
2023-02-19,BR,Brazil,Fitness_Wearables,59.76,-2,5.31
2023-02-19,BR,Brazil,Nutrition_Diets,31.81,-2.55,-1.06
2023-02-19,CA,Canada,Fashion_Beauty,63.62,3.31,7.61
2023-02-19,CA,Canada,Fitness_Wearables,75.92,9.01,13.83
2023-02-19,CA,Canada,Nutrition_Diets,80.47,6.66,13.41
2023-02-19,CN,China,Fashion_Beauty,15.4,0.74,0.61
2023-02-19,CN,China,Fitness_Wearables,29.08,2.59,4.81
2023-02-19,CN,China,Nutrition_Diets,6.17,0,-0.46
2023-02-19,DE,Germany,Fashion_Beauty,44.25,-0.11,0.45
2023-02-19,DE,Germany,Fitness_Wearables,66.74,1.7,4.88
2023-02-19,DE,Germany,Nutrition_Diets,45.7,2.51,4.25
2023-02-19,FR,France,Fashion_Beauty,29.8,1.75,2.13
2023-02-19,FR,France,Fitness_Wearables,51.43,-1.9,-0.11
2023-02-19,FR,France,Nutrition_Diets,37.6,2.71,3.62
2023-02-19,GB,United_Kingdom,Fashion_Beauty,54.43,3.03,3.03
2023-02-19,GB,United_Kingdom,Fitness_Wearables,72.26,4.97,10.87
2023-02-19,GB,United_Kingdom,Nutrition_Diets,79.82,4.7,6.9
2023-02-19,IN,India,Fashion_Beauty,54.06,-0.25,0.61
2023-02-19,IN,India,Fitness_Wearables,78.74,4.42,6.12
2023-02-19,IN,India,Nutrition_Diets,85.14,8.09,8.48
2023-02-19,JP,Japan,Fashion_Beauty,19.17,-1.19,-2.15
2023-02-19,JP,Japan,Fitness_Wearables,25.88,-1.22,-1.66
2023-02-19,JP,Japan,Nutrition_Diets,10.53,0,0.19
2023-02-19,KE,Kenya,Fashion_Beauty,93.45,12.44,16.7
2023-02-19,KE,Kenya,Fitness_Wearables,77.45,3.81,13.73
2023-02-19,KE,Kenya,Nutrition_Diets,87.32,3.53,10.59
2023-02-19,MX,Mexico,Fashion_Beauty,54.08,2.18,5.04
2023-02-19,MX,Mexico,Fitness_Wearables,60.5,-0.98,2.61
2023-02-19,MX,Mexico,Nutrition_Diets,32.01,2.61,4.86
2023-02-19,NG,Nigeria,Fashion_Beauty,71.68,-2.45,0.88
2023-02-19,NG,Nigeria,Fitness_Wearables,77.31,-10.93,-6.4
2023-02-19,NG,Nigeria,Nutrition_Diets,73.88,-4.35,2.43
2023-02-19,SG,Singapore,Fashion_Beauty,50.26,3.14,6.07
2023-02-19,SG,Singapore,Fitness_Wearables,64.48,2.89,6.87
2023-02-19,SG,Singapore,Nutrition_Diets,56.73,3.18,5.62
2023-02-19,US,United_States,Fashion_Beauty,43.82,-0.09,0.25
2023-02-19,US,United_States,Fitness_Wearables,59.38,4.79,8.28
2023-02-19,US,United_States,Nutrition_Diets,61.57,2.86,7.01
2023-02-19,ZA,South_Africa,Fashion_Beauty,72.84,3.2,4.45
2023-02-19,ZA,South_Africa,Fitness_Wearables,82.43,-1.06,2.24
2023-02-19,ZA,South_Africa,Nutrition_Diets,77.28,0.61,8.93
2023-02-26,AE,United_Arab_Emirates,Fashion_Beauty,67.47,-1.45,-3.26
2023-02-26,AE,United_Arab_Emirates,Fitness_Wearables,67.67,-2.09,-2.19
2023-02-26,AE,United_Arab_Emirates,Nutrition_Diets,73.3,1.28,2.01
2023-02-26,AU,Australia,Fashion_Beauty,63.03,3.97,4.96
2023-02-26,AU,Australia,Fitness_Wearables,77.49,-2.16,-3.91
2023-02-26,AU,Australia,Nutrition_Diets,81.81,-0.96,-3.73
2023-02-26,BR,Brazil,Fashion_Beauty,50.8,2.59,2.96
2023-02-26,BR,Brazil,Fitness_Wearables,64.66,4.9,6.9
2023-02-26,BR,Brazil,Nutrition_Diets,34.68,2.87,5.42
2023-02-26,CA,Canada,Fashion_Beauty,64.72,1.1,-2.21
2023-02-26,CA,Canada,Fitness_Wearables,71.83,-4.09,-13.1
2023-02-26,CA,Canada,Nutrition_Diets,81.28,0.81,-5.85
2023-02-26,CN,China,Fashion_Beauty,13.91,-1.49,-2.23
2023-02-26,CN,China,Fitness_Wearables,29.95,0.87,-1.72
2023-02-26,CN,China,Nutrition_Diets,7.22,1.05,1.05
2023-02-26,DE,Germany,Fashion_Beauty,48.6,4.35,4.46
2023-02-26,DE,Germany,Fitness_Wearables,68.56,1.82,0.12
2023-02-26,DE,Germany,Nutrition_Diets,45.12,-0.58,-3.09
2023-02-26,FR,France,Fashion_Beauty,36.41,6.61,4.86
2023-02-26,FR,France,Fitness_Wearables,55.33,3.9,5.8
2023-02-26,FR,France,Nutrition_Diets,37.27,-0.33,-3.04
2023-02-26,GB,United_Kingdom,Fashion_Beauty,53.38,-1.05,-4.08
2023-02-26,GB,United_Kingdom,Fitness_Wearables,70.29,-1.97,-6.94
2023-02-26,GB,United_Kingdom,Nutrition_Diets,76.72,-3.1,-7.8
2023-02-26,IN,India,Fashion_Beauty,54.56,0.5,0.75
2023-02-26,IN,India,Fitness_Wearables,78.74,0,-4.42
2023-02-26,IN,India,Nutrition_Diets,85.4,0.26,-7.83
2023-02-26,JP,Japan,Fashion_Beauty,19.05,-0.12,1.07
2023-02-26,JP,Japan,Fitness_Wearables,27.77,1.89,3.11
2023-02-26,JP,Japan,Nutrition_Diets,10.53,0,0
2023-02-26,KE,Kenya,Fashion_Beauty,86.58,-6.87,-19.31
2023-02-26,KE,Kenya,Fitness_Wearables,78.53,1.08,-2.73
2023-02-26,KE,Kenya,Nutrition_Diets,79.82,-7.5,-11.03
2023-02-26,MX,Mexico,Fashion_Beauty,53.4,-0.68,-2.86
2023-02-26,MX,Mexico,Fitness_Wearables,60.5,0,0.98
2023-02-26,MX,Mexico,Nutrition_Diets,32.28,0.27,-2.34
2023-02-26,NG,Nigeria,Fashion_Beauty,71.53,-0.15,2.3
2023-02-26,NG,Nigeria,Fitness_Wearables,73.11,-4.2,6.73
2023-02-26,NG,Nigeria,Nutrition_Diets,72.91,-0.97,3.38
2023-02-26,SG,Singapore,Fashion_Beauty,52.67,2.41,-0.73
2023-02-26,SG,Singapore,Fitness_Wearables,62.89,-1.59,-4.48
2023-02-26,SG,Singapore,Nutrition_Diets,55.46,-1.27,-4.45
2023-02-26,US,United_States,Fashion_Beauty,45.2,1.38,1.47
2023-02-26,US,United_States,Fitness_Wearables,59.28,-0.1,-4.89
2023-02-26,US,United_States,Nutrition_Diets,64.79,3.22,0.36
2023-02-26,ZA,South_Africa,Fashion_Beauty,75.91,3.07,-0.13
2023-02-26,ZA,South_Africa,Fitness_Wearables,86.56,4.13,5.19
2023-02-26,ZA,South_Africa,Nutrition_Diets,77.69,0.41,-0.2
2023-03-05,AE,United_Arab_Emirates,Fashion_Beauty,69.53,2.06,3.51
2023-03-05,AE,United_Arab_Emirates,Fitness_Wearables,67.15,-0.52,1.57
2023-03-05,AE,United_Arab_Emirates,Nutrition_Diets,67.89,-5.41,-6.69
2023-03-05,AU,Australia,Fashion_Beauty,64.27,1.24,-2.73
2023-03-05,AU,Australia,Fitness_Wearables,74.51,-2.98,-0.82
2023-03-05,AU,Australia,Nutrition_Diets,79.57,-2.24,-1.28
2023-03-05,BR,Brazil,Fashion_Beauty,55.24,4.44,1.85
2023-03-05,BR,Brazil,Fitness_Wearables,61.56,-3.1,-8
2023-03-05,BR,Brazil,Nutrition_Diets,33.19,-1.49,-4.36
2023-03-05,CA,Canada,Fashion_Beauty,72.88,8.16,7.06
2023-03-05,CA,Canada,Fitness_Wearables,70.68,-1.15,2.94
2023-03-05,CA,Canada,Nutrition_Diets,82.18,0.9,0.09
2023-03-05,CN,China,Fashion_Beauty,17.02,3.11,4.6
2023-03-05,CN,China,Fitness_Wearables,29.08,-0.87,-1.74
2023-03-05,CN,China,Nutrition_Diets,6.47,-0.75,-1.8
2023-03-05,DE,Germany,Fashion_Beauty,48.83,0.23,-4.12
2023-03-05,DE,Germany,Fitness_Wearables,65.61,-2.95,-4.77
2023-03-05,DE,Germany,Nutrition_Diets,43.09,-2.03,-1.45
2023-03-05,FR,France,Fashion_Beauty,32.79,-3.62,-10.23
2023-03-05,FR,France,Fitness_Wearables,54.8,-0.53,-4.43
2023-03-05,FR,France,Nutrition_Diets,37.36,0.09,0.42
2023-03-05,GB,United_Kingdom,Fashion_Beauty,54.55,1.17,2.22
2023-03-05,GB,United_Kingdom,Fitness_Wearables,69.57,-0.72,1.25
2023-03-05,GB,United_Kingdom,Nutrition_Diets,75.92,-0.8,2.3
2023-03-05,IN,India,Fashion_Beauty,54.68,0.12,-0.38
2023-03-05,IN,India,Fitness_Wearables,77.55,-1.19,-1.19
2023-03-05,IN,India,Nutrition_Diets,78.23,-7.17,-7.43
2023-03-05,JP,Japan,Fashion_Beauty,20.36,1.31,1.43
2023-03-05,JP,Japan,Fitness_Wearables,26.55,-1.22,-3.11
2023-03-05,JP,Japan,Nutrition_Diets,10.92,0.39,0.39
2023-03-05,KE,Kenya,Fashion_Beauty,88.38,1.8,8.67
2023-03-05,KE,Kenya,Fitness_Wearables,73.37,-5.16,-6.24
2023-03-05,KE,Kenya,Nutrition_Diets,89.08,9.26,16.76
2023-03-05,MX,Mexico,Fashion_Beauty,56.66,3.26,3.94
2023-03-05,MX,Mexico,Fitness_Wearables,61.81,1.31,1.31
2023-03-05,MX,Mexico,Nutrition_Diets,32.01,-0.27,-0.54
2023-03-05,NG,Nigeria,Fashion_Beauty,84.39,12.86,13.01
2023-03-05,NG,Nigeria,Fitness_Wearables,79.16,6.05,10.25
2023-03-05,NG,Nigeria,Nutrition_Diets,83.19,10.28,11.25
2023-03-05,SG,Singapore,Fashion_Beauty,52.15,-0.52,-2.93
2023-03-05,SG,Singapore,Fitness_Wearables,63.18,0.29,1.88
2023-03-05,SG,Singapore,Nutrition_Diets,54.51,-0.95,0.32
2023-03-05,US,United_States,Fashion_Beauty,45.38,0.18,-1.2
2023-03-05,US,United_States,Fitness_Wearables,57.39,-1.89,-1.79
2023-03-05,US,United_States,Nutrition_Diets,63.41,-1.38,-4.6
2023-03-05,ZA,South_Africa,Fashion_Beauty,77.44,1.53,-1.54
2023-03-05,ZA,South_Africa,Fitness_Wearables,88.33,1.77,-2.36
2023-03-05,ZA,South_Africa,Nutrition_Diets,79.51,1.82,1.41
2023-03-12,AE,United_Arab_Emirates,Fashion_Beauty,70.74,1.21,-0.85
2023-03-12,AE,United_Arab_Emirates,Fitness_Wearables,66.21,-0.94,-0.42
2023-03-12,AE,United_Arab_Emirates,Nutrition_Diets,72.11,4.22,9.63
2023-03-12,AU,Australia,Fashion_Beauty,65.63,1.36,0.12
2023-03-12,AU,Australia,Fitness_Wearables,73.38,-1.13,1.85
2023-03-12,AU,Australia,Nutrition_Diets,84.47,4.9,7.14
2023-03-12,BR,Brazil,Fashion_Beauty,55.49,0.25,-4.19
2023-03-12,BR,Brazil,Fitness_Wearables,61.36,-0.2,2.9
2023-03-12,BR,Brazil,Nutrition_Diets,33.3,0.11,1.6
2023-03-12,CA,Canada,Fashion_Beauty,71.44,-1.44,-9.6
2023-03-12,CA,Canada,Fitness_Wearables,69.53,-1.15,-1.42E-14
2023-03-12,CA,Canada,Nutrition_Diets,82,-0.18,-1.08
2023-03-12,CN,China,Fashion_Beauty,14.53,-2.49,-5.6
2023-03-12,CN,China,Fitness_Wearables,28.84,-0.24,0.63
2023-03-12,CN,China,Nutrition_Diets,6.62,0.15,0.9
2023-03-12,DE,Germany,Fashion_Beauty,45.47,-3.36,-3.59
2023-03-12,DE,Germany,Fitness_Wearables,63.11,-2.5,0.45
2023-03-12,DE,Germany,Nutrition_Diets,44.06,0.97,3
2023-03-12,FR,France,Fashion_Beauty,30.17,-2.62,1
2023-03-12,FR,France,Fitness_Wearables,54.38,-0.42,0.11
2023-03-12,FR,France,Nutrition_Diets,36.54,-0.82,-0.91
2023-03-12,GB,United_Kingdom,Fashion_Beauty,51.05,-3.5,-4.67
2023-03-12,GB,United_Kingdom,Fitness_Wearables,67.18,-2.39,-1.67
2023-03-12,GB,United_Kingdom,Nutrition_Diets,77.02,1.1,1.9
2023-03-12,IN,India,Fashion_Beauty,55.42,0.74,0.62
2023-03-12,IN,India,Fitness_Wearables,77.72,0.17,1.36
2023-03-12,IN,India,Nutrition_Diets,82.92,4.69,11.86
2023-03-12,JP,Japan,Fashion_Beauty,20.48,0.12,-1.19
2023-03-12,JP,Japan,Fitness_Wearables,26.44,-0.11,1.11
2023-03-12,JP,Japan,Nutrition_Diets,11.21,0.29,-0.1
2023-03-12,KE,Kenya,Fashion_Beauty,89.69,1.31,-0.49
2023-03-12,KE,Kenya,Fitness_Wearables,71.88,-1.49,3.67
2023-03-12,KE,Kenya,Nutrition_Diets,89.31,0.23,-9.03
2023-03-12,MX,Mexico,Fashion_Beauty,53.53,-3.13,-6.39
2023-03-12,MX,Mexico,Fitness_Wearables,60.39,-1.42,-2.73
2023-03-12,MX,Mexico,Nutrition_Diets,32.1,0.09,0.36
2023-03-12,NG,Nigeria,Fashion_Beauty,81.07,-3.32,-16.18
2023-03-12,NG,Nigeria,Fitness_Wearables,75.8,-3.36,-9.41
2023-03-12,NG,Nigeria,Nutrition_Diets,77.75,-5.44,-15.72
2023-03-12,SG,Singapore,Fashion_Beauty,52.46,0.31,0.83
2023-03-12,SG,Singapore,Fitness_Wearables,61.89,-1.29,-1.58
2023-03-12,SG,Singapore,Nutrition_Diets,51.64,-2.87,-1.92
2023-03-12,US,United_States,Fashion_Beauty,44.77,-0.61,-0.79
2023-03-12,US,United_States,Fitness_Wearables,56.79,-0.6,1.29
2023-03-12,US,United_States,Nutrition_Diets,63.41,0,1.38
2023-03-12,ZA,South_Africa,Fashion_Beauty,74.51,-2.93,-4.46
2023-03-12,ZA,South_Africa,Fitness_Wearables,81.84,-6.49,-8.26
2023-03-12,ZA,South_Africa,Nutrition_Diets,78.7,-0.81,-2.63
2023-03-19,AE,United_Arab_Emirates,Fashion_Beauty,62.88,-7.86,-9.07
2023-03-19,AE,United_Arab_Emirates,Fitness_Wearables,67.78,1.57,2.51
2023-03-19,AE,United_Arab_Emirates,Nutrition_Diets,68.62,-3.49,-7.71
2023-03-19,AU,Australia,Fashion_Beauty,62.03,-3.6,-4.96
2023-03-19,AU,Australia,Fitness_Wearables,72.97,-0.41,0.72
2023-03-19,AU,Australia,Nutrition_Diets,79.79,-4.68,-9.58
2023-03-19,BR,Brazil,Fashion_Beauty,51.91,-3.58,-3.83
2023-03-19,BR,Brazil,Fitness_Wearables,62.56,1.2,1.4
2023-03-19,BR,Brazil,Nutrition_Diets,34.89,1.59,1.48
2023-03-19,CA,Canada,Fashion_Beauty,66.15,-5.29,-3.85
2023-03-19,CA,Canada,Fitness_Wearables,69.42,-0.11,1.04
2023-03-19,CA,Canada,Nutrition_Diets,79.57,-2.43,-2.25
2023-03-19,CN,China,Fashion_Beauty,15.16,0.63,3.12
2023-03-19,CN,China,Fitness_Wearables,24.75,-4.09,-3.85
2023-03-19,CN,China,Nutrition_Diets,5.41,-1.21,-1.36
2023-03-19,DE,Germany,Fashion_Beauty,46.03,0.56,3.92
2023-03-19,DE,Germany,Fitness_Wearables,63.68,0.57,3.07
2023-03-19,DE,Germany,Nutrition_Diets,43.48,-0.58,-1.55
2023-03-19,FR,France,Fashion_Beauty,28.05,-2.12,0.5
2023-03-19,FR,France,Fitness_Wearables,51.32,-3.06,-2.64
2023-03-19,FR,France,Nutrition_Diets,35.63,-0.91,-0.09
2023-03-19,GB,United_Kingdom,Fashion_Beauty,50.93,-0.12,3.38
2023-03-19,GB,United_Kingdom,Fitness_Wearables,67.81,0.63,3.02
2023-03-19,GB,United_Kingdom,Nutrition_Diets,78.42,1.4,0.3
2023-03-19,IN,India,Fashion_Beauty,53.69,-1.73,-2.47
2023-03-19,IN,India,Fitness_Wearables,74.49,-3.23,-3.4
2023-03-19,IN,India,Nutrition_Diets,83.7,0.78,-3.91
2023-03-19,JP,Japan,Fashion_Beauty,19.88,-0.6,-0.72
2023-03-19,JP,Japan,Fitness_Wearables,26.11,-0.33,-0.22
2023-03-19,JP,Japan,Nutrition_Diets,10.33,-0.88,-1.17
2023-03-19,KE,Kenya,Fashion_Beauty,91,1.31,0
2023-03-19,KE,Kenya,Fitness_Wearables,64.81,-7.07,-5.58
2023-03-19,KE,Kenya,Nutrition_Diets,86.33,-2.98,-3.21
2023-03-19,MX,Mexico,Fashion_Beauty,53.94,0.41,3.54
2023-03-19,MX,Mexico,Fitness_Wearables,59.52,-0.87,0.55
2023-03-19,MX,Mexico,Nutrition_Diets,31.38,-0.72,-0.81
2023-03-19,NG,Nigeria,Fashion_Beauty,86.56,5.49,8.81
2023-03-19,NG,Nigeria,Fitness_Wearables,76.13,0.33,3.69
2023-03-19,NG,Nigeria,Nutrition_Diets,85.25,7.5,12.94
2023-03-19,SG,Singapore,Fashion_Beauty,49.21,-3.25,-3.56
2023-03-19,SG,Singapore,Fitness_Wearables,60,-1.89,-0.6
2023-03-19,SG,Singapore,Nutrition_Diets,53.34,1.7,4.57
2023-03-19,US,United_States,Fashion_Beauty,44.17,-0.6,0.01
2023-03-19,US,United_States,Fitness_Wearables,56.99,0.2,0.8
2023-03-19,US,United_States,Nutrition_Diets,64.24,0.83,0.83
2023-03-19,ZA,South_Africa,Fashion_Beauty,82.03,7.52,10.45
2023-03-19,ZA,South_Africa,Fitness_Wearables,83.96,2.12,8.61
2023-03-19,ZA,South_Africa,Nutrition_Diets,76.77,-1.93,-1.12
2023-03-26,AE,United_Arab_Emirates,Fashion_Beauty,69.53,6.65,14.51
2023-03-26,AE,United_Arab_Emirates,Fitness_Wearables,70.59,2.81,1.24
2023-03-26,AE,United_Arab_Emirates,Nutrition_Diets,64.5,-4.12,-0.63
2023-03-26,AU,Australia,Fashion_Beauty,62.9,0.87,4.47
2023-03-26,AU,Australia,Fitness_Wearables,74.41,1.44,1.85
2023-03-26,AU,Australia,Nutrition_Diets,78.4,-1.39,3.29
2023-03-26,BR,Brazil,Fashion_Beauty,50.43,-1.48,2.1
2023-03-26,BR,Brazil,Fitness_Wearables,61.76,-0.8,-2
2023-03-26,BR,Brazil,Nutrition_Diets,34.36,-0.53,-2.12
2023-03-26,CA,Canada,Fashion_Beauty,65.16,-0.99,4.3
2023-03-26,CA,Canada,Fitness_Wearables,69.32,-0.1,0.01
2023-03-26,CA,Canada,Nutrition_Diets,79.57,0,2.43
2023-03-26,CN,China,Fashion_Beauty,15.78,0.62,-0.01
2023-03-26,CN,China,Fitness_Wearables,25.87,1.12,5.21
2023-03-26,CN,China,Nutrition_Diets,5.86,0.45,1.66
2023-03-26,DE,Germany,Fashion_Beauty,47.04,1.01,0.45
2023-03-26,DE,Germany,Fitness_Wearables,64.47,0.79,0.22
2023-03-26,DE,Germany,Nutrition_Diets,41.45,-2.03,-1.45
2023-03-26,FR,France,Fashion_Beauty,28.3,0.25,2.37
2023-03-26,FR,France,Fitness_Wearables,55.12,3.8,6.86
2023-03-26,FR,France,Nutrition_Diets,37.19,1.56,2.47
2023-03-26,GB,United_Kingdom,Fashion_Beauty,50.7,-0.23,-0.11
2023-03-26,GB,United_Kingdom,Fitness_Wearables,67.81,0,-0.63
2023-03-26,GB,United_Kingdom,Nutrition_Diets,74.03,-4.39,-5.79
2023-03-26,IN,India,Fashion_Beauty,52.34,-1.35,0.38
2023-03-26,IN,India,Fitness_Wearables,71.77,-2.72,0.51
2023-03-26,IN,India,Nutrition_Diets,80.57,-3.13,-3.91
2023-03-26,JP,Japan,Fashion_Beauty,21.07,1.19,1.79
2023-03-26,JP,Japan,Fitness_Wearables,28.43,2.32,2.65
2023-03-26,JP,Japan,Nutrition_Diets,11.7,1.37,2.25
2023-03-26,KE,Kenya,Fashion_Beauty,87.56,-3.44,-4.75
2023-03-26,KE,Kenya,Fitness_Wearables,77.85,13.04,20.11
2023-03-26,KE,Kenya,Nutrition_Diets,85.89,-0.44,2.54
2023-03-26,MX,Mexico,Fashion_Beauty,52.58,-1.36,-1.77
2023-03-26,MX,Mexico,Fitness_Wearables,58,-1.52,-0.65
2023-03-26,MX,Mexico,Nutrition_Diets,32.37,0.99,1.71
2023-03-26,NG,Nigeria,Fashion_Beauty,88.58,2.02,-3.47
2023-03-26,NG,Nigeria,Fitness_Wearables,87.9,11.77,11.44
2023-03-26,NG,Nigeria,Nutrition_Diets,88.51,3.26,-4.24
2023-03-26,SG,Singapore,Fashion_Beauty,48.9,-0.31,2.94
2023-03-26,SG,Singapore,Fitness_Wearables,60.1,0.1,1.99
2023-03-26,SG,Singapore,Nutrition_Diets,52.7,-0.64,-2.34
2023-03-26,US,United_States,Fashion_Beauty,44.25,0.08,0.68
2023-03-26,US,United_States,Fitness_Wearables,54.99,-2,-2.2
2023-03-26,US,United_States,Nutrition_Diets,61.2,-3.04,-3.87
2023-03-26,ZA,South_Africa,Fashion_Beauty,87.05,5.02,-2.5
2023-03-26,ZA,South_Africa,Fitness_Wearables,72.52,-11.44,-13.56
2023-03-26,ZA,South_Africa,Nutrition_Diets,73.02,-3.75,-1.82
2023-04-02,AE,United_Arab_Emirates,Fashion_Beauty,73.64,4.11,-2.54
2023-04-02,AE,United_Arab_Emirates,Fitness_Wearables,66.74,-3.85,-6.66
2023-04-02,AE,United_Arab_Emirates,Nutrition_Diets,63.85,-0.65,3.47
2023-04-02,AU,Australia,Fashion_Beauty,61.04,-1.86,-2.73
2023-04-02,AU,Australia,Fitness_Wearables,71.84,-2.57,-4.01
2023-04-02,AU,Australia,Nutrition_Diets,73.3,-5.1,-3.71
2023-04-02,BR,Brazil,Fashion_Beauty,50.43,0,1.48
2023-04-02,BR,Brazil,Fitness_Wearables,56.56,-5.2,-4.4
2023-04-02,BR,Brazil,Nutrition_Diets,32.66,-1.7,-1.17
2023-04-02,CA,Canada,Fashion_Beauty,65.38,0.22,1.21
2023-04-02,CA,Canada,Fitness_Wearables,72.36,3.04,3.14
2023-04-02,CA,Canada,Nutrition_Diets,74.35,-5.22,-5.22
2023-04-02,CN,China,Fashion_Beauty,13.04,-2.74,-3.36
2023-04-02,CN,China,Fitness_Wearables,25,-0.87,-1.99
2023-04-02,CN,China,Nutrition_Diets,6.32,0.46,0.01
2023-04-02,DE,Germany,Fashion_Beauty,45.59,-1.45,-2.46
2023-04-02,DE,Germany,Fitness_Wearables,66.4,1.93,1.14
2023-04-02,DE,Germany,Nutrition_Diets,40.58,-0.87,1.16
2023-04-02,FR,France,Fashion_Beauty,29.43,1.13,0.88
2023-04-02,FR,France,Fitness_Wearables,54.91,-0.21,-4.01
2023-04-02,FR,France,Nutrition_Diets,35.14,-2.05,-3.61
2023-04-02,GB,United_Kingdom,Fashion_Beauty,50.82,0.12,0.35
2023-04-02,GB,United_Kingdom,Fitness_Wearables,66.05,-1.76,-1.76
2023-04-02,GB,United_Kingdom,Nutrition_Diets,70.33,-3.7,0.69
2023-04-02,IN,India,Fashion_Beauty,52.96,0.62,1.97
2023-04-02,IN,India,Fitness_Wearables,71.09,-0.68,2.04
2023-04-02,IN,India,Nutrition_Diets,80.18,-0.39,2.74
2023-04-02,JP,Japan,Fashion_Beauty,19.88,-1.19,-2.38
2023-04-02,JP,Japan,Fitness_Wearables,27.65,-0.78,-3.1
2023-04-02,JP,Japan,Nutrition_Diets,11.5,-0.2,-1.57
2023-04-02,KE,Kenya,Fashion_Beauty,83.31,-4.25,-0.81
2023-04-02,KE,Kenya,Fitness_Wearables,66.44,-11.41,-24.45
2023-04-02,KE,Kenya,Nutrition_Diets,82.8,-3.09,-2.65
2023-04-02,MX,Mexico,Fashion_Beauty,56.79,4.21,5.57
2023-04-02,MX,Mexico,Fitness_Wearables,63.55,5.55,7.07
2023-04-02,MX,Mexico,Nutrition_Diets,29.94,-2.43,-3.42
2023-04-02,NG,Nigeria,Fashion_Beauty,89.45,0.87,-1.15
2023-04-02,NG,Nigeria,Fitness_Wearables,73.45,-14.45,-26.22
2023-04-02,NG,Nigeria,Nutrition_Diets,82.1,-6.41,-9.67
2023-04-02,SG,Singapore,Fashion_Beauty,50.79,1.89,2.2
2023-04-02,SG,Singapore,Fitness_Wearables,61.79,1.69,1.59
2023-04-02,SG,Singapore,Nutrition_Diets,52.81,0.11,0.75
2023-04-02,US,United_States,Fashion_Beauty,42.26,-1.99,-2.07
2023-04-02,US,United_States,Fitness_Wearables,56.59,1.6,3.6
2023-04-02,US,United_States,Nutrition_Diets,59.45,-1.75,1.29
2023-04-02,ZA,South_Africa,Fashion_Beauty,80.22,-6.83,-11.85
2023-04-02,ZA,South_Africa,Fitness_Wearables,72.52,0,11.44
2023-04-02,ZA,South_Africa,Nutrition_Diets,67.44,-5.58,-1.83
2023-04-09,AE,United_Arab_Emirates,Fashion_Beauty,71.95,-1.69,-5.8
2023-04-09,AE,United_Arab_Emirates,Fitness_Wearables,64.13,-2.61,1.24
2023-04-09,AE,United_Arab_Emirates,Nutrition_Diets,65.14,1.29,1.94
2023-04-09,AU,Australia,Fashion_Beauty,67.74,6.7,8.56
2023-04-09,AU,Australia,Fitness_Wearables,72.35,0.51,3.08
2023-04-09,AU,Australia,Nutrition_Diets,78.62,5.32,10.42
2023-04-09,BR,Brazil,Fashion_Beauty,49.69,-0.74,-0.74
2023-04-09,BR,Brazil,Fitness_Wearables,56.16,-0.4,4.8
2023-04-09,BR,Brazil,Nutrition_Diets,29.57,-3.09,-1.39
2023-04-09,CA,Canada,Fashion_Beauty,64.06,-1.32,-1.54
2023-04-09,CA,Canada,Fitness_Wearables,69.95,-2.41,-5.45
2023-04-09,CA,Canada,Nutrition_Diets,76.24,1.89,7.11
2023-04-09,CN,China,Fashion_Beauty,13.91,0.87,3.61
2023-04-09,CN,China,Fitness_Wearables,27.97,2.97,3.84
2023-04-09,CN,China,Nutrition_Diets,6.32,0,-0.46
2023-04-09,DE,Germany,Fashion_Beauty,48.16,2.57,4.02
2023-04-09,DE,Germany,Fitness_Wearables,66.52,0.12,-1.81
2023-04-09,DE,Germany,Nutrition_Diets,41.93,1.35,2.22
2023-04-09,FR,France,Fashion_Beauty,29.05,-0.38,-1.51
2023-04-09,FR,France,Fitness_Wearables,53.54,-1.37,-1.16
2023-04-09,FR,France,Nutrition_Diets,35.39,0.25,2.3
2023-04-09,GB,United_Kingdom,Fashion_Beauty,50.93,0.11,-0.01
2023-04-09,GB,United_Kingdom,Fitness_Wearables,66.46,0.41,2.17
2023-04-09,GB,United_Kingdom,Nutrition_Diets,75.62,5.29,8.99
2023-04-09,IN,India,Fashion_Beauty,53.08,0.12,-0.5
2023-04-09,IN,India,Fitness_Wearables,72.45,1.36,2.04
2023-04-09,IN,India,Nutrition_Diets,82.66,2.48,2.87
2023-04-09,JP,Japan,Fashion_Beauty,19.64,-0.24,0.95
2023-04-09,JP,Japan,Fitness_Wearables,27.99,0.34,1.12
2023-04-09,JP,Japan,Nutrition_Diets,11.7,0.2,0.4
2023-04-09,KE,Kenya,Fashion_Beauty,86.42,3.11,7.36
2023-04-09,KE,Kenya,Fitness_Wearables,69.43,2.99,14.4
2023-04-09,KE,Kenya,Nutrition_Diets,82.36,-0.44,2.65
2023-04-09,MX,Mexico,Fashion_Beauty,57.47,0.68,-3.53
2023-04-09,MX,Mexico,Fitness_Wearables,62.35,-1.2,-6.75
2023-04-09,MX,Mexico,Nutrition_Diets,30.75,0.81,3.24
2023-04-09,NG,Nigeria,Fashion_Beauty,86.13,-3.32,-4.19
2023-04-09,NG,Nigeria,Fitness_Wearables,77.82,4.37,18.82
2023-04-09,NG,Nigeria,Nutrition_Diets,81.14,-0.96,5.45
2023-04-09,SG,Singapore,Fashion_Beauty,46.91,-3.88,-5.77
2023-04-09,SG,Singapore,Fitness_Wearables,61.09,-0.7,-2.39
2023-04-09,SG,Singapore,Nutrition_Diets,58.32,5.51,5.4
2023-04-09,US,United_States,Fashion_Beauty,42.52,0.26,2.25
2023-04-09,US,United_States,Fitness_Wearables,54.79,-1.8,-3.4
2023-04-09,US,United_States,Nutrition_Diets,59.72,0.27,2.02
2023-04-09,ZA,South_Africa,Fashion_Beauty,82.59,2.37,9.2
2023-04-09,ZA,South_Africa,Fitness_Wearables,73.47,0.95,0.95
2023-04-09,ZA,South_Africa,Nutrition_Diets,71.3,3.86,9.44
2023-04-16,AE,United_Arab_Emirates,Fashion_Beauty,73.76,1.81,3.5
2023-04-16,AE,United_Arab_Emirates,Fitness_Wearables,63.82,-0.31,2.3
2023-04-16,AE,United_Arab_Emirates,Nutrition_Diets,60.28,-4.86,-6.15
2023-04-16,AU,Australia,Fashion_Beauty,66,-1.74,-8.44
2023-04-16,AU,Australia,Fitness_Wearables,72.66,0.31,-0.2
2023-04-16,AU,Australia,Nutrition_Diets,74.79,-3.83,-9.15
2023-04-16,BR,Brazil,Fashion_Beauty,54.01,4.32,5.06
2023-04-16,BR,Brazil,Fitness_Wearables,57.06,0.9,1.3
2023-04-16,BR,Brazil,Nutrition_Diets,29.36,-0.21,2.88
2023-04-16,CA,Canada,Fashion_Beauty,65.93,1.87,3.19
2023-04-16,CA,Canada,Fitness_Wearables,66.81,-3.14,-0.73
2023-04-16,CA,Canada,Nutrition_Diets,76.42,0.18,-1.71
2023-04-16,CN,China,Fashion_Beauty,15.28,1.37,0.5
2023-04-16,CN,China,Fitness_Wearables,27.6,-0.37,-3.34
2023-04-16,CN,China,Nutrition_Diets,5.11,-1.21,-1.21
2023-04-16,DE,Germany,Fashion_Beauty,45.47,-2.69,-5.26
2023-04-16,DE,Germany,Fitness_Wearables,65.72,-0.8,-0.92
2023-04-16,DE,Germany,Nutrition_Diets,42.51,0.58,-0.77
2023-04-16,FR,France,Fashion_Beauty,29.8,0.75,1.13
2023-04-16,FR,France,Fitness_Wearables,50.9,-2.64,-1.27
2023-04-16,FR,France,Nutrition_Diets,36.12,0.73,0.48
2023-04-16,GB,United_Kingdom,Fashion_Beauty,51.17,0.24,0.13
2023-04-16,GB,United_Kingdom,Fitness_Wearables,68.43,1.97,1.56
2023-04-16,GB,United_Kingdom,Nutrition_Diets,83.42,7.8,2.51
2023-04-16,IN,India,Fashion_Beauty,52.83,-0.25,-0.37
2023-04-16,IN,India,Fitness_Wearables,70.41,-2.04,-3.4
2023-04-16,IN,India,Nutrition_Diets,77.31,-5.35,-7.83
2023-04-16,JP,Japan,Fashion_Beauty,20.83,1.19,1.43
2023-04-16,JP,Japan,Fitness_Wearables,27.77,-0.22,-0.56
2023-04-16,JP,Japan,Nutrition_Diets,12.77,1.07,0.87
2023-04-16,KE,Kenya,Fashion_Beauty,82.49,-3.93,-7.04
2023-04-16,KE,Kenya,Fitness_Wearables,69.57,0.14,-2.85
2023-04-16,KE,Kenya,Nutrition_Diets,81.04,-1.32,-0.88
2023-04-16,MX,Mexico,Fashion_Beauty,55.3,-2.17,-2.85
2023-04-16,MX,Mexico,Fitness_Wearables,62.24,-0.11,1.09
2023-04-16,MX,Mexico,Nutrition_Diets,30.57,-0.18,-0.99
2023-04-16,NG,Nigeria,Fashion_Beauty,85.4,-0.73,2.59
2023-04-16,NG,Nigeria,Fitness_Wearables,77.48,-0.34,-4.71
2023-04-16,NG,Nigeria,Nutrition_Diets,85.61,4.47,5.43
2023-04-16,SG,Singapore,Fashion_Beauty,45.55,-1.36,2.52
2023-04-16,SG,Singapore,Fitness_Wearables,58.91,-2.18,-1.48
2023-04-16,SG,Singapore,Nutrition_Diets,53.55,-4.77,-10.28
2023-04-16,US,United_States,Fashion_Beauty,43.56,1.04,0.78
2023-04-16,US,United_States,Fitness_Wearables,51.9,-2.89,-1.09
2023-04-16,US,United_States,Nutrition_Diets,58.99,-0.73,-1
2023-04-16,ZA,South_Africa,Fashion_Beauty,85.79,3.2,0.83
2023-04-16,ZA,South_Africa,Fitness_Wearables,71.58,-1.89,-2.84
2023-04-16,ZA,South_Africa,Nutrition_Diets,70.28,-1.02,-4.88
2023-04-23,AE,United_Arab_Emirates,Fashion_Beauty,65.3,-8.46,-10.27
2023-04-23,AE,United_Arab_Emirates,Fitness_Wearables,70.59,6.77,7.08
2023-04-23,AE,United_Arab_Emirates,Nutrition_Diets,73.94,13.66,18.52
2023-04-23,AU,Australia,Fashion_Beauty,65.88,-0.12,1.62
2023-04-23,AU,Australia,Fitness_Wearables,74.72,2.06,1.75
2023-04-23,AU,Australia,Nutrition_Diets,79.47,4.68,8.51
2023-04-23,BR,Brazil,Fashion_Beauty,51.91,-2.1,-6.42
2023-04-23,BR,Brazil,Fitness_Wearables,56.96,-0.1,-1
2023-04-23,BR,Brazil,Nutrition_Diets,29.79,0.43,0.64
2023-04-23,CA,Canada,Fashion_Beauty,63.73,-2.2,-4.07
2023-04-23,CA,Canada,Fitness_Wearables,66.6,-0.21,2.93
2023-04-23,CA,Canada,Nutrition_Diets,72.46,-3.96,-4.14
2023-04-23,CN,China,Fashion_Beauty,13.42,-1.86,-3.23
2023-04-23,CN,China,Fitness_Wearables,28.09,0.49,0.86
2023-04-23,CN,China,Nutrition_Diets,6.47,1.36,2.57
2023-04-23,DE,Germany,Fashion_Beauty,45.92,0.45,3.14
2023-04-23,DE,Germany,Fitness_Wearables,64.36,-1.36,-0.56
2023-04-23,DE,Germany,Nutrition_Diets,41.93,-0.58,-1.16
2023-04-23,FR,France,Fashion_Beauty,28.3,-1.5,-2.25
2023-04-23,FR,France,Fitness_Wearables,51.74,0.84,3.48
2023-04-23,FR,France,Nutrition_Diets,34.89,-1.23,-1.96
2023-04-23,GB,United_Kingdom,Fashion_Beauty,51.4,0.23,-0.01
2023-04-23,GB,United_Kingdom,Fitness_Wearables,68.84,0.41,-1.56
2023-04-23,GB,United_Kingdom,Nutrition_Diets,82.22,-1.2,-9
2023-04-23,IN,India,Fashion_Beauty,53.33,0.5,0.75
2023-04-23,IN,India,Fitness_Wearables,74.49,4.08,6.12
2023-04-23,IN,India,Nutrition_Diets,79.92,2.61,7.96
2023-04-23,JP,Japan,Fashion_Beauty,19.76,-1.07,-2.26
2023-04-23,JP,Japan,Fitness_Wearables,26.88,-0.89,-0.67
2023-04-23,JP,Japan,Nutrition_Diets,12.18,-0.59,-1.66
2023-04-23,KE,Kenya,Fashion_Beauty,83.47,0.98,4.91
2023-04-23,KE,Kenya,Fitness_Wearables,65.63,-3.94,-4.08
2023-04-23,KE,Kenya,Nutrition_Diets,80.82,-0.22,1.1
2023-04-23,MX,Mexico,Fashion_Beauty,55.98,0.68,2.85
2023-04-23,MX,Mexico,Fitness_Wearables,59.19,-3.05,-2.94
2023-04-23,MX,Mexico,Nutrition_Diets,29.67,-0.9,-0.72
2023-04-23,NG,Nigeria,Fashion_Beauty,85.12,-0.28,0.45
2023-04-23,NG,Nigeria,Fitness_Wearables,79.66,2.18,2.52
2023-04-23,NG,Nigeria,Nutrition_Diets,86.94,1.33,-3.14
2023-04-23,SG,Singapore,Fashion_Beauty,48.27,2.72,4.08
2023-04-23,SG,Singapore,Fitness_Wearables,59.8,0.89,3.07
2023-04-23,SG,Singapore,Nutrition_Diets,55.25,1.7,6.47
2023-04-23,US,United_States,Fashion_Beauty,43.73,0.17,-0.87
2023-04-23,US,United_States,Fitness_Wearables,52.1,0.2,3.09
2023-04-23,US,United_States,Nutrition_Diets,59.63,0.64,1.37
2023-04-23,ZA,South_Africa,Fashion_Beauty,95.54,9.75,6.55
2023-04-23,ZA,South_Africa,Fitness_Wearables,72.29,0.71,2.6
2023-04-23,ZA,South_Africa,Nutrition_Diets,70.99,0.71,1.73
2023-04-30,AE,United_Arab_Emirates,Fashion_Beauty,67.96,2.66,11.12
2023-04-30,AE,United_Arab_Emirates,Fitness_Wearables,68.51,-2.08,-8.85
2023-04-30,AE,United_Arab_Emirates,Nutrition_Diets,75.78,1.84,-11.82
2023-04-30,AU,Australia,Fashion_Beauty,66.63,0.75,0.87
2023-04-30,AU,Australia,Fitness_Wearables,75.33,0.61,-1.45
2023-04-30,AU,Australia,Nutrition_Diets,78.94,-0.53,-5.21
2023-04-30,BR,Brazil,Fashion_Beauty,54.87,2.96,5.06
2023-04-30,BR,Brazil,Fitness_Wearables,57.16,0.2,0.3
2023-04-30,BR,Brazil,Nutrition_Diets,30.96,1.17,0.74
2023-04-30,CA,Canada,Fashion_Beauty,65.82,2.09,4.29
2023-04-30,CA,Canada,Fitness_Wearables,68.06,1.46,1.67
2023-04-30,CA,Canada,Nutrition_Diets,73.54,1.08,5.04
2023-04-30,CN,China,Fashion_Beauty,14.16,0.74,2.6
2023-04-30,CN,China,Fitness_Wearables,27.85,-0.24,-0.73
2023-04-30,CN,China,Nutrition_Diets,6.47,0,-1.36
2023-04-30,DE,Germany,Fashion_Beauty,46.15,0.23,-0.22
2023-04-30,DE,Germany,Fitness_Wearables,64.7,0.34,1.7
2023-04-30,DE,Germany,Nutrition_Diets,42.51,0.58,1.16
2023-04-30,FR,France,Fashion_Beauty,28.05,-0.25,1.25
2023-04-30,FR,France,Fitness_Wearables,57.76,6.02,5.18
2023-04-30,FR,France,Nutrition_Diets,40.07,5.18,6.41
2023-04-30,GB,United_Kingdom,Fashion_Beauty,50.35,-1.05,-1.28
2023-04-30,GB,United_Kingdom,Fitness_Wearables,67.81,-1.03,-1.44
2023-04-30,GB,United_Kingdom,Nutrition_Diets,77.92,-4.3,-3.1
2023-04-30,IN,India,Fashion_Beauty,52.83,-0.5,-1
2023-04-30,IN,India,Fitness_Wearables,74.66,0.17,-3.91
2023-04-30,IN,India,Nutrition_Diets,75.23,-4.69,-7.3
2023-04-30,JP,Japan,Fashion_Beauty,19.17,-0.59,0.48
2023-04-30,JP,Japan,Fitness_Wearables,27.99,1.11,2
2023-04-30,JP,Japan,Nutrition_Diets,11.21,-0.97,-0.38
2023-04-30,KE,Kenya,Fashion_Beauty,82.49,-0.98,-1.96
2023-04-30,KE,Kenya,Fitness_Wearables,67.39,1.76,5.7
2023-04-30,KE,Kenya,Nutrition_Diets,80.82,0,0.22
2023-04-30,MX,Mexico,Fashion_Beauty,57.07,1.09,0.41
2023-04-30,MX,Mexico,Fitness_Wearables,65.18,5.99,9.04
2023-04-30,MX,Mexico,Nutrition_Diets,30.3,0.63,1.53
2023-04-30,NG,Nigeria,Fashion_Beauty,84.83,-0.29,-0.01
2023-04-30,NG,Nigeria,Fitness_Wearables,71.43,-8.23,-10.41
2023-04-30,NG,Nigeria,Nutrition_Diets,89.72,2.78,1.45
2023-04-30,SG,Singapore,Fashion_Beauty,49.01,0.74,-1.98
2023-04-30,SG,Singapore,Fitness_Wearables,64.88,5.08,4.19
2023-04-30,SG,Singapore,Nutrition_Diets,53.76,-1.49,-3.19
2023-04-30,US,United_States,Fashion_Beauty,43.13,-0.6,-0.77
2023-04-30,US,United_States,Fitness_Wearables,53.39,1.29,1.09
2023-04-30,US,United_States,Nutrition_Diets,59.35,-0.28,-0.92
2023-04-30,ZA,South_Africa,Fashion_Beauty,84.4,-11.14,-20.89
2023-04-30,ZA,South_Africa,Fitness_Wearables,72.17,-0.12,-0.83
2023-04-30,ZA,South_Africa,Nutrition_Diets,72.01,1.02,0.31
2023-05-07,AE,United_Arab_Emirates,Fashion_Beauty,64.09,-3.87,-6.53
2023-05-07,AE,United_Arab_Emirates,Fitness_Wearables,68.72,0.21,2.29
2023-05-07,AE,United_Arab_Emirates,Nutrition_Diets,75.6,-0.18,-2.02
2023-05-07,AU,Australia,Fashion_Beauty,67.12,0.49,-0.26
2023-05-07,AU,Australia,Fitness_Wearables,69.99,-5.34,-5.95
2023-05-07,AU,Australia,Nutrition_Diets,76.38,-2.56,-2.03
2023-05-07,BR,Brazil,Fashion_Beauty,52.9,-1.97,-4.93
2023-05-07,BR,Brazil,Fitness_Wearables,56.96,-0.2,-0.4
2023-05-07,BR,Brazil,Nutrition_Diets,30.11,-0.85,-2.02
2023-05-07,CA,Canada,Fashion_Beauty,61.74,-4.08,-6.17
2023-05-07,CA,Canada,Fitness_Wearables,64.61,-3.45,-4.91
2023-05-07,CA,Canada,Nutrition_Diets,69.13,-4.41,-5.49
2023-05-07,CN,China,Fashion_Beauty,14.91,0.75,0.01
2023-05-07,CN,China,Fitness_Wearables,29.58,1.73,1.97
2023-05-07,CN,China,Nutrition_Diets,5.86,-0.61,-0.61
2023-05-07,DE,Germany,Fashion_Beauty,45.59,-0.56,-0.79
2023-05-07,DE,Germany,Fitness_Wearables,61.98,-2.72,-3.06
2023-05-07,DE,Germany,Nutrition_Diets,42.13,-0.38,-0.96
2023-05-07,FR,France,Fashion_Beauty,28.93,0.88,1.13
2023-05-07,FR,France,Fitness_Wearables,53.22,-4.54,-10.56
2023-05-07,FR,France,Nutrition_Diets,36.86,-3.21,-8.39
2023-05-07,GB,United_Kingdom,Fashion_Beauty,49.65,-0.7,0.35
2023-05-07,GB,United_Kingdom,Fitness_Wearables,68.74,0.93,1.96
2023-05-07,GB,United_Kingdom,Nutrition_Diets,77.02,-0.9,3.4
2023-05-07,IN,India,Fashion_Beauty,52.34,-0.49,0.01
2023-05-07,IN,India,Fitness_Wearables,72.62,-2.04,-2.21
2023-05-07,IN,India,Nutrition_Diets,80.05,4.82,9.51
2023-05-07,JP,Japan,Fashion_Beauty,20,0.83,1.42
2023-05-07,JP,Japan,Fitness_Wearables,28.1,0.11,-1
2023-05-07,JP,Japan,Nutrition_Diets,12.48,1.27,2.24
2023-05-07,KE,Kenya,Fashion_Beauty,89.85,7.36,8.34
2023-05-07,KE,Kenya,Fitness_Wearables,67.66,0.27,-1.49
2023-05-07,KE,Kenya,Nutrition_Diets,84.67,3.85,3.85
2023-05-07,MX,Mexico,Fashion_Beauty,56.52,-0.55,-1.64
2023-05-07,MX,Mexico,Fitness_Wearables,59.41,-5.77,-11.76
2023-05-07,MX,Mexico,Nutrition_Diets,27.77,-2.53,-3.16
2023-05-07,NG,Nigeria,Fashion_Beauty,84.68,-0.15,0.14
2023-05-07,NG,Nigeria,Fitness_Wearables,77.31,5.88,14.11
2023-05-07,NG,Nigeria,Nutrition_Diets,95.41,5.69,2.91
2023-05-07,SG,Singapore,Fashion_Beauty,46.91,-2.1,-2.84
2023-05-07,SG,Singapore,Fitness_Wearables,61.49,-3.39,-8.47
2023-05-07,SG,Singapore,Nutrition_Diets,54.29,0.53,2.02
2023-05-07,US,United_States,Fashion_Beauty,43.47,0.34,0.94
2023-05-07,US,United_States,Fitness_Wearables,54.69,1.3,0.01
2023-05-07,US,United_States,Nutrition_Diets,55.02,-4.33,-4.05
2023-05-07,ZA,South_Africa,Fashion_Beauty,84.12,-0.28,10.86
2023-05-07,ZA,South_Africa,Fitness_Wearables,69.1,-3.07,-2.95
2023-05-07,ZA,South_Africa,Nutrition_Diets,68.66,-3.35,-4.37
2023-05-14,AE,United_Arab_Emirates,Fashion_Beauty,64.45,0.36,4.23
2023-05-14,AE,United_Arab_Emirates,Fitness_Wearables,70.18,1.46,1.25
2023-05-14,AE,United_Arab_Emirates,Nutrition_Diets,77.98,2.38,2.56
2023-05-14,AU,Australia,Fashion_Beauty,68.49,1.37,0.88
2023-05-14,AU,Australia,Fitness_Wearables,69.27,-0.72,4.62
2023-05-14,AU,Australia,Nutrition_Diets,80.64,4.26,6.82
2023-05-14,BR,Brazil,Fashion_Beauty,50.68,-2.22,-0.25
2023-05-14,BR,Brazil,Fitness_Wearables,54.65,-2.31,-2.11
2023-05-14,BR,Brazil,Nutrition_Diets,29.68,-0.43,0.42
2023-05-14,CA,Canada,Fashion_Beauty,62.29,0.55,4.63
2023-05-14,CA,Canada,Fitness_Wearables,66.49,1.88,5.33
2023-05-14,CA,Canada,Nutrition_Diets,72.1,2.97,7.38
2023-05-14,CN,China,Fashion_Beauty,16.15,1.24,0.49
2023-05-14,CN,China,Fitness_Wearables,27.6,-1.98,-3.71
2023-05-14,CN,China,Nutrition_Diets,6.92,1.06,1.67
2023-05-14,DE,Germany,Fashion_Beauty,42.79,-2.8,-2.24
2023-05-14,DE,Germany,Fitness_Wearables,62.88,0.9,3.62
2023-05-14,DE,Germany,Nutrition_Diets,40.48,-1.65,-1.27
2023-05-14,FR,France,Fashion_Beauty,29.43,0.5,-0.38
2023-05-14,FR,France,Fitness_Wearables,54.17,0.95,5.49
2023-05-14,FR,France,Nutrition_Diets,34.24,-2.62,0.59
2023-05-14,GB,United_Kingdom,Fashion_Beauty,50.7,1.05,1.75
2023-05-14,GB,United_Kingdom,Fitness_Wearables,66.87,-1.87,-2.8
2023-05-14,GB,United_Kingdom,Nutrition_Diets,78.52,1.5,2.4
2023-05-14,IN,India,Fashion_Beauty,50,-2.34,-1.85
2023-05-14,IN,India,Fitness_Wearables,71.09,-1.53,0.51
2023-05-14,IN,India,Nutrition_Diets,74.71,-5.34,-10.16
2023-05-14,JP,Japan,Fashion_Beauty,20.83,0.83,0
2023-05-14,JP,Japan,Fitness_Wearables,27.77,-0.33,-0.44
2023-05-14,JP,Japan,Nutrition_Diets,13.16,0.68,-0.59
2023-05-14,KE,Kenya,Fashion_Beauty,92.14,2.29,-5.07
2023-05-14,KE,Kenya,Fitness_Wearables,69.97,2.31,2.04
2023-05-14,KE,Kenya,Nutrition_Diets,86.22,1.55,-2.3
2023-05-14,MX,Mexico,Fashion_Beauty,55.03,-1.49,-0.94
2023-05-14,MX,Mexico,Fitness_Wearables,61.15,1.74,7.51
2023-05-14,MX,Mexico,Nutrition_Diets,28.94,1.17,3.7
2023-05-14,NG,Nigeria,Fashion_Beauty,83.67,-1.01,-0.86
2023-05-14,NG,Nigeria,Fitness_Wearables,74.45,-2.86,-8.74
2023-05-14,NG,Nigeria,Nutrition_Diets,100,4.59,-1.1
2023-05-14,SG,Singapore,Fashion_Beauty,47.64,0.73,2.83
2023-05-14,SG,Singapore,Fitness_Wearables,61.09,-0.4,2.99
2023-05-14,SG,Singapore,Nutrition_Diets,52.49,-1.8,-2.33
2023-05-14,US,United_States,Fashion_Beauty,42.96,-0.51,-0.85
2023-05-14,US,United_States,Fitness_Wearables,54.69,0,-1.3
2023-05-14,US,United_States,Nutrition_Diets,57.24,2.22,6.55
2023-05-14,ZA,South_Africa,Fashion_Beauty,84.68,0.56,0.84
2023-05-14,ZA,South_Africa,Fitness_Wearables,65.92,-3.18,-0.11
2023-05-14,ZA,South_Africa,Nutrition_Diets,67.14,-1.52,1.83
2023-05-21,AE,United_Arab_Emirates,Fashion_Beauty,70.13,5.68,5.32
2023-05-21,AE,United_Arab_Emirates,Fitness_Wearables,72.37,2.19,0.73
2023-05-21,AE,United_Arab_Emirates,Nutrition_Diets,78.62,0.64,-1.74
2023-05-21,AU,Australia,Fashion_Beauty,62.53,-5.96,-7.33
2023-05-21,AU,Australia,Fitness_Wearables,70.71,1.44,2.16
2023-05-21,AU,Australia,Nutrition_Diets,76.6,-4.04,-8.3
2023-05-21,BR,Brazil,Fashion_Beauty,51.42,0.74,2.96
2023-05-21,BR,Brazil,Fitness_Wearables,56.06,1.41,3.72
2023-05-21,BR,Brazil,Nutrition_Diets,29.79,0.11,0.54
2023-05-21,CA,Canada,Fashion_Beauty,62.62,0.33,-0.22
2023-05-21,CA,Canada,Fitness_Wearables,69.11,2.62,0.74
2023-05-21,CA,Canada,Nutrition_Diets,73,0.9,-2.07
2023-05-21,CN,China,Fashion_Beauty,15.16,-0.99,-2.23
2023-05-21,CN,China,Fitness_Wearables,29.7,2.1,4.08
2023-05-21,CN,China,Nutrition_Diets,6.32,-0.6,-1.66
2023-05-21,DE,Germany,Fashion_Beauty,42.01,-0.78,2.02
2023-05-21,DE,Germany,Fitness_Wearables,60.27,-2.61,-3.51
2023-05-21,DE,Germany,Nutrition_Diets,41.45,0.97,2.62
2023-05-21,FR,France,Fashion_Beauty,27.68,-1.75,-2.25
2023-05-21,FR,France,Fitness_Wearables,51.32,-2.85,-3.8
2023-05-21,FR,France,Nutrition_Diets,36.29,2.05,4.67
2023-05-21,GB,United_Kingdom,Fashion_Beauty,51.17,0.47,-0.58
2023-05-21,GB,United_Kingdom,Fitness_Wearables,66.77,-0.1,1.77
2023-05-21,GB,United_Kingdom,Nutrition_Diets,78.02,-0.5,-2
2023-05-21,IN,India,Fashion_Beauty,49.88,-0.12,2.22
2023-05-21,IN,India,Fitness_Wearables,73.3,2.21,3.74
2023-05-21,IN,India,Nutrition_Diets,78.1,3.39,8.73
2023-05-21,JP,Japan,Fashion_Beauty,22.02,1.19,0.36
2023-05-21,JP,Japan,Fitness_Wearables,28.54,0.77,1.1
2023-05-21,JP,Japan,Nutrition_Diets,13.06,-0.1,-0.78
2023-05-21,KE,Kenya,Fashion_Beauty,86.74,-5.4,-7.69
2023-05-21,KE,Kenya,Fitness_Wearables,76.49,6.52,4.21
2023-05-21,KE,Kenya,Nutrition_Diets,91.73,5.51,3.96
2023-05-21,MX,Mexico,Fashion_Beauty,53.8,-1.23,0.26
2023-05-21,MX,Mexico,Fitness_Wearables,59.52,-1.63,-3.37
2023-05-21,MX,Mexico,Nutrition_Diets,28.4,-0.54,-1.71
2023-05-21,NG,Nigeria,Fashion_Beauty,88.01,4.34,5.35
2023-05-21,NG,Nigeria,Fitness_Wearables,82.02,7.57,10.43
2023-05-21,NG,Nigeria,Nutrition_Diets,96.86,-3.14,-7.73
2023-05-21,SG,Singapore,Fashion_Beauty,50.68,3.04,2.31
2023-05-21,SG,Singapore,Fitness_Wearables,63.48,2.39,2.79
2023-05-21,SG,Singapore,Nutrition_Diets,55.36,2.87,4.67
2023-05-21,US,United_States,Fashion_Beauty,42.35,-0.61,-0.1
2023-05-21,US,United_States,Fitness_Wearables,56.29,1.6,1.6
2023-05-21,US,United_States,Nutrition_Diets,57.05,-0.19,-2.41
2023-05-21,ZA,South_Africa,Fashion_Beauty,90.11,5.43,4.87
2023-05-21,ZA,South_Africa,Fitness_Wearables,67.92,2,5.18
2023-05-21,ZA,South_Africa,Nutrition_Diets,68.76,1.62,3.14
2023-05-28,AE,United_Arab_Emirates,Fashion_Beauty,71.46,1.33,-4.35
2023-05-28,AE,United_Arab_Emirates,Fitness_Wearables,71.85,-0.52,-2.71
2023-05-28,AE,United_Arab_Emirates,Nutrition_Diets,74.59,-4.03,-4.67
2023-05-28,AU,Australia,Fashion_Beauty,61.91,-0.62,5.34
2023-05-28,AU,Australia,Fitness_Wearables,71.84,1.13,-0.31
2023-05-28,AU,Australia,Nutrition_Diets,75.85,-0.75,3.29
2023-05-28,BR,Brazil,Fashion_Beauty,53.39,1.97,1.23
2023-05-28,BR,Brazil,Fitness_Wearables,55.36,-0.7,-2.11
2023-05-28,BR,Brazil,Nutrition_Diets,30.21,0.42,0.31
2023-05-28,CA,Canada,Fashion_Beauty,61.96,-0.66,-0.99
2023-05-28,CA,Canada,Fitness_Wearables,69.01,-0.1,-2.72
2023-05-28,CA,Canada,Nutrition_Diets,72.73,-0.27,-1.17
2023-05-28,CN,China,Fashion_Beauty,15.03,-0.13,0.86
2023-05-28,CN,China,Fitness_Wearables,30.32,0.62,-1.48
2023-05-28,CN,China,Nutrition_Diets,7.07,0.75,1.35
2023-05-28,DE,Germany,Fashion_Beauty,41.9,-0.11,0.67
2023-05-28,DE,Germany,Fitness_Wearables,63.22,2.95,5.56
2023-05-28,DE,Germany,Nutrition_Diets,40.39,-1.06,-2.03
2023-05-28,FR,France,Fashion_Beauty,27.68,0,1.75
2023-05-28,FR,France,Fitness_Wearables,53.22,1.9,4.75
2023-05-28,FR,France,Nutrition_Diets,35.39,-0.9,-2.95
2023-05-28,GB,United_Kingdom,Fashion_Beauty,49.65,-1.52,-1.99
2023-05-28,GB,United_Kingdom,Fitness_Wearables,67.49,0.72,0.82
2023-05-28,GB,United_Kingdom,Nutrition_Diets,72.13,-5.89,-5.39
2023-05-28,IN,India,Fashion_Beauty,55.42,5.54,5.66
2023-05-28,IN,India,Fitness_Wearables,76.53,3.23,1.02
2023-05-28,IN,India,Nutrition_Diets,82.53,4.43,1.04
2023-05-28,JP,Japan,Fashion_Beauty,21.55,-0.47,-1.66
2023-05-28,JP,Japan,Fitness_Wearables,28.21,-0.33,-1.1
2023-05-28,JP,Japan,Nutrition_Diets,12.18,-0.88,-0.78
2023-05-28,KE,Kenya,Fashion_Beauty,93.45,6.71,12.11
2023-05-28,KE,Kenya,Fitness_Wearables,74.86,-1.63,-8.15
2023-05-28,KE,Kenya,Nutrition_Diets,90.41,-1.32,-6.83
2023-05-28,MX,Mexico,Fashion_Beauty,58.97,5.17,6.4
2023-05-28,MX,Mexico,Fitness_Wearables,67.14,7.62,9.25
2023-05-28,MX,Mexico,Nutrition_Diets,30.48,2.08,2.62
2023-05-28,NG,Nigeria,Fashion_Beauty,85.98,-2.03,-6.37
2023-05-28,NG,Nigeria,Fitness_Wearables,80,-2.02,-9.59
2023-05-28,NG,Nigeria,Nutrition_Diets,90.93,-5.93,-2.79
2023-05-28,SG,Singapore,Fashion_Beauty,48.17,-2.51,-5.55
2023-05-28,SG,Singapore,Fitness_Wearables,61.99,-1.49,-3.88
2023-05-28,SG,Singapore,Nutrition_Diets,53.55,-1.81,-4.68
2023-05-28,US,United_States,Fashion_Beauty,40.97,-1.38,-0.77
2023-05-28,US,United_States,Fitness_Wearables,62.97,6.68,5.08
2023-05-28,US,United_States,Nutrition_Diets,57.88,0.83,1.02
2023-05-28,ZA,South_Africa,Fashion_Beauty,84.4,-5.71,-11.14
2023-05-28,ZA,South_Africa,Fitness_Wearables,68.4,0.48,-1.52
2023-05-28,ZA,South_Africa,Nutrition_Diets,67.65,-1.11,-2.73
2023-06-04,AE,United_Arab_Emirates,Fashion_Beauty,69.41,-2.05,-3.38
2023-06-04,AE,United_Arab_Emirates,Fitness_Wearables,74.35,2.5,3.02
2023-06-04,AE,United_Arab_Emirates,Nutrition_Diets,77.89,3.3,7.33
2023-06-04,AU,Australia,Fashion_Beauty,62.16,0.25,0.87
2023-06-04,AU,Australia,Fitness_Wearables,72.76,0.92,-0.21
2023-06-04,AU,Australia,Nutrition_Diets,76.17,0.32,1.07
2023-06-04,BR,Brazil,Fashion_Beauty,55.61,2.22,0.25
2023-06-04,BR,Brazil,Fitness_Wearables,55.46,0.1,0.8
2023-06-04,BR,Brazil,Nutrition_Diets,29.04,-1.17,-1.59
2023-06-04,CA,Canada,Fashion_Beauty,61.63,-0.33,0.33
2023-06-04,CA,Canada,Fitness_Wearables,65.24,-3.77,-3.67
2023-06-04,CA,Canada,Nutrition_Diets,70.48,-2.25,-1.98
2023-06-04,CN,China,Fashion_Beauty,14.53,-0.5,-0.37
2023-06-04,CN,China,Fitness_Wearables,27.48,-2.84,-3.46
2023-06-04,CN,China,Nutrition_Diets,6.47,-0.6,-1.35
2023-06-04,DE,Germany,Fashion_Beauty,43.8,1.9,2.01
2023-06-04,DE,Germany,Fitness_Wearables,63.45,0.23,-2.72
2023-06-04,DE,Germany,Nutrition_Diets,41.64,1.25,2.31
2023-06-04,FR,France,Fashion_Beauty,26.81,-0.87,-0.87
2023-06-04,FR,France,Fitness_Wearables,51.74,-1.48,-3.38
2023-06-04,FR,France,Nutrition_Diets,34.32,-1.07,-0.17
2023-06-04,GB,United_Kingdom,Fashion_Beauty,49.65,0,1.52
2023-06-04,GB,United_Kingdom,Fitness_Wearables,66.25,-1.24,-1.96
2023-06-04,GB,United_Kingdom,Nutrition_Diets,77.22,5.09,10.98
2023-06-04,IN,India,Fashion_Beauty,52.96,-2.46,-8
2023-06-04,IN,India,Fitness_Wearables,80.1,3.57,0.34
2023-06-04,IN,India,Nutrition_Diets,85.14,2.61,-1.82
2023-06-04,JP,Japan,Fashion_Beauty,19.52,-2.03,-1.56
2023-06-04,JP,Japan,Fitness_Wearables,30.75,2.54,2.87
2023-06-04,JP,Japan,Nutrition_Diets,12.77,0.59,1.47
2023-06-04,KE,Kenya,Fashion_Beauty,91.82,-1.63,-8.34
2023-06-04,KE,Kenya,Fitness_Wearables,79.48,4.62,6.25
2023-06-04,KE,Kenya,Nutrition_Diets,96.47,6.06,7.38
2023-06-04,MX,Mexico,Fashion_Beauty,56.11,-2.86,-8.03
2023-06-04,MX,Mexico,Fitness_Wearables,65.4,-1.74,-9.36
2023-06-04,MX,Mexico,Nutrition_Diets,30.57,0.09,-1.99
2023-06-04,NG,Nigeria,Fashion_Beauty,88.01,2.03,4.06
2023-06-04,NG,Nigeria,Fitness_Wearables,79.66,-0.34,1.68
2023-06-04,NG,Nigeria,Nutrition_Diets,97.1,6.17,12.1
2023-06-04,SG,Singapore,Fashion_Beauty,47.75,-0.42,2.09
2023-06-04,SG,Singapore,Fitness_Wearables,63.08,1.09,2.58
2023-06-04,SG,Singapore,Nutrition_Diets,52.81,-0.74,1.07
2023-06-04,US,United_States,Fashion_Beauty,40.54,-0.43,0.95
2023-06-04,US,United_States,Fitness_Wearables,57.49,-5.48,-12.16
2023-06-04,US,United_States,Nutrition_Diets,57.14,-0.74,-1.57
2023-06-04,ZA,South_Africa,Fashion_Beauty,82.87,-1.53,4.18
2023-06-04,ZA,South_Africa,Fitness_Wearables,69.1,0.7,0.22
2023-06-04,ZA,South_Africa,Nutrition_Diets,68.97,1.32,2.43
2023-06-11,AE,United_Arab_Emirates,Fashion_Beauty,77.51,8.1,10.15
2023-06-11,AE,United_Arab_Emirates,Fitness_Wearables,73.72,-0.63,-3.13
2023-06-11,AE,United_Arab_Emirates,Nutrition_Diets,74.31,-3.58,-6.88
2023-06-11,AU,Australia,Fashion_Beauty,60.67,-1.49,-1.74
2023-06-11,AU,Australia,Fitness_Wearables,71.33,-1.43,-2.35
2023-06-11,AU,Australia,Nutrition_Diets,78.19,2.02,1.7
2023-06-11,BR,Brazil,Fashion_Beauty,54.5,-1.11,-3.33
2023-06-11,BR,Brazil,Fitness_Wearables,54.05,-1.41,-1.51
2023-06-11,BR,Brazil,Nutrition_Diets,31.49,2.45,3.62
2023-06-11,CA,Canada,Fashion_Beauty,60.09,-1.54,-1.21
2023-06-11,CA,Canada,Fitness_Wearables,66.49,1.25,5.02
2023-06-11,CA,Canada,Nutrition_Diets,71.38,0.9,3.15
2023-06-11,CN,China,Fashion_Beauty,13.54,-0.99,-0.49
2023-06-11,CN,China,Fitness_Wearables,30.57,3.09,5.93
2023-06-11,CN,China,Nutrition_Diets,4.51,-1.96,-1.36
2023-06-11,DE,Germany,Fashion_Beauty,43.46,-0.34,-2.24
2023-06-11,DE,Germany,Fitness_Wearables,59.82,-3.63,-3.86
2023-06-11,DE,Germany,Nutrition_Diets,41.16,-0.48,-1.73
2023-06-11,FR,France,Fashion_Beauty,28.8,1.99,2.86
2023-06-11,FR,France,Fitness_Wearables,52.38,0.64,2.12
2023-06-11,FR,France,Nutrition_Diets,34.24,-0.08,0.99
2023-06-11,GB,United_Kingdom,Fashion_Beauty,49.07,-0.58,-0.58
2023-06-11,GB,United_Kingdom,Fitness_Wearables,66.05,-0.2,1.04
2023-06-11,GB,United_Kingdom,Nutrition_Diets,74.93,-2.29,-7.38
2023-06-11,IN,India,Fashion_Beauty,57.51,4.55,7.01
2023-06-11,IN,India,Fitness_Wearables,84.86,4.76,1.19
2023-06-11,IN,India,Nutrition_Diets,93.48,8.34,5.73
2023-06-11,JP,Japan,Fashion_Beauty,19.29,-0.23,1.8
2023-06-11,JP,Japan,Fitness_Wearables,28.21,-2.54,-5.08
2023-06-11,JP,Japan,Nutrition_Diets,13.26,0.49,-0.1
2023-06-11,KE,Kenya,Fashion_Beauty,92.14,0.32,1.95
2023-06-11,KE,Kenya,Fitness_Wearables,83.42,3.94,-0.68
2023-06-11,KE,Kenya,Nutrition_Diets,97.57,1.1,-4.96
2023-06-11,MX,Mexico,Fashion_Beauty,56.25,0.14,3
2023-06-11,MX,Mexico,Fitness_Wearables,63.33,-2.07,-0.33
2023-06-11,MX,Mexico,Nutrition_Diets,30.3,-0.27,-0.36
2023-06-11,NG,Nigeria,Fashion_Beauty,95.52,7.51,5.48
2023-06-11,NG,Nigeria,Fitness_Wearables,80.5,0.84,1.18
2023-06-11,NG,Nigeria,Nutrition_Diets,96.61,-0.49,-6.66
2023-06-11,SG,Singapore,Fashion_Beauty,49.01,1.26,1.68
2023-06-11,SG,Singapore,Fitness_Wearables,67.36,4.28,3.19
2023-06-11,SG,Singapore,Nutrition_Diets,53.87,1.06,1.8
2023-06-11,US,United_States,Fashion_Beauty,40.45,-0.09,0.34
2023-06-11,US,United_States,Fitness_Wearables,57.29,-0.2,5.28
2023-06-11,US,United_States,Nutrition_Diets,57.79,0.65,1.39
2023-06-11,ZA,South_Africa,Fashion_Beauty,82.17,-0.7,0.83
2023-06-11,ZA,South_Africa,Fitness_Wearables,71.23,2.13,1.43
2023-06-11,ZA,South_Africa,Nutrition_Diets,65.42,-3.55,-4.87
2023-06-18,AE,United_Arab_Emirates,Fashion_Beauty,75.7,-1.81,-9.91
2023-06-18,AE,United_Arab_Emirates,Fitness_Wearables,75.6,1.88,2.51
2023-06-18,AE,United_Arab_Emirates,Nutrition_Diets,70.37,-3.94,-0.36
2023-06-18,AU,Australia,Fashion_Beauty,59.31,-1.36,0.13
2023-06-18,AU,Australia,Fitness_Wearables,72.05,0.72,2.15
2023-06-18,AU,Australia,Nutrition_Diets,72.45,-5.74,-7.76
2023-06-18,BR,Brazil,Fashion_Beauty,52.65,-1.85,-0.74
2023-06-18,BR,Brazil,Fitness_Wearables,52.95,-1.1,0.31
2023-06-18,BR,Brazil,Nutrition_Diets,30,-1.49,-3.94
2023-06-18,CA,Canada,Fashion_Beauty,58.43,-1.66,-0.12
2023-06-18,CA,Canada,Fitness_Wearables,66.28,-0.21,-1.46
2023-06-18,CA,Canada,Nutrition_Diets,72.01,0.63,-0.27
2023-06-18,CN,China,Fashion_Beauty,12.92,-0.62,0.37
2023-06-18,CN,China,Fitness_Wearables,29.83,-0.74,-3.83
2023-06-18,CN,China,Nutrition_Diets,8.27,3.76,5.72
2023-06-18,DE,Germany,Fashion_Beauty,40.89,-2.57,-2.23
2023-06-18,DE,Germany,Fitness_Wearables,56.64,-3.18,0.45
2023-06-18,DE,Germany,Nutrition_Diets,40.19,-0.97,-0.49
2023-06-18,FR,France,Fashion_Beauty,32.67,3.87,1.88
2023-06-18,FR,France,Fitness_Wearables,48.36,-4.02,-4.66
2023-06-18,FR,France,Nutrition_Diets,32.35,-1.89,-1.81
2023-06-18,GB,United_Kingdom,Fashion_Beauty,49.3,0.23,0.81
2023-06-18,GB,United_Kingdom,Fitness_Wearables,66.15,0.1,0.3
2023-06-18,GB,United_Kingdom,Nutrition_Diets,73.23,-1.7,0.59
2023-06-18,IN,India,Fashion_Beauty,53.82,-3.69,-8.24
2023-06-18,IN,India,Fitness_Wearables,92.35,7.49,2.73
2023-06-18,IN,India,Nutrition_Diets,89.18,-4.3,-12.64
2023-06-18,JP,Japan,Fashion_Beauty,20.71,1.42,1.65
2023-06-18,JP,Japan,Fitness_Wearables,28.21,0,2.54
2023-06-18,JP,Japan,Nutrition_Diets,12.18,-1.08,-1.57
2023-06-18,KE,Kenya,Fashion_Beauty,98.2,6.06,5.74
2023-06-18,KE,Kenya,Fitness_Wearables,81.39,-2.03,-5.97
2023-06-18,KE,Kenya,Nutrition_Diets,100,2.43,1.33
2023-06-18,MX,Mexico,Fashion_Beauty,55.71,-0.54,-0.68
2023-06-18,MX,Mexico,Fitness_Wearables,65.61,2.28,4.35
2023-06-18,MX,Mexico,Nutrition_Diets,32.19,1.89,2.16
2023-06-18,NG,Nigeria,Fashion_Beauty,92.77,-2.75,-10.26
2023-06-18,NG,Nigeria,Fitness_Wearables,77.82,-2.68,-3.52
2023-06-18,NG,Nigeria,Nutrition_Diets,90.33,-6.28,-5.79
2023-06-18,SG,Singapore,Fashion_Beauty,47.02,-1.99,-3.25
2023-06-18,SG,Singapore,Fitness_Wearables,62.49,-4.87,-9.15
2023-06-18,SG,Singapore,Nutrition_Diets,55.46,1.59,0.53
2023-06-18,US,United_States,Fashion_Beauty,40.28,-0.17,-0.08
2023-06-18,US,United_States,Fitness_Wearables,57.29,0,0.2
2023-06-18,US,United_States,Nutrition_Diets,55.21,-2.58,-3.23
2023-06-18,ZA,South_Africa,Fashion_Beauty,85.65,3.48,4.18
2023-06-18,ZA,South_Africa,Fitness_Wearables,69.1,-2.13,-4.26
2023-06-18,ZA,South_Africa,Nutrition_Diets,68.15,2.73,6.28
2023-06-25,AE,United_Arab_Emirates,Fashion_Beauty,79.44,3.74,5.55
2023-06-25,AE,United_Arab_Emirates,Fitness_Wearables,64.86,-10.74,-12.62
2023-06-25,AE,United_Arab_Emirates,Nutrition_Diets,68.81,-1.56,2.38
2023-06-25,AU,Australia,Fashion_Beauty,60.79,1.48,2.84
2023-06-25,AU,Australia,Fitness_Wearables,72.25,0.2,-0.52
2023-06-25,AU,Australia,Nutrition_Diets,74.47,2.02,7.76
2023-06-25,BR,Brazil,Fashion_Beauty,53.39,0.74,2.59
2023-06-25,BR,Brazil,Fitness_Wearables,54.45,1.5,2.6
2023-06-25,BR,Brazil,Nutrition_Diets,31.7,1.7,3.19
2023-06-25,CA,Canada,Fashion_Beauty,57.11,-1.32,0.34
2023-06-25,CA,Canada,Fitness_Wearables,69.01,2.73,2.94
2023-06-25,CA,Canada,Nutrition_Diets,69.31,-2.7,-3.33
2023-06-25,CN,China,Fashion_Beauty,15.28,2.36,2.98
2023-06-25,CN,China,Fitness_Wearables,27.97,-1.86,-1.12
2023-06-25,CN,China,Nutrition_Diets,6.32,-1.95,-5.71
2023-06-25,DE,Germany,Fashion_Beauty,45.7,4.81,7.38
2023-06-25,DE,Germany,Fitness_Wearables,64.25,7.61,10.79
2023-06-25,DE,Germany,Nutrition_Diets,42.42,2.23,3.2
2023-06-25,FR,France,Fashion_Beauty,29.68,-2.99,-6.86
2023-06-25,FR,France,Fitness_Wearables,51.53,3.17,7.19
2023-06-25,FR,France,Nutrition_Diets,32.18,-0.17,1.72
2023-06-25,GB,United_Kingdom,Fashion_Beauty,48.48,-0.82,-1.05
2023-06-25,GB,United_Kingdom,Fitness_Wearables,66.46,0.31,0.21
2023-06-25,GB,United_Kingdom,Nutrition_Diets,75.42,2.19,3.89
2023-06-25,IN,India,Fashion_Beauty,53.69,-0.13,3.56
2023-06-25,IN,India,Fitness_Wearables,82.65,-9.7,-17.19
2023-06-25,IN,India,Nutrition_Diets,85.14,-4.04,0.26
2023-06-25,JP,Japan,Fashion_Beauty,20.83,0.12,-1.3
2023-06-25,JP,Japan,Fitness_Wearables,29.98,1.77,1.77
2023-06-25,JP,Japan,Nutrition_Diets,12.38,0.2,1.28
2023-06-25,KE,Kenya,Fashion_Beauty,100,1.8,-4.26
2023-06-25,KE,Kenya,Fitness_Wearables,79.76,-1.63,0.4
2023-06-25,KE,Kenya,Nutrition_Diets,90.19,-9.81,-12.24
2023-06-25,MX,Mexico,Fashion_Beauty,57.07,1.36,1.9
2023-06-25,MX,Mexico,Fitness_Wearables,63.98,-1.63,-3.91
2023-06-25,MX,Mexico,Nutrition_Diets,31.02,-1.17,-3.06
2023-06-25,NG,Nigeria,Fashion_Beauty,89.31,-3.46,-0.71
2023-06-25,NG,Nigeria,Fitness_Wearables,80.34,2.52,5.2
2023-06-25,NG,Nigeria,Nutrition_Diets,83.43,-6.9,-0.62
2023-06-25,SG,Singapore,Fashion_Beauty,49.84,2.82,4.81
2023-06-25,SG,Singapore,Fitness_Wearables,65.77,3.28,8.15
2023-06-25,SG,Singapore,Nutrition_Diets,56.42,0.96,-0.63
2023-06-25,US,United_States,Fashion_Beauty,40.02,-0.26,-0.09
2023-06-25,US,United_States,Fitness_Wearables,57.58,0.29,0.29
2023-06-25,US,United_States,Nutrition_Diets,57.42,2.21,4.79
2023-06-25,ZA,South_Africa,Fashion_Beauty,89.97,4.32,0.84
2023-06-25,ZA,South_Africa,Fitness_Wearables,69.46,0.36,2.49
2023-06-25,ZA,South_Africa,Nutrition_Diets,67.14,-1.01,-3.74
2023-07-02,AE,United_Arab_Emirates,Fashion_Beauty,71.46,-7.98,-11.72
2023-07-02,AE,United_Arab_Emirates,Fitness_Wearables,79.35,14.49,25.23
2023-07-02,AE,United_Arab_Emirates,Nutrition_Diets,77.8,8.99,10.55
2023-07-02,AU,Australia,Fashion_Beauty,61.79,1,-0.48
2023-07-02,AU,Australia,Fitness_Wearables,74.92,2.67,2.47
2023-07-02,AU,Australia,Nutrition_Diets,77.02,2.55,0.53
2023-07-02,BR,Brazil,Fashion_Beauty,58.08,4.69,3.95
2023-07-02,BR,Brazil,Fitness_Wearables,57.26,2.81,1.31
2023-07-02,BR,Brazil,Nutrition_Diets,31.49,-0.21,-1.91
2023-07-02,CA,Canada,Fashion_Beauty,58.99,1.88,3.2
2023-07-02,CA,Canada,Fitness_Wearables,70.58,1.57,-1.16
2023-07-02,CA,Canada,Nutrition_Diets,71.92,2.61,5.31
2023-07-02,CN,China,Fashion_Beauty,14.16,-1.12,-3.48
2023-07-02,CN,China,Fitness_Wearables,28.09,0.12,1.98
2023-07-02,CN,China,Nutrition_Diets,5.41,-0.91,1.04
2023-07-02,DE,Germany,Fashion_Beauty,42.46,-3.24,-8.05
2023-07-02,DE,Germany,Fitness_Wearables,71.28,7.03,-0.58
2023-07-02,DE,Germany,Nutrition_Diets,42.13,-0.29,-2.52
2023-07-02,FR,France,Fashion_Beauty,29.3,-0.38,2.61
2023-07-02,FR,France,Fitness_Wearables,54.17,2.64,-0.53
2023-07-02,FR,France,Nutrition_Diets,32.76,0.58,0.75
2023-07-02,GB,United_Kingdom,Fashion_Beauty,50,1.52,2.34
2023-07-02,GB,United_Kingdom,Fitness_Wearables,70.19,3.73,3.42
2023-07-02,GB,United_Kingdom,Nutrition_Diets,78.72,3.3,1.11
2023-07-02,IN,India,Fashion_Beauty,54.43,0.74,0.87
2023-07-02,IN,India,Fitness_Wearables,87.24,4.59,14.29
2023-07-02,IN,India,Nutrition_Diets,91.66,6.52,10.56
2023-07-02,JP,Japan,Fashion_Beauty,20.71,-0.12,-0.24
2023-07-02,JP,Japan,Fitness_Wearables,28.98,-1,-2.77
2023-07-02,JP,Japan,Nutrition_Diets,11.21,-1.17,-1.37
2023-07-02,KE,Kenya,Fashion_Beauty,96.4,-3.6,-5.4
2023-07-02,KE,Kenya,Fitness_Wearables,79.21,-0.55,1.08
2023-07-02,KE,Kenya,Nutrition_Diets,97.24,7.05,16.86
2023-07-02,MX,Mexico,Fashion_Beauty,63.59,6.52,5.16
2023-07-02,MX,Mexico,Fitness_Wearables,68.44,4.46,6.09
2023-07-02,MX,Mexico,Nutrition_Diets,32.01,0.99,2.16
2023-07-02,NG,Nigeria,Fashion_Beauty,91.76,2.45,5.91
2023-07-02,NG,Nigeria,Fitness_Wearables,84.54,4.2,1.68
2023-07-02,NG,Nigeria,Nutrition_Diets,94.92,11.49,18.39
2023-07-02,SG,Singapore,Fashion_Beauty,49.74,-0.1,-2.92
2023-07-02,SG,Singapore,Fitness_Wearables,67.06,1.29,-1.99
2023-07-02,SG,Singapore,Nutrition_Diets,56.84,0.42,-0.54
2023-07-02,US,United_States,Fashion_Beauty,41.31,1.29,1.55
2023-07-02,US,United_States,Fitness_Wearables,62.77,5.19,4.9
2023-07-02,US,United_States,Nutrition_Diets,56.77,-0.65,-2.86
2023-07-02,ZA,South_Africa,Fashion_Beauty,91.23,1.26,-3.06
2023-07-02,ZA,South_Africa,Fitness_Wearables,71.82,2.36,2
2023-07-02,ZA,South_Africa,Nutrition_Diets,70.89,3.75,4.76
2023-07-09,AE,United_Arab_Emirates,Fashion_Beauty,69.41,-2.05,5.93
2023-07-09,AE,United_Arab_Emirates,Fitness_Wearables,76.23,-3.12,-17.61
2023-07-09,AE,United_Arab_Emirates,Nutrition_Diets,73.94,-3.86,-12.85
2023-07-09,AU,Australia,Fashion_Beauty,60.79,-1,-2
2023-07-09,AU,Australia,Fitness_Wearables,75.33,0.41,-2.26
2023-07-09,AU,Australia,Nutrition_Diets,76.38,-0.64,-3.19
2023-07-09,BR,Brazil,Fashion_Beauty,53.39,-4.69,-9.38
2023-07-09,BR,Brazil,Fitness_Wearables,59.06,1.8,-1.01
2023-07-09,BR,Brazil,Nutrition_Diets,31.49,0,0.21
2023-07-09,CA,Canada,Fashion_Beauty,57.33,-1.66,-3.54
2023-07-09,CA,Canada,Fitness_Wearables,69.74,-0.84,-2.41
2023-07-09,CA,Canada,Nutrition_Diets,70.93,-0.99,-3.6
2023-07-09,CN,China,Fashion_Beauty,13.04,-1.12,-1.78E-15
2023-07-09,CN,China,Fitness_Wearables,29.08,0.99,0.87
2023-07-09,CN,China,Nutrition_Diets,5.56,0.15,1.06
2023-07-09,DE,Germany,Fashion_Beauty,41.56,-0.9,2.34
2023-07-09,DE,Germany,Fitness_Wearables,64.36,-6.92,-13.95
2023-07-09,DE,Germany,Nutrition_Diets,39.61,-2.52,-2.23
2023-07-09,FR,France,Fashion_Beauty,25.44,-3.86,-3.48
2023-07-09,FR,France,Fitness_Wearables,51.32,-2.85,-5.49
2023-07-09,FR,France,Nutrition_Diets,30.21,-2.55,-3.13
2023-07-09,GB,United_Kingdom,Fashion_Beauty,45.69,-4.31,-5.83
2023-07-09,GB,United_Kingdom,Fitness_Wearables,67.6,-2.59,-6.32
2023-07-09,GB,United_Kingdom,Nutrition_Diets,74.43,-4.29,-7.59
2023-07-09,IN,India,Fashion_Beauty,50,-4.43,-5.17
2023-07-09,IN,India,Fitness_Wearables,83.67,-3.57,-8.16
2023-07-09,IN,India,Nutrition_Diets,83.44,-8.22,-14.74
2023-07-09,JP,Japan,Fashion_Beauty,22.38,1.67,1.79
2023-07-09,JP,Japan,Fitness_Wearables,31.86,2.88,3.88
2023-07-09,JP,Japan,Nutrition_Diets,11.99,0.78,1.95
2023-07-09,KE,Kenya,Fashion_Beauty,94.44,-1.96,1.64
2023-07-09,KE,Kenya,Fitness_Wearables,76.22,-2.99,-2.44
2023-07-09,KE,Kenya,Nutrition_Diets,93.83,-3.41,-10.46
2023-07-09,MX,Mexico,Fashion_Beauty,57.47,-6.12,-12.64
2023-07-09,MX,Mexico,Fitness_Wearables,69.97,1.53,-2.93
2023-07-09,MX,Mexico,Nutrition_Diets,30.21,-1.8,-2.79
2023-07-09,NG,Nigeria,Fashion_Beauty,86.71,-5.05,-7.5
2023-07-09,NG,Nigeria,Fitness_Wearables,80.17,-4.37,-8.57
2023-07-09,NG,Nigeria,Nutrition_Diets,87.18,-7.74,-19.23
2023-07-09,SG,Singapore,Fashion_Beauty,49.74,0,0.1
2023-07-09,SG,Singapore,Fitness_Wearables,64.88,-2.18,-3.47
2023-07-09,SG,Singapore,Nutrition_Diets,57.48,0.64,0.22
2023-07-09,US,United_States,Fashion_Beauty,40.8,-0.51,-1.8
2023-07-09,US,United_States,Fitness_Wearables,59.28,-3.49,-8.68
2023-07-09,US,United_States,Nutrition_Diets,56.77,0,0.65
2023-07-09,ZA,South_Africa,Fashion_Beauty,82.03,-9.2,-10.46
2023-07-09,ZA,South_Africa,Fitness_Wearables,68.75,-3.07,-5.43
2023-07-09,ZA,South_Africa,Nutrition_Diets,66.02,-4.87,-8.62
2023-07-16,AE,United_Arab_Emirates,Fashion_Beauty,68.8,-0.61,1.44
2023-07-16,AE,United_Arab_Emirates,Fitness_Wearables,74.66,-1.57,1.55
2023-07-16,AE,United_Arab_Emirates,Nutrition_Diets,74.4,0.46,4.32
2023-07-16,AU,Australia,Fashion_Beauty,60.3,-0.49,0.51
2023-07-16,AU,Australia,Fitness_Wearables,72.05,-3.28,-3.69
2023-07-16,AU,Australia,Nutrition_Diets,76.7,0.32,0.96
2023-07-16,BR,Brazil,Fashion_Beauty,50.43,-2.96,1.73
2023-07-16,BR,Brazil,Fitness_Wearables,57.96,-1.1,-2.9
2023-07-16,BR,Brazil,Nutrition_Diets,30.53,-0.96,-0.96
2023-07-16,CA,Canada,Fashion_Beauty,59.1,1.77,3.43
2023-07-16,CA,Canada,Fitness_Wearables,70.37,0.63,1.47
2023-07-16,CA,Canada,Nutrition_Diets,69.76,-1.17,-0.18
2023-07-16,CN,China,Fashion_Beauty,13.66,0.62,1.74
2023-07-16,CN,China,Fitness_Wearables,29.21,0.13,-0.86
2023-07-16,CN,China,Nutrition_Diets,6.47,0.91,0.76
2023-07-16,DE,Germany,Fashion_Beauty,40.11,-1.45,-0.55
2023-07-16,DE,Germany,Fitness_Wearables,65.38,1.02,7.94
2023-07-16,DE,Germany,Nutrition_Diets,39.13,-0.48,2.04
2023-07-16,FR,France,Fashion_Beauty,25.06,-0.38,3.48
2023-07-16,FR,France,Fitness_Wearables,51.21,-0.11,2.74
2023-07-16,FR,France,Nutrition_Diets,34.32,4.11,6.66
2023-07-16,GB,United_Kingdom,Fashion_Beauty,46.39,0.7,5.01
2023-07-16,GB,United_Kingdom,Fitness_Wearables,67.91,0.31,2.9
2023-07-16,GB,United_Kingdom,Nutrition_Diets,73.63,-0.8,3.49
2023-07-16,IN,India,Fashion_Beauty,50.74,0.74,5.17
2023-07-16,IN,India,Fitness_Wearables,79.93,-3.74,-0.17
2023-07-16,IN,India,Nutrition_Diets,80.57,-2.87,5.35
2023-07-16,JP,Japan,Fashion_Beauty,20.71,-1.67,-3.34
2023-07-16,JP,Japan,Fitness_Wearables,30.53,-1.33,-4.21
2023-07-16,JP,Japan,Nutrition_Diets,11.5,-0.49,-1.27
2023-07-16,KE,Kenya,Fashion_Beauty,88.38,-6.06,-4.1
2023-07-16,KE,Kenya,Fitness_Wearables,72.28,-3.94,-0.95
2023-07-16,KE,Kenya,Nutrition_Diets,89.64,-4.19,-0.78
2023-07-16,MX,Mexico,Fashion_Beauty,58.42,0.95,7.07
2023-07-16,MX,Mexico,Fitness_Wearables,68.88,-1.09,-2.62
2023-07-16,MX,Mexico,Nutrition_Diets,30.75,0.54,2.34
2023-07-16,NG,Nigeria,Fashion_Beauty,88.44,1.73,6.78
2023-07-16,NG,Nigeria,Fitness_Wearables,83.19,3.02,7.39
2023-07-16,NG,Nigeria,Nutrition_Diets,85.49,-1.69,6.05
2023-07-16,SG,Singapore,Fashion_Beauty,47.43,-2.31,-2.31
2023-07-16,SG,Singapore,Fitness_Wearables,61.69,-3.19,-1.01
2023-07-16,SG,Singapore,Nutrition_Diets,54.19,-3.29,-3.93
2023-07-16,US,United_States,Fashion_Beauty,41.14,0.34,0.85
2023-07-16,US,United_States,Fitness_Wearables,56.29,-2.99,0.5
2023-07-16,US,United_States,Nutrition_Diets,54.01,-2.76,-2.76
2023-07-16,ZA,South_Africa,Fashion_Beauty,79.11,-2.92,6.28
2023-07-16,ZA,South_Africa,Fitness_Wearables,71.11,2.36,5.43
2023-07-16,ZA,South_Africa,Nutrition_Diets,68.26,2.24,7.11
2023-07-23,AE,United_Arab_Emirates,Fashion_Beauty,67.84,-0.96,-0.35
2023-07-23,AE,United_Arab_Emirates,Fitness_Wearables,77.37,2.71,4.28
2023-07-23,AE,United_Arab_Emirates,Nutrition_Diets,74.5,0.1,-0.36
2023-07-23,AU,Australia,Fashion_Beauty,61.04,0.74,1.23
2023-07-23,AU,Australia,Fitness_Wearables,74.1,2.05,5.33
2023-07-23,AU,Australia,Nutrition_Diets,75.53,-1.17,-1.49
2023-07-23,BR,Brazil,Fashion_Beauty,52.53,2.1,5.06
2023-07-23,BR,Brazil,Fitness_Wearables,59.96,2,3.1
2023-07-23,BR,Brazil,Nutrition_Diets,32.02,1.49,2.45
2023-07-23,CA,Canada,Fashion_Beauty,58.43,-0.67,-2.44
2023-07-23,CA,Canada,Fitness_Wearables,66.18,-4.19,-4.82
2023-07-23,CA,Canada,Nutrition_Diets,68.23,-1.53,-0.36
2023-07-23,CN,China,Fashion_Beauty,14.04,0.38,-0.24
2023-07-23,CN,China,Fitness_Wearables,27.35,-1.86,-1.99
2023-07-23,CN,China,Nutrition_Diets,5.26,-1.21,-2.12
2023-07-23,DE,Germany,Fashion_Beauty,41.45,1.34,2.79
2023-07-23,DE,Germany,Fitness_Wearables,64.25,-1.13,-2.15
2023-07-23,DE,Germany,Nutrition_Diets,39.42,0.29,0.77
2023-07-23,FR,France,Fashion_Beauty,25.56,0.5,0.88
2023-07-23,FR,France,Fitness_Wearables,54.49,3.28,3.39
2023-07-23,FR,France,Nutrition_Diets,32.02,-2.3,-6.41
2023-07-23,GB,United_Kingdom,Fashion_Beauty,46.97,0.58,-0.12
2023-07-23,GB,United_Kingdom,Fitness_Wearables,67.29,-0.62,-0.93
2023-07-23,GB,United_Kingdom,Nutrition_Diets,70.53,-3.1,-2.3
2023-07-23,IN,India,Fashion_Beauty,51.72,0.98,0.24
2023-07-23,IN,India,Fitness_Wearables,81.12,1.19,4.93
2023-07-23,IN,India,Nutrition_Diets,80.57,0,2.87
2023-07-23,JP,Japan,Fashion_Beauty,20.12,-0.59,1.08
2023-07-23,JP,Japan,Fitness_Wearables,32.19,1.66,2.99
2023-07-23,JP,Japan,Nutrition_Diets,11.6,0.1,0.59
2023-07-23,KE,Kenya,Fashion_Beauty,90.18,1.8,7.86
2023-07-23,KE,Kenya,Fitness_Wearables,86.28,14,17.94
2023-07-23,KE,Kenya,Nutrition_Diets,91.51,1.87,6.06
2023-07-23,MX,Mexico,Fashion_Beauty,60.87,2.45,1.5
2023-07-23,MX,Mexico,Fitness_Wearables,69.21,0.33,1.42
2023-07-23,MX,Mexico,Nutrition_Diets,30.21,-0.54,-1.08
2023-07-23,NG,Nigeria,Fashion_Beauty,80.49,-7.95,-9.68
2023-07-23,NG,Nigeria,Fitness_Wearables,75.97,-7.22,-10.24
2023-07-23,NG,Nigeria,Nutrition_Diets,77.27,-8.22,-6.53
2023-07-23,SG,Singapore,Fashion_Beauty,50.47,3.04,5.35
2023-07-23,SG,Singapore,Fitness_Wearables,64.08,2.39,5.58
2023-07-23,SG,Singapore,Nutrition_Diets,55.04,0.85,4.14
2023-07-23,US,United_States,Fashion_Beauty,41.14,0,-0.34
2023-07-23,US,United_States,Fitness_Wearables,55.49,-0.8,2.19
2023-07-23,US,United_States,Nutrition_Diets,55.76,1.75,4.51
2023-07-23,ZA,South_Africa,Fashion_Beauty,85.38,6.27,9.19
2023-07-23,ZA,South_Africa,Fitness_Wearables,71.23,0.12,-2.24
2023-07-23,ZA,South_Africa,Nutrition_Diets,74.54,6.28,4.04
2023-07-30,AE,United_Arab_Emirates,Fashion_Beauty,67.84,0,0.96
2023-07-30,AE,United_Arab_Emirates,Fitness_Wearables,75.7,-1.67,-4.38
2023-07-30,AE,United_Arab_Emirates,Nutrition_Diets,73.67,-0.83,-0.93
2023-07-30,AU,Australia,Fashion_Beauty,60.05,-0.99,-1.73
2023-07-30,AU,Australia,Fitness_Wearables,74,-0.1,-2.15
2023-07-30,AU,Australia,Nutrition_Diets,78.62,3.09,4.26
2023-07-30,BR,Brazil,Fashion_Beauty,51.66,-0.87,-2.97
2023-07-30,BR,Brazil,Fitness_Wearables,59.96,0,-2
2023-07-30,BR,Brazil,Nutrition_Diets,32.87,0.85,-0.64
2023-07-30,CA,Canada,Fashion_Beauty,58.54,0.11,0.78
2023-07-30,CA,Canada,Fitness_Wearables,67.43,1.25,5.44
2023-07-30,CA,Canada,Nutrition_Diets,66.7,-1.53,0
2023-07-30,CN,China,Fashion_Beauty,14.04,0,-0.38
2023-07-30,CN,China,Fitness_Wearables,28.47,1.12,2.98
2023-07-30,CN,China,Nutrition_Diets,5.86,0.6,1.81
2023-07-30,DE,Germany,Fashion_Beauty,40.89,-0.56,-1.9
2023-07-30,DE,Germany,Fitness_Wearables,67.88,3.63,4.76
2023-07-30,DE,Germany,Nutrition_Diets,39.32,-0.1,-0.39
2023-07-30,FR,France,Fashion_Beauty,26.06,0.5,0
2023-07-30,FR,France,Fitness_Wearables,57.55,3.06,-0.22
2023-07-30,FR,France,Nutrition_Diets,32.18,0.16,2.46
2023-07-30,GB,United_Kingdom,Fashion_Beauty,48.6,1.63,1.05
2023-07-30,GB,United_Kingdom,Fitness_Wearables,70.6,3.31,3.93
2023-07-30,GB,United_Kingdom,Nutrition_Diets,70.43,-0.1,3
2023-07-30,IN,India,Fashion_Beauty,52.46,0.74,-0.24
2023-07-30,IN,India,Fitness_Wearables,81.12,0,-1.19
2023-07-30,IN,India,Nutrition_Diets,83.44,2.87,2.87
2023-07-30,JP,Japan,Fashion_Beauty,18.81,-1.31,-0.72
2023-07-30,JP,Japan,Fitness_Wearables,28.1,-4.09,-5.75
2023-07-30,JP,Japan,Nutrition_Diets,11.5,-0.1,-0.2
2023-07-30,KE,Kenya,Fashion_Beauty,88.71,-1.47,-3.27
2023-07-30,KE,Kenya,Fitness_Wearables,74.18,-12.1,-26.1
2023-07-30,KE,Kenya,Nutrition_Diets,82.58,-8.93,-10.8
2023-07-30,MX,Mexico,Fashion_Beauty,58.15,-2.72,-5.17
2023-07-30,MX,Mexico,Fitness_Wearables,70.4,1.19,0.86
2023-07-30,MX,Mexico,Nutrition_Diets,31.65,1.44,1.98
2023-07-30,NG,Nigeria,Fashion_Beauty,82.8,2.31,10.26
2023-07-30,NG,Nigeria,Fitness_Wearables,76.97,1,8.22
2023-07-30,NG,Nigeria,Nutrition_Diets,79.2,1.93,10.15
2023-07-30,SG,Singapore,Fashion_Beauty,47.85,-2.62,-5.66
2023-07-30,SG,Singapore,Fitness_Wearables,65.27,1.19,-1.2
2023-07-30,SG,Singapore,Nutrition_Diets,54.29,-0.75,-1.6
2023-07-30,US,United_States,Fashion_Beauty,41.14,0,0
2023-07-30,US,United_States,Fitness_Wearables,57.39,1.9,2.7
2023-07-30,US,United_States,Nutrition_Diets,53.82,-1.94,-3.69
2023-07-30,ZA,South_Africa,Fashion_Beauty,78.27,-7.11,-13.38
2023-07-30,ZA,South_Africa,Fitness_Wearables,73.94,2.71,2.59
2023-07-30,ZA,South_Africa,Nutrition_Diets,73.02,-1.52,-7.8
2023-08-06,AE,United_Arab_Emirates,Fashion_Beauty,68.92,1.08,1.08
2023-08-06,AE,United_Arab_Emirates,Fitness_Wearables,78.31,2.61,4.28
2023-08-06,AE,United_Arab_Emirates,Nutrition_Diets,77.61,3.94,4.77
2023-08-06,AU,Australia,Fashion_Beauty,60.92,0.87,1.86
2023-08-06,AU,Australia,Fitness_Wearables,75.33,1.33,1.43
2023-08-06,AU,Australia,Nutrition_Diets,80.53,1.91,-1.18
2023-08-06,BR,Brazil,Fashion_Beauty,49.69,-1.97,-1.1
2023-08-06,BR,Brazil,Fitness_Wearables,62.76,2.8,2.8
2023-08-06,BR,Brazil,Nutrition_Diets,33.62,0.75,-0.1
2023-08-06,CA,Canada,Fashion_Beauty,58.1,-0.44,-0.55
2023-08-06,CA,Canada,Fitness_Wearables,70.16,2.73,1.48
2023-08-06,CA,Canada,Nutrition_Diets,67.78,1.08,2.61
2023-08-06,CN,China,Fashion_Beauty,13.79,-0.25,-0.25
2023-08-06,CN,China,Fitness_Wearables,26.11,-2.36,-3.48
2023-08-06,CN,China,Nutrition_Diets,4.96,-0.9,-1.5
2023-08-06,DE,Germany,Fashion_Beauty,41.34,0.45,1.01
2023-08-06,DE,Germany,Fitness_Wearables,65.04,-2.84,-6.47
2023-08-06,DE,Germany,Nutrition_Diets,39.03,-0.29,-0.19
2023-08-06,FR,France,Fashion_Beauty,24.81,-1.25,-1.75
2023-08-06,FR,France,Fitness_Wearables,56.07,-1.48,-4.54
2023-08-06,FR,France,Nutrition_Diets,31.53,-0.65,-0.81
2023-08-06,GB,United_Kingdom,Fashion_Beauty,46.85,-1.75,-3.38
2023-08-06,GB,United_Kingdom,Fitness_Wearables,69.77,-0.83,-4.14
2023-08-06,GB,United_Kingdom,Nutrition_Diets,70.03,-0.4,-0.3
2023-08-06,IN,India,Fashion_Beauty,52.09,-0.37,-1.11
2023-08-06,IN,India,Fitness_Wearables,81.12,0,0
2023-08-06,IN,India,Nutrition_Diets,87.35,3.91,1.04
2023-08-06,JP,Japan,Fashion_Beauty,18.1,-0.71,0.6
2023-08-06,JP,Japan,Fitness_Wearables,27.1,-1,3.09
2023-08-06,JP,Japan,Nutrition_Diets,9.55,-1.95,-1.85
2023-08-06,KE,Kenya,Fashion_Beauty,77.58,-11.13,-9.66
2023-08-06,KE,Kenya,Fitness_Wearables,69.02,-5.16,6.94
2023-08-06,KE,Kenya,Nutrition_Diets,74.53,-8.05,0.88
2023-08-06,MX,Mexico,Fashion_Beauty,58.97,0.82,3.54
2023-08-06,MX,Mexico,Fitness_Wearables,69.1,-1.3,-2.49
2023-08-06,MX,Mexico,Nutrition_Diets,29.76,-1.89,-3.33
2023-08-06,NG,Nigeria,Fashion_Beauty,80.92,-1.88,-4.19
2023-08-06,NG,Nigeria,Fitness_Wearables,74.62,-2.35,-3.35
2023-08-06,NG,Nigeria,Nutrition_Diets,73.88,-5.32,-7.25
2023-08-06,SG,Singapore,Fashion_Beauty,47.02,-0.83,1.79
2023-08-06,SG,Singapore,Fitness_Wearables,64.18,-1.09,-2.28
2023-08-06,SG,Singapore,Nutrition_Diets,55.25,0.96,1.71
2023-08-06,US,United_States,Fashion_Beauty,41.31,0.17,0.17
2023-08-06,US,United_States,Fitness_Wearables,55.49,-1.9,-3.8
2023-08-06,US,United_States,Nutrition_Diets,54.1,0.28,2.22
2023-08-06,ZA,South_Africa,Fashion_Beauty,77.99,-0.28,6.83
2023-08-06,ZA,South_Africa,Fitness_Wearables,80.66,6.72,4.01
2023-08-06,ZA,South_Africa,Nutrition_Diets,78.4,5.38,6.9
2023-08-13,AE,United_Arab_Emirates,Fashion_Beauty,68.92,0,-1.08
2023-08-13,AE,United_Arab_Emirates,Fitness_Wearables,75.91,-2.4,-5.01
2023-08-13,AE,United_Arab_Emirates,Nutrition_Diets,76.42,-1.19,-5.13
2023-08-13,AU,Australia,Fashion_Beauty,61.66,0.74,-0.13
2023-08-13,AU,Australia,Fitness_Wearables,72.87,-2.46,-3.79
2023-08-13,AU,Australia,Nutrition_Diets,80.85,0.32,-1.59
2023-08-13,BR,Brazil,Fashion_Beauty,48.71,-0.98,0.99
2023-08-13,BR,Brazil,Fitness_Wearables,59.76,-3,-5.8
2023-08-13,BR,Brazil,Nutrition_Diets,31.49,-2.13,-2.88
2023-08-13,CA,Canada,Fashion_Beauty,57.33,-0.77,-0.33
2023-08-13,CA,Canada,Fitness_Wearables,64.61,-5.55,-8.28
2023-08-13,CA,Canada,Nutrition_Diets,64.18,-3.6,-4.68
2023-08-13,CN,China,Fashion_Beauty,14.91,1.12,1.37
2023-08-13,CN,China,Fitness_Wearables,26.24,0.13,2.49
2023-08-13,CN,China,Nutrition_Diets,5.11,0.15,1.05
2023-08-13,DE,Germany,Fashion_Beauty,38.99,-2.35,-2.8
2023-08-13,DE,Germany,Fitness_Wearables,63.11,-1.93,0.91
2023-08-13,DE,Germany,Nutrition_Diets,42.22,3.19,3.48
2023-08-13,FR,France,Fashion_Beauty,24.56,-0.25,1
2023-08-13,FR,France,Fitness_Wearables,58.18,2.11,3.59
2023-08-13,FR,France,Nutrition_Diets,32.59,1.06,1.71
2023-08-13,GB,United_Kingdom,Fashion_Beauty,47.44,0.59,2.34
2023-08-13,GB,United_Kingdom,Fitness_Wearables,68.12,-1.65,-0.82
2023-08-13,GB,United_Kingdom,Nutrition_Diets,73.13,3.1,3.5
2023-08-13,IN,India,Fashion_Beauty,52.71,0.62,0.99
2023-08-13,IN,India,Fitness_Wearables,78.74,-2.38,-2.38
2023-08-13,IN,India,Nutrition_Diets,80.31,-7.04,-10.95
2023-08-13,JP,Japan,Fashion_Beauty,18.21,0.11,0.82
2023-08-13,JP,Japan,Fitness_Wearables,27.88,0.78,1.78
2023-08-13,JP,Japan,Nutrition_Diets,10.33,0.78,2.73
2023-08-13,KE,Kenya,Fashion_Beauty,81.18,3.6,14.73
2023-08-13,KE,Kenya,Fitness_Wearables,75.41,6.39,11.55
2023-08-13,KE,Kenya,Nutrition_Diets,72.66,-1.87,6.18
2023-08-13,MX,Mexico,Fashion_Beauty,69.02,10.05,9.23
2023-08-13,MX,Mexico,Fitness_Wearables,65.94,-3.16,-1.86
2023-08-13,MX,Mexico,Nutrition_Diets,30.03,0.27,2.16
2023-08-13,NG,Nigeria,Fashion_Beauty,78.9,-2.02,-0.14
2023-08-13,NG,Nigeria,Fitness_Wearables,72.77,-1.85,0.5
2023-08-13,NG,Nigeria,Nutrition_Diets,78.72,4.84,10.16
2023-08-13,SG,Singapore,Fashion_Beauty,47.43,0.41,1.24
2023-08-13,SG,Singapore,Fitness_Wearables,63.18,-1,0.09
2023-08-13,SG,Singapore,Nutrition_Diets,56.52,1.27,0.31
2023-08-13,US,United_States,Fashion_Beauty,39.59,-1.72,-1.89
2023-08-13,US,United_States,Fitness_Wearables,53.09,-2.4,-0.5
2023-08-13,US,United_States,Nutrition_Diets,52.72,-1.38,-1.66
2023-08-13,ZA,South_Africa,Fashion_Beauty,80.08,2.09,2.37
2023-08-13,ZA,South_Africa,Fitness_Wearables,78.42,-2.24,-8.96
2023-08-13,ZA,South_Africa,Nutrition_Diets,81.74,3.34,-2.04
2023-08-20,AE,United_Arab_Emirates,Fashion_Beauty,64.81,-4.11,-4.11
2023-08-20,AE,United_Arab_Emirates,Fitness_Wearables,72.78,-3.13,-0.73
2023-08-20,AE,United_Arab_Emirates,Nutrition_Diets,74.22,-2.2,-1.01
2023-08-20,AU,Australia,Fashion_Beauty,64.14,2.48,1.74
2023-08-20,AU,Australia,Fitness_Wearables,76.67,3.8,6.26
2023-08-20,AU,Australia,Nutrition_Diets,83.51,2.66,2.34
2023-08-20,BR,Brazil,Fashion_Beauty,48.95,0.24,1.22
2023-08-20,BR,Brazil,Fitness_Wearables,58.96,-0.8,2.2
2023-08-20,BR,Brazil,Nutrition_Diets,33.94,2.45,4.58
2023-08-20,CA,Canada,Fashion_Beauty,60.53,3.2,3.97
2023-08-20,CA,Canada,Fitness_Wearables,66.81,2.2,7.75
2023-08-20,CA,Canada,Nutrition_Diets,63.46,-0.72,2.88
2023-08-20,CN,China,Fashion_Beauty,15.16,0.25,-0.87
2023-08-20,CN,China,Fitness_Wearables,25.5,-0.74,-0.87
2023-08-20,CN,China,Nutrition_Diets,6.92,1.81,1.66
2023-08-20,DE,Germany,Fashion_Beauty,39.55,0.56,2.91
2023-08-20,DE,Germany,Fitness_Wearables,63,-0.11,1.82
2023-08-20,DE,Germany,Nutrition_Diets,40.29,-1.93,-5.12
2023-08-20,FR,France,Fashion_Beauty,25.94,1.38,1.63
2023-08-20,FR,France,Fitness_Wearables,59.77,1.59,-0.52
2023-08-20,FR,France,Nutrition_Diets,33.17,0.58,-0.48
2023-08-20,GB,United_Kingdom,Fashion_Beauty,46.85,-0.59,-1.18
2023-08-20,GB,United_Kingdom,Fitness_Wearables,65.73,-2.39,-0.74
2023-08-20,GB,United_Kingdom,Nutrition_Diets,68.53,-4.6,-7.7
2023-08-20,IN,India,Fashion_Beauty,52.96,0.25,-0.37
2023-08-20,IN,India,Fitness_Wearables,78.91,0.17,2.55
2023-08-20,IN,India,Nutrition_Diets,81.1,0.79,7.83
2023-08-20,JP,Japan,Fashion_Beauty,19.4,1.19,1.08
2023-08-20,JP,Japan,Fitness_Wearables,27.32,-0.56,-1.34
2023-08-20,JP,Japan,Nutrition_Diets,11.4,1.07,0.29
2023-08-20,KE,Kenya,Fashion_Beauty,82.49,1.31,-2.29
2023-08-20,KE,Kenya,Fitness_Wearables,76.9,1.49,-4.9
2023-08-20,KE,Kenya,Nutrition_Diets,76.19,3.53,5.4
2023-08-20,MX,Mexico,Fashion_Beauty,60.05,-8.97,-19.02
2023-08-20,MX,Mexico,Fitness_Wearables,61.15,-4.79,-1.63
2023-08-20,MX,Mexico,Nutrition_Diets,28.85,-1.18,-1.45
2023-08-20,NG,Nigeria,Fashion_Beauty,81.5,2.6,4.62
2023-08-20,NG,Nigeria,Fitness_Wearables,74.96,2.19,4.04
2023-08-20,NG,Nigeria,Nutrition_Diets,81.38,2.66,-2.18
2023-08-20,SG,Singapore,Fashion_Beauty,48.17,0.74,0.33
2023-08-20,SG,Singapore,Fitness_Wearables,63.18,0,1
2023-08-20,SG,Singapore,Nutrition_Diets,56.52,0,-1.27
2023-08-20,US,United_States,Fashion_Beauty,40.1,0.51,2.23
2023-08-20,US,United_States,Fitness_Wearables,52.69,-0.4,2
2023-08-20,US,United_States,Nutrition_Diets,52.35,-0.37,1.01
2023-08-20,ZA,South_Africa,Fashion_Beauty,83.01,2.93,0.84
2023-08-20,ZA,South_Africa,Fitness_Wearables,76.65,-1.77,0.47
2023-08-20,ZA,South_Africa,Nutrition_Diets,81.64,-0.1,-3.44
2023-08-27,AE,United_Arab_Emirates,Fashion_Beauty,64.45,-0.36,3.75
2023-08-27,AE,United_Arab_Emirates,Fitness_Wearables,74.66,1.88,5.01
2023-08-27,AE,United_Arab_Emirates,Nutrition_Diets,71.93,-2.29,-0.09
2023-08-27,AU,Australia,Fashion_Beauty,61.79,-2.35,-4.83
2023-08-27,AU,Australia,Fitness_Wearables,73.69,-2.98,-6.78
2023-08-27,AU,Australia,Nutrition_Diets,81.81,-1.7,-4.36
2023-08-27,BR,Brazil,Fashion_Beauty,51.54,2.59,2.35
2023-08-27,BR,Brazil,Fitness_Wearables,57.16,-1.8,-1
2023-08-27,BR,Brazil,Nutrition_Diets,31.7,-2.24,-4.69
2023-08-27,CA,Canada,Fashion_Beauty,59.76,-0.77,-3.97
2023-08-27,CA,Canada,Fitness_Wearables,68.17,1.36,-0.84
2023-08-27,CA,Canada,Nutrition_Diets,65.53,2.07,2.79
2023-08-27,CN,China,Fashion_Beauty,12.92,-2.24,-2.49
2023-08-27,CN,China,Fitness_Wearables,26.86,1.36,2.1
2023-08-27,CN,China,Nutrition_Diets,6.02,-0.9,-2.71
2023-08-27,DE,Germany,Fashion_Beauty,41.56,2.01,1.45
2023-08-27,DE,Germany,Fitness_Wearables,67.54,4.54,4.65
2023-08-27,DE,Germany,Nutrition_Diets,37.68,-2.61,-0.68
2023-08-27,FR,France,Fashion_Beauty,28.3,2.36,0.98
2023-08-27,FR,France,Fitness_Wearables,68.53,8.76,7.17
2023-08-27,FR,France,Nutrition_Diets,32.59,-0.58,-1.16
2023-08-27,GB,United_Kingdom,Fashion_Beauty,48.48,1.63,2.22
2023-08-27,GB,United_Kingdom,Fitness_Wearables,67.08,1.35,3.74
2023-08-27,GB,United_Kingdom,Nutrition_Diets,67.03,-1.5,3.1
2023-08-27,IN,India,Fashion_Beauty,53.33,0.37,0.12
2023-08-27,IN,India,Fitness_Wearables,78.74,-0.17,-0.34
2023-08-27,IN,India,Nutrition_Diets,75.88,-5.22,-6.01
2023-08-27,JP,Japan,Fashion_Beauty,20.71,1.31,0.12
2023-08-27,JP,Japan,Fitness_Wearables,29.31,1.99,2.55
2023-08-27,JP,Japan,Nutrition_Diets,10.14,-1.26,-2.33
2023-08-27,KE,Kenya,Fashion_Beauty,79.38,-3.11,-4.42
2023-08-27,KE,Kenya,Fitness_Wearables,80.43,3.53,2.04
2023-08-27,KE,Kenya,Nutrition_Diets,76.74,0.55,-2.98
2023-08-27,MX,Mexico,Fashion_Beauty,53.67,-6.38,2.59
2023-08-27,MX,Mexico,Fitness_Wearables,62.13,0.98,5.77
2023-08-27,MX,Mexico,Nutrition_Diets,27.77,-1.08,0.1
2023-08-27,NG,Nigeria,Fashion_Beauty,77.89,-3.61,-6.21
2023-08-27,NG,Nigeria,Fitness_Wearables,75.8,0.84,-1.35
2023-08-27,NG,Nigeria,Nutrition_Diets,80.17,-1.21,-3.87
2023-08-27,SG,Singapore,Fashion_Beauty,47.23,-0.94,-1.68
2023-08-27,SG,Singapore,Fitness_Wearables,64.08,0.9,0.9
2023-08-27,SG,Singapore,Nutrition_Diets,53.02,-3.5,-3.5
2023-08-27,US,United_States,Fashion_Beauty,40.19,0.09,-0.42
2023-08-27,US,United_States,Fitness_Wearables,52,-0.69,-0.29
2023-08-27,US,United_States,Nutrition_Diets,50.88,-1.47,-1.1
2023-08-27,ZA,South_Africa,Fashion_Beauty,84.54,1.53,-1.4
2023-08-27,ZA,South_Africa,Fitness_Wearables,75,-1.65,0.12
2023-08-27,ZA,South_Africa,Nutrition_Diets,79.51,-2.13,-2.03
2023-09-03,AE,United_Arab_Emirates,Fashion_Beauty,62.76,-1.69,-1.33
2023-09-03,AE,United_Arab_Emirates,Fitness_Wearables,70.28,-4.38,-6.26
2023-09-03,AE,United_Arab_Emirates,Nutrition_Diets,70.46,-1.47,0.82
2023-09-03,AU,Australia,Fashion_Beauty,61.66,-0.13,2.22
2023-09-03,AU,Australia,Fitness_Wearables,74,0.31,3.29
2023-09-03,AU,Australia,Nutrition_Diets,81.38,-0.43,1.27
2023-09-03,BR,Brazil,Fashion_Beauty,50.43,-1.11,-3.7
2023-09-03,BR,Brazil,Fitness_Wearables,58.06,0.9,2.7
2023-09-03,BR,Brazil,Nutrition_Diets,32.77,1.07,3.31
2023-09-03,CA,Canada,Fashion_Beauty,60.97,1.21,1.98
2023-09-03,CA,Canada,Fitness_Wearables,72.77,4.6,3.24
2023-09-03,CA,Canada,Nutrition_Diets,66.16,0.63,-1.44
2023-09-03,CN,China,Fashion_Beauty,14.91,1.99,4.23
2023-09-03,CN,China,Fitness_Wearables,27.35,0.49,-0.87
2023-09-03,CN,China,Nutrition_Diets,6.02,0,0.9
2023-09-03,DE,Germany,Fashion_Beauty,41.12,-0.44,-2.45
2023-09-03,DE,Germany,Fitness_Wearables,64.25,-3.29,-7.83
2023-09-03,DE,Germany,Nutrition_Diets,37.58,-0.1,2.51
2023-09-03,FR,France,Fashion_Beauty,27.68,-0.62,-2.98
2023-09-03,FR,France,Fitness_Wearables,73.18,4.65,-4.11
2023-09-03,FR,France,Nutrition_Diets,31.53,-1.06,-0.48
2023-09-03,GB,United_Kingdom,Fashion_Beauty,46.27,-2.21,-3.84
2023-09-03,GB,United_Kingdom,Fitness_Wearables,68.32,1.24,-0.11
2023-09-03,GB,United_Kingdom,Nutrition_Diets,67.93,0.9,2.4
2023-09-03,IN,India,Fashion_Beauty,53.82,0.49,0.12
2023-09-03,IN,India,Fitness_Wearables,76.36,-2.38,-2.21
2023-09-03,IN,India,Nutrition_Diets,79.79,3.91,9.13
2023-09-03,JP,Japan,Fashion_Beauty,22.14,1.43,0.12
2023-09-03,JP,Japan,Fitness_Wearables,28.54,-0.77,-2.76
2023-09-03,JP,Japan,Nutrition_Diets,11.89,1.75,3.01
2023-09-03,KE,Kenya,Fashion_Beauty,85.6,6.22,9.33
2023-09-03,KE,Kenya,Fitness_Wearables,82.74,2.31,-1.22
2023-09-03,KE,Kenya,Nutrition_Diets,82.8,6.06,5.51
2023-09-03,MX,Mexico,Fashion_Beauty,53.53,-0.14,6.24
2023-09-03,MX,Mexico,Fitness_Wearables,62.89,0.76,-0.22
2023-09-03,MX,Mexico,Nutrition_Diets,27.86,0.09,1.17
2023-09-03,NG,Nigeria,Fashion_Beauty,83.67,5.78,9.39
2023-09-03,NG,Nigeria,Fitness_Wearables,74.79,-1.01,-1.85
2023-09-03,NG,Nigeria,Nutrition_Diets,78.96,-1.21,-1.42E-14
2023-09-03,SG,Singapore,Fashion_Beauty,50.37,3.14,4.08
2023-09-03,SG,Singapore,Fitness_Wearables,63.28,-0.8,-1.7
2023-09-03,SG,Singapore,Nutrition_Diets,51.01,-2.01,1.49
2023-09-03,US,United_States,Fashion_Beauty,42.96,2.77,2.68
2023-09-03,US,United_States,Fitness_Wearables,55.79,3.79,4.48
2023-09-03,US,United_States,Nutrition_Diets,52.9,2.02,3.49
2023-09-03,ZA,South_Africa,Fashion_Beauty,82.03,-2.51,-4.04
2023-09-03,ZA,South_Africa,Fitness_Wearables,73.11,-1.89,-0.24
2023-09-03,ZA,South_Africa,Nutrition_Diets,79.11,-0.4,1.73
2023-09-10,AE,United_Arab_Emirates,Fashion_Beauty,61.79,-0.97,0.72
2023-09-10,AE,United_Arab_Emirates,Fitness_Wearables,72.68,2.4,6.78
2023-09-10,AE,United_Arab_Emirates,Nutrition_Diets,68.81,-1.65,-0.18
2023-09-10,AU,Australia,Fashion_Beauty,62.03,0.37,0.5
2023-09-10,AU,Australia,Fitness_Wearables,71.94,-2.06,-2.37
2023-09-10,AU,Australia,Nutrition_Diets,84.15,2.77,3.2
2023-09-10,BR,Brazil,Fashion_Beauty,51.05,0.62,1.73
2023-09-10,BR,Brazil,Fitness_Wearables,62.56,4.5,3.6
2023-09-10,BR,Brazil,Nutrition_Diets,34.68,1.91,0.84
2023-09-10,CA,Canada,Fashion_Beauty,58.54,-2.43,-3.64
2023-09-10,CA,Canada,Fitness_Wearables,69.21,-3.56,-8.16
2023-09-10,CA,Canada,Nutrition_Diets,65.26,-0.9,-1.53
2023-09-10,CN,China,Fashion_Beauty,14.91,0,-1.99
2023-09-10,CN,China,Fitness_Wearables,30.07,2.72,2.23
2023-09-10,CN,China,Nutrition_Diets,5.41,-0.61,-0.61
2023-09-10,DE,Germany,Fashion_Beauty,41.56,0.44,0.88
2023-09-10,DE,Germany,Fitness_Wearables,64.93,0.68,3.97
2023-09-10,DE,Germany,Nutrition_Diets,35.46,-2.12,-2.02
2023-09-10,FR,France,Fashion_Beauty,27.81,0.13,0.75
2023-09-10,FR,France,Fitness_Wearables,72.54,-0.64,-5.29
2023-09-10,FR,France,Nutrition_Diets,31.36,-0.17,0.89
2023-09-10,GB,United_Kingdom,Fashion_Beauty,50.12,3.85,6.06
2023-09-10,GB,United_Kingdom,Fitness_Wearables,70.6,2.28,1.04
2023-09-10,GB,United_Kingdom,Nutrition_Diets,67.93,0,-0.9
2023-09-10,IN,India,Fashion_Beauty,51.97,-1.85,-2.34
2023-09-10,IN,India,Fitness_Wearables,76.87,0.51,2.89
2023-09-10,IN,India,Nutrition_Diets,80.18,0.39,-3.52
2023-09-10,JP,Japan,Fashion_Beauty,20.6,-1.54,-2.97
2023-09-10,JP,Japan,Fitness_Wearables,32.41,3.87,4.64
2023-09-10,JP,Japan,Nutrition_Diets,11.01,-0.88,-2.63
2023-09-10,KE,Kenya,Fashion_Beauty,93.62,8.02,1.8
2023-09-10,KE,Kenya,Fitness_Wearables,81.79,-0.95,-3.26
2023-09-10,KE,Kenya,Nutrition_Diets,85.56,2.76,-3.3
2023-09-10,MX,Mexico,Fashion_Beauty,53.26,-0.27,-0.13
2023-09-10,MX,Mexico,Fitness_Wearables,62.89,0,-0.76
2023-09-10,MX,Mexico,Nutrition_Diets,25.79,-2.07,-2.16
2023-09-10,NG,Nigeria,Fashion_Beauty,81.21,-2.46,-8.24
2023-09-10,NG,Nigeria,Fitness_Wearables,79.66,4.87,5.88
2023-09-10,NG,Nigeria,Nutrition_Diets,83.8,4.84,6.05
2023-09-10,SG,Singapore,Fashion_Beauty,47.64,-2.73,-5.87
2023-09-10,SG,Singapore,Fitness_Wearables,64.08,0.8,1.6
2023-09-10,SG,Singapore,Nutrition_Diets,55.14,4.13,6.14
2023-09-10,US,United_States,Fashion_Beauty,42.7,-0.26,-3.03
2023-09-10,US,United_States,Fitness_Wearables,51.3,-4.49,-8.28
2023-09-10,US,United_States,Nutrition_Diets,51.8,-1.1,-3.12
2023-09-10,ZA,South_Africa,Fashion_Beauty,80.64,-1.39,1.12
2023-09-10,ZA,South_Africa,Fitness_Wearables,71.82,-1.29,0.6
2023-09-10,ZA,South_Africa,Nutrition_Diets,74.85,-4.26,-3.86
2023-09-17,AE,United_Arab_Emirates,Fashion_Beauty,65.42,3.63,4.6
2023-09-17,AE,United_Arab_Emirates,Fitness_Wearables,73.72,1.04,-1.36
2023-09-17,AE,United_Arab_Emirates,Nutrition_Diets,70.92,2.11,3.76
2023-09-17,AU,Australia,Fashion_Beauty,63.15,1.12,0.75
2023-09-17,AU,Australia,Fitness_Wearables,72.25,0.31,2.37
2023-09-17,AU,Australia,Nutrition_Diets,80,-4.15,-6.92
2023-09-17,BR,Brazil,Fashion_Beauty,49.45,-1.6,-2.22
2023-09-17,BR,Brazil,Fitness_Wearables,60.56,-2,-6.5
2023-09-17,BR,Brazil,Nutrition_Diets,33.72,-0.96,-2.87
2023-09-17,CA,Canada,Fashion_Beauty,61.52,2.98,5.41
2023-09-17,CA,Canada,Fitness_Wearables,67.12,-2.09,1.47
2023-09-17,CA,Canada,Nutrition_Diets,68.23,2.97,3.87
2023-09-17,CN,China,Fashion_Beauty,15.16,0.25,0.25
2023-09-17,CN,China,Fitness_Wearables,32.05,1.98,-0.74
2023-09-17,CN,China,Nutrition_Diets,5.26,-0.15,0.46
2023-09-17,DE,Germany,Fashion_Beauty,43.02,1.46,1.02
2023-09-17,DE,Germany,Fitness_Wearables,65.83,0.9,0.22
2023-09-17,DE,Germany,Nutrition_Diets,35.36,-0.1,2.02
2023-09-17,FR,France,Fashion_Beauty,31.55,3.74,3.61
2023-09-17,FR,France,Fitness_Wearables,64.84,-7.7,-7.06
2023-09-17,FR,France,Nutrition_Diets,31.61,0.25,0.42
2023-09-17,GB,United_Kingdom,Fashion_Beauty,51.98,1.86,-1.99
2023-09-17,GB,United_Kingdom,Fitness_Wearables,69.67,-0.93,-3.21
2023-09-17,GB,United_Kingdom,Nutrition_Diets,65.43,-2.5,-2.5
2023-09-17,IN,India,Fashion_Beauty,56.77,4.8,6.65
2023-09-17,IN,India,Fitness_Wearables,77.89,1.02,0.51
2023-09-17,IN,India,Nutrition_Diets,81.75,1.57,1.18
2023-09-17,JP,Japan,Fashion_Beauty,21.07,0.47,2.01
2023-09-17,JP,Japan,Fitness_Wearables,33.63,1.22,-2.65
2023-09-17,JP,Japan,Nutrition_Diets,12.18,1.17,2.05
2023-09-17,KE,Kenya,Fashion_Beauty,84.78,-8.84,-16.86
2023-09-17,KE,Kenya,Fitness_Wearables,81.66,-0.13,0.82
2023-09-17,KE,Kenya,Nutrition_Diets,87.87,2.31,-0.45
2023-09-17,MX,Mexico,Fashion_Beauty,53.4,0.14,0.41
2023-09-17,MX,Mexico,Fitness_Wearables,59.09,-3.8,-3.8
2023-09-17,MX,Mexico,Nutrition_Diets,26.6,0.81,2.88
2023-09-17,NG,Nigeria,Fashion_Beauty,73.99,-7.22,-4.76
2023-09-17,NG,Nigeria,Fitness_Wearables,86.89,7.23,2.36
2023-09-17,NG,Nigeria,Nutrition_Diets,79.44,-4.36,-9.2
2023-09-17,SG,Singapore,Fashion_Beauty,48.9,1.26,3.99
2023-09-17,SG,Singapore,Fitness_Wearables,64.08,0,-0.8
2023-09-17,SG,Singapore,Nutrition_Diets,53.45,-1.69,-5.82
2023-09-17,US,United_States,Fashion_Beauty,42.35,-0.35,-0.09
2023-09-17,US,United_States,Fitness_Wearables,51.5,0.2,4.69
2023-09-17,US,United_States,Nutrition_Diets,52.17,0.37,1.47
2023-09-17,ZA,South_Africa,Fashion_Beauty,80.36,-0.28,1.11
2023-09-17,ZA,South_Africa,Fitness_Wearables,67.45,-4.37,-3.08
2023-09-17,ZA,South_Africa,Nutrition_Diets,68.36,-6.49,-2.23
2023-09-24,AE,United_Arab_Emirates,Fashion_Beauty,66.26,0.84,-2.79
2023-09-24,AE,United_Arab_Emirates,Fitness_Wearables,68.4,-5.32,-6.36
2023-09-24,AE,United_Arab_Emirates,Nutrition_Diets,69.82,-1.1,-3.21
2023-09-24,AU,Australia,Fashion_Beauty,64.89,1.74,0.62
2023-09-24,AU,Australia,Fitness_Wearables,76.16,3.91,3.6
2023-09-24,AU,Australia,Nutrition_Diets,74.26,-5.74,-1.59
2023-09-24,BR,Brazil,Fashion_Beauty,47.72,-1.73,-0.13
2023-09-24,BR,Brazil,Fitness_Wearables,54.75,-5.81,-3.81
2023-09-24,BR,Brazil,Nutrition_Diets,31.6,-2.12,-1.16
2023-09-24,CA,Canada,Fashion_Beauty,63.18,1.66,-1.32
2023-09-24,CA,Canada,Fitness_Wearables,66.18,-0.94,1.15
2023-09-24,CA,Canada,Nutrition_Diets,65.89,-2.34,-5.31
2023-09-24,CN,China,Fashion_Beauty,14.41,-0.75,-1
2023-09-24,CN,China,Fitness_Wearables,28.09,-3.96,-5.94
2023-09-24,CN,China,Nutrition_Diets,6.02,0.76,0.91
2023-09-24,DE,Germany,Fashion_Beauty,47.04,4.02,2.56
2023-09-24,DE,Germany,Fitness_Wearables,64.81,-1.02,-1.92
2023-09-24,DE,Germany,Nutrition_Diets,37.49,2.13,2.23
2023-09-24,FR,France,Fashion_Beauty,43.27,11.72,7.98
2023-09-24,FR,France,Fitness_Wearables,59.45,-5.39,2.31
2023-09-24,FR,France,Nutrition_Diets,29.8,-1.81,-2.06
2023-09-24,GB,United_Kingdom,Fashion_Beauty,52.68,0.7,-1.16
2023-09-24,GB,United_Kingdom,Fitness_Wearables,69.05,-0.62,0.31
2023-09-24,GB,United_Kingdom,Nutrition_Diets,64.54,-0.89,1.61
2023-09-24,IN,India,Fashion_Beauty,55.42,-1.35,-6.15
2023-09-24,IN,India,Fitness_Wearables,75.85,-2.04,-3.06
2023-09-24,IN,India,Nutrition_Diets,80.44,-1.31,-2.88
2023-09-24,JP,Japan,Fashion_Beauty,21.67,0.6,0.13
2023-09-24,JP,Japan,Fitness_Wearables,33.85,0.22,-1
2023-09-24,JP,Japan,Nutrition_Diets,11.99,-0.19,-1.36
2023-09-24,KE,Kenya,Fashion_Beauty,80.85,-3.93,4.91
2023-09-24,KE,Kenya,Fitness_Wearables,72.42,-9.24,-9.11
2023-09-24,KE,Kenya,Nutrition_Diets,79.49,-8.38,-10.69
2023-09-24,MX,Mexico,Fashion_Beauty,54.35,0.95,0.81
2023-09-24,MX,Mexico,Fitness_Wearables,59.74,0.65,4.45
2023-09-24,MX,Mexico,Nutrition_Diets,26.15,-0.45,-1.26
2023-09-24,NG,Nigeria,Fashion_Beauty,76.88,2.89,10.11
2023-09-24,NG,Nigeria,Fitness_Wearables,88.24,1.35,-5.88
2023-09-24,NG,Nigeria,Nutrition_Diets,86.46,7.02,11.38
2023-09-24,SG,Singapore,Fashion_Beauty,48.9,0,-1.26
2023-09-24,SG,Singapore,Fitness_Wearables,65.17,1.09,1.09
2023-09-24,SG,Singapore,Nutrition_Diets,52.17,-1.28,0.41
2023-09-24,US,United_States,Fashion_Beauty,43.3,0.95,1.3
2023-09-24,US,United_States,Fitness_Wearables,49.1,-2.4,-2.6
2023-09-24,US,United_States,Nutrition_Diets,50.6,-1.57,-1.94
2023-09-24,ZA,South_Africa,Fashion_Beauty,81.34,0.98,1.26
2023-09-24,ZA,South_Africa,Fitness_Wearables,69.46,2.01,6.38
2023-09-24,ZA,South_Africa,Nutrition_Diets,67.65,-0.71,5.78
2023-10-01,AE,United_Arab_Emirates,Fashion_Beauty,65.42,-0.84,-1.68
2023-10-01,AE,United_Arab_Emirates,Fitness_Wearables,73.83,5.43,10.75
2023-10-01,AE,United_Arab_Emirates,Nutrition_Diets,70,0.18,1.28
2023-10-01,AU,Australia,Fashion_Beauty,65.51,0.62,-1.12
2023-10-01,AU,Australia,Fitness_Wearables,74.82,-1.34,-5.25
2023-10-01,AU,Australia,Nutrition_Diets,76.06,1.8,7.54
2023-10-01,BR,Brazil,Fashion_Beauty,49.45,1.73,3.46
2023-10-01,BR,Brazil,Fitness_Wearables,58.86,4.11,9.92
2023-10-01,BR,Brazil,Nutrition_Diets,31.06,-0.54,1.58
2023-10-01,CA,Canada,Fashion_Beauty,64.39,1.21,-0.45
2023-10-01,CA,Canada,Fitness_Wearables,65.65,-0.53,0.41
2023-10-01,CA,Canada,Nutrition_Diets,63.82,-2.07,0.27
2023-10-01,CN,China,Fashion_Beauty,14.29,-0.12,0.63
2023-10-01,CN,China,Fitness_Wearables,31.19,3.1,7.06
2023-10-01,CN,China,Nutrition_Diets,6.62,0.6,-0.16
2023-10-01,DE,Germany,Fashion_Beauty,44.69,-2.35,-6.37
2023-10-01,DE,Germany,Fitness_Wearables,67.08,2.27,3.29
2023-10-01,DE,Germany,Nutrition_Diets,35.36,-2.13,-4.26
2023-10-01,FR,France,Fashion_Beauty,36.03,-7.24,-18.96
2023-10-01,FR,France,Fitness_Wearables,59.35,-0.1,5.29
2023-10-01,FR,France,Nutrition_Diets,30.21,0.41,2.22
2023-10-01,GB,United_Kingdom,Fashion_Beauty,51.98,-0.7,-1.4
2023-10-01,GB,United_Kingdom,Fitness_Wearables,67.91,-1.14,-0.52
2023-10-01,GB,United_Kingdom,Nutrition_Diets,62.84,-1.7,-0.81
2023-10-01,IN,India,Fashion_Beauty,56.65,1.23,2.58
2023-10-01,IN,India,Fitness_Wearables,78.57,2.72,4.76
2023-10-01,IN,India,Nutrition_Diets,83.96,3.52,4.83
2023-10-01,JP,Japan,Fashion_Beauty,21.9,0.23,-0.37
2023-10-01,JP,Japan,Fitness_Wearables,33.08,-0.77,-0.99
2023-10-01,JP,Japan,Nutrition_Diets,12.09,0.1,0.29
2023-10-01,KE,Kenya,Fashion_Beauty,85.27,4.42,8.35
2023-10-01,KE,Kenya,Fitness_Wearables,71.74,-0.68,8.56
2023-10-01,KE,Kenya,Nutrition_Diets,82.47,2.98,11.36
2023-10-01,MX,Mexico,Fashion_Beauty,54.08,-0.27,-1.22
2023-10-01,MX,Mexico,Fitness_Wearables,58.32,-1.42,-2.07
2023-10-01,MX,Mexico,Nutrition_Diets,26.51,0.36,0.81
2023-10-01,NG,Nigeria,Fashion_Beauty,82.37,5.49,2.6
2023-10-01,NG,Nigeria,Fitness_Wearables,88.07,-0.17,-1.52
2023-10-01,NG,Nigeria,Nutrition_Diets,83.43,-3.03,-10.05
2023-10-01,SG,Singapore,Fashion_Beauty,53.4,4.5,4.5
2023-10-01,SG,Singapore,Fitness_Wearables,61.19,-3.98,-5.07
2023-10-01,SG,Singapore,Nutrition_Diets,50.8,-1.37,-0.09
2023-10-01,US,United_States,Fashion_Beauty,43.13,-0.17,-1.12
2023-10-01,US,United_States,Fitness_Wearables,49.4,0.3,2.7
2023-10-01,US,United_States,Nutrition_Diets,49.22,-1.38,0.19
2023-10-01,ZA,South_Africa,Fashion_Beauty,78.69,-2.65,-3.63
2023-10-01,ZA,South_Africa,Fitness_Wearables,69.34,-0.12,-2.13
2023-10-01,ZA,South_Africa,Nutrition_Diets,68.56,0.91,1.62
2023-10-08,AE,United_Arab_Emirates,Fashion_Beauty,63.48,-1.94,-1.1
2023-10-08,AE,United_Arab_Emirates,Fitness_Wearables,67.47,-6.36,-11.79
2023-10-08,AE,United_Arab_Emirates,Nutrition_Diets,64.5,-5.5,-5.68
2023-10-08,AU,Australia,Fashion_Beauty,62.28,-3.23,-3.85
2023-10-08,AU,Australia,Fitness_Wearables,75.33,0.51,1.85
2023-10-08,AU,Australia,Nutrition_Diets,74.36,-1.7,-3.5
2023-10-08,BR,Brazil,Fashion_Beauty,51.66,2.21,0.48
2023-10-08,BR,Brazil,Fitness_Wearables,58.66,-0.2,-4.31
2023-10-08,BR,Brazil,Nutrition_Diets,29.68,-1.38,-0.84
2023-10-08,CA,Canada,Fashion_Beauty,62.73,-1.66,-2.87
2023-10-08,CA,Canada,Fitness_Wearables,66.49,0.84,1.37
2023-10-08,CA,Canada,Nutrition_Diets,63.1,-0.72,1.35
2023-10-08,CN,China,Fashion_Beauty,17.02,2.73,2.85
2023-10-08,CN,China,Fitness_Wearables,30.2,-0.99,-4.09
2023-10-08,CN,China,Nutrition_Diets,6.77,0.15,-0.45
2023-10-08,DE,Germany,Fashion_Beauty,44.36,-0.33,2.02
2023-10-08,DE,Germany,Fitness_Wearables,64.13,-2.95,-5.22
2023-10-08,DE,Germany,Nutrition_Diets,36.23,0.87,3
2023-10-08,FR,France,Fashion_Beauty,29.43,-6.6,0.64
2023-10-08,FR,France,Fitness_Wearables,56.81,-2.54,-2.44
2023-10-08,FR,France,Nutrition_Diets,29.56,-0.65,-1.06
2023-10-08,GB,United_Kingdom,Fashion_Beauty,50,-1.98,-1.28
2023-10-08,GB,United_Kingdom,Fitness_Wearables,64.49,-3.42,-2.28
2023-10-08,GB,United_Kingdom,Nutrition_Diets,63.54,0.7,2.4
2023-10-08,IN,India,Fashion_Beauty,56.03,-0.62,-1.85
2023-10-08,IN,India,Fitness_Wearables,74.66,-3.91,-6.63
2023-10-08,IN,India,Nutrition_Diets,77.57,-6.39,-9.91
2023-10-08,JP,Japan,Fashion_Beauty,23.57,1.67,1.44
2023-10-08,JP,Japan,Fitness_Wearables,33.08,0,0.77
2023-10-08,JP,Japan,Nutrition_Diets,12.28,0.19,0.09
2023-10-08,KE,Kenya,Fashion_Beauty,81.83,-3.44,-7.86
2023-10-08,KE,Kenya,Fitness_Wearables,75.95,4.21,4.89
2023-10-08,KE,Kenya,Nutrition_Diets,82.03,-0.44,-3.42
2023-10-08,MX,Mexico,Fashion_Beauty,54.89,0.81,1.08
2023-10-08,MX,Mexico,Fitness_Wearables,57.67,-0.65,0.77
2023-10-08,MX,Mexico,Nutrition_Diets,24.8,-1.71,-2.07
2023-10-08,NG,Nigeria,Fashion_Beauty,81.5,-0.87,-6.36
2023-10-08,NG,Nigeria,Fitness_Wearables,93.28,5.21,5.38
2023-10-08,NG,Nigeria,Nutrition_Diets,95.77,12.34,15.37
2023-10-08,SG,Singapore,Fashion_Beauty,47.85,-5.55,-10.05
2023-10-08,SG,Singapore,Fitness_Wearables,60.9,-0.29,3.69
2023-10-08,SG,Singapore,Nutrition_Diets,50.9,0.1,1.47
2023-10-08,US,United_States,Fashion_Beauty,43.39,0.26,0.43
2023-10-08,US,United_States,Fitness_Wearables,49,-0.4,-0.7
2023-10-08,US,United_States,Nutrition_Diets,49.03,-0.19,1.19
2023-10-08,ZA,South_Africa,Fashion_Beauty,79.81,1.12,3.77
2023-10-08,ZA,South_Africa,Fitness_Wearables,71.82,2.48,2.6
2023-10-08,ZA,South_Africa,Nutrition_Diets,74.34,5.78,4.87
2023-10-15,AE,United_Arab_Emirates,Fashion_Beauty,60.7,-2.78,-0.84
2023-10-15,AE,United_Arab_Emirates,Fitness_Wearables,67.67,0.2,6.56
2023-10-15,AE,United_Arab_Emirates,Nutrition_Diets,64.86,0.36,5.86
2023-10-15,AU,Australia,Fashion_Beauty,64.14,1.86,5.09
2023-10-15,AU,Australia,Fitness_Wearables,73.07,-2.26,-2.77
2023-10-15,AU,Australia,Nutrition_Diets,78.83,4.47,6.17
2023-10-15,BR,Brazil,Fashion_Beauty,51.42,-0.24,-2.45
2023-10-15,BR,Brazil,Fitness_Wearables,62.36,3.7,3.9
2023-10-15,BR,Brazil,Nutrition_Diets,32.98,3.3,4.68
2023-10-15,CA,Canada,Fashion_Beauty,65.38,2.65,4.31
2023-10-15,CA,Canada,Fitness_Wearables,64.92,-1.57,-2.41
2023-10-15,CA,Canada,Nutrition_Diets,67.78,4.68,5.4
2023-10-15,CN,China,Fashion_Beauty,15.53,-1.49,-4.22
2023-10-15,CN,China,Fitness_Wearables,30.57,0.37,1.36
2023-10-15,CN,China,Nutrition_Diets,6.02,-0.75,-0.9
2023-10-15,DE,Germany,Fashion_Beauty,44.36,0,0.33
2023-10-15,DE,Germany,Fitness_Wearables,62.2,-1.93,1.02
2023-10-15,DE,Germany,Nutrition_Diets,35.75,-0.48,-1.35
2023-10-15,FR,France,Fashion_Beauty,29.8,0.37,6.97
2023-10-15,FR,France,Fitness_Wearables,53.64,-3.17,-0.63
2023-10-15,FR,France,Nutrition_Diets,28.74,-0.82,-0.17
2023-10-15,GB,United_Kingdom,Fashion_Beauty,52.21,2.21,4.19
2023-10-15,GB,United_Kingdom,Fitness_Wearables,62.32,-2.17,1.25
2023-10-15,GB,United_Kingdom,Nutrition_Diets,61.24,-2.3,-3
2023-10-15,IN,India,Fashion_Beauty,53.57,-2.46,-1.84
2023-10-15,IN,India,Fitness_Wearables,70.24,-4.42,-0.51
2023-10-15,IN,India,Nutrition_Diets,71.45,-6.12,0.27
2023-10-15,JP,Japan,Fashion_Beauty,22.5,-1.07,-2.74
2023-10-15,JP,Japan,Fitness_Wearables,33.3,0.22,0.22
2023-10-15,JP,Japan,Nutrition_Diets,12.87,0.59,0.4
2023-10-15,KE,Kenya,Fashion_Beauty,87.89,6.06,9.5
2023-10-15,KE,Kenya,Fitness_Wearables,76.63,0.68,-3.53
2023-10-15,KE,Kenya,Nutrition_Diets,82.8,0.77,1.21
2023-10-15,MX,Mexico,Fashion_Beauty,57.07,2.18,1.37
2023-10-15,MX,Mexico,Fitness_Wearables,59.3,1.63,2.28
2023-10-15,MX,Mexico,Nutrition_Diets,26.51,1.71,3.42
2023-10-15,NG,Nigeria,Fashion_Beauty,81.5,0,0.87
2023-10-15,NG,Nigeria,Fitness_Wearables,87.23,-6.05,-11.26
2023-10-15,NG,Nigeria,Nutrition_Diets,90.45,-5.32,-17.66
2023-10-15,SG,Singapore,Fashion_Beauty,51.31,3.46,9.01
2023-10-15,SG,Singapore,Fitness_Wearables,60.9,0,0.29
2023-10-15,SG,Singapore,Nutrition_Diets,55.46,4.56,4.46
2023-10-15,US,United_States,Fashion_Beauty,45.46,2.07,1.81
2023-10-15,US,United_States,Fitness_Wearables,48.8,-0.2,0.2
2023-10-15,US,United_States,Nutrition_Diets,52.72,3.69,3.88
2023-10-15,ZA,South_Africa,Fashion_Beauty,76.6,-3.21,-4.33
2023-10-15,ZA,South_Africa,Fitness_Wearables,68.04,-3.78,-6.26
2023-10-15,ZA,South_Africa,Nutrition_Diets,68.97,-5.37,-11.15
2023-10-22,AE,United_Arab_Emirates,Fashion_Beauty,63,2.3,5.08
2023-10-22,AE,United_Arab_Emirates,Fitness_Wearables,69.76,2.09,1.89
2023-10-22,AE,United_Arab_Emirates,Nutrition_Diets,60.83,-4.03,-4.39
2023-10-22,AU,Australia,Fashion_Beauty,67,2.86,1
2023-10-22,AU,Australia,Fitness_Wearables,72.46,-0.61,1.65
2023-10-22,AU,Australia,Nutrition_Diets,75.53,-3.3,-7.77
2023-10-22,BR,Brazil,Fashion_Beauty,48.09,-3.33,-3.09
2023-10-22,BR,Brazil,Fitness_Wearables,56.66,-5.7,-9.4
2023-10-22,BR,Brazil,Nutrition_Diets,32.34,-0.64,-3.94
2023-10-22,CA,Canada,Fashion_Beauty,65.82,0.44,-2.21
2023-10-22,CA,Canada,Fitness_Wearables,60.84,-4.08,-2.51
2023-10-22,CA,Canada,Nutrition_Diets,66.88,-0.9,-5.58
2023-10-22,CN,China,Fashion_Beauty,14.04,-1.49,0
2023-10-22,CN,China,Fitness_Wearables,28.71,-1.86,-2.23
2023-10-22,CN,China,Nutrition_Diets,7.07,1.05,1.8
2023-10-22,DE,Germany,Fashion_Beauty,44.69,0.33,0.33
2023-10-22,DE,Germany,Fitness_Wearables,63.11,0.91,2.84
2023-10-22,DE,Germany,Nutrition_Diets,36.81,1.06,1.54
2023-10-22,FR,France,Fashion_Beauty,29.3,-0.5,-0.87
2023-10-22,FR,France,Fitness_Wearables,51.95,-1.69,1.48
2023-10-22,FR,France,Nutrition_Diets,30.13,1.39,2.21
2023-10-22,GB,United_Kingdom,Fashion_Beauty,56.41,4.2,1.99
2023-10-22,GB,United_Kingdom,Fitness_Wearables,62.11,-0.21,1.96
2023-10-22,GB,United_Kingdom,Nutrition_Diets,62.84,1.6,3.9
2023-10-22,IN,India,Fashion_Beauty,55.17,1.6,4.06
2023-10-22,IN,India,Fitness_Wearables,71.09,0.85,5.27
2023-10-22,IN,India,Nutrition_Diets,69.62,-1.83,4.29
2023-10-22,JP,Japan,Fashion_Beauty,23.69,1.19,2.26
2023-10-22,JP,Japan,Fitness_Wearables,32.3,-1,-1.22
2023-10-22,JP,Japan,Nutrition_Diets,12.87,0,-0.59
2023-10-22,KE,Kenya,Fashion_Beauty,79.87,-8.02,-14.08
2023-10-22,KE,Kenya,Fitness_Wearables,71.47,-5.16,-5.84
2023-10-22,KE,Kenya,Nutrition_Diets,76.07,-6.73,-7.5
2023-10-22,MX,Mexico,Fashion_Beauty,54.62,-2.45,-4.63
2023-10-22,MX,Mexico,Fitness_Wearables,54.62,-4.68,-6.31
2023-10-22,MX,Mexico,Nutrition_Diets,24.98,-1.53,-3.24
2023-10-22,NG,Nigeria,Fashion_Beauty,77.6,-3.9,-3.9
2023-10-22,NG,Nigeria,Fitness_Wearables,82.86,-4.37,1.68
2023-10-22,NG,Nigeria,Nutrition_Diets,85.25,-5.2,0.12
2023-10-22,SG,Singapore,Fashion_Beauty,51.73,0.42,-3.04
2023-10-22,SG,Singapore,Fitness_Wearables,62.19,1.29,1.29
2023-10-22,SG,Singapore,Nutrition_Diets,50.37,-5.09,-9.65
2023-10-22,US,United_States,Fashion_Beauty,45.72,0.26,-1.81
2023-10-22,US,United_States,Fitness_Wearables,47.21,-1.59,-1.39
2023-10-22,US,United_States,Nutrition_Diets,50.69,-2.03,-5.72
2023-10-22,ZA,South_Africa,Fashion_Beauty,83.84,7.24,10.45
2023-10-22,ZA,South_Africa,Fitness_Wearables,63.44,-4.6,-0.82
2023-10-22,ZA,South_Africa,Nutrition_Diets,67.75,-1.22,4.15
2023-10-29,AE,United_Arab_Emirates,Fashion_Beauty,61.67,-1.33,-3.63
2023-10-29,AE,United_Arab_Emirates,Fitness_Wearables,66.53,-3.23,-5.32
2023-10-29,AE,United_Arab_Emirates,Nutrition_Diets,61.19,0.36,4.39
2023-10-29,AU,Australia,Fashion_Beauty,65.51,-1.49,-4.35
2023-10-29,AU,Australia,Fitness_Wearables,73.48,1.02,1.63
2023-10-29,AU,Australia,Nutrition_Diets,76.17,0.64,3.94
2023-10-29,BR,Brazil,Fashion_Beauty,51.17,3.08,6.41
2023-10-29,BR,Brazil,Fitness_Wearables,56.06,-0.6,5.1
2023-10-29,BR,Brazil,Nutrition_Diets,30.64,-1.7,-1.06
2023-10-29,CA,Canada,Fashion_Beauty,65.49,-0.33,-0.77
2023-10-29,CA,Canada,Fitness_Wearables,61.47,0.63,4.71
2023-10-29,CA,Canada,Nutrition_Diets,65.08,-1.8,-0.9
2023-10-29,CN,China,Fashion_Beauty,17.27,3.23,4.72
2023-10-29,CN,China,Fitness_Wearables,27.23,-1.48,0.38
2023-10-29,CN,China,Nutrition_Diets,5.71,-1.36,-2.41
2023-10-29,DE,Germany,Fashion_Beauty,45.25,0.56,0.23
2023-10-29,DE,Germany,Fitness_Wearables,64.81,1.7,0.79
2023-10-29,DE,Germany,Nutrition_Diets,36.62,-0.19,-1.25
2023-10-29,FR,France,Fashion_Beauty,32.54,3.24,3.74
2023-10-29,FR,France,Fitness_Wearables,56.07,4.12,5.81
2023-10-29,FR,France,Nutrition_Diets,28.9,-1.23,-2.62
2023-10-29,GB,United_Kingdom,Fashion_Beauty,54.43,-1.98,-6.18
2023-10-29,GB,United_Kingdom,Fitness_Wearables,62.53,0.42,0.63
2023-10-29,GB,United_Kingdom,Nutrition_Diets,59.84,-3,-4.6
2023-10-29,IN,India,Fashion_Beauty,56.16,0.99,-0.61
2023-10-29,IN,India,Fitness_Wearables,72.11,1.02,0.17
2023-10-29,IN,India,Nutrition_Diets,72.49,2.87,4.7
2023-10-29,JP,Japan,Fashion_Beauty,22.86,-0.83,-2.02
2023-10-29,JP,Japan,Fitness_Wearables,31.97,-0.33,0.67
2023-10-29,JP,Japan,Nutrition_Diets,11.7,-1.17,-1.17
2023-10-29,KE,Kenya,Fashion_Beauty,81.01,1.14,9.16
2023-10-29,KE,Kenya,Fitness_Wearables,67.66,-3.81,1.35
2023-10-29,KE,Kenya,Nutrition_Diets,72.55,-3.52,3.21
2023-10-29,MX,Mexico,Fashion_Beauty,57.34,2.72,5.17
2023-10-29,MX,Mexico,Fitness_Wearables,57.89,3.27,7.95
2023-10-29,MX,Mexico,Nutrition_Diets,25.16,0.18,1.71
2023-10-29,NG,Nigeria,Fashion_Beauty,86.42,8.82,12.72
2023-10-29,NG,Nigeria,Fitness_Wearables,83.7,0.84,5.21
2023-10-29,NG,Nigeria,Nutrition_Diets,82.95,-2.3,2.9
2023-10-29,SG,Singapore,Fashion_Beauty,50.99,-0.74,-1.16
2023-10-29,SG,Singapore,Fitness_Wearables,59.5,-2.69,-3.98
2023-10-29,SG,Singapore,Nutrition_Diets,50.8,0.43,5.52
2023-10-29,US,United_States,Fashion_Beauty,43.65,-2.07,-2.33
2023-10-29,US,United_States,Fitness_Wearables,46.31,-0.9,0.69
2023-10-29,US,United_States,Nutrition_Diets,48.94,-1.75,0.28
2023-10-29,ZA,South_Africa,Fashion_Beauty,77.99,-5.85,-13.09
2023-10-29,ZA,South_Africa,Fitness_Wearables,64.5,1.06,5.66
2023-10-29,ZA,South_Africa,Nutrition_Diets,64.71,-3.04,-1.82
2023-11-05,AE,United_Arab_Emirates,Fashion_Beauty,65.66,3.99,5.32
2023-11-05,AE,United_Arab_Emirates,Fitness_Wearables,70.7,4.17,7.4
2023-11-05,AE,United_Arab_Emirates,Nutrition_Diets,59.82,-1.37,-1.73
2023-11-05,AU,Australia,Fashion_Beauty,67.87,2.36,3.85
2023-11-05,AU,Australia,Fitness_Wearables,72.15,-1.33,-2.35
2023-11-05,AU,Australia,Nutrition_Diets,72.34,-3.83,-4.47
2023-11-05,BR,Brazil,Fashion_Beauty,52.16,0.99,-2.09
2023-11-05,BR,Brazil,Fitness_Wearables,56.96,0.9,1.5
2023-11-05,BR,Brazil,Nutrition_Diets,32.77,2.13,3.83
2023-11-05,CA,Canada,Fashion_Beauty,63.95,-1.54,-1.21
2023-11-05,CA,Canada,Fitness_Wearables,64.92,3.45,2.82
2023-11-05,CA,Canada,Nutrition_Diets,67.6,2.52,4.32
2023-11-05,CN,China,Fashion_Beauty,16.02,-1.25,-4.48
2023-11-05,CN,China,Fitness_Wearables,25.12,-2.11,-0.63
2023-11-05,CN,China,Nutrition_Diets,5.71,0,1.36
2023-11-05,DE,Germany,Fashion_Beauty,45.81,0.56,0
2023-11-05,DE,Germany,Fitness_Wearables,65.15,0.34,-1.36
2023-11-05,DE,Germany,Nutrition_Diets,38.45,1.83,2.02
2023-11-05,FR,France,Fashion_Beauty,31.55,-0.99,-4.23
2023-11-05,FR,France,Fitness_Wearables,55.65,-0.42,-4.54
2023-11-05,FR,France,Nutrition_Diets,28.57,-0.33,0.9
2023-11-05,GB,United_Kingdom,Fashion_Beauty,55.48,1.05,3.03
2023-11-05,GB,United_Kingdom,Fitness_Wearables,64.08,1.55,1.13
2023-11-05,GB,United_Kingdom,Nutrition_Diets,61.04,1.2,4.2
2023-11-05,IN,India,Fashion_Beauty,56.4,0.24,-0.75
2023-11-05,IN,India,Fitness_Wearables,71.43,-0.68,-1.7
2023-11-05,IN,India,Nutrition_Diets,68.06,-4.43,-7.3
2023-11-05,JP,Japan,Fashion_Beauty,22.86,0,0.83
2023-11-05,JP,Japan,Fitness_Wearables,31.42,-0.55,-0.22
2023-11-05,JP,Japan,Nutrition_Diets,12.48,0.78,1.95
2023-11-05,KE,Kenya,Fashion_Beauty,82.49,1.48,0.34
2023-11-05,KE,Kenya,Fitness_Wearables,63.18,-4.48,-0.67
2023-11-05,KE,Kenya,Nutrition_Diets,68.36,-4.19,-0.67
2023-11-05,MX,Mexico,Fashion_Beauty,57.07,-0.27,-2.99
2023-11-05,MX,Mexico,Fitness_Wearables,62.79,4.9,1.63
2023-11-05,MX,Mexico,Nutrition_Diets,27.5,2.34,2.16
2023-11-05,NG,Nigeria,Fashion_Beauty,87.57,1.15,-7.67
2023-11-05,NG,Nigeria,Fitness_Wearables,85.88,2.18,1.34
2023-11-05,NG,Nigeria,Nutrition_Diets,86.34,3.39,5.69
2023-11-05,SG,Singapore,Fashion_Beauty,52.77,1.78,2.52
2023-11-05,SG,Singapore,Fitness_Wearables,60.9,1.4,4.09
2023-11-05,SG,Singapore,Nutrition_Diets,50.48,-0.32,-0.75
2023-11-05,US,United_States,Fashion_Beauty,43.22,-0.43,1.64
2023-11-05,US,United_States,Fitness_Wearables,50.2,3.89,4.79
2023-11-05,US,United_States,Nutrition_Diets,50.97,2.03,3.78
2023-11-05,ZA,South_Africa,Fashion_Beauty,81.62,3.63,9.48
2023-11-05,ZA,South_Africa,Fitness_Wearables,70.75,6.25,5.19
2023-11-05,ZA,South_Africa,Nutrition_Diets,70.89,6.18,9.22
2023-11-12,AE,United_Arab_Emirates,Fashion_Beauty,65.05,-0.61,-4.6
2023-11-12,AE,United_Arab_Emirates,Fitness_Wearables,67.26,-3.44,-7.61
2023-11-12,AE,United_Arab_Emirates,Nutrition_Diets,59.82,0,1.37
2023-11-12,AU,Australia,Fashion_Beauty,67.99,0.12,-2.24
2023-11-12,AU,Australia,Fitness_Wearables,75.75,3.6,4.93
2023-11-12,AU,Australia,Nutrition_Diets,74.26,1.92,5.75
2023-11-12,BR,Brazil,Fashion_Beauty,50.31,-1.85,-2.84
2023-11-12,BR,Brazil,Fitness_Wearables,59.06,2.1,1.2
2023-11-12,BR,Brazil,Nutrition_Diets,32.23,-0.54,-2.67
2023-11-12,CA,Canada,Fashion_Beauty,68.58,4.63,6.17
2023-11-12,CA,Canada,Fitness_Wearables,67.85,2.93,-0.52
2023-11-12,CA,Canada,Nutrition_Diets,66.88,-0.72,-3.24
2023-11-12,CN,China,Fashion_Beauty,14.53,-1.49,-0.24
2023-11-12,CN,China,Fitness_Wearables,25.62,0.5,2.61
2023-11-12,CN,China,Nutrition_Diets,5.56,-0.15,-0.15
2023-11-12,DE,Germany,Fashion_Beauty,43.8,-2.01,-2.57
2023-11-12,DE,Germany,Fitness_Wearables,67.08,1.93,1.59
2023-11-12,DE,Germany,Nutrition_Diets,37.2,-1.25,-3.08
2023-11-12,FR,France,Fashion_Beauty,30.92,-0.63,0.36
2023-11-12,FR,France,Fitness_Wearables,57.23,1.58,2
2023-11-12,FR,France,Nutrition_Diets,30.13,1.56,1.89
2023-11-12,GB,United_Kingdom,Fashion_Beauty,60.14,4.66,3.61
2023-11-12,GB,United_Kingdom,Fitness_Wearables,66.77,2.69,1.14
2023-11-12,GB,United_Kingdom,Nutrition_Diets,62.94,1.9,0.7
2023-11-12,IN,India,Fashion_Beauty,54.68,-1.72,-1.96
2023-11-12,IN,India,Fitness_Wearables,71.77,0.34,1.02
2023-11-12,IN,India,Nutrition_Diets,67.67,-0.39,4.04
2023-11-12,JP,Japan,Fashion_Beauty,23.33,0.47,0.47
2023-11-12,JP,Japan,Fitness_Wearables,28.87,-2.55,-2
2023-11-12,JP,Japan,Nutrition_Diets,12.09,-0.39,-1.17
2023-11-12,KE,Kenya,Fashion_Beauty,91.16,8.67,7.19
2023-11-12,KE,Kenya,Fitness_Wearables,71.47,8.29,12.77
2023-11-12,KE,Kenya,Nutrition_Diets,74.09,5.73,9.92
2023-11-12,MX,Mexico,Fashion_Beauty,60.19,3.12,3.39
2023-11-12,MX,Mexico,Fitness_Wearables,64.2,1.41,-3.49
2023-11-12,MX,Mexico,Nutrition_Diets,26.6,-0.9,-3.24
2023-11-12,NG,Nigeria,Fashion_Beauty,90.46,2.89,1.74
2023-11-12,NG,Nigeria,Fitness_Wearables,87.39,1.51,-0.67
2023-11-12,NG,Nigeria,Nutrition_Diets,89,2.66,-0.73
2023-11-12,SG,Singapore,Fashion_Beauty,52.57,-0.2,-1.98
2023-11-12,SG,Singapore,Fitness_Wearables,60.8,-0.1,-1.5
2023-11-12,SG,Singapore,Nutrition_Diets,49.73,-0.75,-0.43
2023-11-12,US,United_States,Fashion_Beauty,45.98,2.76,3.19
2023-11-12,US,United_States,Fitness_Wearables,49.6,-0.6,-4.49
2023-11-12,US,United_States,Nutrition_Diets,49.49,-1.48,-3.51
2023-11-12,ZA,South_Africa,Fashion_Beauty,83.15,1.53,-2.1
2023-11-12,ZA,South_Africa,Fitness_Wearables,73.11,2.36,-3.89
2023-11-12,ZA,South_Africa,Nutrition_Diets,70.08,-0.81,-6.99
2023-11-19,AE,United_Arab_Emirates,Fashion_Beauty,71.1,6.05,6.66
2023-11-19,AE,United_Arab_Emirates,Fitness_Wearables,69.76,2.5,5.94
2023-11-19,AE,United_Arab_Emirates,Nutrition_Diets,65.14,5.32,5.32
2023-11-19,AU,Australia,Fashion_Beauty,72.95,4.96,4.84
2023-11-19,AU,Australia,Fitness_Wearables,77.8,2.05,-1.55
2023-11-19,AU,Australia,Nutrition_Diets,73.19,-1.07,-2.99
2023-11-19,BR,Brazil,Fashion_Beauty,56.72,6.41,8.26
2023-11-19,BR,Brazil,Fitness_Wearables,61.16,2.1,-7.11E-15
2023-11-19,BR,Brazil,Nutrition_Diets,31.91,-0.32,0.22
2023-11-19,CA,Canada,Fashion_Beauty,72.44,3.86,-0.77
2023-11-19,CA,Canada,Fitness_Wearables,71.41,3.56,0.63
2023-11-19,CA,Canada,Nutrition_Diets,64.72,-2.16,-1.44
2023-11-19,CN,China,Fashion_Beauty,14.66,0.13,1.62
2023-11-19,CN,China,Fitness_Wearables,28.22,2.6,2.1
2023-11-19,CN,China,Nutrition_Diets,6.17,0.61,0.76
2023-11-19,DE,Germany,Fashion_Beauty,46.93,3.13,5.14
2023-11-19,DE,Germany,Fitness_Wearables,71.51,4.43,2.5
2023-11-19,DE,Germany,Nutrition_Diets,35.27,-1.93,-0.68
2023-11-19,FR,France,Fashion_Beauty,32.04,1.12,1.75
2023-11-19,FR,France,Fitness_Wearables,59.03,1.8,0.22
2023-11-19,FR,France,Nutrition_Diets,29.39,-0.74,-2.3
2023-11-19,GB,United_Kingdom,Fashion_Beauty,66.55,6.41,1.75
2023-11-19,GB,United_Kingdom,Fitness_Wearables,71.33,4.56,1.87
2023-11-19,GB,United_Kingdom,Nutrition_Diets,65.03,2.09,0.19
2023-11-19,IN,India,Fashion_Beauty,55.79,1.11,2.83
2023-11-19,IN,India,Fitness_Wearables,77.04,5.27,4.93
2023-11-19,IN,India,Nutrition_Diets,79.27,11.6,11.99
2023-11-19,JP,Japan,Fashion_Beauty,23.33,0,-0.47
2023-11-19,JP,Japan,Fitness_Wearables,31.31,2.44,4.99
2023-11-19,JP,Japan,Nutrition_Diets,11.11,-0.98,-0.59
2023-11-19,KE,Kenya,Fashion_Beauty,89.53,-1.63,-10.3
2023-11-19,KE,Kenya,Fitness_Wearables,72.28,0.81,-7.48
2023-11-19,KE,Kenya,Nutrition_Diets,73.21,-0.88,-6.61
2023-11-19,MX,Mexico,Fashion_Beauty,61.96,1.77,-1.35
2023-11-19,MX,Mexico,Fitness_Wearables,66.05,1.85,0.44
2023-11-19,MX,Mexico,Nutrition_Diets,24.62,-1.98,-1.08
2023-11-19,NG,Nigeria,Fashion_Beauty,92.49,2.03,-0.86
2023-11-19,NG,Nigeria,Fitness_Wearables,88.74,1.35,-0.16
2023-11-19,NG,Nigeria,Nutrition_Diets,87.42,-1.58,-4.24
2023-11-19,SG,Singapore,Fashion_Beauty,52.98,0.41,0.61
2023-11-19,SG,Singapore,Fitness_Wearables,61.99,1.19,1.29
2023-11-19,SG,Singapore,Nutrition_Diets,49.2,-0.53,0.22
2023-11-19,US,United_States,Fashion_Beauty,52.81,6.83,4.07
2023-11-19,US,United_States,Fitness_Wearables,57.98,8.38,8.98
2023-11-19,US,United_States,Nutrition_Diets,44.52,-4.97,-3.49
2023-11-19,ZA,South_Africa,Fashion_Beauty,94.01,10.86,9.33
2023-11-19,ZA,South_Africa,Fitness_Wearables,77.36,4.25,1.89
2023-11-19,ZA,South_Africa,Nutrition_Diets,67.85,-2.23,-1.42
2023-11-26,AE,United_Arab_Emirates,Fashion_Beauty,66.99,-4.11,-10.16
2023-11-26,AE,United_Arab_Emirates,Fitness_Wearables,65.07,-4.69,-7.19
2023-11-26,AE,United_Arab_Emirates,Nutrition_Diets,61.93,-3.21,-8.53
2023-11-26,AU,Australia,Fashion_Beauty,67.12,-5.83,-10.79
2023-11-26,AU,Australia,Fitness_Wearables,75.23,-2.57,-4.62
2023-11-26,AU,Australia,Nutrition_Diets,66.81,-6.38,-5.31
2023-11-26,BR,Brazil,Fashion_Beauty,51.42,-5.3,-11.71
2023-11-26,BR,Brazil,Fitness_Wearables,54.25,-6.91,-9.01
2023-11-26,BR,Brazil,Nutrition_Diets,29.04,-2.87,-2.55
2023-11-26,CA,Canada,Fashion_Beauty,68.8,-3.64,-7.5
2023-11-26,CA,Canada,Fitness_Wearables,67.75,-3.66,-7.22
2023-11-26,CA,Canada,Nutrition_Diets,65.71,0.99,3.15
2023-11-26,CN,China,Fashion_Beauty,16.89,2.23,2.1
2023-11-26,CN,China,Fitness_Wearables,26.73,-1.49,-4.09
2023-11-26,CN,China,Nutrition_Diets,6.02,-0.15,-0.76
2023-11-26,DE,Germany,Fashion_Beauty,41.68,-5.25,-8.38
2023-11-26,DE,Germany,Fitness_Wearables,61.63,-9.88,-14.31
2023-11-26,DE,Germany,Nutrition_Diets,33.33,-1.94,-0.01
2023-11-26,FR,France,Fashion_Beauty,31.67,-0.37,-1.49
2023-11-26,FR,France,Fitness_Wearables,56.07,-2.96,-4.76
2023-11-26,FR,France,Nutrition_Diets,28.41,-0.98,-0.24
2023-11-26,GB,United_Kingdom,Fashion_Beauty,63.17,-3.38,-9.79
2023-11-26,GB,United_Kingdom,Fitness_Wearables,63.25,-8.08,-12.64
2023-11-26,GB,United_Kingdom,Nutrition_Diets,59.04,-5.99,-8.08
2023-11-26,IN,India,Fashion_Beauty,58,2.21,1.1
2023-11-26,IN,India,Fitness_Wearables,78.06,1.02,-4.25
2023-11-26,IN,India,Nutrition_Diets,79.14,-0.13,-11.73
2023-11-26,JP,Japan,Fashion_Beauty,23.93,0.6,0.6
2023-11-26,JP,Japan,Fitness_Wearables,31.08,-0.23,-2.67
2023-11-26,JP,Japan,Nutrition_Diets,11.89,0.78,1.76
2023-11-26,KE,Kenya,Fashion_Beauty,91.16,1.63,3.26
2023-11-26,KE,Kenya,Fitness_Wearables,73.23,0.95,0.14
2023-11-26,KE,Kenya,Nutrition_Diets,72.11,-1.1,-0.22
2023-11-26,MX,Mexico,Fashion_Beauty,60.19,-1.77,-3.54
2023-11-26,MX,Mexico,Fitness_Wearables,64.42,-1.63,-3.48
2023-11-26,MX,Mexico,Nutrition_Diets,24.44,-0.18,1.8
2023-11-26,NG,Nigeria,Fashion_Beauty,83.96,-8.53,-10.56
2023-11-26,NG,Nigeria,Fitness_Wearables,76.3,-12.44,-13.79
2023-11-26,NG,Nigeria,Nutrition_Diets,82.35,-5.07,-3.49
2023-11-26,SG,Singapore,Fashion_Beauty,53.51,0.53,0.12
2023-11-26,SG,Singapore,Fitness_Wearables,59.4,-2.59,-3.78
2023-11-26,SG,Singapore,Nutrition_Diets,50.27,1.07,1.6
2023-11-26,US,United_States,Fashion_Beauty,49.87,-2.94,-9.77
2023-11-26,US,United_States,Fitness_Wearables,53.79,-4.19,-12.57
2023-11-26,US,United_States,Nutrition_Diets,50.41,5.89,10.86
2023-11-26,ZA,South_Africa,Fashion_Beauty,88.02,-5.99,-16.85
2023-11-26,ZA,South_Africa,Fitness_Wearables,69.81,-7.55,-11.8
2023-11-26,ZA,South_Africa,Nutrition_Diets,62.47,-5.38,-3.15
2023-12-03,AE,United_Arab_Emirates,Fashion_Beauty,71.83,4.84,8.95
2023-12-03,AE,United_Arab_Emirates,Fitness_Wearables,63.61,-1.46,3.23
2023-12-03,AE,United_Arab_Emirates,Nutrition_Diets,62.75,0.82,4.03
2023-12-03,AU,Australia,Fashion_Beauty,67.37,0.25,6.08
2023-12-03,AU,Australia,Fitness_Wearables,72.56,-2.67,-0.1
2023-12-03,AU,Australia,Nutrition_Diets,69.26,2.45,8.83
2023-12-03,BR,Brazil,Fashion_Beauty,53.39,1.97,7.27
2023-12-03,BR,Brazil,Fitness_Wearables,54.15,-0.1,6.81
2023-12-03,BR,Brazil,Nutrition_Diets,30.43,1.39,4.26
2023-12-03,CA,Canada,Fashion_Beauty,67.36,-1.44,2.2
2023-12-03,CA,Canada,Fitness_Wearables,63.87,-3.88,-0.22
2023-12-03,CA,Canada,Nutrition_Diets,64.63,-1.08,-2.07
2023-12-03,CN,China,Fashion_Beauty,17.39,0.5,-1.73
2023-12-03,CN,China,Fitness_Wearables,29.21,2.48,3.97
2023-12-03,CN,China,Nutrition_Diets,6.17,0.15,0.3
2023-12-03,DE,Germany,Fashion_Beauty,43.02,1.34,6.59
2023-12-03,DE,Germany,Fitness_Wearables,58.68,-2.95,6.93
2023-12-03,DE,Germany,Nutrition_Diets,33.62,0.29,2.23
2023-12-03,FR,France,Fashion_Beauty,30.92,-0.75,-0.38
2023-12-03,FR,France,Fitness_Wearables,51.95,-4.12,-1.16
2023-12-03,FR,France,Nutrition_Diets,28,-0.41,0.57
2023-12-03,GB,United_Kingdom,Fashion_Beauty,65.62,2.45,5.83
2023-12-03,GB,United_Kingdom,Fitness_Wearables,60.56,-2.69,5.39
2023-12-03,GB,United_Kingdom,Nutrition_Diets,57.74,-1.3,4.69
2023-12-03,IN,India,Fashion_Beauty,57.39,-0.61,-2.82
2023-12-03,IN,India,Fitness_Wearables,77.21,-0.85,-1.87
2023-12-03,IN,India,Nutrition_Diets,77.18,-1.96,-1.83
2023-12-03,JP,Japan,Fashion_Beauty,22.62,-1.31,-1.91
2023-12-03,JP,Japan,Fitness_Wearables,30.97,-0.11,0.12
2023-12-03,JP,Japan,Nutrition_Diets,11.4,-0.49,-1.27
2023-12-03,KE,Kenya,Fashion_Beauty,90.18,-0.98,-2.61
2023-12-03,KE,Kenya,Fitness_Wearables,64.13,-9.1,-10.05
2023-12-03,KE,Kenya,Nutrition_Diets,69.24,-2.87,-1.77
2023-12-03,MX,Mexico,Fashion_Beauty,60.87,0.68,2.45
2023-12-03,MX,Mexico,Fitness_Wearables,55.39,-9.03,-7.4
2023-12-03,MX,Mexico,Nutrition_Diets,23.44,-1,-0.82
2023-12-03,NG,Nigeria,Fashion_Beauty,90.46,6.5,15.03
2023-12-03,NG,Nigeria,Fitness_Wearables,67.9,-8.4,4.04
2023-12-03,NG,Nigeria,Nutrition_Diets,73.76,-8.59,-3.52
2023-12-03,SG,Singapore,Fashion_Beauty,52.88,-0.63,-1.16
2023-12-03,SG,Singapore,Fitness_Wearables,60.5,1.1,3.69
2023-12-03,SG,Singapore,Nutrition_Diets,46.98,-3.29,-4.36
2023-12-03,US,United_States,Fashion_Beauty,47.1,-2.77,0.17
2023-12-03,US,United_States,Fitness_Wearables,48.5,-5.29,-1.1
2023-12-03,US,United_States,Nutrition_Diets,48.85,-1.56,-7.45
2023-12-03,ZA,South_Africa,Fashion_Beauty,88.02,0,5.99
2023-12-03,ZA,South_Africa,Fitness_Wearables,66.86,-2.95,4.6
2023-12-03,ZA,South_Africa,Nutrition_Diets,58.72,-3.75,1.63
2023-12-10,AE,United_Arab_Emirates,Fashion_Beauty,72.67,0.84,-4
2023-12-10,AE,United_Arab_Emirates,Fitness_Wearables,65.48,1.87,3.33
2023-12-10,AE,United_Arab_Emirates,Nutrition_Diets,66.06,3.31,2.49
2023-12-10,AU,Australia,Fashion_Beauty,65.63,-1.74,-1.99
2023-12-10,AU,Australia,Fitness_Wearables,72.87,0.31,2.98
2023-12-10,AU,Australia,Nutrition_Diets,69.68,0.42,-2.03
2023-12-10,BR,Brazil,Fashion_Beauty,59.93,6.54,4.57
2023-12-10,BR,Brazil,Fitness_Wearables,58.26,4.11,4.21
2023-12-10,BR,Brazil,Nutrition_Diets,30.11,-0.32,-1.71
2023-12-10,CA,Canada,Fashion_Beauty,64.39,-2.97,-1.53
2023-12-10,CA,Canada,Fitness_Wearables,61.99,-1.88,2
2023-12-10,CA,Canada,Nutrition_Diets,65.53,0.9,1.98
2023-12-10,CN,China,Fashion_Beauty,17.02,-0.37,-0.87
2023-12-10,CN,China,Fitness_Wearables,26.86,-2.35,-4.83
2023-12-10,CN,China,Nutrition_Diets,5.56,-0.61,-0.76
2023-12-10,DE,Germany,Fashion_Beauty,44.36,1.34,-7.11E-15
2023-12-10,DE,Germany,Fitness_Wearables,59.93,1.25,4.2
2023-12-10,DE,Germany,Nutrition_Diets,34.4,0.78,0.49
2023-12-10,FR,France,Fashion_Beauty,30.17,-0.75,0
2023-12-10,FR,France,Fitness_Wearables,51.32,-0.63,3.49
2023-12-10,FR,France,Nutrition_Diets,28.33,0.33,0.74
2023-12-10,GB,United_Kingdom,Fashion_Beauty,63.05,-2.57,-5.02
2023-12-10,GB,United_Kingdom,Fitness_Wearables,60.87,0.31,3
2023-12-10,GB,United_Kingdom,Nutrition_Diets,58.74,1,2.3
2023-12-10,IN,India,Fashion_Beauty,60.71,3.32,3.93
2023-12-10,IN,India,Fitness_Wearables,75.68,-1.53,-0.68
2023-12-10,IN,India,Nutrition_Diets,78.75,1.57,3.53
2023-12-10,JP,Japan,Fashion_Beauty,21.9,-0.72,0.59
2023-12-10,JP,Japan,Fitness_Wearables,29.42,-1.55,-1.44
2023-12-10,JP,Japan,Nutrition_Diets,10.82,-0.58,-0.09
2023-12-10,KE,Kenya,Fashion_Beauty,92.8,2.62,3.6
2023-12-10,KE,Kenya,Fitness_Wearables,67.26,3.13,12.23
2023-12-10,KE,Kenya,Nutrition_Diets,67.81,-1.43,1.44
2023-12-10,MX,Mexico,Fashion_Beauty,64.81,3.94,3.26
2023-12-10,MX,Mexico,Fitness_Wearables,57.67,2.28,11.31
2023-12-10,MX,Mexico,Nutrition_Diets,22.9,-0.54,0.46
2023-12-10,NG,Nigeria,Fashion_Beauty,100,9.54,3.04
2023-12-10,NG,Nigeria,Fitness_Wearables,69.08,1.18,9.58
2023-12-10,NG,Nigeria,Nutrition_Diets,71.58,-2.18,6.41
2023-12-10,SG,Singapore,Fashion_Beauty,54.87,1.99,2.62
2023-12-10,SG,Singapore,Fitness_Wearables,59.8,-0.7,-1.8
2023-12-10,SG,Singapore,Nutrition_Diets,47.19,0.21,3.5
2023-12-10,US,United_States,Fashion_Beauty,48.83,1.73,4.5
2023-12-10,US,United_States,Fitness_Wearables,49.3,0.8,6.09
2023-12-10,US,United_States,Nutrition_Diets,49.86,1.01,2.57
2023-12-10,ZA,South_Africa,Fashion_Beauty,90.11,2.09,2.09
2023-12-10,ZA,South_Africa,Fitness_Wearables,68.87,2.01,4.96
2023-12-10,ZA,South_Africa,Nutrition_Diets,54.67,-4.05,-0.3
2023-12-17,AE,United_Arab_Emirates,Fashion_Beauty,75.33,2.66,1.82
2023-12-17,AE,United_Arab_Emirates,Fitness_Wearables,61.94,-3.54,-5.41
2023-12-17,AE,United_Arab_Emirates,Nutrition_Diets,59.27,-6.79,-10.1
2023-12-17,AU,Australia,Fashion_Beauty,64.14,-1.49,0.25
2023-12-17,AU,Australia,Fitness_Wearables,72.66,-0.21,-0.52
2023-12-17,AU,Australia,Nutrition_Diets,64.47,-5.21,-5.63
2023-12-17,BR,Brazil,Fashion_Beauty,58.2,-1.73,-8.27
2023-12-17,BR,Brazil,Fitness_Wearables,53.95,-4.31,-8.42
2023-12-17,BR,Brazil,Nutrition_Diets,28.4,-1.71,-1.39
2023-12-17,CA,Canada,Fashion_Beauty,65.71,1.32,4.29
2023-12-17,CA,Canada,Fitness_Wearables,64.71,2.72,4.6
2023-12-17,CA,Canada,Nutrition_Diets,61.66,-3.87,-4.77
2023-12-17,CN,China,Fashion_Beauty,14.78,-2.24,-1.87
2023-12-17,CN,China,Fitness_Wearables,27.1,0.24,2.59
2023-12-17,CN,China,Nutrition_Diets,5.86,0.3,0.91
2023-12-17,DE,Germany,Fashion_Beauty,36.76,-7.6,-8.94
2023-12-17,DE,Germany,Fitness_Wearables,68.1,8.17,6.92
2023-12-17,DE,Germany,Nutrition_Diets,32.37,-2.03,-2.81
2023-12-17,FR,France,Fashion_Beauty,29.18,-0.99,-0.24
2023-12-17,FR,France,Fitness_Wearables,50.37,-0.95,-0.32
2023-12-17,FR,France,Nutrition_Diets,28.82,0.49,0.16
2023-12-17,GB,United_Kingdom,Fashion_Beauty,57.58,-5.47,-2.9
2023-12-17,GB,United_Kingdom,Fitness_Wearables,60.14,-0.73,-1.04
2023-12-17,GB,United_Kingdom,Nutrition_Diets,59.04,0.3,-0.7
2023-12-17,IN,India,Fashion_Beauty,55.54,-5.17,-8.49
2023-12-17,IN,India,Fitness_Wearables,72.62,-3.06,-1.53
2023-12-17,IN,India,Nutrition_Diets,71.97,-6.78,-8.35
2023-12-17,JP,Japan,Fashion_Beauty,22.38,0.48,1.2
2023-12-17,JP,Japan,Fitness_Wearables,28.76,-0.66,0.89
2023-12-17,JP,Japan,Nutrition_Diets,10.43,-0.39,0.19
2023-12-17,KE,Kenya,Fashion_Beauty,84.12,-8.68,-11.3
2023-12-17,KE,Kenya,Fitness_Wearables,57.61,-9.65,-12.78
2023-12-17,KE,Kenya,Nutrition_Diets,57.55,-10.26,-8.83
2023-12-17,MX,Mexico,Fashion_Beauty,71.88,7.07,3.13
2023-12-17,MX,Mexico,Fitness_Wearables,63.55,5.88,3.6
2023-12-17,MX,Mexico,Nutrition_Diets,25.43,2.53,3.07
2023-12-17,NG,Nigeria,Fashion_Beauty,89.16,-10.84,-20.38
2023-12-17,NG,Nigeria,Fitness_Wearables,61.34,-7.74,-8.92
2023-12-17,NG,Nigeria,Nutrition_Diets,62.52,-9.06,-6.88
2023-12-17,SG,Singapore,Fashion_Beauty,52.15,-2.72,-4.71
2023-12-17,SG,Singapore,Fitness_Wearables,59.7,-0.1,0.6
2023-12-17,SG,Singapore,Nutrition_Diets,46.34,-0.85,-1.06
2023-12-17,US,United_States,Fashion_Beauty,48.66,-0.17,-1.9
2023-12-17,US,United_States,Fitness_Wearables,51.3,2,1.2
2023-12-17,US,United_States,Nutrition_Diets,46.73,-3.13,-4.14
2023-12-17,ZA,South_Africa,Fashion_Beauty,89.97,-0.14,-2.23
2023-12-17,ZA,South_Africa,Fitness_Wearables,68.75,-0.12,-2.13
2023-12-17,ZA,South_Africa,Nutrition_Diets,55.58,0.91,4.96
2023-12-24,AE,United_Arab_Emirates,Fashion_Beauty,71.58,-3.75,-6.41
2023-12-24,AE,United_Arab_Emirates,Fitness_Wearables,63.3,1.36,4.9
2023-12-24,AE,United_Arab_Emirates,Nutrition_Diets,59.36,0.09,6.88
2023-12-24,AU,Australia,Fashion_Beauty,67.25,3.11,4.6
2023-12-24,AU,Australia,Fitness_Wearables,80.99,8.33,8.54
2023-12-24,AU,Australia,Nutrition_Diets,67.02,2.55,7.76
2023-12-24,BR,Brazil,Fashion_Beauty,56.6,-1.6,0.13
2023-12-24,BR,Brazil,Fitness_Wearables,52.75,-1.2,3.11
2023-12-24,BR,Brazil,Nutrition_Diets,25.74,-2.66,-0.95
2023-12-24,CA,Canada,Fashion_Beauty,69.57,3.86,2.54
2023-12-24,CA,Canada,Fitness_Wearables,86.91,22.2,19.48
2023-12-24,CA,Canada,Nutrition_Diets,62.29,0.63,4.5
2023-12-24,CN,China,Fashion_Beauty,14.04,-0.74,1.5
2023-12-24,CN,China,Fitness_Wearables,22.77,-4.33,-4.57
2023-12-24,CN,China,Nutrition_Diets,6.17,0.31,0.01
2023-12-24,DE,Germany,Fashion_Beauty,40,3.24,10.84
2023-12-24,DE,Germany,Fitness_Wearables,78.89,10.79,2.62
2023-12-24,DE,Germany,Nutrition_Diets,33.33,0.96,2.99
2023-12-24,FR,France,Fashion_Beauty,29.68,0.5,1.49
2023-12-24,FR,France,Fitness_Wearables,67.27,16.9,17.85
2023-12-24,FR,France,Nutrition_Diets,31.44,2.62,2.13
2023-12-24,GB,United_Kingdom,Fashion_Beauty,57.81,0.23,5.7
2023-12-24,GB,United_Kingdom,Fitness_Wearables,80.33,20.19,20.92
2023-12-24,GB,United_Kingdom,Nutrition_Diets,62.04,3,2.7
2023-12-24,IN,India,Fashion_Beauty,55.05,-0.49,4.68
2023-12-24,IN,India,Fitness_Wearables,75,2.38,5.44
2023-12-24,IN,India,Nutrition_Diets,70.01,-1.96,4.82
2023-12-24,JP,Japan,Fashion_Beauty,23.21,0.83,0.35
2023-12-24,JP,Japan,Fitness_Wearables,28.87,0.11,0.77
2023-12-24,JP,Japan,Nutrition_Diets,9.94,-0.49,-0.1
2023-12-24,KE,Kenya,Fashion_Beauty,73,-11.12,-2.44
2023-12-24,KE,Kenya,Fitness_Wearables,61.41,3.8,13.45
2023-12-24,KE,Kenya,Nutrition_Diets,57.77,0.22,10.48
2023-12-24,MX,Mexico,Fashion_Beauty,72.15,0.27,-6.8
2023-12-24,MX,Mexico,Fitness_Wearables,73.12,9.57,3.69
2023-12-24,MX,Mexico,Nutrition_Diets,25.79,0.36,-2.17
2023-12-24,NG,Nigeria,Fashion_Beauty,81.36,-7.8,3.04
2023-12-24,NG,Nigeria,Fitness_Wearables,65.38,4.04,11.78
2023-12-24,NG,Nigeria,Nutrition_Diets,56.23,-6.29,2.77
2023-12-24,SG,Singapore,Fashion_Beauty,53.09,0.94,3.66
2023-12-24,SG,Singapore,Fitness_Wearables,65.17,5.47,5.57
2023-12-24,SG,Singapore,Nutrition_Diets,50.05,3.71,4.56
2023-12-24,US,United_States,Fashion_Beauty,48.57,-0.09,0.08
2023-12-24,US,United_States,Fitness_Wearables,62.57,11.27,9.27
2023-12-24,US,United_States,Nutrition_Diets,49.22,2.49,5.62
2023-12-24,ZA,South_Africa,Fashion_Beauty,73.82,-16.15,-16.01
2023-12-24,ZA,South_Africa,Fitness_Wearables,77,8.25,8.37
2023-12-24,ZA,South_Africa,Nutrition_Diets,60.14,4.56,3.65
2023-12-31,AE,United_Arab_Emirates,Fashion_Beauty,70.5,-1.08,2.67
2023-12-31,AE,United_Arab_Emirates,Fitness_Wearables,71.12,7.82,6.46
2023-12-31,AE,United_Arab_Emirates,Nutrition_Diets,68.72,9.36,9.27
2023-12-31,AU,Australia,Fashion_Beauty,59.31,-7.94,-11.05
2023-12-31,AU,Australia,Fitness_Wearables,89.11,8.12,-0.21
2023-12-31,AU,Australia,Nutrition_Diets,100,32.98,30.43
2023-12-31,BR,Brazil,Fashion_Beauty,50.55,-6.05,-4.45
2023-12-31,BR,Brazil,Fitness_Wearables,64.96,12.21,13.41
2023-12-31,BR,Brazil,Nutrition_Diets,29.89,4.15,6.81
2023-12-31,CA,Canada,Fashion_Beauty,62.29,-7.28,-11.14
2023-12-31,CA,Canada,Fitness_Wearables,90.47,3.56,-18.64
2023-12-31,CA,Canada,Nutrition_Diets,89.29,27,26.37
2023-12-31,CN,China,Fashion_Beauty,13.04,-1,-0.26
2023-12-31,CN,China,Fitness_Wearables,26.86,4.09,8.42
2023-12-31,CN,China,Nutrition_Diets,6.32,0.15,-0.16
2023-12-31,DE,Germany,Fashion_Beauty,39.66,-0.34,-3.58
2023-12-31,DE,Germany,Fitness_Wearables,83.65,4.76,-6.03
2023-12-31,DE,Germany,Nutrition_Diets,43.77,10.44,9.48
2023-12-31,FR,France,Fashion_Beauty,29.05,-0.63,-1.13
2023-12-31,FR,France,Fitness_Wearables,66.74,-0.53,-17.43
2023-12-31,FR,France,Nutrition_Diets,36.29,4.85,2.23
2023-12-31,GB,United_Kingdom,Fashion_Beauty,49.53,-8.28,-8.51
2023-12-31,GB,United_Kingdom,Fitness_Wearables,89.75,9.42,-10.77
2023-12-31,GB,United_Kingdom,Nutrition_Diets,89.01,26.97,23.97
2023-12-31,IN,India,Fashion_Beauty,53.08,-1.97,-1.48
2023-12-31,IN,India,Fitness_Wearables,77.04,2.04,-0.34
2023-12-31,IN,India,Nutrition_Diets,77.18,7.17,9.13
2023-12-31,JP,Japan,Fashion_Beauty,21.55,-1.66,-2.49
2023-12-31,JP,Japan,Fitness_Wearables,32.96,4.09,3.98
2023-12-31,JP,Japan,Nutrition_Diets,9.94,0,0.49
2023-12-31,KE,Kenya,Fashion_Beauty,76.6,3.6,14.72
2023-12-31,KE,Kenya,Fitness_Wearables,75.82,14.41,10.61
2023-12-31,KE,Kenya,Nutrition_Diets,75.96,18.19,17.97
2023-12-31,MX,Mexico,Fashion_Beauty,68.07,-4.08,-4.35
2023-12-31,MX,Mexico,Fitness_Wearables,82.7,9.58,0.01
2023-12-31,MX,Mexico,Nutrition_Diets,31.56,5.77,5.41
2023-12-31,NG,Nigeria,Fashion_Beauty,81.36,0,7.8
2023-12-31,NG,Nigeria,Fitness_Wearables,72.27,6.89,2.85
2023-12-31,NG,Nigeria,Nutrition_Diets,66.38,10.15,16.44
2023-12-31,SG,Singapore,Fashion_Beauty,51.73,-1.36,-2.3
2023-12-31,SG,Singapore,Fitness_Wearables,68.36,3.19,-2.28
2023-12-31,SG,Singapore,Nutrition_Diets,55.14,5.09,1.38
2023-12-31,US,United_States,Fashion_Beauty,43.73,-4.84,-4.75
2023-12-31,US,United_States,Fitness_Wearables,74.25,11.68,0.41
2023-12-31,US,United_States,Nutrition_Diets,67.47,18.25,15.76
2023-12-31,ZA,South_Africa,Fashion_Beauty,67.27,-6.55,9.6
2023-12-31,ZA,South_Africa,Fitness_Wearables,91.27,14.27,6.02
2023-12-31,ZA,South_Africa,Nutrition_Diets,85.29,25.15,20.59
2024-01-07,AE,United_Arab_Emirates,Fashion_Beauty,70.98,0.48,1.56
2024-01-07,AE,United_Arab_Emirates,Fitness_Wearables,71.53,0.41,-7.41
2024-01-07,AE,United_Arab_Emirates,Nutrition_Diets,70.83,2.11,-7.25
2024-01-07,AU,Australia,Fashion_Beauty,59.68,0.37,8.31
2024-01-07,AU,Australia,Fitness_Wearables,90.54,1.43,-6.69
2024-01-07,AU,Australia,Nutrition_Diets,97.34,-2.66,-35.64
2024-01-07,BR,Brazil,Fashion_Beauty,52.9,2.35,8.4
2024-01-07,BR,Brazil,Fitness_Wearables,72.37,7.41,-4.8
2024-01-07,BR,Brazil,Nutrition_Diets,36.49,6.6,2.45
2024-01-07,CA,Canada,Fashion_Beauty,59.76,-2.53,4.75
2024-01-07,CA,Canada,Fitness_Wearables,78.43,-12.04,-15.6
2024-01-07,CA,Canada,Nutrition_Diets,84.7,-4.59,-31.59
2024-01-07,CN,China,Fashion_Beauty,15.28,2.24,3.24
2024-01-07,CN,China,Fitness_Wearables,26.49,-0.37,-4.46
2024-01-07,CN,China,Nutrition_Diets,6.17,-0.15,-0.3
2024-01-07,DE,Germany,Fashion_Beauty,41.12,1.46,1.8
2024-01-07,DE,Germany,Fitness_Wearables,75.94,-7.71,-12.47
2024-01-07,DE,Germany,Nutrition_Diets,46.96,3.19,-7.25
2024-01-07,FR,France,Fashion_Beauty,29.93,0.88,1.51
2024-01-07,FR,France,Fitness_Wearables,62.83,-3.91,-3.38
2024-01-07,FR,France,Nutrition_Diets,33.66,-2.63,-7.48
2024-01-07,GB,United_Kingdom,Fashion_Beauty,48.6,-0.93,7.35
2024-01-07,GB,United_Kingdom,Fitness_Wearables,81.47,-8.28,-17.7
2024-01-07,GB,United_Kingdom,Nutrition_Diets,82.92,-6.09,-33.06
2024-01-07,IN,India,Fashion_Beauty,55.05,1.97,3.94
2024-01-07,IN,India,Fitness_Wearables,78.57,1.53,-0.51
2024-01-07,IN,India,Nutrition_Diets,85.79,8.61,1.44
2024-01-07,JP,Japan,Fashion_Beauty,22.14,0.59,2.25
2024-01-07,JP,Japan,Fitness_Wearables,32.63,-0.33,-4.42
2024-01-07,JP,Japan,Nutrition_Diets,11.99,2.05,2.05
2024-01-07,KE,Kenya,Fashion_Beauty,81.18,4.58,0.98
2024-01-07,KE,Kenya,Fitness_Wearables,81.52,5.7,-8.71
2024-01-07,KE,Kenya,Nutrition_Diets,76.96,1,-17.19
2024-01-07,MX,Mexico,Fashion_Beauty,58.97,-9.1,-5.02
2024-01-07,MX,Mexico,Fitness_Wearables,77.48,-5.22,-14.8
2024-01-07,MX,Mexico,Nutrition_Diets,34.54,2.98,-2.79
2024-01-07,NG,Nigeria,Fashion_Beauty,83.96,2.6,2.6
2024-01-07,NG,Nigeria,Fitness_Wearables,74.96,2.69,-4.2
2024-01-07,NG,Nigeria,Nutrition_Diets,79.81,13.43,3.28
2024-01-07,SG,Singapore,Fashion_Beauty,52.36,0.63,1.99
2024-01-07,SG,Singapore,Fitness_Wearables,64.48,-3.88,-7.07
2024-01-07,SG,Singapore,Nutrition_Diets,56.1,0.96,-4.13
2024-01-07,US,United_States,Fashion_Beauty,42.7,-1.03,3.81
2024-01-07,US,United_States,Fitness_Wearables,60.18,-14.07,-25.75
2024-01-07,US,United_States,Nutrition_Diets,63.04,-4.43,-22.68
2024-01-07,ZA,South_Africa,Fashion_Beauty,71.73,4.46,11.01
2024-01-07,ZA,South_Africa,Fitness_Wearables,92.69,1.42,-12.85
2024-01-07,ZA,South_Africa,Nutrition_Diets,91.08,5.79,-19.36
2024-01-14,AE,United_Arab_Emirates,Fashion_Beauty,68.68,-2.3,-2.78
2024-01-14,AE,United_Arab_Emirates,Fitness_Wearables,69.45,-2.08,-2.49
2024-01-14,AE,United_Arab_Emirates,Nutrition_Diets,70.28,-0.55,-2.66
2024-01-14,AU,Australia,Fashion_Beauty,59.31,-0.37,-0.74
2024-01-14,AU,Australia,Fitness_Wearables,83.45,-7.09,-8.52
2024-01-14,AU,Australia,Nutrition_Diets,86.38,-10.96,-8.3
2024-01-14,BR,Brazil,Fashion_Beauty,50.18,-2.72,-5.07
2024-01-14,BR,Brazil,Fitness_Wearables,67.57,-4.8,-12.21
2024-01-14,BR,Brazil,Nutrition_Diets,33.94,-2.55,-9.15
2024-01-14,CA,Canada,Fashion_Beauty,62.07,2.31,4.84
2024-01-14,CA,Canada,Fitness_Wearables,74.14,-4.29,7.75
2024-01-14,CA,Canada,Nutrition_Diets,81.28,-3.42,1.17
2024-01-14,CN,China,Fashion_Beauty,18.63,3.35,1.11
2024-01-14,CN,China,Fitness_Wearables,24.63,-1.86,-1.49
2024-01-14,CN,China,Nutrition_Diets,7.67,1.5,1.65
2024-01-14,DE,Germany,Fashion_Beauty,41.45,0.33,-1.13
2024-01-14,DE,Germany,Fitness_Wearables,73.33,-2.61,5.1
2024-01-14,DE,Germany,Nutrition_Diets,43.38,-3.58,-6.77
2024-01-14,FR,France,Fashion_Beauty,34.66,4.73,3.85
2024-01-14,FR,France,Fitness_Wearables,60.93,-1.9,2.01
2024-01-14,FR,France,Nutrition_Diets,33,-0.66,1.97
2024-01-14,GB,United_Kingdom,Fashion_Beauty,50.35,1.75,2.68
2024-01-14,GB,United_Kingdom,Fitness_Wearables,79.61,-1.86,6.42
2024-01-14,GB,United_Kingdom,Nutrition_Diets,79.92,-3,3.09
2024-01-14,IN,India,Fashion_Beauty,54.19,-0.86,-2.83
2024-01-14,IN,India,Fitness_Wearables,75.17,-3.4,-4.93
2024-01-14,IN,India,Nutrition_Diets,78.23,-7.56,-16.17
2024-01-14,JP,Japan,Fashion_Beauty,21.55,-0.59,-1.18
2024-01-14,JP,Japan,Fitness_Wearables,29.98,-2.65,-2.32
2024-01-14,JP,Japan,Nutrition_Diets,11.4,-0.59,-2.64
2024-01-14,KE,Kenya,Fashion_Beauty,77.74,-3.44,-8.02
2024-01-14,KE,Kenya,Fitness_Wearables,82.61,1.09,-4.61
2024-01-14,KE,Kenya,Nutrition_Diets,82.03,5.07,4.07
2024-01-14,MX,Mexico,Fashion_Beauty,56.11,-2.86,6.24
2024-01-14,MX,Mexico,Fitness_Wearables,68.44,-9.04,-3.82
2024-01-14,MX,Mexico,Nutrition_Diets,31.11,-3.43,-6.41
2024-01-14,NG,Nigeria,Fashion_Beauty,83.67,-0.29,-2.89
2024-01-14,NG,Nigeria,Fitness_Wearables,74.96,0,-2.69
2024-01-14,NG,Nigeria,Nutrition_Diets,81.74,1.93,-11.5
2024-01-14,SG,Singapore,Fashion_Beauty,51.31,-1.05,-1.68
2024-01-14,SG,Singapore,Fitness_Wearables,60.4,-4.08,-0.2
2024-01-14,SG,Singapore,Nutrition_Diets,52.49,-3.61,-4.57
2024-01-14,US,United_States,Fashion_Beauty,42.52,-0.18,0.85
2024-01-14,US,United_States,Fitness_Wearables,58.68,-1.5,12.57
2024-01-14,US,United_States,Nutrition_Diets,57.14,-5.9,-1.47
2024-01-14,ZA,South_Africa,Fashion_Beauty,66.3,-5.43,-9.89
2024-01-14,ZA,South_Africa,Fitness_Wearables,90.92,-1.77,-3.19
2024-01-14,ZA,South_Africa,Nutrition_Diets,83.57,-7.51,-13.3
2024-01-21,AE,United_Arab_Emirates,Fashion_Beauty,67.96,-0.72,1.58
2024-01-21,AE,United_Arab_Emirates,Fitness_Wearables,68.09,-1.36,0.72
2024-01-21,AE,United_Arab_Emirates,Nutrition_Diets,67.16,-3.12,-2.57
2024-01-21,AU,Australia,Fashion_Beauty,57.69,-1.62,-1.25
2024-01-21,AU,Australia,Fitness_Wearables,80.68,-2.77,4.32
2024-01-21,AU,Australia,Nutrition_Diets,77.23,-9.15,1.81
2024-01-21,BR,Brazil,Fashion_Beauty,50.92,0.74,3.46
2024-01-21,BR,Brazil,Fitness_Wearables,65.47,-2.1,2.7
2024-01-21,BR,Brazil,Nutrition_Diets,33.4,-0.54,2.01
2024-01-21,CA,Canada,Fashion_Beauty,61.74,-0.33,-2.64
2024-01-21,CA,Canada,Fitness_Wearables,72.36,-1.78,2.51
2024-01-21,CA,Canada,Nutrition_Diets,79.66,-1.62,1.8
2024-01-21,CN,China,Fashion_Beauty,16.52,-2.11,-5.46
2024-01-21,CN,China,Fitness_Wearables,29.46,4.83,6.69
2024-01-21,CN,China,Nutrition_Diets,6.47,-1.2,-2.7
2024-01-21,DE,Germany,Fashion_Beauty,42.91,1.46,1.13
2024-01-21,DE,Germany,Fitness_Wearables,71.62,-1.71,0.9
2024-01-21,DE,Germany,Nutrition_Diets,43.19,-0.19,3.39
2024-01-21,FR,France,Fashion_Beauty,34.41,-0.25,-4.98
2024-01-21,FR,France,Fitness_Wearables,60.51,-0.42,1.48
2024-01-21,FR,France,Nutrition_Diets,33.58,0.58,1.24
2024-01-21,GB,United_Kingdom,Fashion_Beauty,48.37,-1.98,-3.73
2024-01-21,GB,United_Kingdom,Fitness_Wearables,76.19,-3.42,-1.56
2024-01-21,GB,United_Kingdom,Nutrition_Diets,79.92,0,3
2024-01-21,IN,India,Fashion_Beauty,53.08,-1.11,-0.25
2024-01-21,IN,India,Fitness_Wearables,72.11,-3.06,0.34
2024-01-21,IN,India,Nutrition_Diets,72.49,-5.74,1.82
2024-01-21,JP,Japan,Fashion_Beauty,21.55,0,0.59
2024-01-21,JP,Japan,Fitness_Wearables,32.3,2.32,4.97
2024-01-21,JP,Japan,Nutrition_Diets,12.09,0.69,1.28
2024-01-21,KE,Kenya,Fashion_Beauty,77.58,-0.16,3.28
2024-01-21,KE,Kenya,Fitness_Wearables,81.11,-1.5,-2.59
2024-01-21,KE,Kenya,Nutrition_Diets,89.42,7.39,2.32
2024-01-21,MX,Mexico,Fashion_Beauty,55.03,-1.08,1.78
2024-01-21,MX,Mexico,Fitness_Wearables,68.55,0.11,9.15
2024-01-21,MX,Mexico,Nutrition_Diets,31.02,-0.09,3.34
2024-01-21,NG,Nigeria,Fashion_Beauty,83.53,-0.14,0.15
2024-01-21,NG,Nigeria,Fitness_Wearables,76.3,1.34,1.34
2024-01-21,NG,Nigeria,Nutrition_Diets,86.58,4.84,2.91
2024-01-21,SG,Singapore,Fashion_Beauty,52.25,0.94,1.99
2024-01-21,SG,Singapore,Fitness_Wearables,61.59,1.19,5.27
2024-01-21,SG,Singapore,Nutrition_Diets,49.52,-2.97,0.64
2024-01-21,US,United_States,Fashion_Beauty,43.13,0.61,0.79
2024-01-21,US,United_States,Fitness_Wearables,58.58,-0.1,1.4
2024-01-21,US,United_States,Nutrition_Diets,60.09,2.95,8.85
2024-01-21,ZA,South_Africa,Fashion_Beauty,68.11,1.81,7.24
2024-01-21,ZA,South_Africa,Fitness_Wearables,85.38,-5.54,-3.77
2024-01-21,ZA,South_Africa,Nutrition_Diets,78.19,-5.38,2.13
2024-01-28,AE,United_Arab_Emirates,Fashion_Beauty,67.11,-0.85,-0.13
2024-01-28,AE,United_Arab_Emirates,Fitness_Wearables,71.22,3.13,4.49
2024-01-28,AE,United_Arab_Emirates,Nutrition_Diets,66.7,-0.46,2.66
2024-01-28,AU,Australia,Fashion_Beauty,57.57,-0.12,1.5
2024-01-28,AU,Australia,Fitness_Wearables,83.56,2.88,5.65
2024-01-28,AU,Australia,Nutrition_Diets,80.64,3.41,12.56
2024-01-28,BR,Brazil,Fashion_Beauty,50.55,-0.37,-1.11
2024-01-28,BR,Brazil,Fitness_Wearables,64.06,-1.41,0.69
2024-01-28,BR,Brazil,Nutrition_Diets,32.23,-1.17,-0.63
2024-01-28,CA,Canada,Fashion_Beauty,62.29,0.55,0.88
2024-01-28,CA,Canada,Fitness_Wearables,74.55,2.19,3.97
2024-01-28,CA,Canada,Nutrition_Diets,79.66,0,1.62
2024-01-28,CN,China,Fashion_Beauty,17.02,0.5,2.61
2024-01-28,CN,China,Fitness_Wearables,24.75,-4.71,-9.54
2024-01-28,CN,China,Nutrition_Diets,5.11,-1.36,-0.16
2024-01-28,DE,Germany,Fashion_Beauty,41.56,-1.35,-2.81
2024-01-28,DE,Germany,Fitness_Wearables,72.19,0.57,2.28
2024-01-28,DE,Germany,Nutrition_Diets,41.84,-1.35,-1.16
2024-01-28,FR,France,Fashion_Beauty,31.3,-3.11,-2.86
2024-01-28,FR,France,Fitness_Wearables,62.62,2.11,2.53
2024-01-28,FR,France,Nutrition_Diets,33.58,0,-0.58
2024-01-28,GB,United_Kingdom,Fashion_Beauty,49.53,1.16,3.14
2024-01-28,GB,United_Kingdom,Fitness_Wearables,79.3,3.11,6.53
2024-01-28,GB,United_Kingdom,Nutrition_Diets,75.22,-4.7,-4.7
2024-01-28,IN,India,Fashion_Beauty,52.22,-0.86,0.25
2024-01-28,IN,India,Fitness_Wearables,72.28,0.17,3.23
2024-01-28,IN,India,Nutrition_Diets,74.45,1.96,7.7
2024-01-28,JP,Japan,Fashion_Beauty,22.38,0.83,0.83
2024-01-28,JP,Japan,Fitness_Wearables,32.74,0.44,-1.88
2024-01-28,JP,Japan,Nutrition_Diets,12.28,0.19,-0.5
2024-01-28,KE,Kenya,Fashion_Beauty,78.89,1.31,1.47
2024-01-28,KE,Kenya,Fitness_Wearables,80.57,-0.54,0.96
2024-01-28,KE,Kenya,Nutrition_Diets,79.49,-9.93,-17.32
2024-01-28,MX,Mexico,Fashion_Beauty,52.58,-2.45,-1.37
2024-01-28,MX,Mexico,Fitness_Wearables,68.01,-0.54,-0.65
2024-01-28,MX,Mexico,Nutrition_Diets,30.93,-0.09,0
2024-01-28,NG,Nigeria,Fashion_Beauty,78.18,-5.35,-5.21
2024-01-28,NG,Nigeria,Fitness_Wearables,76.64,0.34,-1
2024-01-28,NG,Nigeria,Nutrition_Diets,82.35,-4.23,-9.07
2024-01-28,SG,Singapore,Fashion_Beauty,51.83,-0.42,-1.36
2024-01-28,SG,Singapore,Fitness_Wearables,61.99,0.4,-0.79
2024-01-28,SG,Singapore,Nutrition_Diets,49.73,0.21,3.18
2024-01-28,US,United_States,Fashion_Beauty,42.18,-0.95,-1.56
2024-01-28,US,United_States,Fitness_Wearables,58.38,-0.2,-0.1
2024-01-28,US,United_States,Nutrition_Diets,57.79,-2.3,-5.25
2024-01-28,ZA,South_Africa,Fashion_Beauty,67.41,-0.7,-2.51
2024-01-28,ZA,South_Africa,Fitness_Wearables,85.61,0.23,5.77
2024-01-28,ZA,South_Africa,Nutrition_Diets,74.24,-3.95,1.43
2024-02-04,AE,United_Arab_Emirates,Fashion_Beauty,69.89,2.78,3.63
2024-02-04,AE,United_Arab_Emirates,Fitness_Wearables,69.55,-1.67,-4.8
2024-02-04,AE,United_Arab_Emirates,Nutrition_Diets,67.98,1.28,1.74
2024-02-04,AU,Australia,Fashion_Beauty,58.93,1.36,1.48
2024-02-04,AU,Australia,Fitness_Wearables,81.6,-1.96,-4.84
2024-02-04,AU,Australia,Nutrition_Diets,77.23,-3.41,-6.82
2024-02-04,BR,Brazil,Fashion_Beauty,51.54,0.99,1.36
2024-02-04,BR,Brazil,Fitness_Wearables,61.06,-3,-1.59
2024-02-04,BR,Brazil,Nutrition_Diets,31.38,-0.85,0.32
2024-02-04,CA,Canada,Fashion_Beauty,63.4,1.11,0.56
2024-02-04,CA,Canada,Fitness_Wearables,71.2,-3.35,-5.54
2024-02-04,CA,Canada,Nutrition_Diets,77.32,-2.34,-2.34
2024-02-04,CN,China,Fashion_Beauty,12.42,-4.6,-5.1
2024-02-04,CN,China,Fitness_Wearables,21.29,-3.46,1.25
2024-02-04,CN,China,Nutrition_Diets,4.66,-0.45,0.91
2024-02-04,DE,Germany,Fashion_Beauty,43.13,1.57,2.92
2024-02-04,DE,Germany,Fitness_Wearables,70.15,-2.04,-2.61
2024-02-04,DE,Germany,Nutrition_Diets,40.97,-0.87,0.48
2024-02-04,FR,France,Fashion_Beauty,29.8,-1.5,1.61
2024-02-04,FR,France,Fitness_Wearables,58.08,-4.54,-6.65
2024-02-04,FR,France,Nutrition_Diets,32.76,-0.82,-0.82
2024-02-04,GB,United_Kingdom,Fashion_Beauty,49.77,0.24,-0.92
2024-02-04,GB,United_Kingdom,Fitness_Wearables,74.84,-4.46,-7.57
2024-02-04,GB,United_Kingdom,Nutrition_Diets,73.93,-1.29,3.41
2024-02-04,IN,India,Fashion_Beauty,53.45,1.23,2.09
2024-02-04,IN,India,Fitness_Wearables,71.77,-0.51,-0.68
2024-02-04,IN,India,Nutrition_Diets,73.27,-1.18,-3.14
2024-02-04,JP,Japan,Fashion_Beauty,22.26,-0.12,-0.95
2024-02-04,JP,Japan,Fitness_Wearables,31.64,-1.1,-1.54
2024-02-04,JP,Japan,Nutrition_Diets,12.09,-0.19,-0.38
2024-02-04,KE,Kenya,Fashion_Beauty,77.58,-1.31,-2.62
2024-02-04,KE,Kenya,Fitness_Wearables,72.69,-7.88,-7.34
2024-02-04,KE,Kenya,Nutrition_Diets,74.75,-4.74,5.19
2024-02-04,MX,Mexico,Fashion_Beauty,55.3,2.72,5.17
2024-02-04,MX,Mexico,Fitness_Wearables,68.55,0.54,1.08
2024-02-04,MX,Mexico,Nutrition_Diets,31.92,0.99,1.08
2024-02-04,NG,Nigeria,Fashion_Beauty,76.3,-1.88,3.47
2024-02-04,NG,Nigeria,Fitness_Wearables,78.82,2.18,1.84
2024-02-04,NG,Nigeria,Nutrition_Diets,78.36,-3.99,0.24
2024-02-04,SG,Singapore,Fashion_Beauty,50.79,-1.04,-0.62
2024-02-04,SG,Singapore,Fitness_Wearables,60.5,-1.49,-1.89
2024-02-04,SG,Singapore,Nutrition_Diets,51.33,1.6,1.39
2024-02-04,US,United_States,Fashion_Beauty,43.04,0.86,1.81
2024-02-04,US,United_States,Fitness_Wearables,55.59,-2.79,-2.59
2024-02-04,US,United_States,Nutrition_Diets,58.62,0.83,3.13
2024-02-04,ZA,South_Africa,Fashion_Beauty,63.23,-4.18,-3.48
2024-02-04,ZA,South_Africa,Fitness_Wearables,81.37,-4.24,-4.47
2024-02-04,ZA,South_Africa,Nutrition_Diets,74.75,0.51,4.46
2024-02-11,AE,United_Arab_Emirates,Fashion_Beauty,64.93,-4.96,-7.74
2024-02-11,AE,United_Arab_Emirates,Fitness_Wearables,67.67,-1.88,-0.21
2024-02-11,AE,United_Arab_Emirates,Nutrition_Diets,62.94,-5.04,-6.32
2024-02-11,AU,Australia,Fashion_Beauty,58.06,-0.87,-2.23
2024-02-11,AU,Australia,Fitness_Wearables,77.9,-3.7,-1.74
2024-02-11,AU,Australia,Nutrition_Diets,73.3,-3.93,-0.52
2024-02-11,BR,Brazil,Fashion_Beauty,49.57,-1.97,-2.96
2024-02-11,BR,Brazil,Fitness_Wearables,57.46,-3.6,-0.6
2024-02-11,BR,Brazil,Nutrition_Diets,30,-1.38,-0.53
2024-02-11,CA,Canada,Fashion_Beauty,60.53,-2.87,-3.98
2024-02-11,CA,Canada,Fitness_Wearables,70.68,-0.52,2.83
2024-02-11,CA,Canada,Nutrition_Diets,71.47,-5.85,-3.51
2024-02-11,CN,China,Fashion_Beauty,11.06,-1.36,3.24
2024-02-11,CN,China,Fitness_Wearables,28.34,7.05,10.51
2024-02-11,CN,China,Nutrition_Diets,4.81,0.15,0.6
2024-02-11,DE,Germany,Fashion_Beauty,41.12,-2.01,-3.58
2024-02-11,DE,Germany,Fitness_Wearables,69.35,-0.8,1.24
2024-02-11,DE,Germany,Nutrition_Diets,39.32,-1.65,-0.78
2024-02-11,FR,France,Fashion_Beauty,31.05,1.25,2.75
2024-02-11,FR,France,Fitness_Wearables,55.44,-2.64,1.9
2024-02-11,FR,France,Nutrition_Diets,33.66,0.9,1.72
2024-02-11,GB,United_Kingdom,Fashion_Beauty,49.77,0,-0.24
2024-02-11,GB,United_Kingdom,Fitness_Wearables,70.6,-4.24,0.22
2024-02-11,GB,United_Kingdom,Nutrition_Diets,69.53,-4.4,-3.11
2024-02-11,IN,India,Fashion_Beauty,51.48,-1.97,-3.2
2024-02-11,IN,India,Fitness_Wearables,69.22,-2.55,-2.04
2024-02-11,IN,India,Nutrition_Diets,72.88,-0.39,0.79
2024-02-11,JP,Japan,Fashion_Beauty,22.38,0.12,0.24
2024-02-11,JP,Japan,Fitness_Wearables,33.85,2.21,3.31
2024-02-11,JP,Japan,Nutrition_Diets,12.38,0.29,0.48
2024-02-11,KE,Kenya,Fashion_Beauty,74.3,-3.28,-1.97
2024-02-11,KE,Kenya,Fitness_Wearables,68.34,-4.35,3.53
2024-02-11,KE,Kenya,Nutrition_Diets,68.58,-6.17,-1.43
2024-02-11,MX,Mexico,Fashion_Beauty,53.53,-1.77,-4.49
2024-02-11,MX,Mexico,Fitness_Wearables,64.85,-3.7,-4.24
2024-02-11,MX,Mexico,Nutrition_Diets,29.13,-2.79,-3.78
2024-02-11,NG,Nigeria,Fashion_Beauty,74.13,-2.17,-0.29
2024-02-11,NG,Nigeria,Fitness_Wearables,69.08,-9.74,-11.92
2024-02-11,NG,Nigeria,Nutrition_Diets,74.24,-4.12,-0.13
2024-02-11,SG,Singapore,Fashion_Beauty,47.75,-3.04,-2
2024-02-11,SG,Singapore,Fitness_Wearables,64.38,3.88,5.37
2024-02-11,SG,Singapore,Nutrition_Diets,51.33,0,-1.6
2024-02-11,US,United_States,Fashion_Beauty,42.35,-0.69,-1.55
2024-02-11,US,United_States,Fitness_Wearables,52.1,-3.49,-0.7
2024-02-11,US,United_States,Nutrition_Diets,54.93,-3.69,-4.52
2024-02-11,ZA,South_Africa,Fashion_Beauty,66.02,2.79,6.97
2024-02-11,ZA,South_Africa,Fitness_Wearables,82.43,1.06,5.3
2024-02-11,ZA,South_Africa,Nutrition_Diets,73.02,-1.73,-2.24
2024-02-18,AE,United_Arab_Emirates,Fashion_Beauty,67.23,2.3,7.26
2024-02-18,AE,United_Arab_Emirates,Fitness_Wearables,69.66,1.99,3.87
2024-02-18,AE,United_Arab_Emirates,Nutrition_Diets,66.24,3.3,8.34
2024-02-18,AU,Australia,Fashion_Beauty,59.93,1.87,2.74
2024-02-18,AU,Australia,Fitness_Wearables,79.65,1.75,5.45
2024-02-18,AU,Australia,Nutrition_Diets,73.62,0.32,4.25
2024-02-18,BR,Brazil,Fashion_Beauty,50.43,0.86,2.83
2024-02-18,BR,Brazil,Fitness_Wearables,61.16,3.7,7.3
2024-02-18,BR,Brazil,Nutrition_Diets,30.11,0.11,1.49
2024-02-18,CA,Canada,Fashion_Beauty,63.62,3.09,5.96
2024-02-18,CA,Canada,Fitness_Wearables,75.18,4.5,5.02
2024-02-18,CA,Canada,Nutrition_Diets,74.8,3.33,9.18
2024-02-18,CN,China,Fashion_Beauty,13.04,1.98,3.34
2024-02-18,CN,China,Fitness_Wearables,25.12,-3.22,-10.27
2024-02-18,CN,China,Nutrition_Diets,5.71,0.9,0.75
2024-02-18,DE,Germany,Fashion_Beauty,40.89,-0.23,1.78
2024-02-18,DE,Germany,Fitness_Wearables,67.2,-2.15,-1.35
2024-02-18,DE,Germany,Nutrition_Diets,39.52,0.2,1.85
2024-02-18,FR,France,Fashion_Beauty,33.04,1.99,0.74
2024-02-18,FR,France,Fitness_Wearables,56.07,0.63,3.27
2024-02-18,FR,France,Nutrition_Diets,34.07,0.41,-0.49
2024-02-18,GB,United_Kingdom,Fashion_Beauty,51.05,1.28,1.28
2024-02-18,GB,United_Kingdom,Fitness_Wearables,73.5,2.9,7.14
2024-02-18,GB,United_Kingdom,Nutrition_Diets,73.03,3.5,7.9
2024-02-18,IN,India,Fashion_Beauty,50.86,-0.62,1.35
2024-02-18,IN,India,Fitness_Wearables,72.62,3.4,5.95
2024-02-18,IN,India,Nutrition_Diets,75.88,3,3.39
2024-02-18,JP,Japan,Fashion_Beauty,23.45,1.07,0.95
2024-02-18,JP,Japan,Fitness_Wearables,32.52,-1.33,-3.54
2024-02-18,JP,Japan,Nutrition_Diets,12.67,0.29,-1.78E-15
2024-02-18,KE,Kenya,Fashion_Beauty,80.85,6.55,9.83
2024-02-18,KE,Kenya,Fitness_Wearables,67.26,-1.08,3.27
2024-02-18,KE,Kenya,Nutrition_Diets,73.43,4.85,11.02
2024-02-18,MX,Mexico,Fashion_Beauty,53.53,0,1.77
2024-02-18,MX,Mexico,Fitness_Wearables,66.81,1.96,5.66
2024-02-18,MX,Mexico,Nutrition_Diets,30.66,1.53,4.32
2024-02-18,NG,Nigeria,Fashion_Beauty,75.29,1.16,3.33
2024-02-18,NG,Nigeria,Fitness_Wearables,67.9,-1.18,8.56
2024-02-18,NG,Nigeria,Nutrition_Diets,78.84,4.6,8.72
2024-02-18,SG,Singapore,Fashion_Beauty,47.64,-0.11,2.93
2024-02-18,SG,Singapore,Fitness_Wearables,61.19,-3.19,-7.07
2024-02-18,SG,Singapore,Nutrition_Diets,52.39,1.06,1.06
2024-02-18,US,United_States,Fashion_Beauty,45.38,3.03,3.72
2024-02-18,US,United_States,Fitness_Wearables,57.98,5.88,9.37
2024-02-18,US,United_States,Nutrition_Diets,58.62,3.69,7.38
2024-02-18,ZA,South_Africa,Fashion_Beauty,67.55,1.53,-1.26
2024-02-18,ZA,South_Africa,Fitness_Wearables,89.98,7.55,6.49
2024-02-18,ZA,South_Africa,Nutrition_Diets,73.12,0.1,1.83
2024-02-25,AE,United_Arab_Emirates,Fashion_Beauty,70.98,3.75,1.45
2024-02-25,AE,United_Arab_Emirates,Fitness_Wearables,68.93,-0.73,-2.72
2024-02-25,AE,United_Arab_Emirates,Nutrition_Diets,65.05,-1.19,-4.49
2024-02-25,AU,Australia,Fashion_Beauty,59.55,-0.38,-2.25
2024-02-25,AU,Australia,Fitness_Wearables,78.83,-0.82,-2.57
2024-02-25,AU,Australia,Nutrition_Diets,77.13,3.51,3.19
2024-02-25,BR,Brazil,Fashion_Beauty,50.8,0.37,-0.49
2024-02-25,BR,Brazil,Fitness_Wearables,61.66,0.5,-3.2
2024-02-25,BR,Brazil,Nutrition_Diets,30.11,0,-0.11
2024-02-25,CA,Canada,Fashion_Beauty,63.29,-0.33,-3.42
2024-02-25,CA,Canada,Fitness_Wearables,70.79,-4.39,-8.89
2024-02-25,CA,Canada,Nutrition_Diets,74.44,-0.36,-3.69
2024-02-25,CN,China,Fashion_Beauty,15.28,2.24,0.26
2024-02-25,CN,China,Fitness_Wearables,25.5,0.38,3.6
2024-02-25,CN,China,Nutrition_Diets,6.32,0.61,-0.29
2024-02-25,DE,Germany,Fashion_Beauty,41.79,0.9,1.13
2024-02-25,DE,Germany,Fitness_Wearables,68.67,1.47,3.62
2024-02-25,DE,Germany,Nutrition_Diets,42.51,2.99,2.79
2024-02-25,FR,France,Fashion_Beauty,36.78,3.74,1.75
2024-02-25,FR,France,Fitness_Wearables,58.29,2.22,1.59
2024-02-25,FR,France,Nutrition_Diets,35.39,1.32,0.91
2024-02-25,GB,United_Kingdom,Fashion_Beauty,50.82,-0.23,-1.51
2024-02-25,GB,United_Kingdom,Fitness_Wearables,71.43,-2.07,-4.97
2024-02-25,GB,United_Kingdom,Nutrition_Diets,74.13,1.1,-2.4
2024-02-25,IN,India,Fashion_Beauty,51.72,0.86,1.48
2024-02-25,IN,India,Fitness_Wearables,73.64,1.02,-2.38
2024-02-25,IN,India,Nutrition_Diets,76.92,1.04,-1.96
2024-02-25,JP,Japan,Fashion_Beauty,23.1,-0.35,-1.42
2024-02-25,JP,Japan,Fitness_Wearables,33.63,1.11,2.44
2024-02-25,JP,Japan,Nutrition_Diets,13.06,0.39,0.1
2024-02-25,KE,Kenya,Fashion_Beauty,73.49,-7.36,-13.91
2024-02-25,KE,Kenya,Fitness_Wearables,66.71,-0.55,0.53
2024-02-25,KE,Kenya,Nutrition_Diets,71,-2.43,-7.28
2024-02-25,MX,Mexico,Fashion_Beauty,52.17,-1.36,-1.36
2024-02-25,MX,Mexico,Fitness_Wearables,67.03,0.22,-1.74
2024-02-25,MX,Mexico,Nutrition_Diets,31.65,0.99,-0.54
2024-02-25,NG,Nigeria,Fashion_Beauty,74.13,-1.16,-2.32
2024-02-25,NG,Nigeria,Fitness_Wearables,66.89,-1.01,0.17
2024-02-25,NG,Nigeria,Nutrition_Diets,78.48,-0.36,-4.96
2024-02-25,SG,Singapore,Fashion_Beauty,47.96,0.32,0.43
2024-02-25,SG,Singapore,Fitness_Wearables,66.67,5.48,8.67
2024-02-25,SG,Singapore,Nutrition_Diets,50.37,-2.02,-3.08
2024-02-25,US,United_States,Fashion_Beauty,43.47,-1.91,-4.94
2024-02-25,US,United_States,Fitness_Wearables,56.09,-1.89,-7.77
2024-02-25,US,United_States,Nutrition_Diets,59.08,0.46,-3.23
2024-02-25,ZA,South_Africa,Fashion_Beauty,70.75,3.2,1.67
2024-02-25,ZA,South_Africa,Fitness_Wearables,95.17,5.19,-2.36
2024-02-25,ZA,South_Africa,Nutrition_Diets,70.69,-2.43,-2.53
2024-03-03,AE,United_Arab_Emirates,Fashion_Beauty,63.85,-7.13,-10.88
2024-03-03,AE,United_Arab_Emirates,Fitness_Wearables,66.21,-2.72,-1.99
2024-03-03,AE,United_Arab_Emirates,Nutrition_Diets,60.92,-4.13,-2.94
2024-03-03,AU,Australia,Fashion_Beauty,61.41,1.86,2.24
2024-03-03,AU,Australia,Fitness_Wearables,76.88,-1.95,-1.13
2024-03-03,AU,Australia,Nutrition_Diets,74.68,-2.45,-5.96
2024-03-03,BR,Brazil,Fashion_Beauty,50.06,-0.74,-1.11
2024-03-03,BR,Brazil,Fitness_Wearables,60.56,-1.1,-1.6
2024-03-03,BR,Brazil,Nutrition_Diets,30.96,0.85,0.85
2024-03-03,CA,Canada,Fashion_Beauty,62.4,-0.89,-0.56
2024-03-03,CA,Canada,Fitness_Wearables,71.1,0.31,4.7
2024-03-03,CA,Canada,Nutrition_Diets,73.27,-1.17,-0.81
2024-03-03,CN,China,Fashion_Beauty,12.42,-2.86,-5.1
2024-03-03,CN,China,Fitness_Wearables,28.22,2.72,2.34
2024-03-03,CN,China,Nutrition_Diets,6.32,0,-0.61
2024-03-03,DE,Germany,Fashion_Beauty,41.45,-0.34,-1.24
2024-03-03,DE,Germany,Fitness_Wearables,67.42,-1.25,-2.72
2024-03-03,DE,Germany,Nutrition_Diets,39.52,-2.99,-5.98
2024-03-03,FR,France,Fashion_Beauty,34.66,-2.12,-5.86
2024-03-03,FR,France,Fitness_Wearables,56.18,-2.11,-4.33
2024-03-03,FR,France,Nutrition_Diets,33.66,-1.73,-3.05
2024-03-03,GB,United_Kingdom,Fashion_Beauty,50.58,-0.24,-0.01
2024-03-03,GB,United_Kingdom,Fitness_Wearables,72.46,1.03,3.1
2024-03-03,GB,United_Kingdom,Nutrition_Diets,72.93,-1.2,-2.3
2024-03-03,IN,India,Fashion_Beauty,51.72,0,-0.86
2024-03-03,IN,India,Fitness_Wearables,72.11,-1.53,-2.55
2024-03-03,IN,India,Nutrition_Diets,73.01,-3.91,-4.95
2024-03-03,JP,Japan,Fashion_Beauty,23.1,0,0.35
2024-03-03,JP,Japan,Fitness_Wearables,32.19,-1.44,-2.55
2024-03-03,JP,Japan,Nutrition_Diets,12.57,-0.49,-0.88
2024-03-03,KE,Kenya,Fashion_Beauty,76.92,3.43,10.79
2024-03-03,KE,Kenya,Fitness_Wearables,69.43,2.72,3.27
2024-03-03,KE,Kenya,Nutrition_Diets,70.12,-0.88,1.55
2024-03-03,MX,Mexico,Fashion_Beauty,51.63,-0.54,0.82
2024-03-03,MX,Mexico,Fitness_Wearables,69.31,2.28,2.06
2024-03-03,MX,Mexico,Nutrition_Diets,31.2,-0.45,-1.44
2024-03-03,NG,Nigeria,Fashion_Beauty,73.41,-0.72,0.44
2024-03-03,NG,Nigeria,Fitness_Wearables,68.74,1.85,2.86
2024-03-03,NG,Nigeria,Nutrition_Diets,76.18,-2.3,-1.94
2024-03-03,SG,Singapore,Fashion_Beauty,50.05,2.09,1.77
2024-03-03,SG,Singapore,Fitness_Wearables,60.1,-6.57,-12.05
2024-03-03,SG,Singapore,Nutrition_Diets,47.83,-2.54,-0.52
2024-03-03,US,United_States,Fashion_Beauty,42.52,-0.95,0.96
2024-03-03,US,United_States,Fitness_Wearables,55.19,-0.9,0.99
2024-03-03,US,United_States,Nutrition_Diets,57.14,-1.94,-2.4
2024-03-03,ZA,South_Africa,Fashion_Beauty,68.8,-1.95,-5.15
2024-03-03,ZA,South_Africa,Fitness_Wearables,90.33,-4.84,-10.03
2024-03-03,ZA,South_Africa,Nutrition_Diets,70.28,-0.41,2.02
2024-03-10,AE,United_Arab_Emirates,Fashion_Beauty,65.42,1.57,8.7
2024-03-10,AE,United_Arab_Emirates,Fitness_Wearables,70.07,3.86,6.58
2024-03-10,AE,United_Arab_Emirates,Nutrition_Diets,61.38,0.46,4.59
2024-03-10,AU,Australia,Fashion_Beauty,61.17,-0.24,-2.1
2024-03-10,AU,Australia,Fitness_Wearables,76.46,-0.42,1.53
2024-03-10,AU,Australia,Nutrition_Diets,75.74,1.06,3.51
2024-03-10,BR,Brazil,Fashion_Beauty,51.29,1.23,1.97
2024-03-10,BR,Brazil,Fitness_Wearables,61.96,1.4,2.5
2024-03-10,BR,Brazil,Nutrition_Diets,30.74,-0.22,-1.07
2024-03-10,CA,Canada,Fashion_Beauty,62.73,0.33,1.22
2024-03-10,CA,Canada,Fitness_Wearables,70.58,-0.52,-0.83
2024-03-10,CA,Canada,Nutrition_Diets,74.62,1.35,2.52
2024-03-10,CN,China,Fashion_Beauty,14.41,1.99,4.85
2024-03-10,CN,China,Fitness_Wearables,24.63,-3.59,-6.31
2024-03-10,CN,China,Nutrition_Diets,8.42,2.1,2.1
2024-03-10,DE,Germany,Fashion_Beauty,41.9,0.45,0.79
2024-03-10,DE,Germany,Fitness_Wearables,65.38,-2.04,-0.79
2024-03-10,DE,Germany,Nutrition_Diets,38.55,-0.97,2.02
2024-03-10,FR,France,Fashion_Beauty,31.92,-2.74,-0.62
2024-03-10,FR,France,Fitness_Wearables,54.49,-1.69,0.42
2024-03-10,FR,France,Nutrition_Diets,33.66,0,1.73
2024-03-10,GB,United_Kingdom,Fashion_Beauty,48.37,-2.21,-1.97
2024-03-10,GB,United_Kingdom,Fitness_Wearables,68.84,-3.62,-4.65
2024-03-10,GB,United_Kingdom,Nutrition_Diets,71.33,-1.6,-0.4
2024-03-10,IN,India,Fashion_Beauty,51.23,-0.49,-0.49
2024-03-10,IN,India,Fitness_Wearables,74.32,2.21,3.74
2024-03-10,IN,India,Nutrition_Diets,76.4,3.39,7.3
2024-03-10,JP,Japan,Fashion_Beauty,23.69,0.59,0.59
2024-03-10,JP,Japan,Fitness_Wearables,32.41,0.22,1.66
2024-03-10,JP,Japan,Nutrition_Diets,12.67,0.1,0.59
2024-03-10,KE,Kenya,Fashion_Beauty,74.14,-2.78,-6.21
2024-03-10,KE,Kenya,Fitness_Wearables,74.32,4.89,2.17
2024-03-10,KE,Kenya,Nutrition_Diets,67.81,-2.31,-1.43
2024-03-10,MX,Mexico,Fashion_Beauty,51.36,-0.27,0.27
2024-03-10,MX,Mexico,Fitness_Wearables,66.27,-3.04,-5.32
2024-03-10,MX,Mexico,Nutrition_Diets,31.83,0.63,1.08
2024-03-10,NG,Nigeria,Fashion_Beauty,76.3,2.89,3.61
2024-03-10,NG,Nigeria,Fitness_Wearables,67.9,-0.84,-2.69
2024-03-10,NG,Nigeria,Nutrition_Diets,75.21,-0.97,1.33
2024-03-10,SG,Singapore,Fashion_Beauty,47.64,-2.41,-4.5
2024-03-10,SG,Singapore,Fitness_Wearables,62.39,2.29,8.86
2024-03-10,SG,Singapore,Nutrition_Diets,49.63,1.8,4.34
2024-03-10,US,United_States,Fashion_Beauty,42.18,-0.34,0.61
2024-03-10,US,United_States,Fitness_Wearables,55.99,0.8,1.7
2024-03-10,US,United_States,Nutrition_Diets,56.41,-0.73,1.21
2024-03-10,ZA,South_Africa,Fashion_Beauty,66.3,-2.5,-0.55
2024-03-10,ZA,South_Africa,Fitness_Wearables,86.44,-3.89,0.95
2024-03-10,ZA,South_Africa,Nutrition_Diets,68.97,-1.31,-0.9
2024-03-17,AE,United_Arab_Emirates,Fashion_Beauty,70.86,5.44,3.87
2024-03-17,AE,United_Arab_Emirates,Fitness_Wearables,70.39,0.32,-3.54
2024-03-17,AE,United_Arab_Emirates,Nutrition_Diets,62.39,1.01,0.55
2024-03-17,AU,Australia,Fashion_Beauty,59.8,-1.37,-1.13
2024-03-17,AU,Australia,Fitness_Wearables,75.03,-1.43,-1.01
2024-03-17,AU,Australia,Nutrition_Diets,76.49,0.75,-0.31
2024-03-17,BR,Brazil,Fashion_Beauty,49.08,-2.21,-3.44
2024-03-17,BR,Brazil,Fitness_Wearables,60.36,-1.6,-3
2024-03-17,BR,Brazil,Nutrition_Diets,28.83,-1.91,-1.69
2024-03-17,CA,Canada,Fashion_Beauty,61.52,-1.21,-1.54
2024-03-17,CA,Canada,Fitness_Wearables,71.73,1.15,1.67
2024-03-17,CA,Canada,Nutrition_Diets,78.13,3.51,2.16
2024-03-17,CN,China,Fashion_Beauty,15.4,0.99,-1
2024-03-17,CN,China,Fitness_Wearables,26.49,1.86,5.45
2024-03-17,CN,China,Nutrition_Diets,6.62,-1.8,-3.9
2024-03-17,DE,Germany,Fashion_Beauty,39.55,-2.35,-2.8
2024-03-17,DE,Germany,Fitness_Wearables,65.15,-0.23,1.81
2024-03-17,DE,Germany,Nutrition_Diets,38.26,-0.29,0.68
2024-03-17,FR,France,Fashion_Beauty,31.17,-0.75,1.99
2024-03-17,FR,France,Fitness_Wearables,56.6,2.11,3.8
2024-03-17,FR,France,Nutrition_Diets,33.58,-0.08,-0.08
2024-03-17,GB,United_Kingdom,Fashion_Beauty,48.72,0.35,2.56
2024-03-17,GB,United_Kingdom,Fitness_Wearables,71.12,2.28,5.9
2024-03-17,GB,United_Kingdom,Nutrition_Diets,77.02,5.69,7.29
2024-03-17,IN,India,Fashion_Beauty,52.46,1.23,1.72
2024-03-17,IN,India,Fitness_Wearables,69.56,-4.76,-6.97
2024-03-17,IN,India,Nutrition_Diets,78.49,2.09,-1.3
2024-03-17,JP,Japan,Fashion_Beauty,23.81,0.12,-0.47
2024-03-17,JP,Japan,Fitness_Wearables,32.41,0,-0.22
2024-03-17,JP,Japan,Nutrition_Diets,12.77,0.1,0
2024-03-17,KE,Kenya,Fashion_Beauty,79.54,5.4,8.18
2024-03-17,KE,Kenya,Fitness_Wearables,74.32,0,-4.89
2024-03-17,KE,Kenya,Nutrition_Diets,76.41,8.6,10.91
2024-03-17,MX,Mexico,Fashion_Beauty,51.36,0,0.27
2024-03-17,MX,Mexico,Fitness_Wearables,67.03,0.76,3.8
2024-03-17,MX,Mexico,Nutrition_Diets,30.84,-0.99,-1.62
2024-03-17,NG,Nigeria,Fashion_Beauty,80.64,4.34,1.45
2024-03-17,NG,Nigeria,Fitness_Wearables,74.45,6.55,7.39
2024-03-17,NG,Nigeria,Nutrition_Diets,87.79,12.58,13.55
2024-03-17,SG,Singapore,Fashion_Beauty,48.27,0.63,3.04
2024-03-17,SG,Singapore,Fitness_Wearables,60.9,-1.49,-3.78
2024-03-17,SG,Singapore,Nutrition_Diets,53.76,4.13,2.33
2024-03-17,US,United_States,Fashion_Beauty,42.7,0.52,0.86
2024-03-17,US,United_States,Fitness_Wearables,56.29,0.3,-0.5
2024-03-17,US,United_States,Nutrition_Diets,57.97,1.56,2.29
2024-03-17,ZA,South_Africa,Fashion_Beauty,69.36,3.06,5.56
2024-03-17,ZA,South_Africa,Fitness_Wearables,78.66,-7.78,-3.89
2024-03-17,ZA,South_Africa,Nutrition_Diets,63.89,-5.08,-3.77
2024-03-24,AE,United_Arab_Emirates,Fashion_Beauty,75.21,4.35,-1.09
2024-03-24,AE,United_Arab_Emirates,Fitness_Wearables,67.99,-2.4,-2.72
2024-03-24,AE,United_Arab_Emirates,Nutrition_Diets,56.51,-5.88,-6.89
2024-03-24,AU,Australia,Fashion_Beauty,58.56,-1.24,0.13
2024-03-24,AU,Australia,Fitness_Wearables,72.87,-2.16,-0.73
2024-03-24,AU,Australia,Nutrition_Diets,67.77,-8.72,-9.47
2024-03-24,BR,Brazil,Fashion_Beauty,50.18,1.1,3.31
2024-03-24,BR,Brazil,Fitness_Wearables,55.86,-4.5,-2.9
2024-03-24,BR,Brazil,Nutrition_Diets,28.72,-0.11,1.8
2024-03-24,CA,Canada,Fashion_Beauty,65.27,3.75,4.96
2024-03-24,CA,Canada,Fitness_Wearables,74.45,2.72,1.57
2024-03-24,CA,Canada,Nutrition_Diets,72.55,-5.58,-9.09
2024-03-24,CN,China,Fashion_Beauty,17.02,1.62,0.63
2024-03-24,CN,China,Fitness_Wearables,25.87,-0.62,-2.48
2024-03-24,CN,China,Nutrition_Diets,7.82,1.2,3
2024-03-24,DE,Germany,Fashion_Beauty,39.89,0.34,2.69
2024-03-24,DE,Germany,Fitness_Wearables,69.47,4.32,4.55
2024-03-24,DE,Germany,Nutrition_Diets,37.97,-0.29,0
2024-03-24,FR,France,Fashion_Beauty,30.67,-0.5,0.25
2024-03-24,FR,France,Fitness_Wearables,55.65,-0.95,-3.06
2024-03-24,FR,France,Nutrition_Diets,32.92,-0.66,-0.58
2024-03-24,GB,United_Kingdom,Fashion_Beauty,50.23,1.51,1.16
2024-03-24,GB,United_Kingdom,Fitness_Wearables,70.91,-0.21,-2.49
2024-03-24,GB,United_Kingdom,Nutrition_Diets,69.13,-7.89,-13.58
2024-03-24,IN,India,Fashion_Beauty,50.74,-1.72,-2.95
2024-03-24,IN,India,Fitness_Wearables,64.63,-4.93,-0.17
2024-03-24,IN,India,Nutrition_Diets,68.71,-9.78,-11.87
2024-03-24,JP,Japan,Fashion_Beauty,23.57,-0.24,-0.36
2024-03-24,JP,Japan,Fitness_Wearables,31.53,-0.88,-0.88
2024-03-24,JP,Japan,Nutrition_Diets,12.48,-0.29,-0.39
2024-03-24,KE,Kenya,Fashion_Beauty,80.03,0.49,-4.91
2024-03-24,KE,Kenya,Fitness_Wearables,68.75,-5.57,-5.57
2024-03-24,KE,Kenya,Nutrition_Diets,66.59,-9.82,-18.42
2024-03-24,MX,Mexico,Fashion_Beauty,57.61,6.25,6.25
2024-03-24,MX,Mexico,Fitness_Wearables,71.6,4.57,3.81
2024-03-24,MX,Mexico,Nutrition_Diets,32.55,1.71,2.7
2024-03-24,NG,Nigeria,Fashion_Beauty,84.39,3.75,-0.59
2024-03-24,NG,Nigeria,Fitness_Wearables,69.41,-5.04,-11.59
2024-03-24,NG,Nigeria,Nutrition_Diets,71.1,-16.69,-29.27
2024-03-24,SG,Singapore,Fashion_Beauty,49.63,1.36,0.73
2024-03-24,SG,Singapore,Fitness_Wearables,64.98,4.08,5.57
2024-03-24,SG,Singapore,Nutrition_Diets,52.17,-1.59,-5.72
2024-03-24,US,United_States,Fashion_Beauty,43.22,0.52,-7.11E-15
2024-03-24,US,United_States,Fitness_Wearables,53.99,-2.3,-2.6
2024-03-24,US,United_States,Nutrition_Diets,55.39,-2.58,-4.14
2024-03-24,ZA,South_Africa,Fashion_Beauty,73.68,4.32,1.26
2024-03-24,ZA,South_Africa,Fitness_Wearables,73.94,-4.72,3.06
2024-03-24,ZA,South_Africa,Nutrition_Diets,60.95,-2.94,2.14
2024-03-31,AE,United_Arab_Emirates,Fashion_Beauty,79.69,4.48,0.13
2024-03-31,AE,United_Arab_Emirates,Fitness_Wearables,65.28,-2.71,-0.31
2024-03-31,AE,United_Arab_Emirates,Nutrition_Diets,57.89,1.38,7.26
2024-03-31,AU,Australia,Fashion_Beauty,60.92,2.36,3.6
2024-03-31,AU,Australia,Fitness_Wearables,77.18,4.31,6.47
2024-03-31,AU,Australia,Nutrition_Diets,71.38,3.61,12.33
2024-03-31,BR,Brazil,Fashion_Beauty,49.45,-0.73,-1.83
2024-03-31,BR,Brazil,Fitness_Wearables,59.36,3.5,8
2024-03-31,BR,Brazil,Nutrition_Diets,28.09,-0.63,-0.52
2024-03-31,CA,Canada,Fashion_Beauty,61.19,-4.08,-7.83
2024-03-31,CA,Canada,Fitness_Wearables,73.09,-1.36,-4.08
2024-03-31,CA,Canada,Nutrition_Diets,72.46,-0.09,5.49
2024-03-31,CN,China,Fashion_Beauty,15.53,-1.49,-3.11
2024-03-31,CN,China,Fitness_Wearables,24.75,-1.12,-0.5
2024-03-31,CN,China,Nutrition_Diets,7.07,-0.75,-1.95
2024-03-31,DE,Germany,Fashion_Beauty,41.79,1.9,1.56
2024-03-31,DE,Germany,Fitness_Wearables,70.37,0.9,-3.42
2024-03-31,DE,Germany,Nutrition_Diets,36.62,-1.35,-1.06
2024-03-31,FR,France,Fashion_Beauty,32.29,1.62,2.12
2024-03-31,FR,France,Fitness_Wearables,59.24,3.59,4.54
2024-03-31,FR,France,Nutrition_Diets,32.02,-0.9,-0.24
2024-03-31,GB,United_Kingdom,Fashion_Beauty,49.42,-0.81,-2.32
2024-03-31,GB,United_Kingdom,Fitness_Wearables,71.64,0.73,0.94
2024-03-31,GB,United_Kingdom,Nutrition_Diets,70.53,1.4,9.29
2024-03-31,IN,India,Fashion_Beauty,52.83,2.09,3.81
2024-03-31,IN,India,Fitness_Wearables,67.86,3.23,8.16
2024-03-31,IN,India,Nutrition_Diets,77.18,8.47,18.25
2024-03-31,JP,Japan,Fashion_Beauty,23.33,-0.24,-3.55E-15
2024-03-31,JP,Japan,Fitness_Wearables,32.74,1.21,2.09
2024-03-31,JP,Japan,Nutrition_Diets,12.38,-0.1,0.19
2024-03-31,KE,Kenya,Fashion_Beauty,77.25,-2.78,-3.27
2024-03-31,KE,Kenya,Fitness_Wearables,66.98,-1.77,3.8
2024-03-31,KE,Kenya,Nutrition_Diets,62.51,-4.08,5.74
2024-03-31,MX,Mexico,Fashion_Beauty,57.34,-0.27,-6.52
2024-03-31,MX,Mexico,Fitness_Wearables,74.76,3.16,-1.41
2024-03-31,MX,Mexico,Nutrition_Diets,33.99,1.44,-0.27
2024-03-31,NG,Nigeria,Fashion_Beauty,76.59,-7.8,-11.55
2024-03-31,NG,Nigeria,Fitness_Wearables,59.5,-9.91,-4.87
2024-03-31,NG,Nigeria,Nutrition_Diets,69.04,-2.06,14.63
2024-03-31,SG,Singapore,Fashion_Beauty,47.33,-2.3,-3.66
2024-03-31,SG,Singapore,Fitness_Wearables,62.89,-2.09,-6.17
2024-03-31,SG,Singapore,Nutrition_Diets,48.78,-3.39,-1.8
2024-03-31,US,United_States,Fashion_Beauty,40.97,-2.25,-2.77
2024-03-31,US,United_States,Fitness_Wearables,54.39,0.4,2.7
2024-03-31,US,United_States,Nutrition_Diets,55.02,-0.37,2.21
2024-03-31,ZA,South_Africa,Fashion_Beauty,72.98,-0.7,-5.02
2024-03-31,ZA,South_Africa,Fitness_Wearables,71.82,-2.12,2.6
2024-03-31,ZA,South_Africa,Nutrition_Diets,65.42,4.47,7.41
2024-04-07,AE,United_Arab_Emirates,Fashion_Beauty,76.06,-3.63,-8.11
2024-04-07,AE,United_Arab_Emirates,Fitness_Wearables,58.81,-6.47,-3.76
2024-04-07,AE,United_Arab_Emirates,Nutrition_Diets,56.33,-1.56,-2.94
2024-04-07,AU,Australia,Fashion_Beauty,63.65,2.73,0.37
2024-04-07,AU,Australia,Fitness_Wearables,76.88,-0.3,-4.61
2024-04-07,AU,Australia,Nutrition_Diets,72.45,1.07,-2.54
2024-04-07,BR,Brazil,Fashion_Beauty,48.58,-0.87,-0.14
2024-04-07,BR,Brazil,Fitness_Wearables,58.16,-1.2,-4.7
2024-04-07,BR,Brazil,Nutrition_Diets,28.3,0.21,0.84
2024-04-07,CA,Canada,Fashion_Beauty,62.18,0.99,5.07
2024-04-07,CA,Canada,Fitness_Wearables,66.39,-6.7,-5.34
2024-04-07,CA,Canada,Nutrition_Diets,70.57,-1.89,-1.8
2024-04-07,CN,China,Fashion_Beauty,15.65,0.12,1.61
2024-04-07,CN,China,Fitness_Wearables,25.12,0.37,1.49
2024-04-07,CN,China,Nutrition_Diets,7.22,0.15,0.9
2024-04-07,DE,Germany,Fashion_Beauty,41.68,-0.11,-2.01
2024-04-07,DE,Germany,Fitness_Wearables,66.74,-3.63,-4.53
2024-04-07,DE,Germany,Nutrition_Diets,38.74,2.12,3.47
2024-04-07,FR,France,Fashion_Beauty,28.93,-3.36,-4.98
2024-04-07,FR,France,Fitness_Wearables,55.97,-3.27,-6.86
2024-04-07,FR,France,Nutrition_Diets,32.84,0.82,1.72
2024-04-07,GB,United_Kingdom,Fashion_Beauty,48.6,-0.82,-0.01
2024-04-07,GB,United_Kingdom,Fitness_Wearables,71.95,0.31,-0.42
2024-04-07,GB,United_Kingdom,Nutrition_Diets,70.83,0.3,-1.1
2024-04-07,IN,India,Fashion_Beauty,53.45,0.62,-1.47
2024-04-07,IN,India,Fitness_Wearables,68.2,0.34,-2.89
2024-04-07,IN,India,Nutrition_Diets,76.01,-1.17,-9.64
2024-04-07,JP,Japan,Fashion_Beauty,23.81,0.48,0.72
2024-04-07,JP,Japan,Fitness_Wearables,33.85,1.11,-0.1
2024-04-07,JP,Japan,Nutrition_Diets,14.33,1.95,2.05
2024-04-07,KE,Kenya,Fashion_Beauty,73.65,-3.6,-0.82
2024-04-07,KE,Kenya,Fitness_Wearables,60.73,-6.25,-4.48
2024-04-07,KE,Kenya,Nutrition_Diets,63.29,0.78,4.86
2024-04-07,MX,Mexico,Fashion_Beauty,50.41,-6.93,-6.66
2024-04-07,MX,Mexico,Fitness_Wearables,66.7,-8.06,-11.22
2024-04-07,MX,Mexico,Nutrition_Diets,31.2,-2.79,-4.23
2024-04-07,NG,Nigeria,Fashion_Beauty,74.42,-2.17,5.63
2024-04-07,NG,Nigeria,Fitness_Wearables,63.36,3.86,13.77
2024-04-07,NG,Nigeria,Nutrition_Diets,67.71,-1.33,0.73
2024-04-07,SG,Singapore,Fashion_Beauty,47.75,0.42,2.72
2024-04-07,SG,Singapore,Fitness_Wearables,67.46,4.57,6.66
2024-04-07,SG,Singapore,Nutrition_Diets,53.45,4.67,8.06
2024-04-07,US,United_States,Fashion_Beauty,40.8,-0.17,2.08
2024-04-07,US,United_States,Fitness_Wearables,51.5,-2.89,-3.29
2024-04-07,US,United_States,Nutrition_Diets,54.38,-0.64,-0.27
2024-04-07,ZA,South_Africa,Fashion_Beauty,77.86,4.88,5.58
2024-04-07,ZA,South_Africa,Fitness_Wearables,69.46,-2.36,-0.24
2024-04-07,ZA,South_Africa,Nutrition_Diets,61.66,-3.76,-8.23
2024-04-14,AE,United_Arab_Emirates,Fashion_Beauty,56.11,-19.95,-16.32
2024-04-14,AE,United_Arab_Emirates,Fitness_Wearables,67.88,9.07,15.54
2024-04-14,AE,United_Arab_Emirates,Nutrition_Diets,61.1,4.77,6.33
2024-04-14,AU,Australia,Fashion_Beauty,63.4,-0.25,-2.98
2024-04-14,AU,Australia,Fitness_Wearables,75.33,-1.55,-1.25
2024-04-14,AU,Australia,Nutrition_Diets,72.87,0.42,-0.65
2024-04-14,BR,Brazil,Fashion_Beauty,46.73,-1.85,-0.98
2024-04-14,BR,Brazil,Fitness_Wearables,58.56,0.4,1.6
2024-04-14,BR,Brazil,Nutrition_Diets,26.91,-1.39,-1.6
2024-04-14,CA,Canada,Fashion_Beauty,62.95,0.77,-0.22
2024-04-14,CA,Canada,Fitness_Wearables,67.43,1.04,7.74
2024-04-14,CA,Canada,Nutrition_Diets,71.74,1.17,3.06
2024-04-14,CN,China,Fashion_Beauty,16.52,0.87,0.75
2024-04-14,CN,China,Fitness_Wearables,25.37,0.25,-0.12
2024-04-14,CN,China,Nutrition_Diets,6.32,-0.9,-1.05
2024-04-14,DE,Germany,Fashion_Beauty,40,-1.68,-1.57
2024-04-14,DE,Germany,Fitness_Wearables,66.97,0.23,3.86
2024-04-14,DE,Germany,Nutrition_Diets,40.87,2.13,0.01
2024-04-14,FR,France,Fashion_Beauty,30.17,1.24,4.6
2024-04-14,FR,France,Fitness_Wearables,55.23,-0.74,2.53
2024-04-14,FR,France,Nutrition_Diets,32.35,-0.49,-1.31
2024-04-14,GB,United_Kingdom,Fashion_Beauty,48.14,-0.46,0.36
2024-04-14,GB,United_Kingdom,Fitness_Wearables,72.15,0.2,-0.11
2024-04-14,GB,United_Kingdom,Nutrition_Diets,72.93,2.1,1.8
2024-04-14,IN,India,Fashion_Beauty,50,-3.45,-4.07
2024-04-14,IN,India,Fitness_Wearables,70.07,1.87,1.53
2024-04-14,IN,India,Nutrition_Diets,78.1,2.09,3.26
2024-04-14,JP,Japan,Fashion_Beauty,24.05,0.24,-0.24
2024-04-14,JP,Japan,Fitness_Wearables,32.63,-1.22,-2.33
2024-04-14,JP,Japan,Nutrition_Diets,14.13,-0.2,-2.15
2024-04-14,KE,Kenya,Fashion_Beauty,70.7,-2.95,0.65
2024-04-14,KE,Kenya,Fitness_Wearables,67.8,7.07,13.32
2024-04-14,KE,Kenya,Nutrition_Diets,66.04,2.75,1.97
2024-04-14,MX,Mexico,Fashion_Beauty,51.36,0.95,7.88
2024-04-14,MX,Mexico,Fitness_Wearables,65.18,-1.52,6.54
2024-04-14,MX,Mexico,Nutrition_Diets,32.01,0.81,3.6
2024-04-14,NG,Nigeria,Fashion_Beauty,73.84,-0.58,1.59
2024-04-14,NG,Nigeria,Fitness_Wearables,62.18,-1.18,-5.04
2024-04-14,NG,Nigeria,Nutrition_Diets,72.55,4.84,6.17
2024-04-14,SG,Singapore,Fashion_Beauty,47.12,-0.63,-1.05
2024-04-14,SG,Singapore,Fitness_Wearables,64.28,-3.18,-7.75
2024-04-14,SG,Singapore,Nutrition_Diets,51.54,-1.91,-6.58
2024-04-14,US,United_States,Fashion_Beauty,42.87,2.07,2.24
2024-04-14,US,United_States,Fitness_Wearables,52.79,1.29,4.18
2024-04-14,US,United_States,Nutrition_Diets,57.6,3.22,3.86
2024-04-14,ZA,South_Africa,Fashion_Beauty,75.91,-1.95,-6.83
2024-04-14,ZA,South_Africa,Fitness_Wearables,69.34,-0.12,2.24
2024-04-14,ZA,South_Africa,Nutrition_Diets,67.24,5.58,9.34
2024-04-21,AE,United_Arab_Emirates,Fashion_Beauty,63.72,7.61,27.56
2024-04-21,AE,United_Arab_Emirates,Fitness_Wearables,69.76,1.88,-7.19
2024-04-21,AE,United_Arab_Emirates,Nutrition_Diets,70.92,9.82,5.05
2024-04-21,AU,Australia,Fashion_Beauty,65.14,1.74,1.99
2024-04-21,AU,Australia,Fitness_Wearables,73.59,-1.74,-0.19
2024-04-21,AU,Australia,Nutrition_Diets,72.77,-0.1,-0.52
2024-04-21,BR,Brazil,Fashion_Beauty,47.84,1.11,2.96
2024-04-21,BR,Brazil,Fitness_Wearables,59.16,0.6,0.2
2024-04-21,BR,Brazil,Nutrition_Diets,27.55,0.64,2.03
2024-04-21,CA,Canada,Fashion_Beauty,64.83,1.88,1.11
2024-04-21,CA,Canada,Fitness_Wearables,70.68,3.25,2.21
2024-04-21,CA,Canada,Nutrition_Diets,72.73,0.99,-0.18
2024-04-21,CN,China,Fashion_Beauty,15.53,-0.99,-1.86
2024-04-21,CN,China,Fitness_Wearables,25,-0.37,-0.62
2024-04-21,CN,China,Nutrition_Diets,7.22,0.9,1.8
2024-04-21,DE,Germany,Fashion_Beauty,41.9,1.9,3.58
2024-04-21,DE,Germany,Fitness_Wearables,67.42,0.45,0.22
2024-04-21,DE,Germany,Nutrition_Diets,39.81,-1.06,-3.19
2024-04-21,FR,France,Fashion_Beauty,28.3,-1.87,-3.11
2024-04-21,FR,France,Fitness_Wearables,55.97,0.74,1.48
2024-04-21,FR,France,Nutrition_Diets,33.91,1.56,2.05
2024-04-21,GB,United_Kingdom,Fashion_Beauty,49.42,1.28,1.74
2024-04-21,GB,United_Kingdom,Fitness_Wearables,73.6,1.45,1.25
2024-04-21,GB,United_Kingdom,Nutrition_Diets,76.12,3.19,1.09
2024-04-21,IN,India,Fashion_Beauty,49.14,-0.86,2.59
2024-04-21,IN,India,Fitness_Wearables,68.88,-1.19,-3.06
2024-04-21,IN,India,Nutrition_Diets,82.53,4.43,2.34
2024-04-21,JP,Japan,Fashion_Beauty,23.33,-0.72,-0.96
2024-04-21,JP,Japan,Fitness_Wearables,32.19,-0.44,0.78
2024-04-21,JP,Japan,Nutrition_Diets,13.35,-0.78,-0.58
2024-04-21,KE,Kenya,Fashion_Beauty,73.49,2.79,5.74
2024-04-21,KE,Kenya,Fitness_Wearables,69.57,1.77,-5.3
2024-04-21,KE,Kenya,Nutrition_Diets,62.95,-3.09,-5.84
2024-04-21,MX,Mexico,Fashion_Beauty,52.17,0.81,-0.14
2024-04-21,MX,Mexico,Fitness_Wearables,65.29,0.11,1.63
2024-04-21,MX,Mexico,Nutrition_Diets,31.29,-0.72,-1.53
2024-04-21,NG,Nigeria,Fashion_Beauty,76.01,2.17,2.75
2024-04-21,NG,Nigeria,Fitness_Wearables,65.71,3.53,4.71
2024-04-21,NG,Nigeria,Nutrition_Diets,78.6,6.05,1.21
2024-04-21,SG,Singapore,Fashion_Beauty,46.6,-0.52,0.11
2024-04-21,SG,Singapore,Fitness_Wearables,64.78,0.5,3.68
2024-04-21,SG,Singapore,Nutrition_Diets,53.13,1.59,3.5
2024-04-21,US,United_States,Fashion_Beauty,43.39,0.52,-1.55
2024-04-21,US,United_States,Fitness_Wearables,53.79,1,-0.29
2024-04-21,US,United_States,Nutrition_Diets,57.6,0,-3.22
2024-04-21,ZA,South_Africa,Fashion_Beauty,77.72,1.81,3.76
2024-04-21,ZA,South_Africa,Fitness_Wearables,69.22,-0.12,-1.42E-14
2024-04-21,ZA,South_Africa,Nutrition_Diets,62.88,-4.36,-9.94
2024-04-28,AE,United_Arab_Emirates,Fashion_Beauty,62.76,-0.96,-8.57
2024-04-28,AE,United_Arab_Emirates,Fitness_Wearables,66.11,-3.65,-5.53
2024-04-28,AE,United_Arab_Emirates,Nutrition_Diets,68.26,-2.66,-12.48
2024-04-28,AU,Australia,Fashion_Beauty,62.9,-2.24,-3.98
2024-04-28,AU,Australia,Fitness_Wearables,76.05,2.46,4.2
2024-04-28,AU,Australia,Nutrition_Diets,77.34,4.57,4.67
2024-04-28,BR,Brazil,Fashion_Beauty,51.29,3.45,2.34
2024-04-28,BR,Brazil,Fitness_Wearables,57.96,-1.2,-1.8
2024-04-28,BR,Brazil,Nutrition_Diets,26.49,-1.06,-1.7
2024-04-28,CA,Canada,Fashion_Beauty,60.97,-3.86,-5.74
2024-04-28,CA,Canada,Fitness_Wearables,68.06,-2.62,-5.87
2024-04-28,CA,Canada,Nutrition_Diets,72.28,-0.45,-1.44
2024-04-28,CN,China,Fashion_Beauty,15.4,-0.13,0.86
2024-04-28,CN,China,Fitness_Wearables,26.61,1.61,1.98
2024-04-28,CN,China,Nutrition_Diets,7.82,0.6,-0.3
2024-04-28,DE,Germany,Fashion_Beauty,38.88,-3.02,-4.92
2024-04-28,DE,Germany,Fitness_Wearables,69.69,2.27,1.82
2024-04-28,DE,Germany,Nutrition_Diets,37.2,-2.61,-1.55
2024-04-28,FR,France,Fashion_Beauty,28.55,0.25,2.12
2024-04-28,FR,France,Fitness_Wearables,63.78,7.81,7.07
2024-04-28,FR,France,Nutrition_Diets,32.76,-1.15,-2.71
2024-04-28,GB,United_Kingdom,Fashion_Beauty,48.6,-0.82,-2.1
2024-04-28,GB,United_Kingdom,Fitness_Wearables,71.53,-2.07,-3.52
2024-04-28,GB,United_Kingdom,Nutrition_Diets,73.03,-3.09,-6.28
2024-04-28,IN,India,Fashion_Beauty,49.01,-0.13,0.73
2024-04-28,IN,India,Fitness_Wearables,70.92,2.04,3.23
2024-04-28,IN,India,Nutrition_Diets,79.4,-3.13,-7.56
2024-04-28,JP,Japan,Fashion_Beauty,22.86,-0.47,0.25
2024-04-28,JP,Japan,Fitness_Wearables,32.41,0.22,0.66
2024-04-28,JP,Japan,Nutrition_Diets,12.77,-0.58,0.2
2024-04-28,KE,Kenya,Fashion_Beauty,70.38,-3.11,-5.9
2024-04-28,KE,Kenya,Fitness_Wearables,70.65,1.08,-0.69
2024-04-28,KE,Kenya,Nutrition_Diets,60.97,-1.98,1.11
2024-04-28,MX,Mexico,Fashion_Beauty,54.48,2.31,1.5
2024-04-28,MX,Mexico,Fitness_Wearables,69.42,4.13,4.02
2024-04-28,MX,Mexico,Nutrition_Diets,30.66,-0.63,0.09
2024-04-28,NG,Nigeria,Fashion_Beauty,75,-1.01,-3.18
2024-04-28,NG,Nigeria,Fitness_Wearables,64.2,-1.51,-5.04
2024-04-28,NG,Nigeria,Nutrition_Diets,83.56,4.96,-1.09
2024-04-28,SG,Singapore,Fashion_Beauty,47.75,1.15,1.67
2024-04-28,SG,Singapore,Fitness_Wearables,65.27,0.49,-0.01
2024-04-28,SG,Singapore,Nutrition_Diets,53.34,0.21,-1.38
2024-04-28,US,United_States,Fashion_Beauty,43.04,-0.35,-0.87
2024-04-28,US,United_States,Fitness_Wearables,54.39,0.6,-0.4
2024-04-28,US,United_States,Nutrition_Diets,55.76,-1.84,-1.84
2024-04-28,ZA,South_Africa,Fashion_Beauty,72.14,-5.58,-7.39
2024-04-28,ZA,South_Africa,Fitness_Wearables,69.58,0.36,0.48
2024-04-28,ZA,South_Africa,Nutrition_Diets,66.63,3.75,8.11
2024-05-05,AE,United_Arab_Emirates,Fashion_Beauty,65.9,3.14,4.1
2024-05-05,AE,United_Arab_Emirates,Fitness_Wearables,70.18,4.07,7.72
2024-05-05,AE,United_Arab_Emirates,Nutrition_Diets,71.47,3.21,5.87
2024-05-05,AU,Australia,Fashion_Beauty,64.14,1.24,3.48
2024-05-05,AU,Australia,Fitness_Wearables,72.97,-3.08,-5.54
2024-05-05,AU,Australia,Nutrition_Diets,74.04,-3.3,-7.87
2024-05-05,BR,Brazil,Fashion_Beauty,49.08,-2.21,-5.66
2024-05-05,BR,Brazil,Fitness_Wearables,55.66,-2.3,-1.1
2024-05-05,BR,Brazil,Nutrition_Diets,26.81,0.32,1.38
2024-05-05,CA,Canada,Fashion_Beauty,60.31,-0.66,3.2
2024-05-05,CA,Canada,Fitness_Wearables,67.85,-0.21,2.41
2024-05-05,CA,Canada,Nutrition_Diets,68.5,-3.78,-3.33
2024-05-05,CN,China,Fashion_Beauty,15.78,0.38,0.51
2024-05-05,CN,China,Fitness_Wearables,23.76,-2.85,-4.46
2024-05-05,CN,China,Nutrition_Diets,7.82,0,-0.6
2024-05-05,DE,Germany,Fashion_Beauty,39.33,0.45,3.47
2024-05-05,DE,Germany,Fitness_Wearables,63.22,-6.47,-8.74
2024-05-05,DE,Germany,Nutrition_Diets,36.81,-0.39,2.22
2024-05-05,FR,France,Fashion_Beauty,28.18,-0.37,-0.62
2024-05-05,FR,France,Fitness_Wearables,57.55,-6.23,-14.04
2024-05-05,FR,France,Nutrition_Diets,30.87,-1.89,-0.74
2024-05-05,GB,United_Kingdom,Fashion_Beauty,48.02,-0.58,0.24
2024-05-05,GB,United_Kingdom,Fitness_Wearables,70.08,-1.45,0.62
2024-05-05,GB,United_Kingdom,Nutrition_Diets,69.33,-3.7,-0.61
2024-05-05,IN,India,Fashion_Beauty,48.15,-0.86,-0.73
2024-05-05,IN,India,Fitness_Wearables,70.75,-0.17,-2.21
2024-05-05,IN,India,Nutrition_Diets,76.53,-2.87,0.26
2024-05-05,JP,Japan,Fashion_Beauty,23.69,0.83,1.3
2024-05-05,JP,Japan,Fitness_Wearables,34.96,2.55,2.33
2024-05-05,JP,Japan,Nutrition_Diets,13.84,1.07,1.65
2024-05-05,KE,Kenya,Fashion_Beauty,74.96,4.58,7.69
2024-05-05,KE,Kenya,Fitness_Wearables,64.67,-5.98,-7.06
2024-05-05,KE,Kenya,Nutrition_Diets,67.03,6.06,8.04
2024-05-05,MX,Mexico,Fashion_Beauty,55.43,0.95,-1.36
2024-05-05,MX,Mexico,Fitness_Wearables,65.29,-4.13,-8.26
2024-05-05,MX,Mexico,Nutrition_Diets,30.48,-0.18,0.45
2024-05-05,NG,Nigeria,Fashion_Beauty,75.14,0.14,1.15
2024-05-05,NG,Nigeria,Fitness_Wearables,68.4,4.2,5.71
2024-05-05,NG,Nigeria,Nutrition_Diets,85.49,1.93,-3.03
2024-05-05,SG,Singapore,Fashion_Beauty,47.02,-0.73,-1.88
2024-05-05,SG,Singapore,Fitness_Wearables,63.18,-2.09,-2.58
2024-05-05,SG,Singapore,Nutrition_Diets,52.07,-1.27,-1.48
2024-05-05,US,United_States,Fashion_Beauty,43.39,0.35,0.7
2024-05-05,US,United_States,Fitness_Wearables,53.69,-0.7,-1.3
2024-05-05,US,United_States,Nutrition_Diets,55.85,0.09,1.93
2024-05-05,ZA,South_Africa,Fashion_Beauty,72.84,0.7,6.28
2024-05-05,ZA,South_Africa,Fitness_Wearables,69.1,-0.48,-0.84
2024-05-05,ZA,South_Africa,Nutrition_Diets,63.79,-2.84,-6.59
2024-05-12,AE,United_Arab_Emirates,Fashion_Beauty,65.42,-0.48,-3.62
2024-05-12,AE,United_Arab_Emirates,Fitness_Wearables,71.32,1.14,-2.93
2024-05-12,AE,United_Arab_Emirates,Nutrition_Diets,69.27,-2.2,-5.41
2024-05-12,AU,Australia,Fashion_Beauty,65.63,1.49,0.25
2024-05-12,AU,Australia,Fitness_Wearables,74.2,1.23,4.31
2024-05-12,AU,Australia,Nutrition_Diets,79.89,5.85,9.15
2024-05-12,BR,Brazil,Fashion_Beauty,47.97,-1.11,1.1
2024-05-12,BR,Brazil,Fitness_Wearables,57.66,2,4.3
2024-05-12,BR,Brazil,Nutrition_Diets,28.19,1.38,1.06
2024-05-12,CA,Canada,Fashion_Beauty,58.32,-1.99,-1.33
2024-05-12,CA,Canada,Fitness_Wearables,64.71,-3.14,-2.93
2024-05-12,CA,Canada,Nutrition_Diets,68.59,0.09,3.87
2024-05-12,CN,China,Fashion_Beauty,14.91,-0.87,-1.25
2024-05-12,CN,China,Fitness_Wearables,27.72,3.96,6.81
2024-05-12,CN,China,Nutrition_Diets,7.67,-0.15,-0.15
2024-05-12,DE,Germany,Fashion_Beauty,37.65,-1.68,-2.13
2024-05-12,DE,Germany,Fitness_Wearables,62.54,-0.68,5.79
2024-05-12,DE,Germany,Nutrition_Diets,37,0.19,0.58
2024-05-12,FR,France,Fashion_Beauty,29.43,1.25,1.62
2024-05-12,FR,France,Fitness_Wearables,55.12,-2.43,3.8
2024-05-12,FR,France,Nutrition_Diets,32.68,1.81,3.7
2024-05-12,GB,United_Kingdom,Fashion_Beauty,46.74,-1.28,-0.7
2024-05-12,GB,United_Kingdom,Fitness_Wearables,67.6,-2.48,-1.03
2024-05-12,GB,United_Kingdom,Nutrition_Diets,75.32,5.99,9.69
2024-05-12,IN,India,Fashion_Beauty,46.31,-1.84,-0.98
2024-05-12,IN,India,Fitness_Wearables,69.22,-1.53,-1.36
2024-05-12,IN,India,Nutrition_Diets,77.18,0.65,3.52
2024-05-12,JP,Japan,Fashion_Beauty,23.81,0.12,-0.71
2024-05-12,JP,Japan,Fitness_Wearables,33.52,-1.44,-3.99
2024-05-12,JP,Japan,Nutrition_Diets,14.52,0.68,-0.39
2024-05-12,KE,Kenya,Fashion_Beauty,70.38,-4.58,-9.16
2024-05-12,KE,Kenya,Fitness_Wearables,67.12,2.45,8.43
2024-05-12,KE,Kenya,Nutrition_Diets,71.33,4.3,-1.76
2024-05-12,MX,Mexico,Fashion_Beauty,55.03,-0.4,-1.35
2024-05-12,MX,Mexico,Fitness_Wearables,68.12,2.83,6.96
2024-05-12,MX,Mexico,Nutrition_Diets,31.74,1.26,1.44
2024-05-12,NG,Nigeria,Fashion_Beauty,78.32,3.18,3.04
2024-05-12,NG,Nigeria,Fitness_Wearables,72.1,3.7,-0.5
2024-05-12,NG,Nigeria,Nutrition_Diets,84.04,-1.45,-3.38
2024-05-12,SG,Singapore,Fashion_Beauty,47.12,0.1,0.83
2024-05-12,SG,Singapore,Fitness_Wearables,64.38,1.2,3.29
2024-05-12,SG,Singapore,Nutrition_Diets,50.69,-1.38,-0.11
2024-05-12,US,United_States,Fashion_Beauty,42.09,-1.3,-1.65
2024-05-12,US,United_States,Fitness_Wearables,54.19,0.5,1.2
2024-05-12,US,United_States,Nutrition_Diets,53.73,-2.12,-2.21
2024-05-12,ZA,South_Africa,Fashion_Beauty,70.47,-2.37,-3.07
2024-05-12,ZA,South_Africa,Fitness_Wearables,66.27,-2.83,-2.35
2024-05-12,ZA,South_Africa,Nutrition_Diets,62.27,-1.52,1.32
2024-05-19,AE,United_Arab_Emirates,Fashion_Beauty,66.87,1.45,1.93
2024-05-19,AE,United_Arab_Emirates,Fitness_Wearables,72.68,1.36,0.22
2024-05-19,AE,United_Arab_Emirates,Nutrition_Diets,71.47,2.2,4.4
2024-05-19,AU,Australia,Fashion_Beauty,65.01,-0.62,-2.11
2024-05-19,AU,Australia,Fitness_Wearables,74.1,-0.1,-1.33
2024-05-19,AU,Australia,Nutrition_Diets,79.57,-0.32,-6.17
2024-05-19,BR,Brazil,Fashion_Beauty,49.94,1.97,3.08
2024-05-19,BR,Brazil,Fitness_Wearables,57.46,-0.2,-2.2
2024-05-19,BR,Brazil,Nutrition_Diets,28.72,0.53,-0.85
2024-05-19,CA,Canada,Fashion_Beauty,56.89,-1.43,0.56
2024-05-19,CA,Canada,Fitness_Wearables,67.75,3.04,6.18
2024-05-19,CA,Canada,Nutrition_Diets,69.4,0.81,0.72
2024-05-19,CN,China,Fashion_Beauty,15.4,0.49,1.36
2024-05-19,CN,China,Fitness_Wearables,25.99,-1.73,-5.69
2024-05-19,CN,China,Nutrition_Diets,6.32,-1.35,-1.2
2024-05-19,DE,Germany,Fashion_Beauty,39.89,2.24,3.92
2024-05-19,DE,Germany,Fitness_Wearables,67.54,5,5.68
2024-05-19,DE,Germany,Nutrition_Diets,36.71,-0.29,-0.48
2024-05-19,FR,France,Fashion_Beauty,27.68,-1.75,-3
2024-05-19,FR,France,Fitness_Wearables,55.54,0.42,2.85
2024-05-19,FR,France,Nutrition_Diets,31.2,-1.48,-3.29
2024-05-19,GB,United_Kingdom,Fashion_Beauty,47.67,0.93,2.21
2024-05-19,GB,United_Kingdom,Fitness_Wearables,68.94,1.34,3.82
2024-05-19,GB,United_Kingdom,Nutrition_Diets,71.03,-4.29,-10.28
2024-05-19,IN,India,Fashion_Beauty,47.54,1.23,3.07
2024-05-19,IN,India,Fitness_Wearables,71.09,1.87,3.4
2024-05-19,IN,India,Nutrition_Diets,78.75,1.57,0.92
2024-05-19,JP,Japan,Fashion_Beauty,23.1,-0.71,-0.83
2024-05-19,JP,Japan,Fitness_Wearables,33.08,-0.44,1
2024-05-19,JP,Japan,Nutrition_Diets,14.62,0.1,-0.58
2024-05-19,KE,Kenya,Fashion_Beauty,76.6,6.22,10.8
2024-05-19,KE,Kenya,Fitness_Wearables,66.71,-0.41,-2.86
2024-05-19,KE,Kenya,Nutrition_Diets,73.76,2.43,-1.87
2024-05-19,MX,Mexico,Fashion_Beauty,51.9,-3.13,-2.73
2024-05-19,MX,Mexico,Fitness_Wearables,68.01,-0.11,-2.94
2024-05-19,MX,Mexico,Nutrition_Diets,29.13,-2.61,-3.87
2024-05-19,NG,Nigeria,Fashion_Beauty,75.58,-2.74,-5.92
2024-05-19,NG,Nigeria,Fitness_Wearables,67.73,-4.37,-8.07
2024-05-19,NG,Nigeria,Nutrition_Diets,80.29,-3.75,-2.3
2024-05-19,SG,Singapore,Fashion_Beauty,47.75,0.63,0.53
2024-05-19,SG,Singapore,Fitness_Wearables,64.38,0,-1.2
2024-05-19,SG,Singapore,Nutrition_Diets,52.6,1.91,3.29
2024-05-19,US,United_States,Fashion_Beauty,41.14,-0.95,0.35
2024-05-19,US,United_States,Fitness_Wearables,54.59,0.4,-0.1
2024-05-19,US,United_States,Nutrition_Diets,53.92,0.19,2.31
2024-05-19,ZA,South_Africa,Fashion_Beauty,72.56,2.09,4.46
2024-05-19,ZA,South_Africa,Fitness_Wearables,69.1,2.83,5.66
2024-05-19,ZA,South_Africa,Nutrition_Diets,64.91,2.64,4.16
2024-05-26,AE,United_Arab_Emirates,Fashion_Beauty,69.77,2.9,1.45
2024-05-26,AE,United_Arab_Emirates,Fitness_Wearables,73.72,1.04,-0.32
2024-05-26,AE,United_Arab_Emirates,Nutrition_Diets,72.02,0.55,-1.65
2024-05-26,AU,Australia,Fashion_Beauty,59.93,-5.08,-4.46
2024-05-26,AU,Australia,Fitness_Wearables,75.23,1.13,1.23
2024-05-26,AU,Australia,Nutrition_Diets,76.6,-2.97,-2.65
2024-05-26,BR,Brazil,Fashion_Beauty,50.55,0.61,-1.36
2024-05-26,BR,Brazil,Fitness_Wearables,55.36,-2.1,-1.9
2024-05-26,BR,Brazil,Nutrition_Diets,25.96,-2.76,-3.29
2024-05-26,CA,Canada,Fashion_Beauty,60.31,3.42,4.85
2024-05-26,CA,Canada,Fitness_Wearables,66.6,-1.15,-4.19
2024-05-26,CA,Canada,Nutrition_Diets,70.84,1.44,0.63
2024-05-26,CN,China,Fashion_Beauty,14.16,-1.24,-1.73
2024-05-26,CN,China,Fitness_Wearables,29.21,3.22,4.95
2024-05-26,CN,China,Nutrition_Diets,5.11,-1.21,0.14
2024-05-26,DE,Germany,Fashion_Beauty,39.11,-0.78,-3.02
2024-05-26,DE,Germany,Fitness_Wearables,66.17,-1.37,-6.37
2024-05-26,DE,Germany,Nutrition_Diets,37.1,0.39,0.68
2024-05-26,FR,France,Fashion_Beauty,27.56,-0.12,1.63
2024-05-26,FR,France,Fitness_Wearables,52.38,-3.16,-3.58
2024-05-26,FR,France,Nutrition_Diets,32.35,1.15,2.63
2024-05-26,GB,United_Kingdom,Fashion_Beauty,49.18,1.51,0.58
2024-05-26,GB,United_Kingdom,Fitness_Wearables,69.57,0.63,-0.71
2024-05-26,GB,United_Kingdom,Nutrition_Diets,68.93,-2.1,2.19
2024-05-26,IN,India,Fashion_Beauty,48.4,0.86,-0.37
2024-05-26,IN,India,Fitness_Wearables,70.41,-0.68,-2.55
2024-05-26,IN,India,Nutrition_Diets,78.88,0.13,-1.44
2024-05-26,JP,Japan,Fashion_Beauty,23.81,0.71,1.42
2024-05-26,JP,Japan,Fitness_Wearables,32.85,-0.23,0.21
2024-05-26,JP,Japan,Nutrition_Diets,13.94,-0.68,-0.78
2024-05-26,KE,Kenya,Fashion_Beauty,81.01,4.41,-1.81
2024-05-26,KE,Kenya,Fitness_Wearables,73.23,6.52,6.93
2024-05-26,KE,Kenya,Nutrition_Diets,77.62,3.86,1.43
2024-05-26,MX,Mexico,Fashion_Beauty,49.59,-2.31,0.82
2024-05-26,MX,Mexico,Fitness_Wearables,63.44,-4.57,-4.46
2024-05-26,MX,Mexico,Nutrition_Diets,28.49,-0.64,1.97
2024-05-26,NG,Nigeria,Fashion_Beauty,76.16,0.58,3.32
2024-05-26,NG,Nigeria,Fitness_Wearables,69.75,2.02,6.39
2024-05-26,NG,Nigeria,Nutrition_Diets,76.9,-3.39,0.36
2024-05-26,SG,Singapore,Fashion_Beauty,47.02,-0.73,-1.36
2024-05-26,SG,Singapore,Fitness_Wearables,66.87,2.49,2.49
2024-05-26,SG,Singapore,Nutrition_Diets,52.28,-0.32,-2.23
2024-05-26,US,United_States,Fashion_Beauty,40.19,-0.95,0
2024-05-26,US,United_States,Fitness_Wearables,60.28,5.69,5.29
2024-05-26,US,United_States,Nutrition_Diets,52.53,-1.39,-1.58
2024-05-26,ZA,South_Africa,Fashion_Beauty,74.37,1.81,-0.28
2024-05-26,ZA,South_Africa,Fitness_Wearables,68.4,-0.7,-3.53
2024-05-26,ZA,South_Africa,Nutrition_Diets,61.97,-2.94,-5.58
2024-06-02,AE,United_Arab_Emirates,Fashion_Beauty,68.8,-0.97,-3.87
2024-06-02,AE,United_Arab_Emirates,Fitness_Wearables,72.37,-1.35,-2.39
2024-06-02,AE,United_Arab_Emirates,Nutrition_Diets,68.99,-3.03,-3.58
2024-06-02,AU,Australia,Fashion_Beauty,60.17,0.24,5.32
2024-06-02,AU,Australia,Fitness_Wearables,74.2,-1.03,-2.16
2024-06-02,AU,Australia,Nutrition_Diets,75.32,-1.28,1.69
2024-06-02,BR,Brazil,Fashion_Beauty,50.8,0.25,-0.36
2024-06-02,BR,Brazil,Fitness_Wearables,58.16,2.8,4.9
2024-06-02,BR,Brazil,Nutrition_Diets,30.32,4.36,7.12
2024-06-02,CA,Canada,Fashion_Beauty,56.78,-3.53,-6.95
2024-06-02,CA,Canada,Fitness_Wearables,67.43,0.83,1.98
2024-06-02,CA,Canada,Nutrition_Diets,68.68,-2.16,-3.6
2024-06-02,CN,China,Fashion_Beauty,13.54,-0.62,0.62
2024-06-02,CN,China,Fitness_Wearables,27.72,-1.49,-4.71
2024-06-02,CN,China,Nutrition_Diets,6.77,1.66,2.87
2024-06-02,DE,Germany,Fashion_Beauty,37.54,-1.57,-0.79
2024-06-02,DE,Germany,Fitness_Wearables,64.59,-1.58,-0.21
2024-06-02,DE,Germany,Nutrition_Diets,37.2,0.1,-0.29
2024-06-02,FR,France,Fashion_Beauty,27.43,-0.13,-0.01
2024-06-02,FR,France,Fitness_Wearables,55.54,3.16,6.32
2024-06-02,FR,France,Nutrition_Diets,32.35,0,-1.15
2024-06-02,GB,United_Kingdom,Fashion_Beauty,48.48,-0.7,-2.21
2024-06-02,GB,United_Kingdom,Fitness_Wearables,69.15,-0.42,-1.05
2024-06-02,GB,United_Kingdom,Nutrition_Diets,76.42,7.49,9.59
2024-06-02,IN,India,Fashion_Beauty,44.21,-4.19,-5.05
2024-06-02,IN,India,Fitness_Wearables,64.12,-6.29,-5.61
2024-06-02,IN,India,Nutrition_Diets,70.27,-8.61,-8.74
2024-06-02,JP,Japan,Fashion_Beauty,22.74,-1.07,-1.78
2024-06-02,JP,Japan,Fitness_Wearables,33.63,0.78,1.01
2024-06-02,JP,Japan,Nutrition_Diets,13.84,-0.1,0.58
2024-06-02,KE,Kenya,Fashion_Beauty,85.11,4.1,-0.31
2024-06-02,KE,Kenya,Fitness_Wearables,78.26,5.03,-1.49
2024-06-02,KE,Kenya,Nutrition_Diets,76.63,-0.99,-4.85
2024-06-02,MX,Mexico,Fashion_Beauty,49.32,-0.27,2.04
2024-06-02,MX,Mexico,Fitness_Wearables,65.72,2.28,6.85
2024-06-02,MX,Mexico,Nutrition_Diets,29.31,0.82,1.46
2024-06-02,NG,Nigeria,Fashion_Beauty,80.06,3.9,3.32
2024-06-02,NG,Nigeria,Fitness_Wearables,70.76,1.01,-1.01
2024-06-02,NG,Nigeria,Nutrition_Diets,76.18,-0.72,2.67
2024-06-02,SG,Singapore,Fashion_Beauty,47.02,0,0.73
2024-06-02,SG,Singapore,Fitness_Wearables,67.86,0.99,-1.5
2024-06-02,SG,Singapore,Nutrition_Diets,51.64,-0.64,-0.32
2024-06-02,US,United_States,Fashion_Beauty,40.97,0.78,1.73
2024-06-02,US,United_States,Fitness_Wearables,60.78,0.5,-5.19
2024-06-02,US,United_States,Nutrition_Diets,55.3,2.77,4.16
2024-06-02,ZA,South_Africa,Fashion_Beauty,78.27,3.9,2.09
2024-06-02,ZA,South_Africa,Fitness_Wearables,67.45,-0.95,-0.25
2024-06-02,ZA,South_Africa,Nutrition_Diets,58.01,-3.96,-1.02
2024-06-09,AE,United_Arab_Emirates,Fashion_Beauty,67.84,-0.96,0.01
2024-06-09,AE,United_Arab_Emirates,Fitness_Wearables,69.03,-3.34,-1.99
2024-06-09,AE,United_Arab_Emirates,Nutrition_Diets,65.69,-3.3,-0.27
2024-06-09,AU,Australia,Fashion_Beauty,59.06,-1.11,-1.35
2024-06-09,AU,Australia,Fitness_Wearables,74.51,0.31,1.34
2024-06-09,AU,Australia,Nutrition_Diets,77.13,1.81,3.09
2024-06-09,BR,Brazil,Fashion_Beauty,52.4,1.6,1.35
2024-06-09,BR,Brazil,Fitness_Wearables,60.76,2.6,-0.2
2024-06-09,BR,Brazil,Nutrition_Diets,29.26,-1.06,-5.42
2024-06-09,CA,Canada,Fashion_Beauty,58.21,1.43,4.96
2024-06-09,CA,Canada,Fitness_Wearables,66.28,-1.15,-1.98
2024-06-09,CA,Canada,Nutrition_Diets,68.68,0,2.16
2024-06-09,CN,China,Fashion_Beauty,14.91,1.37,1.99
2024-06-09,CN,China,Fitness_Wearables,29.58,1.86,3.35
2024-06-09,CN,China,Nutrition_Diets,7.52,0.75,-0.91
2024-06-09,DE,Germany,Fashion_Beauty,36.54,-1,0.57
2024-06-09,DE,Germany,Fitness_Wearables,60.73,-3.86,-2.28
2024-06-09,DE,Germany,Nutrition_Diets,35.75,-1.45,-1.55
2024-06-09,FR,France,Fashion_Beauty,31.42,3.99,4.12
2024-06-09,FR,France,Fitness_Wearables,51.11,-4.43,-7.59
2024-06-09,FR,France,Nutrition_Diets,30.3,-2.05,-2.05
2024-06-09,GB,United_Kingdom,Fashion_Beauty,47.55,-0.93,-0.23
2024-06-09,GB,United_Kingdom,Fitness_Wearables,64.49,-4.66,-4.24
2024-06-09,GB,United_Kingdom,Nutrition_Diets,83.02,6.6,-0.89
2024-06-09,IN,India,Fashion_Beauty,48.28,4.07,8.26
2024-06-09,IN,India,Fitness_Wearables,71.77,7.65,13.94
2024-06-09,IN,India,Nutrition_Diets,78.49,8.22,16.83
2024-06-09,JP,Japan,Fashion_Beauty,23.45,0.71,1.78
2024-06-09,JP,Japan,Fitness_Wearables,34.73,1.1,0.32
2024-06-09,JP,Japan,Nutrition_Diets,13.74,-0.1,0
2024-06-09,KE,Kenya,Fashion_Beauty,82.65,-2.46,-6.56
2024-06-09,KE,Kenya,Fitness_Wearables,78.67,0.41,-4.62
2024-06-09,KE,Kenya,Nutrition_Diets,79.16,2.53,3.52
2024-06-09,MX,Mexico,Fashion_Beauty,54.35,5.03,5.3
2024-06-09,MX,Mexico,Fitness_Wearables,68.77,3.05,0.77
2024-06-09,MX,Mexico,Nutrition_Diets,30.84,1.53,0.71
2024-06-09,NG,Nigeria,Fashion_Beauty,84.97,4.91,1.01
2024-06-09,NG,Nigeria,Fitness_Wearables,73.95,3.19,2.18
2024-06-09,NG,Nigeria,Nutrition_Diets,79.08,2.9,3.62
2024-06-09,SG,Singapore,Fashion_Beauty,45.65,-1.37,-1.37
2024-06-09,SG,Singapore,Fitness_Wearables,64.48,-3.38,-4.37
2024-06-09,SG,Singapore,Nutrition_Diets,53.02,1.38,2.02
2024-06-09,US,United_States,Fashion_Beauty,39.93,-1.04,-1.82
2024-06-09,US,United_States,Fitness_Wearables,58.98,-1.8,-2.3
2024-06-09,US,United_States,Nutrition_Diets,53.18,-2.12,-4.89
2024-06-09,ZA,South_Africa,Fashion_Beauty,76.74,-1.53,-5.43
2024-06-09,ZA,South_Africa,Fitness_Wearables,69.46,2.01,2.96
2024-06-09,ZA,South_Africa,Nutrition_Diets,57.91,-0.1,3.86
2024-06-16,AE,United_Arab_Emirates,Fashion_Beauty,66.38,-1.46,-0.5
2024-06-16,AE,United_Arab_Emirates,Fitness_Wearables,71.32,2.29,5.63
2024-06-16,AE,United_Arab_Emirates,Nutrition_Diets,67.52,1.83,5.13
2024-06-16,AU,Australia,Fashion_Beauty,61.79,2.73,3.84
2024-06-16,AU,Australia,Fitness_Wearables,74.72,0.21,-0.1
2024-06-16,AU,Australia,Nutrition_Diets,74.04,-3.09,-4.9
2024-06-16,BR,Brazil,Fashion_Beauty,50.55,-1.85,-3.45
2024-06-16,BR,Brazil,Fitness_Wearables,57.76,-3,-5.6
2024-06-16,BR,Brazil,Nutrition_Diets,28.94,-0.32,0.74
2024-06-16,CA,Canada,Fashion_Beauty,55.35,-2.86,-4.29
2024-06-16,CA,Canada,Fitness_Wearables,65.03,-1.25,-0.1
2024-06-16,CA,Canada,Nutrition_Diets,66.43,-2.25,-2.25
2024-06-16,CN,China,Fashion_Beauty,15.28,0.37,-1
2024-06-16,CN,China,Fitness_Wearables,28.22,-1.36,-3.22
2024-06-16,CN,China,Nutrition_Diets,6.47,-1.05,-1.8
2024-06-16,DE,Germany,Fashion_Beauty,37.21,0.67,1.67
2024-06-16,DE,Germany,Fitness_Wearables,58.8,-1.93,1.93
2024-06-16,DE,Germany,Nutrition_Diets,35.85,0.1,1.55
2024-06-16,FR,France,Fashion_Beauty,29.3,-2.12,-6.11
2024-06-16,FR,France,Fitness_Wearables,52.59,1.48,5.91
2024-06-16,FR,France,Nutrition_Diets,29.89,-0.41,1.64
2024-06-16,GB,United_Kingdom,Fashion_Beauty,45.57,-1.98,-1.05
2024-06-16,GB,United_Kingdom,Fitness_Wearables,64.6,0.11,4.77
2024-06-16,GB,United_Kingdom,Nutrition_Diets,71.73,-11.29,-17.89
2024-06-16,IN,India,Fashion_Beauty,50,1.72,-2.35
2024-06-16,IN,India,Fitness_Wearables,79.08,7.31,-0.34
2024-06-16,IN,India,Nutrition_Diets,79.14,0.65,-7.57
2024-06-16,JP,Japan,Fashion_Beauty,24.52,1.07,0.36
2024-06-16,JP,Japan,Fitness_Wearables,31.86,-2.87,-3.97
2024-06-16,JP,Japan,Nutrition_Diets,13.26,-0.48,-0.38
2024-06-16,KE,Kenya,Fashion_Beauty,75.29,-7.36,-4.9
2024-06-16,KE,Kenya,Fitness_Wearables,71.87,-6.8,-7.21
2024-06-16,KE,Kenya,Nutrition_Diets,69.57,-9.59,-12.12
2024-06-16,MX,Mexico,Fashion_Beauty,54.35,0,-5.03
2024-06-16,MX,Mexico,Fitness_Wearables,66.81,-1.96,-5.01
2024-06-16,MX,Mexico,Nutrition_Diets,30.48,-0.36,-1.89
2024-06-16,NG,Nigeria,Fashion_Beauty,81.79,-3.18,-8.09
2024-06-16,NG,Nigeria,Fitness_Wearables,68.74,-5.21,-8.4
2024-06-16,NG,Nigeria,Nutrition_Diets,74.61,-4.47,-7.37
2024-06-16,SG,Singapore,Fashion_Beauty,47.02,1.37,2.74
2024-06-16,SG,Singapore,Fitness_Wearables,67.86,3.38,6.76
2024-06-16,SG,Singapore,Nutrition_Diets,51.54,-1.48,-2.86
2024-06-16,US,United_States,Fashion_Beauty,39.67,-0.26,0.78
2024-06-16,US,United_States,Fitness_Wearables,57.09,-1.89,-0.09
2024-06-16,US,United_States,Nutrition_Diets,53.36,0.18,2.3
2024-06-16,ZA,South_Africa,Fashion_Beauty,71.45,-5.29,-3.76
2024-06-16,ZA,South_Africa,Fitness_Wearables,70.05,0.59,-1.42
2024-06-16,ZA,South_Africa,Nutrition_Diets,59.94,2.03,2.13
2024-06-23,AE,United_Arab_Emirates,Fashion_Beauty,66.63,0.25,1.71
2024-06-23,AE,United_Arab_Emirates,Fitness_Wearables,73.83,2.51,0.22
2024-06-23,AE,United_Arab_Emirates,Nutrition_Diets,71.1,3.58,1.75
2024-06-23,AU,Australia,Fashion_Beauty,59.93,-1.86,-4.59
2024-06-23,AU,Australia,Fitness_Wearables,76.26,1.54,1.33
2024-06-23,AU,Australia,Nutrition_Diets,74.57,0.53,3.62
2024-06-23,BR,Brazil,Fashion_Beauty,49.2,-1.35,0.5
2024-06-23,BR,Brazil,Fitness_Wearables,56.26,-1.5,1.5
2024-06-23,BR,Brazil,Nutrition_Diets,28.62,-0.32,0
2024-06-23,CA,Canada,Fashion_Beauty,55.57,0.22,3.08
2024-06-23,CA,Canada,Fitness_Wearables,66.81,1.78,3.03
2024-06-23,CA,Canada,Nutrition_Diets,65.17,-1.26,0.99
2024-06-23,CN,China,Fashion_Beauty,13.54,-1.74,-2.11
2024-06-23,CN,China,Fitness_Wearables,31.44,3.22,4.58
2024-06-23,CN,China,Nutrition_Diets,6.92,0.45,1.5
2024-06-23,DE,Germany,Fashion_Beauty,35.2,-2.01,-2.68
2024-06-23,DE,Germany,Fitness_Wearables,63,4.2,6.13
2024-06-23,DE,Germany,Nutrition_Diets,34.88,-0.97,-1.07
2024-06-23,FR,France,Fashion_Beauty,30.17,0.87,2.99
2024-06-23,FR,France,Fitness_Wearables,53.96,1.37,-0.11
2024-06-23,FR,France,Nutrition_Diets,31.03,1.14,1.55
2024-06-23,GB,United_Kingdom,Fashion_Beauty,46.62,1.05,3.03
2024-06-23,GB,United_Kingdom,Fitness_Wearables,65.73,1.13,1.02
2024-06-23,GB,United_Kingdom,Nutrition_Diets,70.23,-1.5,9.79
2024-06-23,IN,India,Fashion_Beauty,46.92,-3.08,-4.8
2024-06-23,IN,India,Fitness_Wearables,71.09,-7.99,-15.3
2024-06-23,IN,India,Nutrition_Diets,79.01,-0.13,-0.78
2024-06-23,JP,Japan,Fashion_Beauty,22.5,-2.02,-3.09
2024-06-23,JP,Japan,Fitness_Wearables,32.85,0.99,3.86
2024-06-23,JP,Japan,Nutrition_Diets,12.77,-0.49,-0.01
2024-06-23,KE,Kenya,Fashion_Beauty,75.94,0.65,8.01
2024-06-23,KE,Kenya,Fitness_Wearables,69.43,-2.44,4.36
2024-06-23,KE,Kenya,Nutrition_Diets,60.75,-8.82,0.77
2024-06-23,MX,Mexico,Fashion_Beauty,54.89,0.54,0.54
2024-06-23,MX,Mexico,Fitness_Wearables,68.01,1.2,3.16
2024-06-23,MX,Mexico,Nutrition_Diets,30.12,-0.36,0
2024-06-23,NG,Nigeria,Fashion_Beauty,81.5,-0.29,2.89
2024-06-23,NG,Nigeria,Fitness_Wearables,73.11,4.37,9.58
2024-06-23,NG,Nigeria,Nutrition_Diets,81.26,6.65,11.12
2024-06-23,SG,Singapore,Fashion_Beauty,45.65,-1.37,-2.74
2024-06-23,SG,Singapore,Fitness_Wearables,65.67,-2.19,-5.57
2024-06-23,SG,Singapore,Nutrition_Diets,54.19,2.65,4.13
2024-06-23,US,United_States,Fashion_Beauty,40.19,0.52,0.78
2024-06-23,US,United_States,Fitness_Wearables,56.39,-0.7,1.19
2024-06-23,US,United_States,Nutrition_Diets,53.18,-0.18,-0.36
2024-06-23,ZA,South_Africa,Fashion_Beauty,78.41,6.96,12.25
2024-06-23,ZA,South_Africa,Fitness_Wearables,68.99,-1.06,-1.65
2024-06-23,ZA,South_Africa,Nutrition_Diets,61.05,1.11,-0.92
2024-06-30,AE,United_Arab_Emirates,Fashion_Beauty,69.17,2.54,2.29
2024-06-30,AE,United_Arab_Emirates,Fitness_Wearables,79.35,5.52,3.01
2024-06-30,AE,United_Arab_Emirates,Nutrition_Diets,72.39,1.29,-2.29
2024-06-30,AU,Australia,Fashion_Beauty,59.06,-0.87,0.99
2024-06-30,AU,Australia,Fitness_Wearables,73.28,-2.98,-4.52
2024-06-30,AU,Australia,Nutrition_Diets,72.66,-1.91,-2.44
2024-06-30,BR,Brazil,Fashion_Beauty,51.29,2.09,3.44
2024-06-30,BR,Brazil,Fitness_Wearables,56.56,0.3,1.8
2024-06-30,BR,Brazil,Nutrition_Diets,29.79,1.17,1.49
2024-06-30,CA,Canada,Fashion_Beauty,54.69,-0.88,-1.1
2024-06-30,CA,Canada,Fitness_Wearables,70.58,3.77,1.99
2024-06-30,CA,Canada,Nutrition_Diets,63.19,-1.98,-0.72
2024-06-30,CN,China,Fashion_Beauty,12.67,-0.87,0.87
2024-06-30,CN,China,Fitness_Wearables,26.49,-4.95,-8.17
2024-06-30,CN,China,Nutrition_Diets,5.11,-1.81,-2.26
2024-06-30,DE,Germany,Fashion_Beauty,38.32,3.12,5.13
2024-06-30,DE,Germany,Fitness_Wearables,65.61,2.61,-1.59
2024-06-30,DE,Germany,Nutrition_Diets,35.27,0.39,1.36
2024-06-30,FR,France,Fashion_Beauty,25.44,-4.73,-5.6
2024-06-30,FR,France,Fitness_Wearables,51.43,-2.53,-3.9
2024-06-30,FR,France,Nutrition_Diets,28,-3.03,-4.17
2024-06-30,GB,United_Kingdom,Fashion_Beauty,44.76,-1.86,-2.91
2024-06-30,GB,United_Kingdom,Fitness_Wearables,63.77,-1.96,-3.09
2024-06-30,GB,United_Kingdom,Nutrition_Diets,65.53,-4.7,-3.2
2024-06-30,IN,India,Fashion_Beauty,48.03,1.11,4.19
2024-06-30,IN,India,Fitness_Wearables,71.6,0.51,8.5
2024-06-30,IN,India,Nutrition_Diets,81.49,2.48,2.61
2024-06-30,JP,Japan,Fashion_Beauty,23.33,0.83,2.85
2024-06-30,JP,Japan,Fitness_Wearables,31.42,-1.43,-2.42
2024-06-30,JP,Japan,Nutrition_Diets,13.65,0.88,1.37
2024-06-30,KE,Kenya,Fashion_Beauty,81.01,5.07,4.42
2024-06-30,KE,Kenya,Fitness_Wearables,65.35,-4.08,-1.64
2024-06-30,KE,Kenya,Nutrition_Diets,71,10.25,19.07
2024-06-30,MX,Mexico,Fashion_Beauty,53.94,-0.95,-1.49
2024-06-30,MX,Mexico,Fitness_Wearables,67.79,-0.22,-1.42
2024-06-30,MX,Mexico,Nutrition_Diets,29.85,-0.27,0.09
2024-06-30,NG,Nigeria,Fashion_Beauty,83.09,1.59,1.88
2024-06-30,NG,Nigeria,Fitness_Wearables,67.9,-5.21,-9.58
2024-06-30,NG,Nigeria,Nutrition_Diets,79.08,-2.18,-8.83
2024-06-30,SG,Singapore,Fashion_Beauty,44.82,-0.83,0.54
2024-06-30,SG,Singapore,Fitness_Wearables,71.74,6.07,8.26
2024-06-30,SG,Singapore,Nutrition_Diets,51.75,-2.44,-5.09
2024-06-30,US,United_States,Fashion_Beauty,42.52,2.33,1.81
2024-06-30,US,United_States,Fitness_Wearables,60.68,4.29,4.99
2024-06-30,US,United_States,Nutrition_Diets,51.61,-1.57,-1.39
2024-06-30,ZA,South_Africa,Fashion_Beauty,73.4,-5.01,-11.97
2024-06-30,ZA,South_Africa,Fitness_Wearables,69.46,0.47,1.53
2024-06-30,ZA,South_Africa,Nutrition_Diets,59.84,-1.21,-2.32
2024-07-07,AE,United_Arab_Emirates,Fashion_Beauty,65.9,-3.27,-5.81
2024-07-07,AE,United_Arab_Emirates,Fitness_Wearables,80.92,1.57,-3.95
2024-07-07,AE,United_Arab_Emirates,Nutrition_Diets,70.09,-2.3,-3.59
2024-07-07,AU,Australia,Fashion_Beauty,60.79,1.73,2.6
2024-07-07,AU,Australia,Fitness_Wearables,75.54,2.26,5.24
2024-07-07,AU,Australia,Nutrition_Diets,74.04,1.38,3.29
2024-07-07,BR,Brazil,Fashion_Beauty,51.79,0.5,-1.59
2024-07-07,BR,Brazil,Fitness_Wearables,58.56,2,1.7
2024-07-07,BR,Brazil,Nutrition_Diets,27.87,-1.92,-3.09
2024-07-07,CA,Canada,Fashion_Beauty,56.12,1.43,2.31
2024-07-07,CA,Canada,Fitness_Wearables,67.75,-2.83,-6.6
2024-07-07,CA,Canada,Nutrition_Diets,65.98,2.79,4.77
2024-07-07,CN,China,Fashion_Beauty,14.91,2.24,3.11
2024-07-07,CN,China,Fitness_Wearables,30.94,4.45,9.4
2024-07-07,CN,China,Nutrition_Diets,4.66,-0.45,1.36
2024-07-07,DE,Germany,Fashion_Beauty,38.88,0.56,-2.56
2024-07-07,DE,Germany,Fitness_Wearables,63.68,-1.93,-4.54
2024-07-07,DE,Germany,Nutrition_Diets,36.71,1.44,1.05
2024-07-07,FR,France,Fashion_Beauty,25.44,0,4.73
2024-07-07,FR,France,Fitness_Wearables,51.85,0.42,2.95
2024-07-07,FR,France,Nutrition_Diets,29.47,1.47,4.5
2024-07-07,GB,United_Kingdom,Fashion_Beauty,46.39,1.63,3.49
2024-07-07,GB,United_Kingdom,Fitness_Wearables,64.8,1.03,2.99
2024-07-07,GB,United_Kingdom,Nutrition_Diets,67.73,2.2,6.9
2024-07-07,IN,India,Fashion_Beauty,49.88,1.85,0.74
2024-07-07,IN,India,Fitness_Wearables,73.64,2.04,1.53
2024-07-07,IN,India,Nutrition_Diets,80.31,-1.18,-3.66
2024-07-07,JP,Japan,Fashion_Beauty,22.62,-0.71,-1.54
2024-07-07,JP,Japan,Fitness_Wearables,32.96,1.54,2.97
2024-07-07,JP,Japan,Nutrition_Diets,13.16,-0.49,-1.37
2024-07-07,KE,Kenya,Fashion_Beauty,83.96,2.95,-2.12
2024-07-07,KE,Kenya,Fitness_Wearables,73.23,7.88,11.96
2024-07-07,KE,Kenya,Nutrition_Diets,75.3,4.3,-5.95
2024-07-07,MX,Mexico,Fashion_Beauty,56.52,2.58,3.53
2024-07-07,MX,Mexico,Fitness_Wearables,69.53,1.74,1.96
2024-07-07,MX,Mexico,Nutrition_Diets,31.38,1.53,1.8
2024-07-07,NG,Nigeria,Fashion_Beauty,81.21,-1.88,-3.47
2024-07-07,NG,Nigeria,Fitness_Wearables,72.27,4.37,9.58
2024-07-07,NG,Nigeria,Nutrition_Diets,76.42,-2.66,-0.48
2024-07-07,SG,Singapore,Fashion_Beauty,46.07,1.25,2.08
2024-07-07,SG,Singapore,Fitness_Wearables,71.64,-0.1,-6.17
2024-07-07,SG,Singapore,Nutrition_Diets,53.66,1.91,4.35
2024-07-07,US,United_States,Fashion_Beauty,39.67,-2.85,-5.18
2024-07-07,US,United_States,Fitness_Wearables,55.29,-5.39,-9.68
2024-07-07,US,United_States,Nutrition_Diets,53.55,1.94,3.51
2024-07-07,ZA,South_Africa,Fashion_Beauty,71.17,-2.23,2.78
2024-07-07,ZA,South_Africa,Fitness_Wearables,66.75,-2.71,-3.18
2024-07-07,ZA,South_Africa,Nutrition_Diets,58.92,-0.92,0.29
2024-07-14,AE,United_Arab_Emirates,Fashion_Beauty,68.32,2.42,5.69
2024-07-14,AE,United_Arab_Emirates,Fitness_Wearables,76.75,-4.17,-5.74
2024-07-14,AE,United_Arab_Emirates,Nutrition_Diets,72.94,2.85,5.15
2024-07-14,AU,Australia,Fashion_Beauty,60.67,-0.12,-1.85
2024-07-14,AU,Australia,Fitness_Wearables,74.31,-1.23,-3.49
2024-07-14,AU,Australia,Nutrition_Diets,69.47,-4.57,-5.95
2024-07-14,BR,Brazil,Fashion_Beauty,54.62,2.83,2.33
2024-07-14,BR,Brazil,Fitness_Wearables,61.26,2.7,0.7
2024-07-14,BR,Brazil,Nutrition_Diets,29.47,1.6,3.52
2024-07-14,CA,Canada,Fashion_Beauty,57.88,1.76,0.33
2024-07-14,CA,Canada,Fitness_Wearables,69.74,1.99,4.82
2024-07-14,CA,Canada,Nutrition_Diets,65.62,-0.36,-3.15
2024-07-14,CN,China,Fashion_Beauty,16.77,1.86,-0.38
2024-07-14,CN,China,Fitness_Wearables,25.62,-5.32,-9.77
2024-07-14,CN,China,Nutrition_Diets,5.71,1.05,1.5
2024-07-14,DE,Germany,Fashion_Beauty,35.87,-3.01,-3.57
2024-07-14,DE,Germany,Fitness_Wearables,64.47,0.79,2.72
2024-07-14,DE,Germany,Nutrition_Diets,35.27,-1.44,-2.88
2024-07-14,FR,France,Fashion_Beauty,25.81,0.37,0.37
2024-07-14,FR,France,Fitness_Wearables,55.12,3.27,2.85
2024-07-14,FR,France,Nutrition_Diets,31.03,1.56,0.09
2024-07-14,GB,United_Kingdom,Fashion_Beauty,44.99,-1.4,-3.03
2024-07-14,GB,United_Kingdom,Fitness_Wearables,67.18,2.38,1.35
2024-07-14,GB,United_Kingdom,Nutrition_Diets,66.93,-0.8,-3
2024-07-14,IN,India,Fashion_Beauty,51.48,1.6,-0.25
2024-07-14,IN,India,Fitness_Wearables,75,1.36,-0.68
2024-07-14,IN,India,Nutrition_Diets,82.79,2.48,3.66
2024-07-14,JP,Japan,Fashion_Beauty,21.67,-0.95,-0.24
2024-07-14,JP,Japan,Fitness_Wearables,33.19,0.23,-1.31
2024-07-14,JP,Japan,Nutrition_Diets,12.09,-1.07,-0.58
2024-07-14,KE,Kenya,Fashion_Beauty,74.14,-9.82,-12.77
2024-07-14,KE,Kenya,Fitness_Wearables,63.45,-9.78,-17.66
2024-07-14,KE,Kenya,Nutrition_Diets,71.78,-3.52,-7.82
2024-07-14,MX,Mexico,Fashion_Beauty,61.28,4.76,2.18
2024-07-14,MX,Mexico,Fitness_Wearables,74.1,4.57,2.83
2024-07-14,MX,Mexico,Nutrition_Diets,33.99,2.61,1.08
2024-07-14,NG,Nigeria,Fashion_Beauty,79.77,-1.44,0.44
2024-07-14,NG,Nigeria,Fitness_Wearables,67.39,-4.88,-9.25
2024-07-14,NG,Nigeria,Nutrition_Diets,73.4,-3.02,-0.36
2024-07-14,SG,Singapore,Fashion_Beauty,45.55,-0.52,-1.77
2024-07-14,SG,Singapore,Fitness_Wearables,69.35,-2.29,-2.19
2024-07-14,SG,Singapore,Nutrition_Diets,53.02,-0.64,-2.55
2024-07-14,US,United_States,Fashion_Beauty,39.33,-0.34,2.51
2024-07-14,US,United_States,Fitness_Wearables,54.89,-0.4,4.99
2024-07-14,US,United_States,Nutrition_Diets,50.78,-2.77,-4.71
2024-07-14,ZA,South_Africa,Fashion_Beauty,72.14,0.97,3.2
2024-07-14,ZA,South_Africa,Fitness_Wearables,71.23,4.48,7.19
2024-07-14,ZA,South_Africa,Nutrition_Diets,64.2,5.28,6.2
2024-07-21,AE,United_Arab_Emirates,Fashion_Beauty,66.02,-2.3,-4.72
2024-07-21,AE,United_Arab_Emirates,Fitness_Wearables,79.25,2.5,6.67
2024-07-21,AE,United_Arab_Emirates,Nutrition_Diets,71.01,-1.93,-4.78
2024-07-21,AU,Australia,Fashion_Beauty,60.17,-0.5,-0.38
2024-07-21,AU,Australia,Fitness_Wearables,76.88,2.57,3.8
2024-07-21,AU,Australia,Nutrition_Diets,76.6,7.13,11.7
2024-07-21,BR,Brazil,Fashion_Beauty,53.14,-1.48,-4.31
2024-07-21,BR,Brazil,Fitness_Wearables,60.56,-0.7,-3.4
2024-07-21,BR,Brazil,Nutrition_Diets,28.94,-0.53,-2.13
2024-07-21,CA,Canada,Fashion_Beauty,58.32,0.44,-1.32
2024-07-21,CA,Canada,Fitness_Wearables,68.48,-1.26,-3.25
2024-07-21,CA,Canada,Nutrition_Diets,67.33,1.71,2.07
2024-07-21,CN,China,Fashion_Beauty,14.16,-2.61,-4.47
2024-07-21,CN,China,Fitness_Wearables,25.37,-0.25,5.07
2024-07-21,CN,China,Nutrition_Diets,4.81,-0.9,-1.95
2024-07-21,DE,Germany,Fashion_Beauty,37.32,1.45,4.46
2024-07-21,DE,Germany,Fitness_Wearables,63.79,-0.68,-1.47
2024-07-21,DE,Germany,Nutrition_Diets,38.07,2.8,4.24
2024-07-21,FR,France,Fashion_Beauty,25.06,-0.75,-1.12
2024-07-21,FR,France,Fitness_Wearables,56.6,1.48,-1.79
2024-07-21,FR,France,Nutrition_Diets,34.4,3.37,1.81
2024-07-21,GB,United_Kingdom,Fashion_Beauty,47.44,2.45,3.85
2024-07-21,GB,United_Kingdom,Fitness_Wearables,69.88,2.7,0.32
2024-07-21,GB,United_Kingdom,Nutrition_Diets,70.23,3.3,4.1
2024-07-21,IN,India,Fashion_Beauty,51.23,-0.25,-1.85
2024-07-21,IN,India,Fitness_Wearables,72.28,-2.72,-4.08
2024-07-21,IN,India,Nutrition_Diets,81.88,-0.91,-3.39
2024-07-21,JP,Japan,Fashion_Beauty,23.33,1.66,2.61
2024-07-21,JP,Japan,Fitness_Wearables,32.3,-0.89,-1.12
2024-07-21,JP,Japan,Nutrition_Diets,11.6,-0.49,0.58
2024-07-21,KE,Kenya,Fashion_Beauty,72.5,-1.64,8.18
2024-07-21,KE,Kenya,Fitness_Wearables,71.74,8.29,18.07
2024-07-21,KE,Kenya,Nutrition_Diets,69.68,-2.1,1.42
2024-07-21,MX,Mexico,Fashion_Beauty,60.46,-0.82,-5.58
2024-07-21,MX,Mexico,Fitness_Wearables,71.82,-2.28,-6.85
2024-07-21,MX,Mexico,Nutrition_Diets,31.2,-2.79,-5.4
2024-07-21,NG,Nigeria,Fashion_Beauty,79.77,0,1.44
2024-07-21,NG,Nigeria,Fitness_Wearables,71.26,3.87,8.75
2024-07-21,NG,Nigeria,Nutrition_Diets,73.52,0.12,3.14
2024-07-21,SG,Singapore,Fashion_Beauty,47.02,1.47,1.99
2024-07-21,SG,Singapore,Fitness_Wearables,68.16,-1.19,1.1
2024-07-21,SG,Singapore,Nutrition_Diets,53.34,0.32,0.96
2024-07-21,US,United_States,Fashion_Beauty,40.54,1.21,1.55
2024-07-21,US,United_States,Fitness_Wearables,55.09,0.2,0.6
2024-07-21,US,United_States,Nutrition_Diets,52.17,1.39,4.16
2024-07-21,ZA,South_Africa,Fashion_Beauty,77.02,4.88,3.91
2024-07-21,ZA,South_Africa,Fitness_Wearables,72.17,0.94,-3.54
2024-07-21,ZA,South_Africa,Nutrition_Diets,68.56,4.36,-0.92
2024-07-28,AE,United_Arab_Emirates,Fashion_Beauty,63.97,-2.05,0.25
2024-07-28,AE,United_Arab_Emirates,Fitness_Wearables,76.64,-2.61,-5.11
2024-07-28,AE,United_Arab_Emirates,Nutrition_Diets,71.83,0.82,2.75
2024-07-28,AU,Australia,Fashion_Beauty,59.68,-0.49,0.01
2024-07-28,AU,Australia,Fitness_Wearables,74.82,-2.06,-4.63
2024-07-28,AU,Australia,Nutrition_Diets,72.98,-3.62,-10.75
2024-07-28,BR,Brazil,Fashion_Beauty,51.05,-2.09,-0.61
2024-07-28,BR,Brazil,Fitness_Wearables,58.56,-2,-1.3
2024-07-28,BR,Brazil,Nutrition_Diets,28.19,-0.75,-0.22
2024-07-28,CA,Canada,Fashion_Beauty,56.45,-1.87,-2.31
2024-07-28,CA,Canada,Fitness_Wearables,66.49,-1.99,-0.73
2024-07-28,CA,Canada,Nutrition_Diets,65.44,-1.89,-3.6
2024-07-28,CN,China,Fashion_Beauty,13.42,-0.74,1.87
2024-07-28,CN,China,Fitness_Wearables,25.74,0.37,0.62
2024-07-28,CN,China,Nutrition_Diets,5.11,0.3,1.2
2024-07-28,DE,Germany,Fashion_Beauty,36.87,-0.45,-1.9
2024-07-28,DE,Germany,Fitness_Wearables,66.63,2.84,3.52
2024-07-28,DE,Germany,Nutrition_Diets,36.52,-1.55,-4.35
2024-07-28,FR,France,Fashion_Beauty,22.94,-2.12,-1.37
2024-07-28,FR,France,Fitness_Wearables,61.14,4.54,3.06
2024-07-28,FR,France,Nutrition_Diets,29.8,-4.6,-7.97
2024-07-28,GB,United_Kingdom,Fashion_Beauty,44.99,-2.45,-4.9
2024-07-28,GB,United_Kingdom,Fitness_Wearables,68.84,-1.04,-3.74
2024-07-28,GB,United_Kingdom,Nutrition_Diets,67.43,-2.8,-6.1
2024-07-28,IN,India,Fashion_Beauty,51.85,0.62,0.87
2024-07-28,IN,India,Fitness_Wearables,72.28,0,2.72
2024-07-28,IN,India,Nutrition_Diets,79.79,-2.09,-1.18
2024-07-28,JP,Japan,Fashion_Beauty,21.67,-1.66,-3.32
2024-07-28,JP,Japan,Fitness_Wearables,31.86,-0.44,0.45
2024-07-28,JP,Japan,Nutrition_Diets,11.99,0.39,0.88
2024-07-28,KE,Kenya,Fashion_Beauty,79.38,6.88,8.52
2024-07-28,KE,Kenya,Fitness_Wearables,79.08,7.34,-0.95
2024-07-28,KE,Kenya,Nutrition_Diets,70.78,1.1,3.2
2024-07-28,MX,Mexico,Fashion_Beauty,59.65,-0.81,0.01
2024-07-28,MX,Mexico,Fitness_Wearables,70.29,-1.53,0.75
2024-07-28,MX,Mexico,Nutrition_Diets,30.12,-1.08,1.71
2024-07-28,NG,Nigeria,Fashion_Beauty,72.83,-6.94,-6.94
2024-07-28,NG,Nigeria,Fitness_Wearables,66.89,-4.37,-8.24
2024-07-28,NG,Nigeria,Nutrition_Diets,69.04,-4.48,-4.6
2024-07-28,SG,Singapore,Fashion_Beauty,46.6,-0.42,-1.89
2024-07-28,SG,Singapore,Fitness_Wearables,65.97,-2.19,-1
2024-07-28,SG,Singapore,Nutrition_Diets,51.54,-1.8,-2.12
2024-07-28,US,United_States,Fashion_Beauty,41.31,0.77,-0.44
2024-07-28,US,United_States,Fitness_Wearables,54.69,-0.4,-0.6
2024-07-28,US,United_States,Nutrition_Diets,52.07,-0.1,-1.49
2024-07-28,ZA,South_Africa,Fashion_Beauty,77.86,0.84,-4.04
2024-07-28,ZA,South_Africa,Fitness_Wearables,73.82,1.65,0.71
2024-07-28,ZA,South_Africa,Nutrition_Diets,66.43,-2.13,-6.49
2024-08-04,AE,United_Arab_Emirates,Fashion_Beauty,65.78,1.81,3.86
2024-08-04,AE,United_Arab_Emirates,Fitness_Wearables,77.79,1.15,3.76
2024-08-04,AE,United_Arab_Emirates,Nutrition_Diets,71.93,0.1,-0.72
2024-08-04,AU,Australia,Fashion_Beauty,59.93,0.25,0.74
2024-08-04,AU,Australia,Fitness_Wearables,77.39,2.57,4.63
2024-08-04,AU,Australia,Nutrition_Diets,74.26,1.28,4.9
2024-08-04,BR,Brazil,Fashion_Beauty,51.79,0.74,2.83
2024-08-04,BR,Brazil,Fitness_Wearables,62.46,3.9,5.9
2024-08-04,BR,Brazil,Nutrition_Diets,30.85,2.66,3.41
2024-08-04,CA,Canada,Fashion_Beauty,60.42,3.97,5.84
2024-08-04,CA,Canada,Fitness_Wearables,72.57,6.08,8.07
2024-08-04,CA,Canada,Nutrition_Diets,63.46,-1.98,-0.09
2024-08-04,CN,China,Fashion_Beauty,13.91,0.49,1.23
2024-08-04,CN,China,Fitness_Wearables,27.97,2.23,1.86
2024-08-04,CN,China,Nutrition_Diets,7.22,2.11,1.81
2024-08-04,DE,Germany,Fashion_Beauty,37.09,0.22,0.67
2024-08-04,DE,Germany,Fitness_Wearables,65.61,-1.02,-3.86
2024-08-04,DE,Germany,Nutrition_Diets,34.98,-1.54,0.01
2024-08-04,FR,France,Fashion_Beauty,24.44,1.5,3.62
2024-08-04,FR,France,Fitness_Wearables,59.66,-1.48,-6.02
2024-08-04,FR,France,Nutrition_Diets,31.03,1.23,5.83
2024-08-04,GB,United_Kingdom,Fashion_Beauty,46.39,1.4,3.85
2024-08-04,GB,United_Kingdom,Fitness_Wearables,72.15,3.31,4.35
2024-08-04,GB,United_Kingdom,Nutrition_Diets,71.33,3.9,6.7
2024-08-04,IN,India,Fashion_Beauty,54.68,2.83,2.21
2024-08-04,IN,India,Fitness_Wearables,74.49,2.21,2.21
2024-08-04,IN,India,Nutrition_Diets,78.88,-0.91,1.18
2024-08-04,JP,Japan,Fashion_Beauty,21.31,-0.36,1.3
2024-08-04,JP,Japan,Fitness_Wearables,28.87,-2.99,-2.55
2024-08-04,JP,Japan,Nutrition_Diets,10.92,-1.07,-1.46
2024-08-04,KE,Kenya,Fashion_Beauty,76.6,-2.78,-9.66
2024-08-04,KE,Kenya,Fitness_Wearables,72.69,-6.39,-13.73
2024-08-04,KE,Kenya,Nutrition_Diets,68.69,-2.09,-3.19
2024-08-04,MX,Mexico,Fashion_Beauty,60.73,1.08,1.89
2024-08-04,MX,Mexico,Fitness_Wearables,73.88,3.59,5.12
2024-08-04,MX,Mexico,Nutrition_Diets,31.74,1.62,2.7
2024-08-04,NG,Nigeria,Fashion_Beauty,77.46,4.63,11.57
2024-08-04,NG,Nigeria,Fitness_Wearables,70.59,3.7,8.07
2024-08-04,NG,Nigeria,Nutrition_Diets,72.43,3.39,7.87
2024-08-04,SG,Singapore,Fashion_Beauty,44.82,-1.78,-1.36
2024-08-04,SG,Singapore,Fitness_Wearables,68.36,2.39,4.58
2024-08-04,SG,Singapore,Nutrition_Diets,49.95,-1.59,0.21
2024-08-04,US,United_States,Fashion_Beauty,41.49,0.18,-0.59
2024-08-04,US,United_States,Fitness_Wearables,55.09,0.4,0.8
2024-08-04,US,United_States,Nutrition_Diets,50.23,-1.84,-1.74
2024-08-04,ZA,South_Africa,Fashion_Beauty,75.07,-2.79,-3.63
2024-08-04,ZA,South_Africa,Fitness_Wearables,78.07,4.25,2.6
2024-08-04,ZA,South_Africa,Nutrition_Diets,64.5,-1.93,0.2
2024-08-11,AE,United_Arab_Emirates,Fashion_Beauty,68.92,3.14,1.33
2024-08-11,AE,United_Arab_Emirates,Fitness_Wearables,82.27,4.48,3.33
2024-08-11,AE,United_Arab_Emirates,Nutrition_Diets,76.51,4.58,4.48
2024-08-11,AU,Australia,Fashion_Beauty,62.66,2.73,2.48
2024-08-11,AU,Australia,Fitness_Wearables,79.75,2.36,-0.21
2024-08-11,AU,Australia,Nutrition_Diets,79.36,5.1,3.82
2024-08-11,BR,Brazil,Fashion_Beauty,52.77,0.98,0.24
2024-08-11,BR,Brazil,Fitness_Wearables,57.76,-4.7,-8.6
2024-08-11,BR,Brazil,Nutrition_Diets,28.51,-2.34,-5
2024-08-11,CA,Canada,Fashion_Beauty,60.53,0.11,-3.86
2024-08-11,CA,Canada,Fitness_Wearables,68.27,-4.3,-10.38
2024-08-11,CA,Canada,Nutrition_Diets,68.5,5.04,7.02
2024-08-11,CN,China,Fashion_Beauty,16.4,2.49,2
2024-08-11,CN,China,Fitness_Wearables,32.43,4.46,2.23
2024-08-11,CN,China,Nutrition_Diets,5.71,-1.51,-3.62
2024-08-11,DE,Germany,Fashion_Beauty,37.77,0.68,0.46
2024-08-11,DE,Germany,Fitness_Wearables,64.93,-0.68,0.34
2024-08-11,DE,Germany,Nutrition_Diets,36.71,1.73,3.27
2024-08-11,FR,France,Fashion_Beauty,25.81,1.37,-0.13
2024-08-11,FR,France,Fitness_Wearables,58.71,-0.95,0.53
2024-08-11,FR,France,Nutrition_Diets,32.1,1.07,-0.16
2024-08-11,GB,United_Kingdom,Fashion_Beauty,47.44,1.05,-0.35
2024-08-11,GB,United_Kingdom,Fitness_Wearables,67.29,-4.86,-8.17
2024-08-11,GB,United_Kingdom,Nutrition_Diets,69.23,-2.1,-6
2024-08-11,IN,India,Fashion_Beauty,59.36,4.68,1.85
2024-08-11,IN,India,Fitness_Wearables,74.49,0,-2.21
2024-08-11,IN,India,Nutrition_Diets,75.75,-3.13,-2.22
2024-08-11,JP,Japan,Fashion_Beauty,21.43,0.12,0.48
2024-08-11,JP,Japan,Fitness_Wearables,32.19,3.32,6.31
2024-08-11,JP,Japan,Nutrition_Diets,10.53,-0.39,0.68
2024-08-11,KE,Kenya,Fashion_Beauty,70.7,-5.9,-3.12
2024-08-11,KE,Kenya,Fitness_Wearables,70.52,-2.17,4.22
2024-08-11,KE,Kenya,Nutrition_Diets,67.7,-0.99,1.1
2024-08-11,MX,Mexico,Fashion_Beauty,78.26,17.53,16.45
2024-08-11,MX,Mexico,Fitness_Wearables,70.51,-3.37,-6.96
2024-08-11,MX,Mexico,Nutrition_Diets,29.31,-2.43,-4.05
2024-08-11,NG,Nigeria,Fashion_Beauty,73.99,-3.47,-8.1
2024-08-11,NG,Nigeria,Fitness_Wearables,76.64,6.05,2.35
2024-08-11,NG,Nigeria,Nutrition_Diets,67.84,-4.59,-7.98
2024-08-11,SG,Singapore,Fashion_Beauty,45.76,0.94,2.72
2024-08-11,SG,Singapore,Fitness_Wearables,67.66,-0.7,-3.09
2024-08-11,SG,Singapore,Nutrition_Diets,49.84,-0.11,1.48
2024-08-11,US,United_States,Fashion_Beauty,41.66,0.17,-0.01
2024-08-11,US,United_States,Fitness_Wearables,52.89,-2.2,-2.6
2024-08-11,US,United_States,Nutrition_Diets,50.69,0.46,2.3
2024-08-11,ZA,South_Africa,Fashion_Beauty,74.51,-0.56,2.23
2024-08-11,ZA,South_Africa,Fitness_Wearables,71.58,-6.49,-10.74
2024-08-11,ZA,South_Africa,Nutrition_Diets,69.07,4.57,6.5
2024-08-18,AE,United_Arab_Emirates,Fashion_Beauty,68.56,-0.36,-3.5
2024-08-18,AE,United_Arab_Emirates,Fitness_Wearables,82.79,0.52,-3.96
2024-08-18,AE,United_Arab_Emirates,Nutrition_Diets,75.14,-1.37,-5.95
2024-08-18,AU,Australia,Fashion_Beauty,63.4,0.74,-1.99
2024-08-18,AU,Australia,Fitness_Wearables,79.14,-0.61,-2.97
2024-08-18,AU,Australia,Nutrition_Diets,78.51,-0.85,-5.95
2024-08-18,BR,Brazil,Fashion_Beauty,51.42,-1.35,-2.33
2024-08-18,BR,Brazil,Fitness_Wearables,59.56,1.8,6.5
2024-08-18,BR,Brazil,Nutrition_Diets,30.53,2.02,4.36
2024-08-18,CA,Canada,Fashion_Beauty,63.84,3.31,3.2
2024-08-18,CA,Canada,Fitness_Wearables,70.89,2.62,6.92
2024-08-18,CA,Canada,Nutrition_Diets,68.14,-0.36,-5.4
2024-08-18,CN,China,Fashion_Beauty,15.65,-0.75,-3.24
2024-08-18,CN,China,Fitness_Wearables,29.58,-2.85,-7.31
2024-08-18,CN,China,Nutrition_Diets,7.52,1.81,3.32
2024-08-18,DE,Germany,Fashion_Beauty,38.32,0.55,-0.13
2024-08-18,DE,Germany,Fitness_Wearables,65.49,0.56,1.24
2024-08-18,DE,Germany,Nutrition_Diets,37.87,1.16,-0.57
2024-08-18,FR,France,Fashion_Beauty,27.68,1.87,0.5
2024-08-18,FR,France,Fitness_Wearables,66.42,7.71,8.66
2024-08-18,FR,France,Nutrition_Diets,33.09,0.99,-0.08
2024-08-18,GB,United_Kingdom,Fashion_Beauty,48.72,1.28,0.23
2024-08-18,GB,United_Kingdom,Fitness_Wearables,66.67,-0.62,4.24
2024-08-18,GB,United_Kingdom,Nutrition_Diets,66.53,-2.7,-0.6
2024-08-18,IN,India,Fashion_Beauty,56.28,-3.08,-7.76
2024-08-18,IN,India,Fitness_Wearables,76.7,2.21,2.21
2024-08-18,IN,India,Nutrition_Diets,78.23,2.48,5.61
2024-08-18,JP,Japan,Fashion_Beauty,21.19,-0.24,-0.36
2024-08-18,JP,Japan,Fitness_Wearables,32.08,-0.11,-3.43
2024-08-18,JP,Japan,Nutrition_Diets,11.5,0.97,1.36
2024-08-18,KE,Kenya,Fashion_Beauty,69.56,-1.14,4.76
2024-08-18,KE,Kenya,Fitness_Wearables,68.48,-2.04,0.13
2024-08-18,KE,Kenya,Nutrition_Diets,63.84,-3.86,-2.87
2024-08-18,MX,Mexico,Fashion_Beauty,62.5,-15.76,-33.29
2024-08-18,MX,Mexico,Fitness_Wearables,69.53,-0.98,2.39
2024-08-18,MX,Mexico,Nutrition_Diets,30.75,1.44,3.87
2024-08-18,NG,Nigeria,Fashion_Beauty,72.54,-1.45,2.02
2024-08-18,NG,Nigeria,Fitness_Wearables,67.9,-8.74,-14.79
2024-08-18,NG,Nigeria,Nutrition_Diets,68.08,0.24,4.83
2024-08-18,SG,Singapore,Fashion_Beauty,48.38,2.62,1.68
2024-08-18,SG,Singapore,Fitness_Wearables,68.16,0.5,1.2
2024-08-18,SG,Singapore,Nutrition_Diets,55.04,5.2,5.31
2024-08-18,US,United_States,Fashion_Beauty,41.75,0.09,-0.08
2024-08-18,US,United_States,Fitness_Wearables,53.49,0.6,2.8
2024-08-18,US,United_States,Nutrition_Diets,51.06,0.37,-0.09
2024-08-18,ZA,South_Africa,Fashion_Beauty,78.41,3.9,4.46
2024-08-18,ZA,South_Africa,Fitness_Wearables,69.46,-2.12,4.37
2024-08-18,ZA,South_Africa,Nutrition_Diets,68.05,-1.02,-5.59
2024-08-25,AE,United_Arab_Emirates,Fashion_Beauty,67.23,-1.33,-0.97
2024-08-25,AE,United_Arab_Emirates,Fitness_Wearables,80.6,-2.19,-2.71
2024-08-25,AE,United_Arab_Emirates,Nutrition_Diets,73.03,-2.11,-0.74
2024-08-25,AU,Australia,Fashion_Beauty,62.9,-0.5,-1.24
2024-08-25,AU,Australia,Fitness_Wearables,76.98,-2.16,-1.55
2024-08-25,AU,Australia,Nutrition_Diets,75.96,-2.55,-1.7
2024-08-25,BR,Brazil,Fashion_Beauty,51.17,-0.25,1.1
2024-08-25,BR,Brazil,Fitness_Wearables,56.56,-3,-4.8
2024-08-25,BR,Brazil,Nutrition_Diets,30.21,-0.32,-2.34
2024-08-25,CA,Canada,Fashion_Beauty,60.97,-2.87,-6.18
2024-08-25,CA,Canada,Fitness_Wearables,68.38,-2.51,-5.13
2024-08-25,CA,Canada,Nutrition_Diets,65.44,-2.7,-2.34
2024-08-25,CN,China,Fashion_Beauty,15.65,0,0.75
2024-08-25,CN,China,Fitness_Wearables,28.84,-0.74,2.11
2024-08-25,CN,China,Nutrition_Diets,5.71,-1.81,-3.62
2024-08-25,DE,Germany,Fashion_Beauty,39.22,0.9,0.35
2024-08-25,DE,Germany,Fitness_Wearables,68.22,2.73,2.17
2024-08-25,DE,Germany,Nutrition_Diets,37.39,-0.48,-1.64
2024-08-25,FR,France,Fashion_Beauty,28.8,1.12,-0.75
2024-08-25,FR,France,Fitness_Wearables,75.71,9.29,1.58
2024-08-25,FR,France,Nutrition_Diets,34.81,1.72,0.73
2024-08-25,GB,United_Kingdom,Fashion_Beauty,47.79,-0.93,-2.21
2024-08-25,GB,United_Kingdom,Fitness_Wearables,67.29,0.62,1.24
2024-08-25,GB,United_Kingdom,Nutrition_Diets,66.73,0.2,2.9
2024-08-25,IN,India,Fashion_Beauty,56.53,0.25,3.33
2024-08-25,IN,India,Fitness_Wearables,75.17,-1.53,-3.74
2024-08-25,IN,India,Nutrition_Diets,79.79,1.56,-0.92
2024-08-25,JP,Japan,Fashion_Beauty,20.71,-0.48,-0.24
2024-08-25,JP,Japan,Fitness_Wearables,31.42,-0.66,-0.55
2024-08-25,JP,Japan,Nutrition_Diets,11.01,-0.49,-1.46
2024-08-25,KE,Kenya,Fashion_Beauty,65.3,-4.26,-3.12
2024-08-25,KE,Kenya,Fitness_Wearables,69.02,0.54,2.58
2024-08-25,KE,Kenya,Nutrition_Diets,63.4,-0.44,3.42
2024-08-25,MX,Mexico,Fashion_Beauty,53.12,-9.38,6.38
2024-08-25,MX,Mexico,Fitness_Wearables,66.92,-2.61,-1.63
2024-08-25,MX,Mexico,Nutrition_Diets,29.04,-1.71,-3.15
2024-08-25,NG,Nigeria,Fashion_Beauty,70.09,-2.45,-1
2024-08-25,NG,Nigeria,Fitness_Wearables,65.55,-2.35,6.39
2024-08-25,NG,Nigeria,Nutrition_Diets,64.57,-3.51,-3.75
2024-08-25,SG,Singapore,Fashion_Beauty,48.17,-0.21,-2.83
2024-08-25,SG,Singapore,Fitness_Wearables,67.16,-1,-1.5
2024-08-25,SG,Singapore,Nutrition_Diets,51.01,-4.03,-9.23
2024-08-25,US,United_States,Fashion_Beauty,40.88,-0.87,-0.96
2024-08-25,US,United_States,Fitness_Wearables,51.7,-1.79,-2.39
2024-08-25,US,United_States,Nutrition_Diets,52.17,1.11,0.74
2024-08-25,ZA,South_Africa,Fashion_Beauty,78.69,0.28,-3.62
2024-08-25,ZA,South_Africa,Fitness_Wearables,69.34,-0.12,2
2024-08-25,ZA,South_Africa,Nutrition_Diets,68.66,0.61,1.63
2024-09-01,AE,United_Arab_Emirates,Fashion_Beauty,72.91,5.68,7.01
2024-09-01,AE,United_Arab_Emirates,Fitness_Wearables,83.94,3.34,5.53
2024-09-01,AE,United_Arab_Emirates,Nutrition_Diets,75.05,2.02,4.13
2024-09-01,AU,Australia,Fashion_Beauty,65.14,2.24,2.74
2024-09-01,AU,Australia,Fitness_Wearables,79.65,2.67,4.83
2024-09-01,AU,Australia,Nutrition_Diets,82.34,6.38,8.93
2024-09-01,BR,Brazil,Fashion_Beauty,53.64,2.47,2.72
2024-09-01,BR,Brazil,Fitness_Wearables,62.46,5.9,8.9
2024-09-01,BR,Brazil,Nutrition_Diets,32.55,2.34,2.66
2024-09-01,CA,Canada,Fashion_Beauty,63.73,2.76,5.63
2024-09-01,CA,Canada,Fitness_Wearables,75.29,6.91,9.42
2024-09-01,CA,Canada,Nutrition_Diets,65.08,-0.36,2.34
2024-09-01,CN,China,Fashion_Beauty,15.03,-0.62,-0.62
2024-09-01,CN,China,Fitness_Wearables,31.56,2.72,3.46
2024-09-01,CN,China,Nutrition_Diets,5.26,-0.45,1.36
2024-09-01,DE,Germany,Fashion_Beauty,39.55,0.33,-0.57
2024-09-01,DE,Germany,Fitness_Wearables,67.54,-0.68,-3.41
2024-09-01,DE,Germany,Nutrition_Diets,36.43,-0.96,-0.48
2024-09-01,FR,France,Fashion_Beauty,28.3,-0.5,-1.62
2024-09-01,FR,France,Fitness_Wearables,80.89,5.18,-4.11
2024-09-01,FR,France,Nutrition_Diets,32.76,-2.05,-3.77
2024-09-01,GB,United_Kingdom,Fashion_Beauty,50.47,2.68,3.61
2024-09-01,GB,United_Kingdom,Fitness_Wearables,72.46,5.17,4.55
2024-09-01,GB,United_Kingdom,Nutrition_Diets,68.93,2.2,2
2024-09-01,IN,India,Fashion_Beauty,57.88,1.35,1.1
2024-09-01,IN,India,Fitness_Wearables,75.51,0.34,1.87
2024-09-01,IN,India,Nutrition_Diets,81.75,1.96,0.4
2024-09-01,JP,Japan,Fashion_Beauty,24.05,3.34,3.82
2024-09-01,JP,Japan,Fitness_Wearables,31.31,-0.11,0.55
2024-09-01,JP,Japan,Nutrition_Diets,12.18,1.17,1.66
2024-09-01,KE,Kenya,Fashion_Beauty,75.45,10.15,14.41
2024-09-01,KE,Kenya,Fitness_Wearables,72.15,3.13,2.59
2024-09-01,KE,Kenya,Nutrition_Diets,68.8,5.4,5.84
2024-09-01,MX,Mexico,Fashion_Beauty,53.67,0.55,9.93
2024-09-01,MX,Mexico,Fitness_Wearables,68.77,1.85,4.46
2024-09-01,MX,Mexico,Nutrition_Diets,28.94,-0.1,1.61
2024-09-01,NG,Nigeria,Fashion_Beauty,73.99,3.9,6.35
2024-09-01,NG,Nigeria,Fitness_Wearables,66.22,0.67,3.02
2024-09-01,NG,Nigeria,Nutrition_Diets,66.02,1.45,4.96
2024-09-01,SG,Singapore,Fashion_Beauty,48.9,0.73,0.94
2024-09-01,SG,Singapore,Fitness_Wearables,64.98,-2.18,-1.18
2024-09-01,SG,Singapore,Nutrition_Diets,52.39,1.38,5.41
2024-09-01,US,United_States,Fashion_Beauty,43.73,2.85,3.72
2024-09-01,US,United_States,Fitness_Wearables,56.09,4.39,6.18
2024-09-01,US,United_States,Nutrition_Diets,50.41,-1.76,-2.87
2024-09-01,ZA,South_Africa,Fashion_Beauty,78.27,-0.42,-0.7
2024-09-01,ZA,South_Africa,Fitness_Wearables,71.93,2.59,2.71
2024-09-01,ZA,South_Africa,Nutrition_Diets,71.4,2.74,2.13
2024-09-08,AE,United_Arab_Emirates,Fashion_Beauty,71.22,-1.69,-7.37
2024-09-08,AE,United_Arab_Emirates,Fitness_Wearables,84.46,0.52,-2.82
2024-09-08,AE,United_Arab_Emirates,Nutrition_Diets,72.2,-2.85,-4.87
2024-09-08,AU,Australia,Fashion_Beauty,64.27,-0.87,-3.11
2024-09-08,AU,Australia,Fitness_Wearables,77.7,-1.95,-4.62
2024-09-08,AU,Australia,Nutrition_Diets,79.89,-2.45,-8.83
2024-09-08,BR,Brazil,Fashion_Beauty,52.03,-1.61,-4.08
2024-09-08,BR,Brazil,Fitness_Wearables,64.16,1.7,-4.2
2024-09-08,BR,Brazil,Nutrition_Diets,33.4,0.85,-1.49
2024-09-08,CA,Canada,Fashion_Beauty,61.63,-2.1,-4.86
2024-09-08,CA,Canada,Fitness_Wearables,71.73,-3.56,-10.47
2024-09-08,CA,Canada,Nutrition_Diets,65.98,0.9,1.26
2024-09-08,CN,China,Fashion_Beauty,16.02,0.99,1.61
2024-09-08,CN,China,Fitness_Wearables,32.18,0.62,-2.1
2024-09-08,CN,China,Nutrition_Diets,6.02,0.76,1.21
2024-09-08,DE,Germany,Fashion_Beauty,41.79,2.24,1.91
2024-09-08,DE,Germany,Fitness_Wearables,70.6,3.06,3.74
2024-09-08,DE,Germany,Nutrition_Diets,35.46,-0.97,-0.01
2024-09-08,FR,France,Fashion_Beauty,31.17,2.87,3.37
2024-09-08,FR,France,Fitness_Wearables,79.41,-1.48,-6.66
2024-09-08,FR,France,Nutrition_Diets,31.44,-1.32,0.73
2024-09-08,GB,United_Kingdom,Fashion_Beauty,53.38,2.91,0.23
2024-09-08,GB,United_Kingdom,Fitness_Wearables,73.29,0.83,-4.34
2024-09-08,GB,United_Kingdom,Nutrition_Diets,67.03,-1.9,-4.1
2024-09-08,IN,India,Fashion_Beauty,56.9,-0.98,-2.33
2024-09-08,IN,India,Fitness_Wearables,77.55,2.04,1.7
2024-09-08,IN,India,Nutrition_Diets,82.01,0.26,-1.7
2024-09-08,JP,Japan,Fashion_Beauty,24.29,0.24,-3.1
2024-09-08,JP,Japan,Fitness_Wearables,39.27,7.96,8.07
2024-09-08,JP,Japan,Nutrition_Diets,12.67,0.49,-0.68
2024-09-08,KE,Kenya,Fashion_Beauty,77.91,2.46,-7.69
2024-09-08,KE,Kenya,Fitness_Wearables,78.67,6.52,3.39
2024-09-08,KE,Kenya,Nutrition_Diets,75.96,7.16,1.76
2024-09-08,MX,Mexico,Fashion_Beauty,54.35,0.68,0.13
2024-09-08,MX,Mexico,Fitness_Wearables,66.05,-2.72,-4.57
2024-09-08,MX,Mexico,Nutrition_Diets,29.49,0.55,0.65
2024-09-08,NG,Nigeria,Fashion_Beauty,75.43,1.44,-2.46
2024-09-08,NG,Nigeria,Fitness_Wearables,71.26,5.04,4.37
2024-09-08,NG,Nigeria,Nutrition_Diets,69.53,3.51,2.06
2024-09-08,SG,Singapore,Fashion_Beauty,49.84,0.94,0.21
2024-09-08,SG,Singapore,Fitness_Wearables,70.25,5.27,7.45
2024-09-08,SG,Singapore,Nutrition_Diets,54.08,1.69,0.31
2024-09-08,US,United_States,Fashion_Beauty,42.96,-0.77,-3.62
2024-09-08,US,United_States,Fitness_Wearables,50.9,-5.19,-9.58
2024-09-08,US,United_States,Nutrition_Diets,50.97,0.56,2.32
2024-09-08,ZA,South_Africa,Fashion_Beauty,75.77,-2.5,-2.08
2024-09-08,ZA,South_Africa,Fitness_Wearables,70.28,-1.65,-4.24
2024-09-08,ZA,South_Africa,Nutrition_Diets,71.3,-0.1,-2.84
2024-09-15,AE,United_Arab_Emirates,Fashion_Beauty,67.35,-3.87,-2.18
2024-09-15,AE,United_Arab_Emirates,Fitness_Wearables,78.73,-5.73,-6.25
2024-09-15,AE,United_Arab_Emirates,Nutrition_Diets,71.19,-1.01,1.84
2024-09-15,AU,Australia,Fashion_Beauty,65.88,1.61,2.48
2024-09-15,AU,Australia,Fitness_Wearables,76.98,-0.72,1.23
2024-09-15,AU,Australia,Nutrition_Diets,78.62,-1.27,1.18
2024-09-15,BR,Brazil,Fashion_Beauty,51.05,-0.98,0.63
2024-09-15,BR,Brazil,Fitness_Wearables,60.86,-3.3,-5
2024-09-15,BR,Brazil,Nutrition_Diets,31.49,-1.91,-2.76
2024-09-15,CA,Canada,Fashion_Beauty,64.06,2.43,4.53
2024-09-15,CA,Canada,Fitness_Wearables,69.01,-2.72,0.84
2024-09-15,CA,Canada,Nutrition_Diets,67.87,1.89,0.99
2024-09-15,CN,China,Fashion_Beauty,16.77,0.75,-0.24
2024-09-15,CN,China,Fitness_Wearables,34.03,1.85,1.23
2024-09-15,CN,China,Nutrition_Diets,6.02,0,-0.76
2024-09-15,DE,Germany,Fashion_Beauty,43.91,2.12,-0.12
2024-09-15,DE,Germany,Fitness_Wearables,68.67,-1.93,-4.99
2024-09-15,DE,Germany,Nutrition_Diets,36.23,0.77,1.74
2024-09-15,FR,France,Fashion_Beauty,31.67,0.5,-2.37
2024-09-15,FR,France,Fitness_Wearables,72.86,-6.55,-5.07
2024-09-15,FR,France,Nutrition_Diets,30.79,-0.65,0.67
2024-09-15,GB,United_Kingdom,Fashion_Beauty,52.21,-1.17,-4.08
2024-09-15,GB,United_Kingdom,Fitness_Wearables,69.88,-3.41,-4.24
2024-09-15,GB,United_Kingdom,Nutrition_Diets,66.73,-0.3,1.6
2024-09-15,IN,India,Fashion_Beauty,55.67,-1.23,-0.25
2024-09-15,IN,India,Fitness_Wearables,75.51,-2.04,-4.08
2024-09-15,IN,India,Nutrition_Diets,79.66,-2.35,-2.61
2024-09-15,JP,Japan,Fashion_Beauty,23.81,-0.48,-0.72
2024-09-15,JP,Japan,Fitness_Wearables,36.84,-2.43,-10.39
2024-09-15,JP,Japan,Nutrition_Diets,12.77,0.1,-0.39
2024-09-15,KE,Kenya,Fashion_Beauty,72.5,-5.41,-7.87
2024-09-15,KE,Kenya,Fitness_Wearables,71.88,-6.79,-13.31
2024-09-15,KE,Kenya,Nutrition_Diets,73.87,-2.09,-9.25
2024-09-15,MX,Mexico,Fashion_Beauty,53.4,-0.95,-1.63
2024-09-15,MX,Mexico,Fitness_Wearables,66.16,0.11,2.83
2024-09-15,MX,Mexico,Nutrition_Diets,28.67,-0.82,-1.37
2024-09-15,NG,Nigeria,Fashion_Beauty,70.95,-4.48,-5.92
2024-09-15,NG,Nigeria,Fitness_Wearables,72.27,1.01,-4.03
2024-09-15,NG,Nigeria,Nutrition_Diets,76.3,6.77,3.26
2024-09-15,SG,Singapore,Fashion_Beauty,49.63,-0.21,-1.15
2024-09-15,SG,Singapore,Fitness_Wearables,68.56,-1.69,-6.96
2024-09-15,SG,Singapore,Nutrition_Diets,53.45,-0.63,-2.32
2024-09-15,US,United_States,Fashion_Beauty,44.08,1.12,1.89
2024-09-15,US,United_States,Fitness_Wearables,49.5,-1.4,3.79
2024-09-15,US,United_States,Nutrition_Diets,52.35,1.38,0.82
2024-09-15,ZA,South_Africa,Fashion_Beauty,73.4,-2.37,0.13
2024-09-15,ZA,South_Africa,Fitness_Wearables,65.68,-4.6,-2.95
2024-09-15,ZA,South_Africa,Nutrition_Diets,61.46,-9.84,-9.74
2024-09-22,AE,United_Arab_Emirates,Fashion_Beauty,66.99,-0.36,3.51
2024-09-22,AE,United_Arab_Emirates,Fitness_Wearables,76.43,-2.3,3.43
2024-09-22,AE,United_Arab_Emirates,Nutrition_Diets,69.17,-2.02,-1.01
2024-09-22,AU,Australia,Fashion_Beauty,66.75,0.87,-0.74
2024-09-22,AU,Australia,Fitness_Wearables,75.75,-1.23,-0.51
2024-09-22,AU,Australia,Nutrition_Diets,72.98,-5.64,-4.37
2024-09-22,BR,Brazil,Fashion_Beauty,50.18,-0.87,0.11
2024-09-22,BR,Brazil,Fitness_Wearables,60.26,-0.6,2.7
2024-09-22,BR,Brazil,Nutrition_Diets,33.51,2.02,3.93
2024-09-22,CA,Canada,Fashion_Beauty,63.73,-0.33,-2.76
2024-09-22,CA,Canada,Fitness_Wearables,67.96,-1.05,1.67
2024-09-22,CA,Canada,Nutrition_Diets,69.85,1.98,0.09
2024-09-22,CN,China,Fashion_Beauty,14.91,-1.86,-2.61
2024-09-22,CN,China,Fitness_Wearables,33.04,-0.99,-2.84
2024-09-22,CN,China,Nutrition_Diets,7.67,1.65,1.65
2024-09-22,DE,Germany,Fashion_Beauty,44.36,0.45,-1.67
2024-09-22,DE,Germany,Fitness_Wearables,67.99,-0.68,1.25
2024-09-22,DE,Germany,Nutrition_Diets,35.75,-0.48,-1.25
2024-09-22,FR,France,Fashion_Beauty,43.52,11.85,11.35
2024-09-22,FR,France,Fitness_Wearables,70.96,-1.9,4.65
2024-09-22,FR,France,Nutrition_Diets,32.1,1.31,1.96
2024-09-22,GB,United_Kingdom,Fashion_Beauty,52.68,0.47,1.64
2024-09-22,GB,United_Kingdom,Fitness_Wearables,69.77,-0.11,3.3
2024-09-22,GB,United_Kingdom,Nutrition_Diets,65.93,-0.8,-0.5
2024-09-22,IN,India,Fashion_Beauty,53.57,-2.1,-0.87
2024-09-22,IN,India,Fitness_Wearables,73.3,-2.21,-0.17
2024-09-22,IN,India,Nutrition_Diets,79.4,-0.26,2.09
2024-09-22,JP,Japan,Fashion_Beauty,25.48,1.67,2.15
2024-09-22,JP,Japan,Fitness_Wearables,37.94,1.1,3.53
2024-09-22,JP,Japan,Nutrition_Diets,13.35,0.58,0.48
2024-09-22,KE,Kenya,Fashion_Beauty,69.07,-3.43,1.98
2024-09-22,KE,Kenya,Fitness_Wearables,72.96,1.08,7.87
2024-09-22,KE,Kenya,Nutrition_Diets,69.79,-4.08,-1.99
2024-09-22,MX,Mexico,Fashion_Beauty,60.05,6.65,7.6
2024-09-22,MX,Mexico,Fitness_Wearables,63.87,-2.29,-2.4
2024-09-22,MX,Mexico,Nutrition_Diets,28.76,0.09,0.91
2024-09-22,NG,Nigeria,Fashion_Beauty,70.66,-0.29,4.19
2024-09-22,NG,Nigeria,Fitness_Wearables,80.84,8.57,7.56
2024-09-22,NG,Nigeria,Nutrition_Diets,74.12,-2.18,-8.95
2024-09-22,SG,Singapore,Fashion_Beauty,47.33,-2.3,-2.09
2024-09-22,SG,Singapore,Fitness_Wearables,68.06,-0.5,1.19
2024-09-22,SG,Singapore,Nutrition_Diets,50.37,-3.08,-2.45
2024-09-22,US,United_States,Fashion_Beauty,43.04,-1.04,-2.16
2024-09-22,US,United_States,Fitness_Wearables,49.3,-0.2,1.2
2024-09-22,US,United_States,Nutrition_Diets,51.89,-0.46,-1.84
2024-09-22,ZA,South_Africa,Fashion_Beauty,78.13,4.73,7.1
2024-09-22,ZA,South_Africa,Fitness_Wearables,66.86,1.18,5.78
2024-09-22,ZA,South_Africa,Nutrition_Diets,58.11,-3.35,6.49
2024-09-29,AE,United_Arab_Emirates,Fashion_Beauty,68.68,1.69,2.05
2024-09-29,AE,United_Arab_Emirates,Fitness_Wearables,81.13,4.7,7
2024-09-29,AE,United_Arab_Emirates,Nutrition_Diets,70.73,1.56,3.58
2024-09-29,AU,Australia,Fashion_Beauty,66.75,0,-0.87
2024-09-29,AU,Australia,Fitness_Wearables,77.39,1.64,2.87
2024-09-29,AU,Australia,Nutrition_Diets,80.43,7.45,13.09
2024-09-29,BR,Brazil,Fashion_Beauty,50.8,0.62,1.49
2024-09-29,BR,Brazil,Fitness_Wearables,60.26,0,0.6
2024-09-29,BR,Brazil,Nutrition_Diets,32.45,-1.06,-3.08
2024-09-29,CA,Canada,Fashion_Beauty,67.36,3.63,3.96
2024-09-29,CA,Canada,Fitness_Wearables,69.01,1.05,2.1
2024-09-29,CA,Canada,Nutrition_Diets,68.59,-1.26,-3.24
2024-09-29,CN,China,Fashion_Beauty,16.15,1.24,3.1
2024-09-29,CN,China,Fitness_Wearables,29.46,-3.58,-2.59
2024-09-29,CN,China,Nutrition_Diets,6.77,-0.9,-2.55
2024-09-29,DE,Germany,Fashion_Beauty,43.8,-0.56,-1.01
2024-09-29,DE,Germany,Fitness_Wearables,68.22,0.23,0.91
2024-09-29,DE,Germany,Nutrition_Diets,37.1,1.35,1.83
2024-09-29,FR,France,Fashion_Beauty,37.16,-6.36,-18.21
2024-09-29,FR,France,Fitness_Wearables,66.31,-4.65,-2.75
2024-09-29,FR,France,Nutrition_Diets,33.09,0.99,-0.32
2024-09-29,GB,United_Kingdom,Fashion_Beauty,54.2,1.52,1.05
2024-09-29,GB,United_Kingdom,Fitness_Wearables,69.36,-0.41,-0.3
2024-09-29,GB,United_Kingdom,Nutrition_Diets,67.93,2,2.8
2024-09-29,IN,India,Fashion_Beauty,55.42,1.85,3.95
2024-09-29,IN,India,Fitness_Wearables,75,1.7,3.91
2024-09-29,IN,India,Nutrition_Diets,78.23,-1.17,-0.91
2024-09-29,JP,Japan,Fashion_Beauty,25.48,0,-1.67
2024-09-29,JP,Japan,Fitness_Wearables,35.51,-2.43,-3.53
2024-09-29,JP,Japan,Nutrition_Diets,13.45,0.1,-0.48
2024-09-29,KE,Kenya,Fashion_Beauty,72.01,2.94,6.37
2024-09-29,KE,Kenya,Fitness_Wearables,69.43,-3.53,-4.61
2024-09-29,KE,Kenya,Nutrition_Diets,65.27,-4.52,-0.44
2024-09-29,MX,Mexico,Fashion_Beauty,60.05,0,-6.65
2024-09-29,MX,Mexico,Fitness_Wearables,65.4,1.53,3.82
2024-09-29,MX,Mexico,Nutrition_Diets,28.67,-0.09,-0.18
2024-09-29,NG,Nigeria,Fashion_Beauty,70.38,-0.28,0.01
2024-09-29,NG,Nigeria,Fitness_Wearables,78.99,-1.85,-10.42
2024-09-29,NG,Nigeria,Nutrition_Diets,74.61,0.49,2.67
2024-09-29,SG,Singapore,Fashion_Beauty,48.59,1.26,3.56
2024-09-29,SG,Singapore,Fitness_Wearables,67.96,-0.1,0.4
2024-09-29,SG,Singapore,Nutrition_Diets,54.29,3.92,7
2024-09-29,US,United_States,Fashion_Beauty,42.96,-0.08,0.96
2024-09-29,US,United_States,Fitness_Wearables,50.1,0.8,1
2024-09-29,US,United_States,Nutrition_Diets,52.17,0.28,0.74
2024-09-29,ZA,South_Africa,Fashion_Beauty,72.84,-5.29,-10.02
2024-09-29,ZA,South_Africa,Fitness_Wearables,66.86,0,-1.18
2024-09-29,ZA,South_Africa,Nutrition_Diets,66.23,8.12,11.47
2024-10-06,AE,United_Arab_Emirates,Fashion_Beauty,67.35,-1.33,-3.02
2024-10-06,AE,United_Arab_Emirates,Fitness_Wearables,78.62,-2.51,-7.21
2024-10-06,AE,United_Arab_Emirates,Nutrition_Diets,66.97,-3.76,-5.32
2024-10-06,AU,Australia,Fashion_Beauty,67.37,0.62,0.62
2024-10-06,AU,Australia,Fitness_Wearables,75.44,-1.95,-3.59
2024-10-06,AU,Australia,Nutrition_Diets,76.17,-4.26,-11.71
2024-10-06,BR,Brazil,Fashion_Beauty,48.21,-2.59,-3.21
2024-10-06,BR,Brazil,Fitness_Wearables,55.56,-4.7,-4.7
2024-10-06,BR,Brazil,Nutrition_Diets,30,-2.45,-1.39
2024-10-06,CA,Canada,Fashion_Beauty,62.51,-4.85,-8.48
2024-10-06,CA,Canada,Fitness_Wearables,64.08,-4.93,-5.98
2024-10-06,CA,Canada,Nutrition_Diets,64.36,-4.23,-2.97
2024-10-06,CN,China,Fashion_Beauty,16.89,0.74,-0.5
2024-10-06,CN,China,Fitness_Wearables,31.56,2.1,5.68
2024-10-06,CN,China,Nutrition_Diets,7.07,0.3,1.2
2024-10-06,DE,Germany,Fashion_Beauty,43.91,0.11,0.67
2024-10-06,DE,Germany,Fitness_Wearables,65.95,-2.27,-2.5
2024-10-06,DE,Germany,Nutrition_Diets,35.46,-1.64,-2.99
2024-10-06,FR,France,Fashion_Beauty,31.8,-5.36,1
2024-10-06,FR,France,Fitness_Wearables,62.3,-4.01,0.64
2024-10-06,FR,France,Nutrition_Diets,31.61,-1.48,-2.47
2024-10-06,GB,United_Kingdom,Fashion_Beauty,53.15,-1.05,-2.57
2024-10-06,GB,United_Kingdom,Fitness_Wearables,70.5,1.14,1.55
2024-10-06,GB,United_Kingdom,Nutrition_Diets,68.63,0.7,-1.3
2024-10-06,IN,India,Fashion_Beauty,55.3,-0.12,-1.97
2024-10-06,IN,India,Fitness_Wearables,69.05,-5.95,-7.65
2024-10-06,IN,India,Nutrition_Diets,70.93,-7.3,-6.13
2024-10-06,JP,Japan,Fashion_Beauty,24.64,-0.84,-0.84
2024-10-06,JP,Japan,Fitness_Wearables,36.62,1.11,3.54
2024-10-06,JP,Japan,Nutrition_Diets,13.74,0.29,0.19
2024-10-06,KE,Kenya,Fashion_Beauty,75.29,3.28,0.34
2024-10-06,KE,Kenya,Fitness_Wearables,68.34,-1.09,2.44
2024-10-06,KE,Kenya,Nutrition_Diets,68.03,2.76,7.28
2024-10-06,MX,Mexico,Fashion_Beauty,58.97,-1.08,-1.08
2024-10-06,MX,Mexico,Fitness_Wearables,63.33,-2.07,-3.6
2024-10-06,MX,Mexico,Nutrition_Diets,29.58,0.91,1
2024-10-06,NG,Nigeria,Fashion_Beauty,74.57,4.19,4.47
2024-10-06,NG,Nigeria,Fitness_Wearables,88.07,9.08,10.93
2024-10-06,NG,Nigeria,Nutrition_Diets,79.44,4.83,4.34
2024-10-06,SG,Singapore,Fashion_Beauty,48.59,0,-1.26
2024-10-06,SG,Singapore,Fitness_Wearables,65.87,-2.09,-1.99
2024-10-06,SG,Singapore,Nutrition_Diets,52.6,-1.69,-5.61
2024-10-06,US,United_States,Fashion_Beauty,42.87,-0.09,-0.01
2024-10-06,US,United_States,Fitness_Wearables,47.8,-2.3,-3.1
2024-10-06,US,United_States,Nutrition_Diets,49.86,-2.31,-2.59
2024-10-06,ZA,South_Africa,Fashion_Beauty,72.14,-0.7,4.59
2024-10-06,ZA,South_Africa,Fitness_Wearables,73.23,6.37,6.37
2024-10-06,ZA,South_Africa,Nutrition_Diets,72.72,6.49,-1.63
2024-10-13,AE,United_Arab_Emirates,Fashion_Beauty,70.37,3.02,4.35
2024-10-13,AE,United_Arab_Emirates,Fitness_Wearables,76.43,-2.19,0.32
2024-10-13,AE,United_Arab_Emirates,Nutrition_Diets,69.63,2.66,6.42
2024-10-13,AU,Australia,Fashion_Beauty,76.92,9.55,8.93
2024-10-13,AU,Australia,Fitness_Wearables,76.16,0.72,2.67
2024-10-13,AU,Australia,Nutrition_Diets,79.47,3.3,7.56
2024-10-13,BR,Brazil,Fashion_Beauty,69.3,21.09,23.68
2024-10-13,BR,Brazil,Fitness_Wearables,62.56,7,11.7
2024-10-13,BR,Brazil,Nutrition_Diets,34.68,4.68,7.13
2024-10-13,CA,Canada,Fashion_Beauty,80.93,18.42,23.27
2024-10-13,CA,Canada,Fitness_Wearables,67.23,3.15,8.08
2024-10-13,CA,Canada,Nutrition_Diets,64.27,-0.09,4.14
2024-10-13,CN,China,Fashion_Beauty,19.25,2.36,1.62
2024-10-13,CN,China,Fitness_Wearables,28.59,-2.97,-5.07
2024-10-13,CN,China,Nutrition_Diets,6.62,-0.45,-0.75
2024-10-13,DE,Germany,Fashion_Beauty,47.82,3.91,3.8
2024-10-13,DE,Germany,Fitness_Wearables,66.97,1.02,3.29
2024-10-13,DE,Germany,Nutrition_Diets,36.23,0.77,2.41
2024-10-13,FR,France,Fashion_Beauty,33.54,1.74,7.1
2024-10-13,FR,France,Fitness_Wearables,59.56,-2.74,1.27
2024-10-13,FR,France,Nutrition_Diets,31.53,-0.08,1.4
2024-10-13,GB,United_Kingdom,Fashion_Beauty,56.76,3.61,4.66
2024-10-13,GB,United_Kingdom,Fitness_Wearables,66.46,-4.04,-5.18
2024-10-13,GB,United_Kingdom,Nutrition_Diets,68.43,-0.2,-0.9
2024-10-13,IN,India,Fashion_Beauty,54.19,-1.11,-0.99
2024-10-13,IN,India,Fitness_Wearables,67.86,-1.19,4.76
2024-10-13,IN,India,Nutrition_Diets,72.49,1.56,8.86
2024-10-13,JP,Japan,Fashion_Beauty,27.62,2.98,3.82
2024-10-13,JP,Japan,Fitness_Wearables,35.62,-1,-2.11
2024-10-13,JP,Japan,Nutrition_Diets,14.13,0.39,0.1
2024-10-13,KE,Kenya,Fashion_Beauty,74.96,-0.33,-3.61
2024-10-13,KE,Kenya,Fitness_Wearables,69.02,0.68,1.77
2024-10-13,KE,Kenya,Nutrition_Diets,67.03,-1,-3.76
2024-10-13,MX,Mexico,Fashion_Beauty,77.99,19.02,20.1
2024-10-13,MX,Mexico,Fitness_Wearables,65.4,2.07,4.14
2024-10-13,MX,Mexico,Nutrition_Diets,30.48,0.9,-0.01
2024-10-13,NG,Nigeria,Fashion_Beauty,74.71,0.14,-4.05
2024-10-13,NG,Nigeria,Fitness_Wearables,78.49,-9.58,-18.66
2024-10-13,NG,Nigeria,Nutrition_Diets,77.75,-1.69,-6.52
2024-10-13,SG,Singapore,Fashion_Beauty,54.35,5.76,5.76
2024-10-13,SG,Singapore,Fitness_Wearables,64.58,-1.29,0.8
2024-10-13,SG,Singapore,Nutrition_Diets,50.58,-2.02,-0.33
2024-10-13,US,United_States,Fashion_Beauty,51.77,8.9,8.99
2024-10-13,US,United_States,Fitness_Wearables,47.6,-0.2,2.1
2024-10-13,US,United_States,Nutrition_Diets,49.49,-0.37,1.94
2024-10-13,ZA,South_Africa,Fashion_Beauty,79.39,7.25,7.95
2024-10-13,ZA,South_Africa,Fitness_Wearables,70.52,-2.71,-9.08
2024-10-13,ZA,South_Africa,Nutrition_Diets,71.81,-0.91,-7.4
2024-10-20,AE,United_Arab_Emirates,Fashion_Beauty,70.74,0.37,-2.65
2024-10-20,AE,United_Arab_Emirates,Fitness_Wearables,82.06,5.63,7.82
2024-10-20,AE,United_Arab_Emirates,Nutrition_Diets,64.13,-5.5,-8.16
2024-10-20,AU,Australia,Fashion_Beauty,69.6,-7.32,-16.87
2024-10-20,AU,Australia,Fitness_Wearables,76.26,0.1,-0.62
2024-10-20,AU,Australia,Nutrition_Diets,79.36,-0.11,-3.41
2024-10-20,BR,Brazil,Fashion_Beauty,53.88,-15.42,-36.51
2024-10-20,BR,Brazil,Fitness_Wearables,60.66,-1.9,-8.9
2024-10-20,BR,Brazil,Nutrition_Diets,34.68,0,-4.68
2024-10-20,CA,Canada,Fashion_Beauty,68.58,-12.35,-30.77
2024-10-20,CA,Canada,Fitness_Wearables,63.04,-4.19,-7.34
2024-10-20,CA,Canada,Nutrition_Diets,68.23,3.96,4.05
2024-10-20,CN,China,Fashion_Beauty,20.25,1,-1.36
2024-10-20,CN,China,Fitness_Wearables,26.49,-2.1,0.87
2024-10-20,CN,China,Nutrition_Diets,6.32,-0.3,0.15
2024-10-20,DE,Germany,Fashion_Beauty,42.79,-5.03,-8.94
2024-10-20,DE,Germany,Fitness_Wearables,66.06,-0.91,-1.93
2024-10-20,DE,Germany,Nutrition_Diets,37.39,1.16,0.39
2024-10-20,FR,France,Fashion_Beauty,31.17,-2.37,-4.11
2024-10-20,FR,France,Fitness_Wearables,57.66,-1.9,0.84
2024-10-20,FR,France,Nutrition_Diets,32.1,0.57,0.65
2024-10-20,GB,United_Kingdom,Fashion_Beauty,55.48,-1.28,-4.89
2024-10-20,GB,United_Kingdom,Fitness_Wearables,65.94,-0.52,3.52
2024-10-20,GB,United_Kingdom,Nutrition_Diets,69.33,0.9,1.1
2024-10-20,IN,India,Fashion_Beauty,55.42,1.23,2.34
2024-10-20,IN,India,Fitness_Wearables,71.26,3.4,4.59
2024-10-20,IN,India,Nutrition_Diets,72.88,0.39,-1.17
2024-10-20,JP,Japan,Fashion_Beauty,26.9,-0.72,-3.7
2024-10-20,JP,Japan,Fitness_Wearables,34.73,-0.89,0.11
2024-10-20,JP,Japan,Nutrition_Diets,14.33,0.2,-0.19
2024-10-20,KE,Kenya,Fashion_Beauty,75.61,0.65,0.98
2024-10-20,KE,Kenya,Fitness_Wearables,59.65,-9.37,-10.05
2024-10-20,KE,Kenya,Nutrition_Diets,62.07,-4.96,-3.96
2024-10-20,MX,Mexico,Fashion_Beauty,59.24,-18.75,-37.77
2024-10-20,MX,Mexico,Fitness_Wearables,58.22,-7.18,-9.25
2024-10-20,MX,Mexico,Nutrition_Diets,27.32,-3.16,-4.06
2024-10-20,NG,Nigeria,Fashion_Beauty,71.97,-2.74,-2.88
2024-10-20,NG,Nigeria,Fitness_Wearables,75.8,-2.69,6.89
2024-10-20,NG,Nigeria,Nutrition_Diets,69.65,-8.1,-6.41
2024-10-20,SG,Singapore,Fashion_Beauty,50.37,-3.98,-9.74
2024-10-20,SG,Singapore,Fitness_Wearables,62.09,-2.49,-1.2
2024-10-20,SG,Singapore,Nutrition_Diets,49.1,-1.48,0.54
2024-10-20,US,United_States,Fashion_Beauty,45.89,-5.88,-14.78
2024-10-20,US,United_States,Fitness_Wearables,48.6,1,1.2
2024-10-20,US,United_States,Nutrition_Diets,52.9,3.41,3.78
2024-10-20,ZA,South_Africa,Fashion_Beauty,75.35,-4.04,-11.29
2024-10-20,ZA,South_Africa,Fitness_Wearables,67.92,-2.6,0.11
2024-10-20,ZA,South_Africa,Nutrition_Diets,65.52,-6.29,-5.38
2024-10-27,AE,United_Arab_Emirates,Fashion_Beauty,70.62,-0.12,-0.49
2024-10-27,AE,United_Arab_Emirates,Fitness_Wearables,78.21,-3.85,-9.48
2024-10-27,AE,United_Arab_Emirates,Nutrition_Diets,64.68,0.55,6.05
2024-10-27,AU,Australia,Fashion_Beauty,65.88,-3.72,3.6
2024-10-27,AU,Australia,Fitness_Wearables,73.79,-2.47,-2.57
2024-10-27,AU,Australia,Nutrition_Diets,77.45,-1.91,-1.8
2024-10-27,BR,Brazil,Fashion_Beauty,51.29,-2.59,12.83
2024-10-27,BR,Brazil,Fitness_Wearables,60.46,-0.2,1.7
2024-10-27,BR,Brazil,Nutrition_Diets,33.62,-1.06,-1.06
2024-10-27,CA,Canada,Fashion_Beauty,69.13,0.55,12.9
2024-10-27,CA,Canada,Fitness_Wearables,62.2,-0.84,3.35
2024-10-27,CA,Canada,Nutrition_Diets,66.43,-1.8,-5.76
2024-10-27,CN,China,Fashion_Beauty,17.39,-2.86,-3.86
2024-10-27,CN,China,Fitness_Wearables,30.57,4.08,6.18
2024-10-27,CN,China,Nutrition_Diets,6.92,0.6,0.9
2024-10-27,DE,Germany,Fashion_Beauty,45.92,3.13,8.16
2024-10-27,DE,Germany,Fitness_Wearables,69.47,3.41,4.32
2024-10-27,DE,Germany,Nutrition_Diets,37.87,0.48,-0.68
2024-10-27,FR,France,Fashion_Beauty,33.17,2,4.37
2024-10-27,FR,France,Fitness_Wearables,60.51,2.85,4.75
2024-10-27,FR,France,Nutrition_Diets,32.51,0.41,-0.16
2024-10-27,GB,United_Kingdom,Fashion_Beauty,56.88,1.4,2.68
2024-10-27,GB,United_Kingdom,Fitness_Wearables,63.25,-2.69,-2.17
2024-10-27,GB,United_Kingdom,Nutrition_Diets,66.23,-3.1,-4
2024-10-27,IN,India,Fashion_Beauty,55.67,0.25,-0.98
2024-10-27,IN,India,Fitness_Wearables,63.1,-8.16,-11.56
2024-10-27,IN,India,Nutrition_Diets,65.84,-7.04,-7.43
2024-10-27,JP,Japan,Fashion_Beauty,25.48,-1.42,-0.7
2024-10-27,JP,Japan,Fitness_Wearables,31.53,-3.2,-2.31
2024-10-27,JP,Japan,Nutrition_Diets,12.09,-2.24,-2.44
2024-10-27,KE,Kenya,Fashion_Beauty,83.8,8.19,7.54
2024-10-27,KE,Kenya,Fitness_Wearables,64.4,4.75,14.12
2024-10-27,KE,Kenya,Nutrition_Diets,62.51,0.44,5.4
2024-10-27,MX,Mexico,Fashion_Beauty,57.61,-1.63,17.12
2024-10-27,MX,Mexico,Fitness_Wearables,62.79,4.57,11.75
2024-10-27,MX,Mexico,Nutrition_Diets,26.87,-0.45,2.71
2024-10-27,NG,Nigeria,Fashion_Beauty,74.86,2.89,5.63
2024-10-27,NG,Nigeria,Fitness_Wearables,69.75,-6.05,-3.36
2024-10-27,NG,Nigeria,Nutrition_Diets,74.85,5.2,13.3
2024-10-27,SG,Singapore,Fashion_Beauty,52.67,2.3,6.28
2024-10-27,SG,Singapore,Fitness_Wearables,62.39,0.3,2.79
2024-10-27,SG,Singapore,Nutrition_Diets,50.16,1.06,2.54
2024-10-27,US,United_States,Fashion_Beauty,45.2,-0.69,5.19
2024-10-27,US,United_States,Fitness_Wearables,47.01,-1.59,-2.59
2024-10-27,US,United_States,Nutrition_Diets,50.6,-2.3,-5.71
2024-10-27,ZA,South_Africa,Fashion_Beauty,74.51,-0.84,3.2
2024-10-27,ZA,South_Africa,Fitness_Wearables,67.57,-0.35,2.25
2024-10-27,ZA,South_Africa,Nutrition_Diets,66.84,1.32,7.61
2024-11-03,AE,United_Arab_Emirates,Fashion_Beauty,67.84,-2.78,-2.66
2024-11-03,AE,United_Arab_Emirates,Fitness_Wearables,82.06,3.85,7.7
2024-11-03,AE,United_Arab_Emirates,Nutrition_Diets,67.89,3.21,2.66
2024-11-03,AU,Australia,Fashion_Beauty,65.51,-0.37,3.35
2024-11-03,AU,Australia,Fitness_Wearables,74.61,0.82,3.29
2024-11-03,AU,Australia,Nutrition_Diets,72.87,-4.58,-2.67
2024-11-03,BR,Brazil,Fashion_Beauty,51.91,0.62,3.21
2024-11-03,BR,Brazil,Fitness_Wearables,60.06,-0.4,-0.2
2024-11-03,BR,Brazil,Nutrition_Diets,32.23,-1.39,-0.33
2024-11-03,CA,Canada,Fashion_Beauty,61.19,-7.94,-8.49
2024-11-03,CA,Canada,Fitness_Wearables,63.56,1.36,2.2
2024-11-03,CA,Canada,Nutrition_Diets,64.45,-1.98,-0.18
2024-11-03,CN,China,Fashion_Beauty,15.16,-2.23,0.63
2024-11-03,CN,China,Fitness_Wearables,25.37,-5.2,-9.28
2024-11-03,CN,China,Nutrition_Diets,5.86,-1.06,-1.66
2024-11-03,DE,Germany,Fashion_Beauty,41.9,-4.02,-7.15
2024-11-03,DE,Germany,Fitness_Wearables,64.47,-5,-8.41
2024-11-03,DE,Germany,Nutrition_Diets,35.94,-1.93,-2.41
2024-11-03,FR,France,Fashion_Beauty,33.04,-0.13,-2.13
2024-11-03,FR,France,Fitness_Wearables,56.81,-3.7,-6.55
2024-11-03,FR,France,Nutrition_Diets,32.02,-0.49,-0.9
2024-11-03,GB,United_Kingdom,Fashion_Beauty,53.15,-3.73,-5.13
2024-11-03,GB,United_Kingdom,Fitness_Wearables,66.46,3.21,5.9
2024-11-03,GB,United_Kingdom,Nutrition_Diets,67.03,0.8,3.9
2024-11-03,IN,India,Fashion_Beauty,54.43,-1.24,-1.49
2024-11-03,IN,India,Fitness_Wearables,71.26,8.16,16.32
2024-11-03,IN,India,Nutrition_Diets,74.84,9,16.04
2024-11-03,JP,Japan,Fashion_Beauty,25.12,-0.36,1.06
2024-11-03,JP,Japan,Fitness_Wearables,31.86,0.33,3.53
2024-11-03,JP,Japan,Nutrition_Diets,13.26,1.17,3.41
2024-11-03,KE,Kenya,Fashion_Beauty,73.32,-10.48,-18.67
2024-11-03,KE,Kenya,Fitness_Wearables,61.14,-3.26,-8.01
2024-11-03,KE,Kenya,Nutrition_Diets,65.27,2.76,2.32
2024-11-03,MX,Mexico,Fashion_Beauty,56.66,-0.95,0.68
2024-11-03,MX,Mexico,Fitness_Wearables,61.92,-0.87,-5.44
2024-11-03,MX,Mexico,Nutrition_Diets,28.22,1.35,1.8
2024-11-03,NG,Nigeria,Fashion_Beauty,72.25,-2.61,-5.5
2024-11-03,NG,Nigeria,Fitness_Wearables,69.08,-0.67,5.38
2024-11-03,NG,Nigeria,Nutrition_Diets,72.43,-2.42,-7.62
2024-11-03,SG,Singapore,Fashion_Beauty,50.79,-1.88,-4.18
2024-11-03,SG,Singapore,Fitness_Wearables,57.51,-4.88,-5.18
2024-11-03,SG,Singapore,Nutrition_Diets,47.4,-2.76,-3.82
2024-11-03,US,United_States,Fashion_Beauty,38.81,-6.39,-5.7
2024-11-03,US,United_States,Fitness_Wearables,45.41,-1.6,-0.01
2024-11-03,US,United_States,Nutrition_Diets,45.99,-4.61,-2.31
2024-11-03,ZA,South_Africa,Fashion_Beauty,74.09,-0.42,0.42
2024-11-03,ZA,South_Africa,Fitness_Wearables,68.75,1.18,1.53
2024-11-03,ZA,South_Africa,Nutrition_Diets,66.13,-0.71,-2.03
2024-11-10,AE,United_Arab_Emirates,Fashion_Beauty,68.32,0.48,3.26
2024-11-10,AE,United_Arab_Emirates,Fitness_Wearables,79.56,-2.5,-6.35
2024-11-10,AE,United_Arab_Emirates,Nutrition_Diets,64.95,-2.94,-6.15
2024-11-10,AU,Australia,Fashion_Beauty,66.87,1.36,1.73
2024-11-10,AU,Australia,Fitness_Wearables,75.33,0.72,-0.1
2024-11-10,AU,Australia,Nutrition_Diets,77.13,4.26,8.84
2024-11-10,BR,Brazil,Fashion_Beauty,55.24,3.33,2.71
2024-11-10,BR,Brazil,Fitness_Wearables,60.36,0.3,0.7
2024-11-10,BR,Brazil,Nutrition_Diets,31.91,-0.32,1.07
2024-11-10,CA,Canada,Fashion_Beauty,64.83,3.64,11.58
2024-11-10,CA,Canada,Fitness_Wearables,67.54,3.98,2.62
2024-11-10,CA,Canada,Nutrition_Diets,66.07,1.62,3.6
2024-11-10,CN,China,Fashion_Beauty,17.52,2.36,4.59
2024-11-10,CN,China,Fitness_Wearables,30.07,4.7,9.9
2024-11-10,CN,China,Nutrition_Diets,6.77,0.91,1.97
2024-11-10,DE,Germany,Fashion_Beauty,44.02,2.12,6.14
2024-11-10,DE,Germany,Fitness_Wearables,65.38,0.91,5.91
2024-11-10,DE,Germany,Nutrition_Diets,37,1.06,2.99
2024-11-10,FR,France,Fashion_Beauty,32.92,-0.12,0.01
2024-11-10,FR,France,Fitness_Wearables,59.87,3.06,6.76
2024-11-10,FR,France,Nutrition_Diets,32.51,0.49,0.98
2024-11-10,GB,United_Kingdom,Fashion_Beauty,56.06,2.91,6.64
2024-11-10,GB,United_Kingdom,Fitness_Wearables,67.81,1.35,-1.86
2024-11-10,GB,United_Kingdom,Nutrition_Diets,67.13,0.1,-0.7
2024-11-10,IN,India,Fashion_Beauty,56.03,1.6,2.84
2024-11-10,IN,India,Fitness_Wearables,74.32,3.06,-5.1
2024-11-10,IN,India,Nutrition_Diets,74.32,-0.52,-9.52
2024-11-10,JP,Japan,Fashion_Beauty,24.76,-0.36,0
2024-11-10,JP,Japan,Fitness_Wearables,32.19,0.33,0
2024-11-10,JP,Japan,Nutrition_Diets,13.35,0.09,-1.08
2024-11-10,KE,Kenya,Fashion_Beauty,85.92,12.6,23.08
2024-11-10,KE,Kenya,Fitness_Wearables,69.97,8.83,12.09
2024-11-10,KE,Kenya,Nutrition_Diets,71.44,6.17,3.41
2024-11-10,MX,Mexico,Fashion_Beauty,59.65,2.99,3.94
2024-11-10,MX,Mexico,Fitness_Wearables,66.16,4.24,5.11
2024-11-10,MX,Mexico,Nutrition_Diets,28.94,0.72,-0.63
2024-11-10,NG,Nigeria,Fashion_Beauty,79.77,7.52,10.13
2024-11-10,NG,Nigeria,Fitness_Wearables,75.97,6.89,7.56
2024-11-10,NG,Nigeria,Nutrition_Diets,79.93,7.5,9.92
2024-11-10,SG,Singapore,Fashion_Beauty,52.04,1.25,3.13
2024-11-10,SG,Singapore,Fitness_Wearables,59.8,2.29,7.17
2024-11-10,SG,Singapore,Nutrition_Diets,49.95,2.55,5.31
2024-11-10,US,United_States,Fashion_Beauty,43.13,4.32,10.71
2024-11-10,US,United_States,Fitness_Wearables,50.1,4.69,6.29
2024-11-10,US,United_States,Nutrition_Diets,50.14,4.15,8.76
2024-11-10,ZA,South_Africa,Fashion_Beauty,77.99,3.9,4.32
2024-11-10,ZA,South_Africa,Fitness_Wearables,70.05,1.3,0.12
2024-11-10,ZA,South_Africa,Nutrition_Diets,65.21,-0.92,-0.21
2024-11-17,AE,United_Arab_Emirates,Fashion_Beauty,71.58,3.26,2.78
2024-11-17,AE,United_Arab_Emirates,Fitness_Wearables,79.25,-0.31,2.19
2024-11-17,AE,United_Arab_Emirates,Nutrition_Diets,65.41,0.46,3.4
2024-11-17,AU,Australia,Fashion_Beauty,68.73,1.86,0.5
2024-11-17,AU,Australia,Fitness_Wearables,79.45,4.12,3.4
2024-11-17,AU,Australia,Nutrition_Diets,71.81,-5.32,-9.58
2024-11-17,BR,Brazil,Fashion_Beauty,58.08,2.84,-0.49
2024-11-17,BR,Brazil,Fitness_Wearables,61.36,1,0.7
2024-11-17,BR,Brazil,Nutrition_Diets,32.23,0.32,0.64
2024-11-17,CA,Canada,Fashion_Beauty,66.59,1.76,-1.88
2024-11-17,CA,Canada,Fitness_Wearables,67.85,0.31,-3.67
2024-11-17,CA,Canada,Nutrition_Diets,68.23,2.16,0.54
2024-11-17,CN,China,Fashion_Beauty,14.78,-2.74,-5.1
2024-11-17,CN,China,Fitness_Wearables,27.1,-2.97,-7.67
2024-11-17,CN,China,Nutrition_Diets,6.17,-0.6,-1.51
2024-11-17,DE,Germany,Fashion_Beauty,43.24,-0.78,-2.9
2024-11-17,DE,Germany,Fitness_Wearables,68.22,2.84,1.93
2024-11-17,DE,Germany,Nutrition_Diets,37.2,0.2,-0.86
2024-11-17,FR,France,Fashion_Beauty,31.42,-1.5,-1.38
2024-11-17,FR,France,Fitness_Wearables,60.72,0.85,-2.21
2024-11-17,FR,France,Nutrition_Diets,32.43,-0.08,-0.57
2024-11-17,GB,United_Kingdom,Fashion_Beauty,58.97,2.91,-7.11E-15
2024-11-17,GB,United_Kingdom,Fitness_Wearables,68.43,0.62,-0.73
2024-11-17,GB,United_Kingdom,Nutrition_Diets,63.24,-3.89,-3.99
2024-11-17,IN,India,Fashion_Beauty,55.3,-0.73,-2.33
2024-11-17,IN,India,Fitness_Wearables,72.45,-1.87,-4.93
2024-11-17,IN,India,Nutrition_Diets,76.14,1.82,2.34
2024-11-17,JP,Japan,Fashion_Beauty,25.71,0.95,1.31
2024-11-17,JP,Japan,Fitness_Wearables,31.86,-0.33,-0.66
2024-11-17,JP,Japan,Nutrition_Diets,13.06,-0.29,-0.38
2024-11-17,KE,Kenya,Fashion_Beauty,81.67,-4.25,-16.85
2024-11-17,KE,Kenya,Fitness_Wearables,65.22,-4.75,-13.58
2024-11-17,KE,Kenya,Nutrition_Diets,65.93,-5.51,-11.68
2024-11-17,MX,Mexico,Fashion_Beauty,65.76,6.11,3.12
2024-11-17,MX,Mexico,Fitness_Wearables,69.97,3.81,-0.43
2024-11-17,MX,Mexico,Nutrition_Diets,29.22,0.28,-0.44
2024-11-17,NG,Nigeria,Fashion_Beauty,82.23,2.46,-5.06
2024-11-17,NG,Nigeria,Fitness_Wearables,75.8,-0.17,-7.06
2024-11-17,NG,Nigeria,Nutrition_Diets,78.36,-1.57,-9.07
2024-11-17,SG,Singapore,Fashion_Beauty,55.81,3.77,2.52
2024-11-17,SG,Singapore,Fitness_Wearables,59.6,-0.2,-2.49
2024-11-17,SG,Singapore,Nutrition_Diets,47.51,-2.44,-4.99
2024-11-17,US,United_States,Fashion_Beauty,46.15,3.02,-1.3
2024-11-17,US,United_States,Fitness_Wearables,52.3,2.2,-2.49
2024-11-17,US,United_States,Nutrition_Diets,51.06,0.92,-3.23
2024-11-17,ZA,South_Africa,Fashion_Beauty,81.89,3.9,1.42E-14
2024-11-17,ZA,South_Africa,Fitness_Wearables,72.76,2.71,1.41
2024-11-17,ZA,South_Africa,Nutrition_Diets,64.1,-1.11,-0.19
2024-11-24,AE,United_Arab_Emirates,Fashion_Beauty,71.58,0,-3.26
2024-11-24,AE,United_Arab_Emirates,Fitness_Wearables,74.66,-4.59,-4.28
2024-11-24,AE,United_Arab_Emirates,Nutrition_Diets,60.09,-5.32,-5.78
2024-11-24,AU,Australia,Fashion_Beauty,74.44,5.71,3.85
2024-11-24,AU,Australia,Fitness_Wearables,81.6,2.15,-1.97
2024-11-24,AU,Australia,Nutrition_Diets,71.06,-0.75,4.57
2024-11-24,BR,Brazil,Fashion_Beauty,61.53,3.45,0.61
2024-11-24,BR,Brazil,Fitness_Wearables,63.96,2.6,1.6
2024-11-24,BR,Brazil,Nutrition_Diets,36.6,4.37,4.05
2024-11-24,CA,Canada,Fashion_Beauty,71.66,5.07,3.31
2024-11-24,CA,Canada,Fitness_Wearables,70.37,2.52,2.21
2024-11-24,CA,Canada,Nutrition_Diets,63.91,-4.32,-6.48
2024-11-24,CN,China,Fashion_Beauty,15.53,0.75,3.49
2024-11-24,CN,China,Fitness_Wearables,24.5,-2.6,0.37
2024-11-24,CN,China,Nutrition_Diets,5.26,-0.91,-0.31
2024-11-24,DE,Germany,Fashion_Beauty,44.13,0.89,1.67
2024-11-24,DE,Germany,Fitness_Wearables,71.74,3.52,0.68
2024-11-24,DE,Germany,Nutrition_Diets,36.91,-0.29,-0.49
2024-11-24,FR,France,Fashion_Beauty,33.54,2.12,3.62
2024-11-24,FR,France,Fitness_Wearables,65.58,4.86,4.01
2024-11-24,FR,France,Nutrition_Diets,31.36,-1.07,-0.99
2024-11-24,GB,United_Kingdom,Fashion_Beauty,65.03,6.06,3.15
2024-11-24,GB,United_Kingdom,Fitness_Wearables,70.29,1.86,1.24
2024-11-24,GB,United_Kingdom,Nutrition_Diets,62.94,-0.3,3.59
2024-11-24,IN,India,Fashion_Beauty,58,2.7,3.43
2024-11-24,IN,India,Fitness_Wearables,73.3,0.85,2.72
2024-11-24,IN,India,Nutrition_Diets,74.45,-1.69,-3.51
2024-11-24,JP,Japan,Fashion_Beauty,25.83,0.12,-0.83
2024-11-24,JP,Japan,Fitness_Wearables,32.63,0.77,1.1
2024-11-24,JP,Japan,Nutrition_Diets,12.77,-0.29,-1.78E-15
2024-11-24,KE,Kenya,Fashion_Beauty,82.16,0.49,4.74
2024-11-24,KE,Kenya,Fitness_Wearables,63.99,-1.23,3.52
2024-11-24,KE,Kenya,Nutrition_Diets,62.95,-2.98,2.53
2024-11-24,MX,Mexico,Fashion_Beauty,66.85,1.09,-5.02
2024-11-24,MX,Mexico,Fitness_Wearables,63.98,-5.99,-9.8
2024-11-24,MX,Mexico,Nutrition_Diets,28.31,-0.91,-1.19
2024-11-24,NG,Nigeria,Fashion_Beauty,81.65,-0.58,-3.04
2024-11-24,NG,Nigeria,Fitness_Wearables,68.24,-7.56,-7.39
2024-11-24,NG,Nigeria,Nutrition_Diets,70.01,-8.35,-6.78
2024-11-24,SG,Singapore,Fashion_Beauty,55.71,-0.1,-3.87
2024-11-24,SG,Singapore,Fitness_Wearables,59.8,0.2,0.4
2024-11-24,SG,Singapore,Nutrition_Diets,45.71,-1.8,0.64
2024-11-24,US,United_States,Fashion_Beauty,54.88,8.73,5.71
2024-11-24,US,United_States,Fitness_Wearables,58.48,6.18,3.98
2024-11-24,US,United_States,Nutrition_Diets,44.24,-6.82,-7.74
2024-11-24,ZA,South_Africa,Fashion_Beauty,94.85,12.96,9.06
2024-11-24,ZA,South_Africa,Fitness_Wearables,72.76,0,-2.71
2024-11-24,ZA,South_Africa,Nutrition_Diets,56.9,-7.2,-6.09
2024-12-01,AE,United_Arab_Emirates,Fashion_Beauty,69.29,-2.29,-2.29
2024-12-01,AE,United_Arab_Emirates,Fitness_Wearables,67.15,-7.51,-2.92
2024-12-01,AE,United_Arab_Emirates,Nutrition_Diets,60.09,0,5.32
2024-12-01,AU,Australia,Fashion_Beauty,66.75,-7.69,-13.4
2024-12-01,AU,Australia,Fitness_Wearables,74.1,-7.5,-9.65
2024-12-01,AU,Australia,Nutrition_Diets,68.51,-2.55,-1.8
2024-12-01,BR,Brazil,Fashion_Beauty,62.02,0.49,-2.96
2024-12-01,BR,Brazil,Fitness_Wearables,57.16,-6.8,-9.4
2024-12-01,BR,Brazil,Nutrition_Diets,34.04,-2.56,-6.93
2024-12-01,CA,Canada,Fashion_Beauty,66.92,-4.74,-9.81
2024-12-01,CA,Canada,Fitness_Wearables,65.24,-5.13,-7.65
2024-12-01,CA,Canada,Nutrition_Diets,60.76,-3.15,1.17
2024-12-01,CN,China,Fashion_Beauty,15.16,-0.37,-1.12
2024-12-01,CN,China,Fitness_Wearables,30.07,5.57,8.17
2024-12-01,CN,China,Nutrition_Diets,7.37,2.11,3.02
2024-12-01,DE,Germany,Fashion_Beauty,43.24,-0.89,-1.78
2024-12-01,DE,Germany,Fitness_Wearables,65.15,-6.59,-10.11
2024-12-01,DE,Germany,Nutrition_Diets,34.3,-2.61,-2.32
2024-12-01,FR,France,Fashion_Beauty,32.04,-1.5,-3.62
2024-12-01,FR,France,Fitness_Wearables,62.41,-3.17,-8.03
2024-12-01,FR,France,Nutrition_Diets,30.21,-1.15,-0.08
2024-12-01,GB,United_Kingdom,Fashion_Beauty,61.54,-3.49,-9.55
2024-12-01,GB,United_Kingdom,Fitness_Wearables,66.05,-4.24,-6.1
2024-12-01,GB,United_Kingdom,Nutrition_Diets,63.44,0.5,0.8
2024-12-01,IN,India,Fashion_Beauty,55.91,-2.09,-4.79
2024-12-01,IN,India,Fitness_Wearables,71.77,-1.53,-2.38
2024-12-01,IN,India,Nutrition_Diets,73.53,-0.92,0.77
2024-12-01,JP,Japan,Fashion_Beauty,25.24,-0.59,-0.71
2024-12-01,JP,Japan,Fitness_Wearables,32.63,0,-0.77
2024-12-01,JP,Japan,Nutrition_Diets,12.38,-0.39,-0.1
2024-12-01,KE,Kenya,Fashion_Beauty,80.52,-1.64,-2.13
2024-12-01,KE,Kenya,Fitness_Wearables,71.74,7.75,8.98
2024-12-01,KE,Kenya,Nutrition_Diets,58.32,-4.63,-1.65
2024-12-01,MX,Mexico,Fashion_Beauty,63.59,-3.26,-4.35
2024-12-01,MX,Mexico,Fitness_Wearables,60.83,-3.15,2.84
2024-12-01,MX,Mexico,Nutrition_Diets,25.43,-2.88,-1.97
2024-12-01,NG,Nigeria,Fashion_Beauty,81.36,-0.29,0.29
2024-12-01,NG,Nigeria,Fitness_Wearables,63.7,-4.54,3.02
2024-12-01,NG,Nigeria,Nutrition_Diets,63.85,-6.16,2.19
2024-12-01,SG,Singapore,Fashion_Beauty,55.39,-0.32,-0.22
2024-12-01,SG,Singapore,Fitness_Wearables,61.29,1.49,1.29
2024-12-01,SG,Singapore,Nutrition_Diets,46.77,1.06,2.86
2024-12-01,US,United_States,Fashion_Beauty,51.77,-3.11,-11.84
2024-12-01,US,United_States,Fitness_Wearables,53.39,-5.09,-11.27
2024-12-01,US,United_States,Nutrition_Diets,49.95,5.71,12.53
2024-12-01,ZA,South_Africa,Fashion_Beauty,90.39,-4.46,-17.42
2024-12-01,ZA,South_Africa,Fitness_Wearables,68.99,-3.77,-3.77
2024-12-01,ZA,South_Africa,Nutrition_Diets,55.38,-1.52,5.68
2024-12-08,AE,United_Arab_Emirates,Fashion_Beauty,69.77,0.48,2.77
2024-12-08,AE,United_Arab_Emirates,Fitness_Wearables,71.95,4.8,12.31
2024-12-08,AE,United_Arab_Emirates,Nutrition_Diets,58.81,-1.28,-1.28
2024-12-08,AU,Australia,Fashion_Beauty,65.01,-1.74,5.95
2024-12-08,AU,Australia,Fitness_Wearables,72.35,-1.75,5.75
2024-12-08,AU,Australia,Nutrition_Diets,66.81,-1.7,0.85
2024-12-08,BR,Brazil,Fashion_Beauty,62.39,0.37,-0.12
2024-12-08,BR,Brazil,Fitness_Wearables,55.26,-1.9,4.9
2024-12-08,BR,Brazil,Nutrition_Diets,33.09,-0.95,1.61
2024-12-08,CA,Canada,Fashion_Beauty,64.5,-2.42,2.32
2024-12-08,CA,Canada,Fitness_Wearables,61.36,-3.88,1.25
2024-12-08,CA,Canada,Nutrition_Diets,65.98,5.22,8.37
2024-12-08,CN,China,Fashion_Beauty,14.66,-0.5,-0.13
2024-12-08,CN,China,Fitness_Wearables,25.37,-4.7,-10.27
2024-12-08,CN,China,Nutrition_Diets,5.71,-1.66,-3.77
2024-12-08,DE,Germany,Fashion_Beauty,42.23,-1.01,-0.12
2024-12-08,DE,Germany,Fitness_Wearables,64.25,-0.9,5.69
2024-12-08,DE,Germany,Nutrition_Diets,34.3,0,2.61
2024-12-08,FR,France,Fashion_Beauty,31.05,-0.99,0.51
2024-12-08,FR,France,Fitness_Wearables,57.13,-5.28,-2.11
2024-12-08,FR,France,Nutrition_Diets,28.98,-1.23,-0.08
2024-12-08,GB,United_Kingdom,Fashion_Beauty,60.26,-1.28,2.21
2024-12-08,GB,United_Kingdom,Fitness_Wearables,63.87,-2.18,2.06
2024-12-08,GB,United_Kingdom,Nutrition_Diets,60.64,-2.8,-3.3
2024-12-08,IN,India,Fashion_Beauty,54.68,-1.23,0.86
2024-12-08,IN,India,Fitness_Wearables,72.28,0.51,2.04
2024-12-08,IN,India,Nutrition_Diets,72.1,-1.43,-0.51
2024-12-08,JP,Japan,Fashion_Beauty,24.05,-1.19,-0.6
2024-12-08,JP,Japan,Fitness_Wearables,30.75,-1.88,-1.88
2024-12-08,JP,Japan,Nutrition_Diets,11.5,-0.88,-0.49
2024-12-08,KE,Kenya,Fashion_Beauty,76.76,-3.76,-2.12
2024-12-08,KE,Kenya,Fitness_Wearables,63.86,-7.88,-15.63
2024-12-08,KE,Kenya,Nutrition_Diets,57.66,-0.66,3.97
2024-12-08,MX,Mexico,Fashion_Beauty,67.12,3.53,6.79
2024-12-08,MX,Mexico,Fitness_Wearables,63,2.17,5.32
2024-12-08,MX,Mexico,Nutrition_Diets,27.14,1.71,4.59
2024-12-08,NG,Nigeria,Fashion_Beauty,79.91,-1.45,-1.16
2024-12-08,NG,Nigeria,Fitness_Wearables,58.32,-5.38,-0.84
2024-12-08,NG,Nigeria,Nutrition_Diets,57.19,-6.66,-0.5
2024-12-08,SG,Singapore,Fashion_Beauty,54.76,-0.63,-0.31
2024-12-08,SG,Singapore,Fitness_Wearables,62.29,1,-0.49
2024-12-08,SG,Singapore,Nutrition_Diets,47.3,0.53,-0.53
2024-12-08,US,United_States,Fashion_Beauty,49.01,-2.76,0.35
2024-12-08,US,United_States,Fitness_Wearables,49.8,-3.59,1.5
2024-12-08,US,United_States,Nutrition_Diets,49.77,-0.18,-5.89
2024-12-08,ZA,South_Africa,Fashion_Beauty,83.84,-6.55,-2.09
2024-12-08,ZA,South_Africa,Fitness_Wearables,67.69,-1.3,2.47
2024-12-08,ZA,South_Africa,Nutrition_Diets,54.77,-0.61,0.91
2024-12-15,AE,United_Arab_Emirates,Fashion_Beauty,70.98,1.21,0.73
2024-12-15,AE,United_Arab_Emirates,Fitness_Wearables,70.91,-1.04,-5.84
2024-12-15,AE,United_Arab_Emirates,Nutrition_Diets,59.91,1.1,2.38
2024-12-15,AU,Australia,Fashion_Beauty,64.14,-0.87,0.87
2024-12-15,AU,Australia,Fitness_Wearables,74.61,2.26,4.01
2024-12-15,AU,Australia,Nutrition_Diets,66.91,0.1,1.8
2024-12-15,BR,Brazil,Fashion_Beauty,62.89,0.5,0.13
2024-12-15,BR,Brazil,Fitness_Wearables,55.96,0.7,2.6
2024-12-15,BR,Brazil,Nutrition_Diets,30.85,-2.24,-1.29
2024-12-15,CA,Canada,Fashion_Beauty,65.6,1.1,3.52
2024-12-15,CA,Canada,Fitness_Wearables,63.35,1.99,5.87
2024-12-15,CA,Canada,Nutrition_Diets,61.84,-4.14,-9.36
2024-12-15,CN,China,Fashion_Beauty,15.28,0.62,1.12
2024-12-15,CN,China,Fitness_Wearables,25.25,-0.12,4.58
2024-12-15,CN,China,Nutrition_Diets,5.86,0.15,1.81
2024-12-15,DE,Germany,Fashion_Beauty,40,-2.23,-1.22
2024-12-15,DE,Germany,Fitness_Wearables,63.68,-0.57,0.33
2024-12-15,DE,Germany,Nutrition_Diets,34.2,-0.1,-0.1
2024-12-15,FR,France,Fashion_Beauty,29.18,-1.87,-0.88
2024-12-15,FR,France,Fitness_Wearables,52.59,-4.54,0.74
2024-12-15,FR,France,Nutrition_Diets,29.23,0.25,1.48
2024-12-15,GB,United_Kingdom,Fashion_Beauty,56.53,-3.73,-2.45
2024-12-15,GB,United_Kingdom,Fitness_Wearables,62.11,-1.76,0.42
2024-12-15,GB,United_Kingdom,Nutrition_Diets,60.84,0.2,3
2024-12-15,IN,India,Fashion_Beauty,52.71,-1.97,-0.74
2024-12-15,IN,India,Fitness_Wearables,67.52,-4.76,-5.27
2024-12-15,IN,India,Nutrition_Diets,68.58,-3.52,-2.09
2024-12-15,JP,Japan,Fashion_Beauty,24.76,0.71,1.9
2024-12-15,JP,Japan,Fitness_Wearables,30.2,-0.55,1.33
2024-12-15,JP,Japan,Nutrition_Diets,11.7,0.2,1.08
2024-12-15,KE,Kenya,Fashion_Beauty,78.89,2.13,5.89
2024-12-15,KE,Kenya,Fitness_Wearables,64.27,0.41,8.29
2024-12-15,KE,Kenya,Nutrition_Diets,56.01,-1.65,-0.99
2024-12-15,MX,Mexico,Fashion_Beauty,72.83,5.71,2.18
2024-12-15,MX,Mexico,Fitness_Wearables,67.68,4.68,2.51
2024-12-15,MX,Mexico,Nutrition_Diets,28.04,0.9,-0.81
2024-12-15,NG,Nigeria,Fashion_Beauty,86.13,6.22,7.67
2024-12-15,NG,Nigeria,Fitness_Wearables,61.68,3.36,8.74
2024-12-15,NG,Nigeria,Nutrition_Diets,57.8,0.61,7.27
2024-12-15,SG,Singapore,Fashion_Beauty,52.98,-1.78,-1.15
2024-12-15,SG,Singapore,Fitness_Wearables,62.19,-0.1,-1.1
2024-12-15,SG,Singapore,Nutrition_Diets,44.86,-2.44,-2.97
2024-12-15,US,United_States,Fashion_Beauty,48.57,-0.44,2.32
2024-12-15,US,United_States,Fitness_Wearables,49.9,0.1,3.69
2024-12-15,US,United_States,Nutrition_Diets,46.91,-2.86,-2.68
2024-12-15,ZA,South_Africa,Fashion_Beauty,82.17,-1.67,4.88
2024-12-15,ZA,South_Africa,Fitness_Wearables,71.93,4.24,5.54
2024-12-15,ZA,South_Africa,Nutrition_Diets,50.2,-4.57,-3.96
2024-12-22,AE,United_Arab_Emirates,Fashion_Beauty,73.4,2.42,1.21
2024-12-22,AE,United_Arab_Emirates,Fitness_Wearables,69.03,-1.88,-0.84
2024-12-22,AE,United_Arab_Emirates,Nutrition_Diets,54.86,-5.05,-6.15
2024-12-22,AU,Australia,Fashion_Beauty,69.98,5.84,6.71
2024-12-22,AU,Australia,Fitness_Wearables,81.71,7.1,4.84
2024-12-22,AU,Australia,Nutrition_Diets,65.43,-1.48,-1.58
2024-12-22,BR,Brazil,Fashion_Beauty,63.38,0.49,-0.01
2024-12-22,BR,Brazil,Fitness_Wearables,54.15,-1.81,-2.51
2024-12-22,BR,Brazil,Nutrition_Diets,28.19,-2.66,-0.42
2024-12-22,CA,Canada,Fashion_Beauty,67.59,1.99,0.89
2024-12-22,CA,Canada,Fitness_Wearables,80.63,17.28,15.29
2024-12-22,CA,Canada,Nutrition_Diets,58.87,-2.97,1.17
2024-12-22,CN,China,Fashion_Beauty,16.15,0.87,0.25
2024-12-22,CN,China,Fitness_Wearables,26.36,1.11,1.23
2024-12-22,CN,China,Nutrition_Diets,4.81,-1.05,-1.2
2024-12-22,DE,Germany,Fashion_Beauty,40.78,0.78,3.01
2024-12-22,DE,Germany,Fitness_Wearables,80.36,16.68,17.25
2024-12-22,DE,Germany,Nutrition_Diets,34.59,0.39,0.49
2024-12-22,FR,France,Fashion_Beauty,28.93,-0.25,1.62
2024-12-22,FR,France,Fitness_Wearables,71.38,18.79,23.33
2024-12-22,FR,France,Nutrition_Diets,30.71,1.48,1.23
2024-12-22,GB,United_Kingdom,Fashion_Beauty,56.06,-0.47,3.26
2024-12-22,GB,United_Kingdom,Fitness_Wearables,74.12,12.01,13.77
2024-12-22,GB,United_Kingdom,Nutrition_Diets,57.94,-2.9,-3.1
2024-12-22,IN,India,Fashion_Beauty,52.46,-0.25,1.72
2024-12-22,IN,India,Fitness_Wearables,65.65,-1.87,2.89
2024-12-22,IN,India,Nutrition_Diets,66.88,-1.7,1.82
2024-12-22,JP,Japan,Fashion_Beauty,24.88,0.12,-0.59
2024-12-22,JP,Japan,Fitness_Wearables,29.54,-0.66,-0.11
2024-12-22,JP,Japan,Nutrition_Diets,11.4,-0.3,-0.5
2024-12-22,KE,Kenya,Fashion_Beauty,71.03,-7.86,-9.99
2024-12-22,KE,Kenya,Fitness_Wearables,55.71,-8.56,-8.97
2024-12-22,KE,Kenya,Nutrition_Diets,47.41,-8.6,-6.95
2024-12-22,MX,Mexico,Fashion_Beauty,78.8,5.97,0.26
2024-12-22,MX,Mexico,Fitness_Wearables,78.24,10.56,5.88
2024-12-22,MX,Mexico,Nutrition_Diets,29.4,1.36,0.46
2024-12-22,NG,Nigeria,Fashion_Beauty,73.55,-12.58,-18.8
2024-12-22,NG,Nigeria,Fitness_Wearables,63.7,2.02,-1.34
2024-12-22,NG,Nigeria,Nutrition_Diets,57.68,-0.12,-0.73
2024-12-22,SG,Singapore,Fashion_Beauty,53.09,0.11,1.89
2024-12-22,SG,Singapore,Fitness_Wearables,62.89,0.7,0.8
2024-12-22,SG,Singapore,Nutrition_Diets,44.54,-0.32,2.12
2024-12-22,US,United_States,Fashion_Beauty,49.78,1.21,1.65
2024-12-22,US,United_States,Fitness_Wearables,61.88,11.98,11.88
2024-12-22,US,United_States,Nutrition_Diets,46.45,-0.46,2.4
2024-12-22,ZA,South_Africa,Fashion_Beauty,71.73,-10.44,-8.77
2024-12-22,ZA,South_Africa,Fitness_Wearables,77.48,5.55,1.31
2024-12-22,ZA,South_Africa,Nutrition_Diets,50.1,-0.1,4.47
2024-12-29,AE,United_Arab_Emirates,Fashion_Beauty,69.89,-3.51,-5.93
2024-12-29,AE,United_Arab_Emirates,Fitness_Wearables,71.32,2.29,4.17
2024-12-29,AE,United_Arab_Emirates,Nutrition_Diets,61.19,6.33,11.38
2024-12-29,AU,Australia,Fashion_Beauty,62.03,-7.95,-13.79
2024-12-29,AU,Australia,Fitness_Wearables,88.39,6.68,-0.42
2024-12-29,AU,Australia,Nutrition_Diets,82.13,16.7,18.18
2024-12-29,BR,Brazil,Fashion_Beauty,54.25,-9.13,-9.62
2024-12-29,BR,Brazil,Fitness_Wearables,57.66,3.51,5.32
2024-12-29,BR,Brazil,Nutrition_Diets,28.94,0.75,3.41
2024-12-29,CA,Canada,Fashion_Beauty,65.82,-1.77,-3.76
2024-12-29,CA,Canada,Fitness_Wearables,91.31,10.68,-6.6
2024-12-29,CA,Canada,Nutrition_Diets,83.26,24.39,27.36
2024-12-29,CN,China,Fashion_Beauty,18.14,1.99,1.12
2024-12-29,CN,China,Fitness_Wearables,29.46,3.1,1.99
2024-12-29,CN,China,Nutrition_Diets,5.11,0.3,1.35
2024-12-29,DE,Germany,Fashion_Beauty,39.55,-1.23,-2.01
2024-12-29,DE,Germany,Fitness_Wearables,89.22,8.86,-7.82
2024-12-29,DE,Germany,Nutrition_Diets,42.13,7.54,7.15
2024-12-29,FR,France,Fashion_Beauty,28.18,-0.75,-0.5
2024-12-29,FR,France,Fitness_Wearables,71.7,0.32,-18.47
2024-12-29,FR,France,Nutrition_Diets,35.55,4.84,3.36
2024-12-29,GB,United_Kingdom,Fashion_Beauty,48.83,-7.23,-6.76
2024-12-29,GB,United_Kingdom,Fitness_Wearables,85.61,11.49,-0.52
2024-12-29,GB,United_Kingdom,Nutrition_Diets,81.82,23.88,26.78
2024-12-29,IN,India,Fashion_Beauty,51.97,-0.49,-0.24
2024-12-29,IN,India,Fitness_Wearables,69.73,4.08,5.95
2024-12-29,IN,India,Nutrition_Diets,68.19,1.31,3.01
2024-12-29,JP,Japan,Fashion_Beauty,23.45,-1.43,-1.55
2024-12-29,JP,Japan,Fitness_Wearables,35.73,6.19,6.85
2024-12-29,JP,Japan,Nutrition_Diets,9.94,-1.46,-1.16
2024-12-29,KE,Kenya,Fashion_Beauty,70.7,-0.33,7.53
2024-12-29,KE,Kenya,Fitness_Wearables,65.76,10.05,18.61
2024-12-29,KE,Kenya,Nutrition_Diets,59.65,12.24,20.84
2024-12-29,MX,Mexico,Fashion_Beauty,70.92,-7.88,-13.85
2024-12-29,MX,Mexico,Fitness_Wearables,84.44,6.2,-4.36
2024-12-29,MX,Mexico,Nutrition_Diets,33.45,4.05,2.69
2024-12-29,NG,Nigeria,Fashion_Beauty,75.14,1.59,14.17
2024-12-29,NG,Nigeria,Fitness_Wearables,68.24,4.54,2.52
2024-12-29,NG,Nigeria,Nutrition_Diets,59.85,2.17,2.29
2024-12-29,SG,Singapore,Fashion_Beauty,54.45,1.36,1.25
2024-12-29,SG,Singapore,Fitness_Wearables,69.35,6.46,5.76
2024-12-29,SG,Singapore,Nutrition_Diets,51.43,6.89,7.21
2024-12-29,US,United_States,Fashion_Beauty,45.55,-4.23,-5.44
2024-12-29,US,United_States,Fitness_Wearables,72.36,10.48,-1.5
2024-12-29,US,United_States,Nutrition_Diets,61.29,14.84,15.3
2024-12-29,ZA,South_Africa,Fashion_Beauty,65.04,-6.69,3.75
2024-12-29,ZA,South_Africa,Fitness_Wearables,87.5,10.02,4.47
2024-12-29,ZA,South_Africa,Nutrition_Diets,69.17,19.07,19.17
2025-01-05,AE,United_Arab_Emirates,Fashion_Beauty,67.71,-2.18,1.33
2025-01-05,AE,United_Arab_Emirates,Fitness_Wearables,76.64,5.32,3.03
2025-01-05,AE,United_Arab_Emirates,Nutrition_Diets,66.33,5.14,-1.19
2025-01-05,AU,Australia,Fashion_Beauty,59.43,-2.6,5.35
2025-01-05,AU,Australia,Fitness_Wearables,94.86,6.47,-0.21
2025-01-05,AU,Australia,Nutrition_Diets,95.43,13.3,-3.4
2025-01-05,BR,Brazil,Fashion_Beauty,54.5,0.25,9.38
2025-01-05,BR,Brazil,Fitness_Wearables,77.18,19.52,16.01
2025-01-05,BR,Brazil,Nutrition_Diets,38.72,9.78,9.03
2025-01-05,CA,Canada,Fashion_Beauty,60.64,-5.18,-3.41
2025-01-05,CA,Canada,Fitness_Wearables,82.2,-9.11,-19.79
2025-01-05,CA,Canada,Nutrition_Diets,86.14,2.88,-21.51
2025-01-05,CN,China,Fashion_Beauty,16.52,-1.62,-3.61
2025-01-05,CN,China,Fitness_Wearables,34.9,5.44,2.34
2025-01-05,CN,China,Nutrition_Diets,6.92,1.81,1.51
2025-01-05,DE,Germany,Fashion_Beauty,39.66,0.11,1.34
2025-01-05,DE,Germany,Fitness_Wearables,81.95,-7.27,-16.13
2025-01-05,DE,Germany,Nutrition_Diets,45.6,3.47,-4.07
2025-01-05,FR,France,Fashion_Beauty,30.92,2.74,3.49
2025-01-05,FR,France,Fitness_Wearables,72.02,0.32,-1.42E-14
2025-01-05,FR,France,Nutrition_Diets,37.27,1.72,-3.12
2025-01-05,GB,United_Kingdom,Fashion_Beauty,48.48,-0.35,6.88
2025-01-05,GB,United_Kingdom,Fitness_Wearables,88.41,2.8,-8.69
2025-01-05,GB,United_Kingdom,Nutrition_Diets,87.31,5.49,-18.39
2025-01-05,IN,India,Fashion_Beauty,55.3,3.33,3.82
2025-01-05,IN,India,Fitness_Wearables,73.47,3.74,-0.34
2025-01-05,IN,India,Nutrition_Diets,74.45,6.26,4.95
2025-01-05,JP,Japan,Fashion_Beauty,23.69,0.24,1.67
2025-01-05,JP,Japan,Fitness_Wearables,35.84,0.11,-6.08
2025-01-05,JP,Japan,Nutrition_Diets,12.96,3.02,4.48
2025-01-05,KE,Kenya,Fashion_Beauty,67.92,-2.78,-2.45
2025-01-05,KE,Kenya,Fitness_Wearables,72.96,7.2,-2.85
2025-01-05,KE,Kenya,Nutrition_Diets,69.35,9.7,-2.54
2025-01-05,MX,Mexico,Fashion_Beauty,62.77,-8.15,-0.27
2025-01-05,MX,Mexico,Fitness_Wearables,89.55,5.11,-1.09
2025-01-05,MX,Mexico,Nutrition_Diets,35.08,1.63,-2.42
2025-01-05,NG,Nigeria,Fashion_Beauty,75,-0.14,-1.73
2025-01-05,NG,Nigeria,Fitness_Wearables,76.3,8.06,3.52
2025-01-05,NG,Nigeria,Nutrition_Diets,71.83,11.98,9.81
2025-01-05,SG,Singapore,Fashion_Beauty,51.83,-2.62,-3.98
2025-01-05,SG,Singapore,Fitness_Wearables,65.27,-4.08,-10.54
2025-01-05,SG,Singapore,Nutrition_Diets,50.05,-1.38,-8.27
2025-01-05,US,United_States,Fashion_Beauty,41.4,-4.15,0.08
2025-01-05,US,United_States,Fitness_Wearables,63.67,-8.69,-19.17
2025-01-05,US,United_States,Nutrition_Diets,63.04,1.75,-13.09
2025-01-05,ZA,South_Africa,Fashion_Beauty,63.51,-1.53,5.16
2025-01-05,ZA,South_Africa,Fitness_Wearables,93.4,5.9,-4.12
2025-01-05,ZA,South_Africa,Nutrition_Diets,82.25,13.08,-5.99
2025-01-12,AE,United_Arab_Emirates,Fashion_Beauty,68.08,0.37,2.55
2025-01-12,AE,United_Arab_Emirates,Fitness_Wearables,74.35,-2.29,-7.61
2025-01-12,AE,United_Arab_Emirates,Nutrition_Diets,70,3.67,-1.47
2025-01-12,AU,Australia,Fashion_Beauty,58.19,-1.24,1.36
2025-01-12,AU,Australia,Fitness_Wearables,90.65,-4.21,-10.68
2025-01-12,AU,Australia,Nutrition_Diets,88.83,-6.6,-19.9
2025-01-12,BR,Brazil,Fashion_Beauty,56.47,1.97,1.72
2025-01-12,BR,Brazil,Fitness_Wearables,77.18,0,-19.52
2025-01-12,BR,Brazil,Nutrition_Diets,43.62,4.9,-4.88
2025-01-12,CA,Canada,Fashion_Beauty,62.07,1.43,6.61
2025-01-12,CA,Canada,Fitness_Wearables,77.38,-4.82,4.29
2025-01-12,CA,Canada,Nutrition_Diets,81.37,-4.77,-7.65
2025-01-12,CN,China,Fashion_Beauty,13.29,-3.23,-1.61
2025-01-12,CN,China,Fitness_Wearables,28.84,-6.06,-11.5
2025-01-12,CN,China,Nutrition_Diets,4.36,-2.56,-4.37
2025-01-12,DE,Germany,Fashion_Beauty,40.22,0.56,0.45
2025-01-12,DE,Germany,Fitness_Wearables,78.21,-3.74,3.53
2025-01-12,DE,Germany,Nutrition_Diets,45.6,0,-3.47
2025-01-12,FR,France,Fashion_Beauty,31.92,1,-1.74
2025-01-12,FR,France,Fitness_Wearables,64.31,-7.71,-8.03
2025-01-12,FR,France,Nutrition_Diets,35.55,-1.72,-3.44
2025-01-12,GB,United_Kingdom,Fashion_Beauty,48.83,0.35,0.7
2025-01-12,GB,United_Kingdom,Fitness_Wearables,82.19,-6.22,-9.02
2025-01-12,GB,United_Kingdom,Nutrition_Diets,87.91,0.6,-4.89
2025-01-12,IN,India,Fashion_Beauty,53.45,-1.85,-5.18
2025-01-12,IN,India,Fitness_Wearables,69.9,-3.57,-7.31
2025-01-12,IN,India,Nutrition_Diets,72.1,-2.35,-8.61
2025-01-12,JP,Japan,Fashion_Beauty,25.83,2.14,1.9
2025-01-12,JP,Japan,Fitness_Wearables,34.07,-1.77,-1.88
2025-01-12,JP,Japan,Nutrition_Diets,14.52,1.56,-1.46
2025-01-12,KE,Kenya,Fashion_Beauty,71.52,3.6,6.38
2025-01-12,KE,Kenya,Fitness_Wearables,78.67,5.71,-1.49
2025-01-12,KE,Kenya,Nutrition_Diets,70.56,1.21,-8.49
2025-01-12,MX,Mexico,Fashion_Beauty,60.05,-2.72,5.43
2025-01-12,MX,Mexico,Fitness_Wearables,80.09,-9.46,-14.57
2025-01-12,MX,Mexico,Nutrition_Diets,37.42,2.34,0.71
2025-01-12,NG,Nigeria,Fashion_Beauty,74.13,-0.87,-0.73
2025-01-12,NG,Nigeria,Fitness_Wearables,75.97,-0.33,-8.39
2025-01-12,NG,Nigeria,Nutrition_Diets,77.75,5.92,-6.06
2025-01-12,SG,Singapore,Fashion_Beauty,51.83,0,2.62
2025-01-12,SG,Singapore,Fitness_Wearables,61.29,-3.98,0.1
2025-01-12,SG,Singapore,Nutrition_Diets,49.95,-0.1,1.28
2025-01-12,US,United_States,Fashion_Beauty,40.54,-0.86,3.29
2025-01-12,US,United_States,Fitness_Wearables,61.98,-1.69,7
2025-01-12,US,United_States,Nutrition_Diets,60.65,-2.39,-4.14
2025-01-12,ZA,South_Africa,Fashion_Beauty,57.24,-6.27,-4.74
2025-01-12,ZA,South_Africa,Fitness_Wearables,86.56,-6.84,-12.74
2025-01-12,ZA,South_Africa,Nutrition_Diets,73.94,-8.31,-21.39
2025-01-19,AE,United_Arab_Emirates,Fashion_Beauty,69.17,1.09,0.72
2025-01-19,AE,United_Arab_Emirates,Fitness_Wearables,75.29,0.94,3.23
2025-01-19,AE,United_Arab_Emirates,Nutrition_Diets,66.7,-3.3,-6.97
2025-01-19,AU,Australia,Fashion_Beauty,58.31,0.12,1.36
2025-01-19,AU,Australia,Fitness_Wearables,86.95,-3.7,0.51
2025-01-19,AU,Australia,Nutrition_Diets,80.21,-8.62,-2.02
2025-01-19,BR,Brazil,Fashion_Beauty,54.25,-2.22,-4.19
2025-01-19,BR,Brazil,Fitness_Wearables,76.48,-0.7,-0.7
2025-01-19,BR,Brazil,Nutrition_Diets,43.83,0.21,-4.69
2025-01-19,CA,Canada,Fashion_Beauty,62.18,0.11,-1.32
2025-01-19,CA,Canada,Fitness_Wearables,74.14,-3.24,1.58
2025-01-19,CA,Canada,Nutrition_Diets,78.85,-2.52,2.25
2025-01-19,CN,China,Fashion_Beauty,13.04,-0.25,2.98
2025-01-19,CN,China,Fitness_Wearables,24.13,-4.71,1.35
2025-01-19,CN,China,Nutrition_Diets,6.17,1.81,4.37
2025-01-19,DE,Germany,Fashion_Beauty,40.45,0.23,-0.33
2025-01-19,DE,Germany,Fitness_Wearables,75.37,-2.84,0.9
2025-01-19,DE,Germany,Nutrition_Diets,45.22,-0.38,-0.38
2025-01-19,FR,France,Fashion_Beauty,35.41,3.49,2.49
2025-01-19,FR,France,Fitness_Wearables,67.79,3.48,11.19
2025-01-19,FR,France,Nutrition_Diets,36.45,0.9,2.62
2025-01-19,GB,United_Kingdom,Fashion_Beauty,48.14,-0.69,-1.04
2025-01-19,GB,United_Kingdom,Fitness_Wearables,79.4,-2.79,3.43
2025-01-19,GB,United_Kingdom,Nutrition_Diets,82.62,-5.29,-5.89
2025-01-19,IN,India,Fashion_Beauty,53.45,0,1.85
2025-01-19,IN,India,Fitness_Wearables,72.96,3.06,6.63
2025-01-19,IN,India,Nutrition_Diets,75.49,3.39,5.74
2025-01-19,JP,Japan,Fashion_Beauty,26.43,0.6,-1.54
2025-01-19,JP,Japan,Fitness_Wearables,33.19,-0.88,0.89
2025-01-19,JP,Japan,Nutrition_Diets,12.87,-1.65,-3.21
2025-01-19,KE,Kenya,Fashion_Beauty,70.87,-0.65,-4.25
2025-01-19,KE,Kenya,Fitness_Wearables,84.78,6.11,0.4
2025-01-19,KE,Kenya,Nutrition_Diets,74.75,4.19,2.98
2025-01-19,MX,Mexico,Fashion_Beauty,59.1,-0.95,1.77
2025-01-19,MX,Mexico,Fitness_Wearables,74.43,-5.66,3.8
2025-01-19,MX,Mexico,Nutrition_Diets,33.27,-4.15,-6.49
2025-01-19,NG,Nigeria,Fashion_Beauty,74.28,0.15,1.02
2025-01-19,NG,Nigeria,Fitness_Wearables,72.94,-3.03,-2.7
2025-01-19,NG,Nigeria,Nutrition_Diets,79.08,1.33,-4.59
2025-01-19,SG,Singapore,Fashion_Beauty,51.52,-0.31,-0.31
2025-01-19,SG,Singapore,Fitness_Wearables,66.17,4.88,8.86
2025-01-19,SG,Singapore,Nutrition_Diets,49.73,-0.22,-0.12
2025-01-19,US,United_States,Fashion_Beauty,41.75,1.21,2.07
2025-01-19,US,United_States,Fitness_Wearables,58.68,-3.3,-1.61
2025-01-19,US,United_States,Nutrition_Diets,57.51,-3.14,-0.75
2025-01-19,ZA,South_Africa,Fashion_Beauty,60.45,3.21,9.48
2025-01-19,ZA,South_Africa,Fitness_Wearables,86.08,-0.48,6.36
2025-01-19,ZA,South_Africa,Nutrition_Diets,75.56,1.62,9.93
2025-01-26,AE,United_Arab_Emirates,Fashion_Beauty,70.86,1.69,0.6
2025-01-26,AE,United_Arab_Emirates,Fitness_Wearables,73.93,-1.36,-2.3
2025-01-26,AE,United_Arab_Emirates,Nutrition_Diets,64.86,-1.84,1.46
2025-01-26,AU,Australia,Fashion_Beauty,59.8,1.49,1.37
2025-01-26,AU,Australia,Fitness_Wearables,89,2.05,5.75
2025-01-26,AU,Australia,Nutrition_Diets,86.6,6.39,15.01
2025-01-26,BR,Brazil,Fashion_Beauty,53.76,-0.49,1.73
2025-01-26,BR,Brazil,Fitness_Wearables,75.18,-1.3,-0.6
2025-01-26,BR,Brazil,Nutrition_Diets,39.36,-4.47,-4.68
2025-01-26,CA,Canada,Fashion_Beauty,58.32,-3.86,-3.97
2025-01-26,CA,Canada,Fitness_Wearables,73.4,-0.74,2.5
2025-01-26,CA,Canada,Nutrition_Diets,77.77,-1.08,1.44
2025-01-26,CN,China,Fashion_Beauty,13.17,0.13,0.38
2025-01-26,CN,China,Fitness_Wearables,19.31,-4.82,-0.11
2025-01-26,CN,China,Nutrition_Diets,4.96,-1.21,-3.02
2025-01-26,DE,Germany,Fashion_Beauty,42.79,2.34,2.11
2025-01-26,DE,Germany,Fitness_Wearables,75.26,-0.11,2.73
2025-01-26,DE,Germany,Nutrition_Diets,43.77,-1.45,-1.07
2025-01-26,FR,France,Fashion_Beauty,35.16,-0.25,-3.74
2025-01-26,FR,France,Fitness_Wearables,65.89,-1.9,-5.38
2025-01-26,FR,France,Nutrition_Diets,35.55,-0.9,-1.8
2025-01-26,GB,United_Kingdom,Fashion_Beauty,49.18,1.04,1.73
2025-01-26,GB,United_Kingdom,Fitness_Wearables,82.09,2.69,5.48
2025-01-26,GB,United_Kingdom,Nutrition_Diets,83.22,0.6,5.89
2025-01-26,IN,India,Fashion_Beauty,54.8,1.35,1.35
2025-01-26,IN,India,Fitness_Wearables,69.9,-3.06,-6.12
2025-01-26,IN,India,Nutrition_Diets,76.53,1.04,-2.35
2025-01-26,JP,Japan,Fashion_Beauty,22.98,-3.45,-4.05
2025-01-26,JP,Japan,Fitness_Wearables,32.52,-0.67,0.21
2025-01-26,JP,Japan,Nutrition_Diets,11.99,-0.88,0.77
2025-01-26,KE,Kenya,Fashion_Beauty,74.63,3.76,4.41
2025-01-26,KE,Kenya,Fitness_Wearables,83.29,-1.49,-7.6
2025-01-26,KE,Kenya,Nutrition_Diets,72.77,-1.98,-6.17
2025-01-26,MX,Mexico,Fashion_Beauty,58.42,-0.68,0.27
2025-01-26,MX,Mexico,Fitness_Wearables,73.23,-1.2,4.46
2025-01-26,MX,Mexico,Nutrition_Diets,32.73,-0.54,3.61
2025-01-26,NG,Nigeria,Fashion_Beauty,76.3,2.02,1.87
2025-01-26,NG,Nigeria,Fitness_Wearables,71.6,-1.34,1.69
2025-01-26,NG,Nigeria,Nutrition_Diets,82.95,3.87,2.54
2025-01-26,SG,Singapore,Fashion_Beauty,49.32,-2.2,-1.89
2025-01-26,SG,Singapore,Fitness_Wearables,70.25,4.08,-0.8
2025-01-26,SG,Singapore,Nutrition_Diets,52.7,2.97,3.19
2025-01-26,US,United_States,Fashion_Beauty,40.97,-0.78,-1.99
2025-01-26,US,United_States,Fitness_Wearables,57.88,-0.8,2.5
2025-01-26,US,United_States,Nutrition_Diets,58.53,1.02,4.16
2025-01-26,ZA,South_Africa,Fashion_Beauty,63.23,2.78,-0.43
2025-01-26,ZA,South_Africa,Fitness_Wearables,83.84,-2.24,-1.76
2025-01-26,ZA,South_Africa,Nutrition_Diets,76.57,1.01,-0.61
2025-02-02,AE,United_Arab_Emirates,Fashion_Beauty,69.29,-1.57,-3.26
2025-02-02,AE,United_Arab_Emirates,Fitness_Wearables,73.41,-0.52,0.84
2025-02-02,AE,United_Arab_Emirates,Nutrition_Diets,64.22,-0.64,1.2
2025-02-02,AU,Australia,Fashion_Beauty,59.8,0,-1.49
2025-02-02,AU,Australia,Fitness_Wearables,84.17,-4.83,-6.88
2025-02-02,AU,Australia,Nutrition_Diets,81.06,-5.54,-11.93
2025-02-02,BR,Brazil,Fashion_Beauty,52.03,-1.73,-1.24
2025-02-02,BR,Brazil,Fitness_Wearables,77.08,1.9,3.2
2025-02-02,BR,Brazil,Nutrition_Diets,36.91,-2.45,2.02
2025-02-02,CA,Canada,Fashion_Beauty,59.98,1.66,5.52
2025-02-02,CA,Canada,Fitness_Wearables,67.43,-5.97,-5.23
2025-02-02,CA,Canada,Nutrition_Diets,72.55,-5.22,-4.14
2025-02-02,CN,China,Fashion_Beauty,12.67,-0.5,-0.63
2025-02-02,CN,China,Fitness_Wearables,30.69,11.38,16.2
2025-02-02,CN,China,Nutrition_Diets,6.47,1.51,2.72
2025-02-02,DE,Germany,Fashion_Beauty,41.9,-0.89,-3.23
2025-02-02,DE,Germany,Fitness_Wearables,72.19,-3.07,-2.96
2025-02-02,DE,Germany,Nutrition_Diets,43.09,-0.68,0.77
2025-02-02,FR,France,Fashion_Beauty,31.55,-3.61,-3.36
2025-02-02,FR,France,Fitness_Wearables,65.15,-0.74,1.16
2025-02-02,FR,France,Nutrition_Diets,35.47,-0.08,0.82
2025-02-02,GB,United_Kingdom,Fashion_Beauty,49.07,-0.11,-1.15
2025-02-02,GB,United_Kingdom,Fitness_Wearables,77.12,-4.97,-7.66
2025-02-02,GB,United_Kingdom,Nutrition_Diets,81.02,-2.2,-2.8
2025-02-02,IN,India,Fashion_Beauty,55.05,0.25,-1.1
2025-02-02,IN,India,Fitness_Wearables,69.39,-0.51,2.55
2025-02-02,IN,India,Nutrition_Diets,76.4,-0.13,-1.17
2025-02-02,JP,Japan,Fashion_Beauty,22.86,-0.12,3.33
2025-02-02,JP,Japan,Fitness_Wearables,30.64,-1.88,-1.21
2025-02-02,JP,Japan,Nutrition_Diets,11.6,-0.39,0.49
2025-02-02,KE,Kenya,Fashion_Beauty,72.67,-1.96,-5.72
2025-02-02,KE,Kenya,Fitness_Wearables,76.36,-6.93,-5.44
2025-02-02,KE,Kenya,Nutrition_Diets,79.27,6.5,8.48
2025-02-02,MX,Mexico,Fashion_Beauty,58.02,-0.4,0.28
2025-02-02,MX,Mexico,Fitness_Wearables,73.34,0.11,1.31
2025-02-02,MX,Mexico,Nutrition_Diets,30.75,-1.98,-1.44
2025-02-02,NG,Nigeria,Fashion_Beauty,74.13,-2.17,-4.19
2025-02-02,NG,Nigeria,Fitness_Wearables,75.13,3.53,4.87
2025-02-02,NG,Nigeria,Nutrition_Diets,76.66,-6.29,-10.16
2025-02-02,SG,Singapore,Fashion_Beauty,45.65,-3.67,-1.47
2025-02-02,SG,Singapore,Fitness_Wearables,64.88,-5.37,-9.45
2025-02-02,SG,Singapore,Nutrition_Diets,51.11,-1.59,-4.56
2025-02-02,US,United_States,Fashion_Beauty,42.87,1.9,2.68
2025-02-02,US,United_States,Fitness_Wearables,56.69,-1.19,-0.39
2025-02-02,US,United_States,Nutrition_Diets,57.05,-1.48,-2.5
2025-02-02,ZA,South_Africa,Fashion_Beauty,65.6,2.37,-0.41
2025-02-02,ZA,South_Africa,Fitness_Wearables,80.42,-3.42,-1.18
2025-02-02,ZA,South_Africa,Nutrition_Diets,75.66,-0.91,-1.92
2025-02-09,AE,United_Arab_Emirates,Fashion_Beauty,66.26,-3.03,-1.46
2025-02-09,AE,United_Arab_Emirates,Fitness_Wearables,72.26,-1.15,-0.63
2025-02-09,AE,United_Arab_Emirates,Nutrition_Diets,64.22,0,0.64
2025-02-09,AU,Australia,Fashion_Beauty,58.81,-0.99,-0.99
2025-02-09,AU,Australia,Fitness_Wearables,80.99,-3.18,1.65
2025-02-09,AU,Australia,Nutrition_Diets,82.55,1.49,7.03
2025-02-09,BR,Brazil,Fashion_Beauty,50.43,-1.6,0.13
2025-02-09,BR,Brazil,Fitness_Wearables,74.97,-2.11,-4.01
2025-02-09,BR,Brazil,Nutrition_Diets,36.17,-0.74,1.71
2025-02-09,CA,Canada,Fashion_Beauty,62.29,2.31,0.65
2025-02-09,CA,Canada,Fitness_Wearables,66.7,-0.73,5.24
2025-02-09,CA,Canada,Nutrition_Diets,73.27,0.72,5.94
2025-02-09,CN,China,Fashion_Beauty,13.79,1.12,1.62
2025-02-09,CN,China,Fitness_Wearables,30.94,0.25,-11.13
2025-02-09,CN,China,Nutrition_Diets,7.52,1.05,-0.46
2025-02-09,DE,Germany,Fashion_Beauty,38.44,-3.46,-2.57
2025-02-09,DE,Germany,Fitness_Wearables,67.88,-4.31,-1.24
2025-02-09,DE,Germany,Nutrition_Diets,40.1,-2.99,-2.31
2025-02-09,FR,France,Fashion_Beauty,30.17,-1.38,2.23
2025-02-09,FR,France,Fitness_Wearables,60.3,-4.85,-4.11
2025-02-09,FR,France,Nutrition_Diets,35.47,0,0.08
2025-02-09,GB,United_Kingdom,Fashion_Beauty,48.37,-0.7,-0.59
2025-02-09,GB,United_Kingdom,Fitness_Wearables,72.05,-5.07,-0.1
2025-02-09,GB,United_Kingdom,Nutrition_Diets,76.12,-4.9,-2.7
2025-02-09,IN,India,Fashion_Beauty,54.68,-0.37,-0.62
2025-02-09,IN,India,Fitness_Wearables,70.07,0.68,1.19
2025-02-09,IN,India,Nutrition_Diets,74.19,-2.21,-2.08
2025-02-09,JP,Japan,Fashion_Beauty,23.57,0.71,0.83
2025-02-09,JP,Japan,Fitness_Wearables,30.97,0.33,2.21
2025-02-09,JP,Japan,Nutrition_Diets,12.28,0.68,1.07
2025-02-09,KE,Kenya,Fashion_Beauty,75.78,3.11,5.07
2025-02-09,KE,Kenya,Fitness_Wearables,79.21,2.85,9.78
2025-02-09,KE,Kenya,Nutrition_Diets,76.85,-2.42,-8.92
2025-02-09,MX,Mexico,Fashion_Beauty,56.11,-1.91,-1.51
2025-02-09,MX,Mexico,Fitness_Wearables,69.86,-3.48,-3.59
2025-02-09,MX,Mexico,Nutrition_Diets,29.58,-1.17,0.81
2025-02-09,NG,Nigeria,Fashion_Beauty,70.38,-3.75,-1.58
2025-02-09,NG,Nigeria,Fitness_Wearables,71.43,-3.7,-7.23
2025-02-09,NG,Nigeria,Nutrition_Diets,72.67,-3.99,2.3
2025-02-09,SG,Singapore,Fashion_Beauty,47.96,2.31,5.98
2025-02-09,SG,Singapore,Fitness_Wearables,64.58,-0.3,5.07
2025-02-09,SG,Singapore,Nutrition_Diets,51.75,0.64,2.23
2025-02-09,US,United_States,Fashion_Beauty,41.31,-1.56,-3.46
2025-02-09,US,United_States,Fitness_Wearables,53.29,-3.4,-2.21
2025-02-09,US,United_States,Nutrition_Diets,53.64,-3.41,-1.93
2025-02-09,ZA,South_Africa,Fashion_Beauty,65.88,0.28,-2.09
2025-02-09,ZA,South_Africa,Fitness_Wearables,80.9,0.48,3.9
2025-02-09,ZA,South_Africa,Nutrition_Diets,73.12,-2.54,-1.63
2025-02-16,AE,United_Arab_Emirates,Fashion_Beauty,63.85,-2.41,0.62
2025-02-16,AE,United_Arab_Emirates,Fitness_Wearables,72.16,-0.1,1.05
2025-02-16,AE,United_Arab_Emirates,Nutrition_Diets,62.57,-1.65,-1.65
2025-02-16,AU,Australia,Fashion_Beauty,59.43,0.62,1.61
2025-02-16,AU,Australia,Fitness_Wearables,83.35,2.36,5.54
2025-02-16,AU,Australia,Nutrition_Diets,78.72,-3.83,-5.32
2025-02-16,BR,Brazil,Fashion_Beauty,52.77,2.34,3.94
2025-02-16,BR,Brazil,Fitness_Wearables,70.97,-4,-1.89
2025-02-16,BR,Brazil,Nutrition_Diets,35.64,-0.53,0.21
2025-02-16,CA,Canada,Fashion_Beauty,60.75,-1.54,-3.85
2025-02-16,CA,Canada,Fitness_Wearables,71.41,4.71,5.44
2025-02-16,CA,Canada,Nutrition_Diets,74.17,0.9,0.18
2025-02-16,CN,China,Fashion_Beauty,17.14,3.35,2.23
2025-02-16,CN,China,Fitness_Wearables,31.56,0.62,0.37
2025-02-16,CN,China,Nutrition_Diets,7.22,-0.3,-1.35
2025-02-16,DE,Germany,Fashion_Beauty,39.89,1.45,4.91
2025-02-16,DE,Germany,Fitness_Wearables,66.4,-1.48,2.83
2025-02-16,DE,Germany,Nutrition_Diets,41.35,1.25,4.24
2025-02-16,FR,France,Fashion_Beauty,29.8,-0.37,1.01
2025-02-16,FR,France,Fitness_Wearables,60.3,0,4.85
2025-02-16,FR,France,Nutrition_Diets,36.37,0.9,0.9
2025-02-16,GB,United_Kingdom,Fashion_Beauty,48.72,0.35,1.05
2025-02-16,GB,United_Kingdom,Fitness_Wearables,70.6,-1.45,3.62
2025-02-16,GB,United_Kingdom,Nutrition_Diets,76.92,0.8,5.7
2025-02-16,IN,India,Fashion_Beauty,51.85,-2.83,-2.46
2025-02-16,IN,India,Fitness_Wearables,69.05,-1.02,-1.7
2025-02-16,IN,India,Nutrition_Diets,77.97,3.78,5.99
2025-02-16,JP,Japan,Fashion_Beauty,24.4,0.83,0.12
2025-02-16,JP,Japan,Fitness_Wearables,30.97,0,-0.33
2025-02-16,JP,Japan,Nutrition_Diets,14.04,1.76,1.08
2025-02-16,KE,Kenya,Fashion_Beauty,79.54,3.76,0.65
2025-02-16,KE,Kenya,Fitness_Wearables,80.57,1.36,-1.49
2025-02-16,KE,Kenya,Nutrition_Diets,81.48,4.63,7.05
2025-02-16,MX,Mexico,Fashion_Beauty,56.79,0.68,2.59
2025-02-16,MX,Mexico,Fitness_Wearables,70.18,0.32,3.8
2025-02-16,MX,Mexico,Nutrition_Diets,32.91,3.33,4.5
2025-02-16,NG,Nigeria,Fashion_Beauty,69.8,-0.58,3.17
2025-02-16,NG,Nigeria,Fitness_Wearables,65.88,-5.55,-1.85
2025-02-16,NG,Nigeria,Nutrition_Diets,75.94,3.27,7.26
2025-02-16,SG,Singapore,Fashion_Beauty,46.18,-1.78,-4.09
2025-02-16,SG,Singapore,Fitness_Wearables,64.98,0.4,0.7
2025-02-16,SG,Singapore,Nutrition_Diets,50.8,-0.95,-1.59
2025-02-16,US,United_States,Fashion_Beauty,42.35,1.04,2.6
2025-02-16,US,United_States,Fitness_Wearables,57.58,4.29,7.69
2025-02-16,US,United_States,Nutrition_Diets,59.45,5.81,9.22
2025-02-16,ZA,South_Africa,Fashion_Beauty,64.07,-1.81,-2.09
2025-02-16,ZA,South_Africa,Fitness_Wearables,77.95,-2.95,-3.43
2025-02-16,ZA,South_Africa,Nutrition_Diets,70.89,-2.23,0.31
2025-02-23,AE,United_Arab_Emirates,Fashion_Beauty,61.79,-2.06,0.35
2025-02-23,AE,United_Arab_Emirates,Fitness_Wearables,68.61,-3.55,-3.45
2025-02-23,AE,United_Arab_Emirates,Nutrition_Diets,57.89,-4.68,-3.03
2025-02-23,AU,Australia,Fashion_Beauty,60.55,1.12,0.5
2025-02-23,AU,Australia,Fitness_Wearables,82.22,-1.13,-3.49
2025-02-23,AU,Australia,Nutrition_Diets,79.04,0.32,4.15
2025-02-23,BR,Brazil,Fashion_Beauty,51.29,-1.48,-3.82
2025-02-23,BR,Brazil,Fitness_Wearables,66.17,-4.8,-0.8
2025-02-23,BR,Brazil,Nutrition_Diets,33.72,-1.92,-1.39
2025-02-23,CA,Canada,Fashion_Beauty,60.42,-0.33,1.21
2025-02-23,CA,Canada,Fitness_Wearables,71.52,0.11,-4.6
2025-02-23,CA,Canada,Nutrition_Diets,75.25,1.08,0.18
2025-02-23,CN,China,Fashion_Beauty,16.89,-0.25,-3.6
2025-02-23,CN,China,Fitness_Wearables,29.08,-2.48,-3.1
2025-02-23,CN,China,Nutrition_Diets,8.57,1.35,1.65
2025-02-23,DE,Germany,Fashion_Beauty,39.22,-0.67,-2.12
2025-02-23,DE,Germany,Fitness_Wearables,62.43,-3.97,-2.49
2025-02-23,DE,Germany,Nutrition_Diets,37.97,-3.38,-4.63
2025-02-23,FR,France,Fashion_Beauty,30.92,1.12,1.49
2025-02-23,FR,France,Fitness_Wearables,61.25,0.95,0.95
2025-02-23,FR,France,Nutrition_Diets,35.71,-0.66,-1.56
2025-02-23,GB,United_Kingdom,Fashion_Beauty,49.42,0.7,0.35
2025-02-23,GB,United_Kingdom,Fitness_Wearables,72.36,1.76,3.21
2025-02-23,GB,United_Kingdom,Nutrition_Diets,77.82,0.9,0.1
2025-02-23,IN,India,Fashion_Beauty,50.74,-1.11,1.72
2025-02-23,IN,India,Fitness_Wearables,67.18,-1.87,-0.85
2025-02-23,IN,India,Nutrition_Diets,74.58,-3.39,-7.17
2025-02-23,JP,Japan,Fashion_Beauty,24.29,-0.11,-0.94
2025-02-23,JP,Japan,Fitness_Wearables,30.2,-0.77,-0.77
2025-02-23,JP,Japan,Nutrition_Diets,12.96,-1.08,-2.84
2025-02-23,KE,Kenya,Fashion_Beauty,80.03,0.49,-3.27
2025-02-23,KE,Kenya,Fitness_Wearables,76.36,-4.21,-5.57
2025-02-23,KE,Kenya,Nutrition_Diets,67.81,-13.67,-18.3
2025-02-23,MX,Mexico,Fashion_Beauty,55.57,-1.22,-1.9
2025-02-23,MX,Mexico,Fitness_Wearables,67.79,-2.39,-2.71
2025-02-23,MX,Mexico,Nutrition_Diets,30.75,-2.16,-5.49
2025-02-23,NG,Nigeria,Fashion_Beauty,70.81,1.01,1.59
2025-02-23,NG,Nigeria,Fitness_Wearables,73.95,8.07,13.62
2025-02-23,NG,Nigeria,Nutrition_Diets,76.42,0.48,-2.79
2025-02-23,SG,Singapore,Fashion_Beauty,46.39,0.21,1.99
2025-02-23,SG,Singapore,Fitness_Wearables,64.68,-0.3,-0.7
2025-02-23,SG,Singapore,Nutrition_Diets,51.33,0.53,1.48
2025-02-23,US,United_States,Fashion_Beauty,42.35,0,-1.04
2025-02-23,US,United_States,Fitness_Wearables,58.58,1,-3.29
2025-02-23,US,United_States,Nutrition_Diets,59.17,-0.28,-6.09
2025-02-23,ZA,South_Africa,Fashion_Beauty,67.83,3.76,5.57
2025-02-23,ZA,South_Africa,Fitness_Wearables,79.95,2,4.95
2025-02-23,ZA,South_Africa,Nutrition_Diets,71.3,0.41,2.64
2025-03-02,AE,United_Arab_Emirates,Fashion_Beauty,63.6,1.81,3.87
2025-03-02,AE,United_Arab_Emirates,Fitness_Wearables,73.51,4.9,8.45
2025-03-02,AE,United_Arab_Emirates,Nutrition_Diets,58.44,0.55,5.23
2025-03-02,AU,Australia,Fashion_Beauty,59.31,-1.24,-2.36
2025-03-02,AU,Australia,Fitness_Wearables,76.36,-5.86,-4.73
2025-03-02,AU,Australia,Nutrition_Diets,71.6,-7.44,-7.76
2025-03-02,BR,Brazil,Fashion_Beauty,54.25,2.96,4.44
2025-03-02,BR,Brazil,Fitness_Wearables,63.96,-2.21,2.59
2025-03-02,BR,Brazil,Nutrition_Diets,32.23,-1.49,0.43
2025-03-02,CA,Canada,Fashion_Beauty,61.3,0.88,1.21
2025-03-02,CA,Canada,Fitness_Wearables,71.2,-0.32,-0.43
2025-03-02,CA,Canada,Nutrition_Diets,72.46,-2.79,-3.87
2025-03-02,CN,China,Fashion_Beauty,14.41,-2.48,-2.23
2025-03-02,CN,China,Fitness_Wearables,28.71,-0.37,2.11
2025-03-02,CN,China,Nutrition_Diets,8.42,-0.15,-1.5
2025-03-02,DE,Germany,Fashion_Beauty,41.01,1.79,2.46
2025-03-02,DE,Germany,Fitness_Wearables,65.27,2.84,6.81
2025-03-02,DE,Germany,Nutrition_Diets,39.03,1.06,4.44
2025-03-02,FR,France,Fashion_Beauty,36.41,5.49,4.37
2025-03-02,FR,France,Fitness_Wearables,57.13,-4.12,-5.07
2025-03-02,FR,France,Nutrition_Diets,35.63,-0.08,0.58
2025-03-02,GB,United_Kingdom,Fashion_Beauty,49.18,-0.24,-0.94
2025-03-02,GB,United_Kingdom,Fitness_Wearables,72.67,0.31,-1.45
2025-03-02,GB,United_Kingdom,Nutrition_Diets,78.82,1,0.1
2025-03-02,IN,India,Fashion_Beauty,56.28,5.54,6.65
2025-03-02,IN,India,Fitness_Wearables,77.04,9.86,11.73
2025-03-02,IN,India,Nutrition_Diets,75.49,0.91,4.3
2025-03-02,JP,Japan,Fashion_Beauty,23.93,-0.36,-0.25
2025-03-02,JP,Japan,Fitness_Wearables,28.65,-1.55,-0.78
2025-03-02,JP,Japan,Nutrition_Diets,12.28,-0.68,0.4
2025-03-02,KE,Kenya,Fashion_Beauty,71.19,-8.84,-9.33
2025-03-02,KE,Kenya,Fitness_Wearables,83.56,7.2,11.41
2025-03-02,KE,Kenya,Nutrition_Diets,72.11,4.3,17.97
2025-03-02,MX,Mexico,Fashion_Beauty,53.8,-1.77,-0.55
2025-03-02,MX,Mexico,Fitness_Wearables,67.03,-0.76,1.63
2025-03-02,MX,Mexico,Nutrition_Diets,32.73,1.98,4.14
2025-03-02,NG,Nigeria,Fashion_Beauty,69.22,-1.59,-2.6
2025-03-02,NG,Nigeria,Fitness_Wearables,72.94,-1.01,-9.08
2025-03-02,NG,Nigeria,Nutrition_Diets,73.16,-3.26,-3.74
2025-03-02,SG,Singapore,Fashion_Beauty,45.76,-0.63,-0.84
2025-03-02,SG,Singapore,Fitness_Wearables,60.9,-3.78,-3.48
2025-03-02,SG,Singapore,Nutrition_Diets,50.69,-0.64,-1.17
2025-03-02,US,United_States,Fashion_Beauty,41.92,-0.43,-0.43
2025-03-02,US,United_States,Fitness_Wearables,57.58,-1,-2
2025-03-02,US,United_States,Nutrition_Diets,58.06,-1.11,-0.83
2025-03-02,ZA,South_Africa,Fashion_Beauty,66.43,-1.4,-5.16
2025-03-02,ZA,South_Africa,Fitness_Wearables,79.72,-0.23,-2.23
2025-03-02,ZA,South_Africa,Nutrition_Diets,69.78,-1.52,-1.93
2025-03-09,AE,United_Arab_Emirates,Fashion_Beauty,70.01,6.41,4.6
2025-03-09,AE,United_Arab_Emirates,Fitness_Wearables,75.39,1.88,-3.02
2025-03-09,AE,United_Arab_Emirates,Nutrition_Diets,61.65,3.21,2.66
2025-03-09,AU,Australia,Fashion_Beauty,59.8,0.49,1.73
2025-03-09,AU,Australia,Fitness_Wearables,80.78,4.42,10.28
2025-03-09,AU,Australia,Nutrition_Diets,78.94,7.34,14.78
2025-03-09,BR,Brazil,Fashion_Beauty,54.13,-0.12,-3.08
2025-03-09,BR,Brazil,Fitness_Wearables,67.07,3.11,5.32
2025-03-09,BR,Brazil,Nutrition_Diets,36.6,4.37,5.86
2025-03-09,CA,Canada,Fashion_Beauty,61.96,0.66,-0.22
2025-03-09,CA,Canada,Fitness_Wearables,73.3,2.1,2.42
2025-03-09,CA,Canada,Nutrition_Diets,75.79,3.33,6.12
2025-03-09,CN,China,Fashion_Beauty,17.14,2.73,5.21
2025-03-09,CN,China,Fitness_Wearables,27.48,-1.23,-0.86
2025-03-09,CN,China,Nutrition_Diets,6.77,-1.65,-1.5
2025-03-09,DE,Germany,Fashion_Beauty,42.68,1.67,-0.12
2025-03-09,DE,Germany,Fitness_Wearables,66.63,1.36,-1.48
2025-03-09,DE,Germany,Nutrition_Diets,41.84,2.81,1.75
2025-03-09,FR,France,Fashion_Beauty,34.41,-2,-7.49
2025-03-09,FR,France,Fitness_Wearables,59.03,1.9,6.02
2025-03-09,FR,France,Nutrition_Diets,35.96,0.33,0.41
2025-03-09,GB,United_Kingdom,Fashion_Beauty,50.47,1.29,1.53
2025-03-09,GB,United_Kingdom,Fitness_Wearables,70.7,-1.97,-2.28
2025-03-09,GB,United_Kingdom,Nutrition_Diets,78.32,-0.5,-1.5
2025-03-09,IN,India,Fashion_Beauty,57.27,0.99,-4.55
2025-03-09,IN,India,Fitness_Wearables,82.99,5.95,-3.91
2025-03-09,IN,India,Nutrition_Diets,75.1,-0.39,-1.3
2025-03-09,JP,Japan,Fashion_Beauty,23.45,-0.48,-0.12
2025-03-09,JP,Japan,Fitness_Wearables,29.54,0.89,2.44
2025-03-09,JP,Japan,Nutrition_Diets,11.89,-0.39,0.29
2025-03-09,KE,Kenya,Fashion_Beauty,77.58,6.39,15.23
2025-03-09,KE,Kenya,Fitness_Wearables,73.78,-9.78,-16.98
2025-03-09,KE,Kenya,Nutrition_Diets,68.91,-3.2,-7.5
2025-03-09,MX,Mexico,Fashion_Beauty,54.21,0.41,2.18
2025-03-09,MX,Mexico,Fitness_Wearables,72.14,5.11,5.87
2025-03-09,MX,Mexico,Nutrition_Diets,33.09,0.36,-1.62
2025-03-09,NG,Nigeria,Fashion_Beauty,70.81,1.59,3.18
2025-03-09,NG,Nigeria,Fitness_Wearables,68.4,-4.54,-3.53
2025-03-09,NG,Nigeria,Nutrition_Diets,71.7,-1.46,1.8
2025-03-09,SG,Singapore,Fashion_Beauty,46.28,0.52,1.15
2025-03-09,SG,Singapore,Fitness_Wearables,62.29,1.39,5.17
2025-03-09,SG,Singapore,Nutrition_Diets,49.31,-1.38,-0.74
2025-03-09,US,United_States,Fashion_Beauty,41.83,-0.09,0.34
2025-03-09,US,United_States,Fitness_Wearables,56.19,-1.39,-0.39
2025-03-09,US,United_States,Nutrition_Diets,60.46,2.4,3.51
2025-03-09,ZA,South_Africa,Fashion_Beauty,68.38,1.95,3.35
2025-03-09,ZA,South_Africa,Fitness_Wearables,80.9,1.18,1.41
2025-03-09,ZA,South_Africa,Nutrition_Diets,68.86,-0.92,0.6
2025-03-16,AE,United_Arab_Emirates,Fashion_Beauty,74.73,4.72,-1.69
2025-03-16,AE,United_Arab_Emirates,Fitness_Wearables,74.56,-0.83,-2.71
2025-03-16,AE,United_Arab_Emirates,Nutrition_Diets,59.91,-1.74,-4.95
2025-03-16,AU,Australia,Fashion_Beauty,61.91,2.11,1.62
2025-03-16,AU,Australia,Fitness_Wearables,78.21,-2.57,-6.99
2025-03-16,AU,Australia,Nutrition_Diets,76.91,-2.03,-9.37
2025-03-16,BR,Brazil,Fashion_Beauty,55.86,1.73,1.85
2025-03-16,BR,Brazil,Fitness_Wearables,70.27,3.2,0.09
2025-03-16,BR,Brazil,Nutrition_Diets,37.77,1.17,-3.2
2025-03-16,CA,Canada,Fashion_Beauty,64.5,2.54,1.88
2025-03-16,CA,Canada,Fitness_Wearables,72.57,-0.73,-2.83
2025-03-16,CA,Canada,Nutrition_Diets,77.05,1.26,-2.07
2025-03-16,CN,China,Fashion_Beauty,17.52,0.38,-2.35
2025-03-16,CN,China,Fitness_Wearables,30.94,3.46,4.69
2025-03-16,CN,China,Nutrition_Diets,8.12,1.35,3
2025-03-16,DE,Germany,Fashion_Beauty,42.57,-0.11,-1.78
2025-03-16,DE,Germany,Fitness_Wearables,66.4,-0.23,-1.59
2025-03-16,DE,Germany,Nutrition_Diets,39.9,-1.94,-4.75
2025-03-16,FR,France,Fashion_Beauty,30.67,-3.74,-1.74
2025-03-16,FR,France,Fitness_Wearables,60.4,1.37,-0.53
2025-03-16,FR,France,Nutrition_Diets,38.18,2.22,1.89
2025-03-16,GB,United_Kingdom,Fashion_Beauty,49.65,-0.82,-2.11
2025-03-16,GB,United_Kingdom,Fitness_Wearables,73.71,3.01,4.98
2025-03-16,GB,United_Kingdom,Nutrition_Diets,77.62,-0.7,-0.2
2025-03-16,IN,India,Fashion_Beauty,59.85,2.58,1.59
2025-03-16,IN,India,Fitness_Wearables,86.05,3.06,-2.89
2025-03-16,IN,India,Nutrition_Diets,83.83,8.73,9.12
2025-03-16,JP,Japan,Fashion_Beauty,25.24,1.79,2.27
2025-03-16,JP,Japan,Fitness_Wearables,30.64,1.1,0.21
2025-03-16,JP,Japan,Nutrition_Diets,12.67,0.78,1.17
2025-03-16,KE,Kenya,Fashion_Beauty,76.43,-1.15,-7.54
2025-03-16,KE,Kenya,Fitness_Wearables,78.53,4.75,14.53
2025-03-16,KE,Kenya,Nutrition_Diets,80.26,11.35,14.55
2025-03-16,MX,Mexico,Fashion_Beauty,57.2,2.99,2.58
2025-03-16,MX,Mexico,Fitness_Wearables,69.86,-2.28,-7.39
2025-03-16,MX,Mexico,Nutrition_Diets,33.36,0.27,-0.09
2025-03-16,NG,Nigeria,Fashion_Beauty,80.78,9.97,8.38
2025-03-16,NG,Nigeria,Fitness_Wearables,75.13,6.73,11.27
2025-03-16,NG,Nigeria,Nutrition_Diets,75.09,3.39,4.85
2025-03-16,SG,Singapore,Fashion_Beauty,47.85,1.57,1.05
2025-03-16,SG,Singapore,Fitness_Wearables,63.48,1.19,-0.2
2025-03-16,SG,Singapore,Nutrition_Diets,46.87,-2.44,-1.06
2025-03-16,US,United_States,Fashion_Beauty,42.52,0.69,0.78
2025-03-16,US,United_States,Fitness_Wearables,55.09,-1.1,0.29
2025-03-16,US,United_States,Nutrition_Diets,57.6,-2.86,-5.26
2025-03-16,ZA,South_Africa,Fashion_Beauty,71.31,2.93,0.98
2025-03-16,ZA,South_Africa,Fitness_Wearables,79.72,-1.18,-2.36
2025-03-16,ZA,South_Africa,Nutrition_Diets,64.1,-4.76,-3.84
2025-03-23,AE,United_Arab_Emirates,Fashion_Beauty,77.51,2.78,-1.94
2025-03-23,AE,United_Arab_Emirates,Fitness_Wearables,67.26,-7.3,-6.47
2025-03-23,AE,United_Arab_Emirates,Nutrition_Diets,56.33,-3.58,-1.84
2025-03-23,AU,Australia,Fashion_Beauty,62.41,0.5,-1.61
2025-03-23,AU,Australia,Fitness_Wearables,80.16,1.95,4.52
2025-03-23,AU,Australia,Nutrition_Diets,80,3.09,5.12
2025-03-23,BR,Brazil,Fashion_Beauty,54.99,-0.87,-2.6
2025-03-23,BR,Brazil,Fitness_Wearables,69.37,-0.9,-4.1
2025-03-23,BR,Brazil,Nutrition_Diets,35.53,-2.24,-3.41
2025-03-23,CA,Canada,Fashion_Beauty,63.07,-1.43,-3.97
2025-03-23,CA,Canada,Fitness_Wearables,73.72,1.15,1.88
2025-03-23,CA,Canada,Nutrition_Diets,77.5,0.45,-0.81
2025-03-23,CN,China,Fashion_Beauty,17.39,-0.13,-0.51
2025-03-23,CN,China,Fitness_Wearables,25.37,-5.57,-9.03
2025-03-23,CN,China,Nutrition_Diets,6.47,-1.65,-3
2025-03-23,DE,Germany,Fashion_Beauty,44.02,1.45,1.56
2025-03-23,DE,Germany,Fitness_Wearables,68.22,1.82,2.05
2025-03-23,DE,Germany,Nutrition_Diets,40.58,0.68,2.62
2025-03-23,FR,France,Fashion_Beauty,30.92,0.25,3.99
2025-03-23,FR,France,Fitness_Wearables,59.45,-0.95,-2.32
2025-03-23,FR,France,Nutrition_Diets,37.36,-0.82,-3.04
2025-03-23,GB,United_Kingdom,Fashion_Beauty,50.12,0.47,1.29
2025-03-23,GB,United_Kingdom,Fitness_Wearables,72.57,-1.14,-4.15
2025-03-23,GB,United_Kingdom,Nutrition_Diets,76.22,-1.4,-0.7
2025-03-23,IN,India,Fashion_Beauty,52.34,-7.51,-10.09
2025-03-23,IN,India,Fitness_Wearables,63.61,-22.44,-25.5
2025-03-23,IN,India,Nutrition_Diets,73.01,-10.82,-19.55
2025-03-23,JP,Japan,Fashion_Beauty,25.24,0,-1.79
2025-03-23,JP,Japan,Fitness_Wearables,31.75,1.11,0.01
2025-03-23,JP,Japan,Nutrition_Diets,13.35,0.68,-0.1
2025-03-23,KE,Kenya,Fashion_Beauty,77.58,1.15,2.3
2025-03-23,KE,Kenya,Fitness_Wearables,73.78,-4.75,-9.5
2025-03-23,KE,Kenya,Nutrition_Diets,71.44,-8.82,-20.17
2025-03-23,MX,Mexico,Fashion_Beauty,56.39,-0.81,-3.8
2025-03-23,MX,Mexico,Fitness_Wearables,66.92,-2.94,-0.66
2025-03-23,MX,Mexico,Nutrition_Diets,32.01,-1.35,-1.62
2025-03-23,NG,Nigeria,Fashion_Beauty,77.6,-3.18,-13.15
2025-03-23,NG,Nigeria,Fitness_Wearables,71.6,-3.53,-10.26
2025-03-23,NG,Nigeria,Nutrition_Diets,69.53,-5.56,-8.95
2025-03-23,SG,Singapore,Fashion_Beauty,47.85,0,-1.57
2025-03-23,SG,Singapore,Fitness_Wearables,63.28,-0.2,-1.39
2025-03-23,SG,Singapore,Nutrition_Diets,50.16,3.29,5.73
2025-03-23,US,United_States,Fashion_Beauty,41.92,-0.6,-1.29
2025-03-23,US,United_States,Fitness_Wearables,53.49,-1.6,-0.5
2025-03-23,US,United_States,Nutrition_Diets,58.16,0.56,3.42
2025-03-23,ZA,South_Africa,Fashion_Beauty,72.84,1.53,-1.4
2025-03-23,ZA,South_Africa,Fitness_Wearables,72.76,-6.96,-5.78
2025-03-23,ZA,South_Africa,Nutrition_Diets,60.85,-3.25,1.51
2025-03-30,AE,United_Arab_Emirates,Fashion_Beauty,72.79,-4.72,-7.5
2025-03-30,AE,United_Arab_Emirates,Fitness_Wearables,70.7,3.44,10.74
2025-03-30,AE,United_Arab_Emirates,Nutrition_Diets,61.93,5.6,9.18
2025-03-30,AU,Australia,Fashion_Beauty,61.29,-1.12,-1.62
2025-03-30,AU,Australia,Fitness_Wearables,76.46,-3.7,-5.65
2025-03-30,AU,Australia,Nutrition_Diets,77.98,-2.02,-5.11
2025-03-30,BR,Brazil,Fashion_Beauty,54.5,-0.49,0.38
2025-03-30,BR,Brazil,Fitness_Wearables,66.17,-3.2,-2.3
2025-03-30,BR,Brazil,Nutrition_Diets,34.36,-1.17,1.07
2025-03-30,CA,Canada,Fashion_Beauty,62.29,-0.78,0.65
2025-03-30,CA,Canada,Fitness_Wearables,69.74,-3.98,-5.13
2025-03-30,CA,Canada,Nutrition_Diets,72.19,-5.31,-5.76
2025-03-30,CN,China,Fashion_Beauty,15.9,-1.49,-1.36
2025-03-30,CN,China,Fitness_Wearables,27.72,2.35,7.92
2025-03-30,CN,China,Nutrition_Diets,6.17,-0.3,1.35
2025-03-30,DE,Germany,Fashion_Beauty,47.15,3.13,1.68
2025-03-30,DE,Germany,Fitness_Wearables,67.54,-0.68,-2.5
2025-03-30,DE,Germany,Nutrition_Diets,39.9,-0.68,-1.36
2025-03-30,FR,France,Fashion_Beauty,31.8,0.88,0.63
2025-03-30,FR,France,Fitness_Wearables,60.61,1.16,2.11
2025-03-30,FR,France,Nutrition_Diets,37.68,0.32,1.14
2025-03-30,GB,United_Kingdom,Fashion_Beauty,47.55,-2.57,-3.04
2025-03-30,GB,United_Kingdom,Fitness_Wearables,71.53,-1.04,0.1
2025-03-30,GB,United_Kingdom,Nutrition_Diets,72.73,-3.49,-2.09
2025-03-30,IN,India,Fashion_Beauty,55.67,3.33,10.84
2025-03-30,IN,India,Fitness_Wearables,64.12,0.51,22.95
2025-03-30,IN,India,Nutrition_Diets,73.79,0.78,11.6
2025-03-30,JP,Japan,Fashion_Beauty,27.02,1.78,1.78
2025-03-30,JP,Japan,Fitness_Wearables,33.19,1.44,0.33
2025-03-30,JP,Japan,Nutrition_Diets,13.94,0.59,-0.09
2025-03-30,KE,Kenya,Fashion_Beauty,75.29,-2.29,-3.44
2025-03-30,KE,Kenya,Fitness_Wearables,73.1,-0.68,4.07
2025-03-30,KE,Kenya,Nutrition_Diets,62.62,-8.82,7.11E-15
2025-03-30,MX,Mexico,Fashion_Beauty,54.35,-2.04,-1.23
2025-03-30,MX,Mexico,Fitness_Wearables,65.61,-1.31,1.63
2025-03-30,MX,Mexico,Nutrition_Diets,30.39,-1.62,-0.27
2025-03-30,NG,Nigeria,Fashion_Beauty,72.11,-5.49,-2.31
2025-03-30,NG,Nigeria,Fitness_Wearables,71.09,-0.51,3.02
2025-03-30,NG,Nigeria,Nutrition_Diets,68.2,-1.33,4.23
2025-03-30,SG,Singapore,Fashion_Beauty,49.21,1.36,1.36
2025-03-30,SG,Singapore,Fitness_Wearables,64.48,1.2,1.4
2025-03-30,SG,Singapore,Nutrition_Diets,48.25,-1.91,-5.2
2025-03-30,US,United_States,Fashion_Beauty,42.78,0.86,1.46
2025-03-30,US,United_States,Fitness_Wearables,53.89,0.4,2
2025-03-30,US,United_States,Nutrition_Diets,57.24,-0.92,-1.48
2025-03-30,ZA,South_Africa,Fashion_Beauty,72.42,-0.42,-1.95
2025-03-30,ZA,South_Africa,Fitness_Wearables,71.58,-1.18,5.78
2025-03-30,ZA,South_Africa,Nutrition_Diets,59.23,-1.62,1.63
2025-04-06,AE,United_Arab_Emirates,Fashion_Beauty,69.89,-2.9,1.82
2025-04-06,AE,United_Arab_Emirates,Fitness_Wearables,73.83,3.13,-0.31
2025-04-06,AE,United_Arab_Emirates,Nutrition_Diets,65.87,3.94,-1.66
2025-04-06,AU,Australia,Fashion_Beauty,62.03,0.74,1.86
2025-04-06,AU,Australia,Fitness_Wearables,75.54,-0.92,2.78
2025-04-06,AU,Australia,Nutrition_Diets,75.74,-2.24,-0.22
2025-04-06,BR,Brazil,Fashion_Beauty,53.51,-0.99,-0.5
2025-04-06,BR,Brazil,Fitness_Wearables,65.47,-0.7,2.5
2025-04-06,BR,Brazil,Nutrition_Diets,35.32,0.96,2.13
2025-04-06,CA,Canada,Fashion_Beauty,64.28,1.99,2.77
2025-04-06,CA,Canada,Fitness_Wearables,68.59,-1.15,2.83
2025-04-06,CA,Canada,Nutrition_Diets,73,0.81,6.12
2025-04-06,CN,China,Fashion_Beauty,14.91,-0.99,0.5
2025-04-06,CN,China,Fitness_Wearables,22.4,-5.32,-7.67
2025-04-06,CN,China,Nutrition_Diets,6.02,-0.15,0.15
2025-04-06,DE,Germany,Fashion_Beauty,43.69,-3.46,-6.59
2025-04-06,DE,Germany,Fitness_Wearables,65.95,-1.59,-0.91
2025-04-06,DE,Germany,Nutrition_Diets,39.71,-0.19,0.49
2025-04-06,FR,France,Fashion_Beauty,29.93,-1.87,-2.75
2025-04-06,FR,France,Fitness_Wearables,55.65,-4.96,-6.12
2025-04-06,FR,France,Nutrition_Diets,37.44,-0.24,-0.56
2025-04-06,GB,United_Kingdom,Fashion_Beauty,48.6,1.05,3.62
2025-04-06,GB,United_Kingdom,Fitness_Wearables,69.77,-1.76,-0.72
2025-04-06,GB,United_Kingdom,Nutrition_Diets,75.42,2.69,6.18
2025-04-06,IN,India,Fashion_Beauty,49.63,-6.04,-9.37
2025-04-06,IN,India,Fitness_Wearables,67.52,3.4,2.89
2025-04-06,IN,India,Nutrition_Diets,76.53,2.74,1.96
2025-04-06,JP,Japan,Fashion_Beauty,31.55,4.53,2.75
2025-04-06,JP,Japan,Fitness_Wearables,36.06,2.87,1.43
2025-04-06,JP,Japan,Nutrition_Diets,16.76,2.82,2.23
2025-04-06,KE,Kenya,Fashion_Beauty,68.25,-7.04,-4.75
2025-04-06,KE,Kenya,Fitness_Wearables,78.13,5.03,5.71
2025-04-06,KE,Kenya,Nutrition_Diets,62.95,0.33,9.15
2025-04-06,MX,Mexico,Fashion_Beauty,58.97,4.62,6.66
2025-04-06,MX,Mexico,Fitness_Wearables,64.85,-0.76,0.55
2025-04-06,MX,Mexico,Nutrition_Diets,31.74,1.35,2.97
2025-04-06,NG,Nigeria,Fashion_Beauty,71.39,-0.72,4.77
2025-04-06,NG,Nigeria,Fitness_Wearables,70.92,-0.17,0.34
2025-04-06,NG,Nigeria,Nutrition_Diets,65.66,-2.54,-1.21
2025-04-06,SG,Singapore,Fashion_Beauty,45.65,-3.56,-4.92
2025-04-06,SG,Singapore,Fitness_Wearables,61.09,-3.39,-4.59
2025-04-06,SG,Singapore,Nutrition_Diets,49.1,0.85,2.76
2025-04-06,US,United_States,Fashion_Beauty,42.09,-0.69,-1.55
2025-04-06,US,United_States,Fitness_Wearables,53.29,-0.6,-1
2025-04-06,US,United_States,Nutrition_Diets,56.96,-0.28,0.64
2025-04-06,ZA,South_Africa,Fashion_Beauty,68.66,-3.76,-3.34
2025-04-06,ZA,South_Africa,Fitness_Wearables,72.41,0.83,2.01
2025-04-06,ZA,South_Africa,Nutrition_Diets,63.18,3.95,5.57
2025-04-13,AE,United_Arab_Emirates,Fashion_Beauty,64.45,-5.44,-2.54
2025-04-13,AE,United_Arab_Emirates,Fitness_Wearables,72.99,-0.84,-3.97
2025-04-13,AE,United_Arab_Emirates,Nutrition_Diets,65.87,0,-3.94
2025-04-13,AU,Australia,Fashion_Beauty,60.55,-1.48,-2.22
2025-04-13,AU,Australia,Fitness_Wearables,75.23,-0.31,0.61
2025-04-13,AU,Australia,Nutrition_Diets,71.7,-4.04,-1.8
2025-04-13,BR,Brazil,Fashion_Beauty,55.61,2.1,3.09
2025-04-13,BR,Brazil,Fitness_Wearables,61.86,-3.61,-2.91
2025-04-13,BR,Brazil,Nutrition_Diets,35.32,0,-0.96
2025-04-13,CA,Canada,Fashion_Beauty,62.29,-1.99,-3.98
2025-04-13,CA,Canada,Fitness_Wearables,72.36,3.77,4.92
2025-04-13,CA,Canada,Nutrition_Diets,68.77,-4.23,-5.04
2025-04-13,CN,China,Fashion_Beauty,15.4,0.49,1.48
2025-04-13,CN,China,Fitness_Wearables,25.87,3.47,8.79
2025-04-13,CN,China,Nutrition_Diets,6.92,0.9,1.05
2025-04-13,DE,Germany,Fashion_Beauty,42.01,-1.68,1.78
2025-04-13,DE,Germany,Fitness_Wearables,74.01,8.06,9.65
2025-04-13,DE,Germany,Nutrition_Diets,40.29,0.58,0.77
2025-04-13,FR,France,Fashion_Beauty,30.92,0.99,2.86
2025-04-13,FR,France,Fitness_Wearables,59.13,3.48,8.44
2025-04-13,FR,France,Nutrition_Diets,35.3,-2.14,-1.9
2025-04-13,GB,United_Kingdom,Fashion_Beauty,49.18,0.58,-0.47
2025-04-13,GB,United_Kingdom,Fitness_Wearables,71.95,2.18,3.94
2025-04-13,GB,United_Kingdom,Nutrition_Diets,73.53,-1.89,-4.58
2025-04-13,IN,India,Fashion_Beauty,51.11,1.48,7.52
2025-04-13,IN,India,Fitness_Wearables,67.18,-0.34,-3.74
2025-04-13,IN,India,Nutrition_Diets,77.57,1.04,-1.7
2025-04-13,JP,Japan,Fashion_Beauty,32.86,1.31,-3.22
2025-04-13,JP,Japan,Fitness_Wearables,37.5,1.44,-1.43
2025-04-13,JP,Japan,Nutrition_Diets,17.64,0.88,-1.94
2025-04-13,KE,Kenya,Fashion_Beauty,70.21,1.96,9
2025-04-13,KE,Kenya,Fitness_Wearables,70.92,-7.21,-12.24
2025-04-13,KE,Kenya,Nutrition_Diets,64.83,1.88,1.55
2025-04-13,MX,Mexico,Fashion_Beauty,65.49,6.52,1.9
2025-04-13,MX,Mexico,Fitness_Wearables,71.06,6.21,6.97
2025-04-13,MX,Mexico,Nutrition_Diets,32.73,0.99,-0.36
2025-04-13,NG,Nigeria,Fashion_Beauty,70.52,-0.87,-0.15
2025-04-13,NG,Nigeria,Fitness_Wearables,62.52,-8.4,-8.23
2025-04-13,NG,Nigeria,Nutrition_Diets,61.55,-4.11,-1.57
2025-04-13,SG,Singapore,Fashion_Beauty,46.7,1.05,4.61
2025-04-13,SG,Singapore,Fitness_Wearables,62.39,1.3,4.69
2025-04-13,SG,Singapore,Nutrition_Diets,47.4,-1.7,-2.55
2025-04-13,US,United_States,Fashion_Beauty,42.01,-0.08,0.61
2025-04-13,US,United_States,Fitness_Wearables,51.4,-1.89,-1.29
2025-04-13,US,United_States,Nutrition_Diets,55.67,-1.29,-1.01
2025-04-13,ZA,South_Africa,Fashion_Beauty,72.56,3.9,7.66
2025-04-13,ZA,South_Africa,Fitness_Wearables,72.41,0,-0.83
2025-04-13,ZA,South_Africa,Nutrition_Diets,56.8,-6.38,-10.33
2025-04-20,AE,United_Arab_Emirates,Fashion_Beauty,65.66,1.21,6.65
2025-04-20,AE,United_Arab_Emirates,Fitness_Wearables,72.37,-0.62,0.22
2025-04-20,AE,United_Arab_Emirates,Nutrition_Diets,68.53,2.66,2.66
2025-04-20,AU,Australia,Fashion_Beauty,63.4,2.85,4.33
2025-04-20,AU,Australia,Fitness_Wearables,78.01,2.78,3.09
2025-04-20,AU,Australia,Nutrition_Diets,72.87,1.17,5.21
2025-04-20,BR,Brazil,Fashion_Beauty,59.31,3.7,1.6
2025-04-20,BR,Brazil,Fitness_Wearables,64.86,3,6.61
2025-04-20,BR,Brazil,Nutrition_Diets,38.94,3.62,3.62
2025-04-20,CA,Canada,Fashion_Beauty,59.32,-2.97,-0.98
2025-04-20,CA,Canada,Fitness_Wearables,71.31,-1.05,-4.82
2025-04-20,CA,Canada,Nutrition_Diets,69.49,0.72,4.95
2025-04-20,CN,China,Fashion_Beauty,16.89,1.49,1
2025-04-20,CN,China,Fitness_Wearables,27.48,1.61,-1.86
2025-04-20,CN,China,Nutrition_Diets,7.07,0.15,-0.75
2025-04-20,DE,Germany,Fashion_Beauty,42.35,0.34,2.02
2025-04-20,DE,Germany,Fitness_Wearables,75.14,1.13,-6.93
2025-04-20,DE,Germany,Nutrition_Diets,39.9,-0.39,-0.97
2025-04-20,FR,France,Fashion_Beauty,30.92,0,-0.99
2025-04-20,FR,France,Fitness_Wearables,63.57,4.44,0.96
2025-04-20,FR,France,Nutrition_Diets,36.7,1.4,3.54
2025-04-20,GB,United_Kingdom,Fashion_Beauty,48.6,-0.58,-1.16
2025-04-20,GB,United_Kingdom,Fitness_Wearables,73.6,1.65,-0.53
2025-04-20,GB,United_Kingdom,Nutrition_Diets,75.62,2.09,3.98
2025-04-20,IN,India,Fashion_Beauty,47.17,-3.94,-5.42
2025-04-20,IN,India,Fitness_Wearables,67.01,-0.17,0.17
2025-04-20,IN,India,Nutrition_Diets,75.23,-2.34,-3.38
2025-04-20,JP,Japan,Fashion_Beauty,30.36,-2.5,-3.81
2025-04-20,JP,Japan,Fitness_Wearables,36.06,-1.44,-2.88
2025-04-20,JP,Japan,Nutrition_Diets,17.54,-0.1,-0.98
2025-04-20,KE,Kenya,Fashion_Beauty,72.01,1.8,-0.16
2025-04-20,KE,Kenya,Fitness_Wearables,83.42,12.5,19.71
2025-04-20,KE,Kenya,Nutrition_Diets,65.27,0.44,-1.44
2025-04-20,MX,Mexico,Fashion_Beauty,61.68,-3.81,-10.33
2025-04-20,MX,Mexico,Fitness_Wearables,73.78,2.72,-3.49
2025-04-20,MX,Mexico,Nutrition_Diets,34.54,1.81,0.82
2025-04-20,NG,Nigeria,Fashion_Beauty,70.81,0.29,1.16
2025-04-20,NG,Nigeria,Fitness_Wearables,69.58,7.06,15.46
2025-04-20,NG,Nigeria,Nutrition_Diets,68.56,7.01,11.12
2025-04-20,SG,Singapore,Fashion_Beauty,47.54,0.84,-0.21
2025-04-20,SG,Singapore,Fitness_Wearables,62.99,0.6,-0.7
2025-04-20,SG,Singapore,Nutrition_Diets,47.51,0.11,1.81
2025-04-20,US,United_States,Fashion_Beauty,42.61,0.6,0.68
2025-04-20,US,United_States,Fitness_Wearables,53.69,2.29,4.18
2025-04-20,US,United_States,Nutrition_Diets,56.04,0.37,1.66
2025-04-20,ZA,South_Africa,Fashion_Beauty,74.93,2.37,-1.53
2025-04-20,ZA,South_Africa,Fitness_Wearables,72.76,0.35,0.35
2025-04-20,ZA,South_Africa,Nutrition_Diets,56.59,-0.21,6.17
2025-04-27,AE,United_Arab_Emirates,Fashion_Beauty,63.24,-2.42,-3.63
2025-04-27,AE,United_Arab_Emirates,Fitness_Wearables,73.1,0.73,1.35
2025-04-27,AE,United_Arab_Emirates,Nutrition_Diets,64.4,-4.13,-6.79
2025-04-27,AU,Australia,Fashion_Beauty,59.31,-4.09,-6.94
2025-04-27,AU,Australia,Fitness_Wearables,76.67,-1.34,-4.12
2025-04-27,AU,Australia,Nutrition_Diets,77.13,4.26,3.09
2025-04-27,BR,Brazil,Fashion_Beauty,64.24,4.93,1.23
2025-04-27,BR,Brazil,Fitness_Wearables,68.77,3.91,0.91
2025-04-27,BR,Brazil,Nutrition_Diets,40.21,1.27,-2.35
2025-04-27,CA,Canada,Fashion_Beauty,58.77,-0.55,2.42
2025-04-27,CA,Canada,Fitness_Wearables,67.75,-3.56,-2.51
2025-04-27,CA,Canada,Nutrition_Diets,65.98,-3.51,-4.23
2025-04-27,CN,China,Fashion_Beauty,17.27,0.38,-1.11
2025-04-27,CN,China,Fitness_Wearables,31.31,3.83,2.22
2025-04-27,CN,China,Nutrition_Diets,6.32,-0.75,-0.9
2025-04-27,DE,Germany,Fashion_Beauty,42.01,-0.34,-0.68
2025-04-27,DE,Germany,Fitness_Wearables,70.83,-4.31,-5.44
2025-04-27,DE,Germany,Nutrition_Diets,38.84,-1.06,-0.67
2025-04-27,FR,France,Fashion_Beauty,30.17,-0.75,-0.75
2025-04-27,FR,France,Fitness_Wearables,69.06,5.49,1.05
2025-04-27,FR,France,Nutrition_Diets,34.4,-2.3,-3.7
2025-04-27,GB,United_Kingdom,Fashion_Beauty,48.48,-0.12,0.46
2025-04-27,GB,United_Kingdom,Fitness_Wearables,75.67,2.07,0.42
2025-04-27,GB,United_Kingdom,Nutrition_Diets,79.62,4,1.91
2025-04-27,IN,India,Fashion_Beauty,49.88,2.71,6.65
2025-04-27,IN,India,Fitness_Wearables,67.69,0.68,0.85
2025-04-27,IN,India,Nutrition_Diets,76.14,0.91,3.25
2025-04-27,JP,Japan,Fashion_Beauty,28.33,-2.03,0.47
2025-04-27,JP,Japan,Fitness_Wearables,35.18,-0.88,0.56
2025-04-27,JP,Japan,Nutrition_Diets,15.59,-1.95,-1.85
2025-04-27,KE,Kenya,Fashion_Beauty,73,0.99,-0.81
2025-04-27,KE,Kenya,Fitness_Wearables,69.97,-13.45,-25.95
2025-04-27,KE,Kenya,Nutrition_Diets,73.98,8.71,8.27
2025-04-27,MX,Mexico,Fashion_Beauty,61.14,-0.54,3.27
2025-04-27,MX,Mexico,Fitness_Wearables,75.08,1.3,-1.42
2025-04-27,MX,Mexico,Nutrition_Diets,33.63,-0.91,-2.72
2025-04-27,NG,Nigeria,Fashion_Beauty,70.38,-0.43,-0.72
2025-04-27,NG,Nigeria,Fitness_Wearables,70.76,1.18,-5.88
2025-04-27,NG,Nigeria,Nutrition_Diets,73.52,4.96,-2.05
2025-04-27,SG,Singapore,Fashion_Beauty,41.78,-5.76,-6.6
2025-04-27,SG,Singapore,Fitness_Wearables,65.37,2.38,1.78
2025-04-27,SG,Singapore,Nutrition_Diets,45.92,-1.59,-1.7
2025-04-27,US,United_States,Fashion_Beauty,43.82,1.21,0.61
2025-04-27,US,United_States,Fitness_Wearables,56.09,2.4,0.11
2025-04-27,US,United_States,Nutrition_Diets,57.33,1.29,0.92
2025-04-27,ZA,South_Africa,Fashion_Beauty,81.06,6.13,3.76
2025-04-27,ZA,South_Africa,Fitness_Wearables,72.29,-0.47,-0.82
2025-04-27,ZA,South_Africa,Nutrition_Diets,57.4,0.81,1.02
2025-05-04,AE,United_Arab_Emirates,Fashion_Beauty,60.34,-2.9,-0.48
2025-05-04,AE,United_Arab_Emirates,Fitness_Wearables,71.12,-1.98,-2.71
2025-05-04,AE,United_Arab_Emirates,Nutrition_Diets,60.64,-3.76,0.37
2025-05-04,AU,Australia,Fashion_Beauty,64.52,5.21,9.3
2025-05-04,AU,Australia,Fitness_Wearables,76.46,-0.21,1.13
2025-05-04,AU,Australia,Nutrition_Diets,76.38,-0.75,-5.01
2025-05-04,BR,Brazil,Fashion_Beauty,65.1,0.86,-4.07
2025-05-04,BR,Brazil,Fitness_Wearables,71.17,2.4,-1.51
2025-05-04,BR,Brazil,Nutrition_Diets,38.51,-1.7,-2.97
2025-05-04,CA,Canada,Fashion_Beauty,62.95,4.18,4.73
2025-05-04,CA,Canada,Fitness_Wearables,68.69,0.94,4.5
2025-05-04,CA,Canada,Nutrition_Diets,67.78,1.8,5.31
2025-05-04,CN,China,Fashion_Beauty,17.89,0.62,0.24
2025-05-04,CN,China,Fitness_Wearables,26.73,-4.58,-8.41
2025-05-04,CN,China,Nutrition_Diets,6.17,-0.15,0.6
2025-05-04,DE,Germany,Fashion_Beauty,41.23,-0.78,-0.44
2025-05-04,DE,Germany,Fitness_Wearables,66.86,-3.97,0.34
2025-05-04,DE,Germany,Nutrition_Diets,37.78,-1.06,-7.11E-15
2025-05-04,FR,France,Fashion_Beauty,30.55,0.38,1.13
2025-05-04,FR,France,Fitness_Wearables,61.67,-7.39,-12.88
2025-05-04,FR,France,Nutrition_Diets,34.15,-0.25,2.05
2025-05-04,GB,United_Kingdom,Fashion_Beauty,50.82,2.34,2.46
2025-05-04,GB,United_Kingdom,Fitness_Wearables,72.67,-3,-5.07
2025-05-04,GB,United_Kingdom,Nutrition_Diets,77.72,-1.9,-5.9
2025-05-04,IN,India,Fashion_Beauty,46.18,-3.7,-6.41
2025-05-04,IN,India,Fitness_Wearables,65.14,-2.55,-3.23
2025-05-04,IN,India,Nutrition_Diets,70.93,-5.21,-6.12
2025-05-04,JP,Japan,Fashion_Beauty,28.21,-0.12,1.91
2025-05-04,JP,Japan,Fitness_Wearables,34.4,-0.78,0.1
2025-05-04,JP,Japan,Nutrition_Diets,14.04,-1.55,0.4
2025-05-04,KE,Kenya,Fashion_Beauty,65.96,-7.04,-8.03
2025-05-04,KE,Kenya,Fitness_Wearables,70.38,0.41,13.86
2025-05-04,KE,Kenya,Nutrition_Diets,81.15,7.17,-1.54
2025-05-04,MX,Mexico,Fashion_Beauty,62.36,1.22,1.76
2025-05-04,MX,Mexico,Fitness_Wearables,73.67,-1.41,-2.71
2025-05-04,MX,Mexico,Nutrition_Diets,34.36,0.73,1.64
2025-05-04,NG,Nigeria,Fashion_Beauty,70.23,-0.15,0.28
2025-05-04,NG,Nigeria,Fitness_Wearables,66.05,-4.71,-5.89
2025-05-04,NG,Nigeria,Nutrition_Diets,74.12,0.6,-4.36
2025-05-04,SG,Singapore,Fashion_Beauty,44.61,2.83,8.59
2025-05-04,SG,Singapore,Fitness_Wearables,62.49,-2.88,-5.26
2025-05-04,SG,Singapore,Nutrition_Diets,49.42,3.5,5.09
2025-05-04,US,United_States,Fashion_Beauty,47.02,3.2,1.99
2025-05-04,US,United_States,Fitness_Wearables,54.39,-1.7,-4.1
2025-05-04,US,United_States,Nutrition_Diets,55.39,-1.94,-3.23
2025-05-04,ZA,South_Africa,Fashion_Beauty,76.74,-4.32,-10.45
2025-05-04,ZA,South_Africa,Fitness_Wearables,67.69,-4.6,-4.13
2025-05-04,ZA,South_Africa,Nutrition_Diets,58.72,1.32,0.51
2025-05-11,AE,United_Arab_Emirates,Fashion_Beauty,63.24,2.9,5.8
2025-05-11,AE,United_Arab_Emirates,Fitness_Wearables,77.27,6.15,8.13
2025-05-11,AE,United_Arab_Emirates,Nutrition_Diets,63.58,2.94,6.7
2025-05-11,AU,Australia,Fashion_Beauty,64.89,0.37,-4.84
2025-05-11,AU,Australia,Fitness_Wearables,77.29,0.83,1.04
2025-05-11,AU,Australia,Nutrition_Diets,81.28,4.9,5.65
2025-05-11,BR,Brazil,Fashion_Beauty,64,-1.1,-1.96
2025-05-11,BR,Brazil,Fitness_Wearables,66.97,-4.2,-6.6
2025-05-11,BR,Brazil,Nutrition_Diets,37.77,-0.74,0.96
2025-05-11,CA,Canada,Fashion_Beauty,60.53,-2.42,-6.6
2025-05-11,CA,Canada,Fitness_Wearables,67.75,-0.94,-1.88
2025-05-11,CA,Canada,Nutrition_Diets,70.66,2.88,1.08
2025-05-11,CN,China,Fashion_Beauty,16.52,-1.37,-1.99
2025-05-11,CN,China,Fitness_Wearables,27.35,0.62,5.2
2025-05-11,CN,China,Nutrition_Diets,5.86,-0.31,-0.16
2025-05-11,DE,Germany,Fashion_Beauty,43.13,1.9,2.68
2025-05-11,DE,Germany,Fitness_Wearables,69.13,2.27,6.24
2025-05-11,DE,Germany,Nutrition_Diets,41.84,4.06,5.12
2025-05-11,FR,France,Fashion_Beauty,30.67,0.12,-0.26
2025-05-11,FR,France,Fitness_Wearables,59.03,-2.64,4.75
2025-05-11,FR,France,Nutrition_Diets,34.81,0.66,0.91
2025-05-11,GB,United_Kingdom,Fashion_Beauty,46.39,-4.43,-6.77
2025-05-11,GB,United_Kingdom,Fitness_Wearables,72.26,-0.41,2.59
2025-05-11,GB,United_Kingdom,Nutrition_Diets,80.62,2.9,4.8
2025-05-11,IN,India,Fashion_Beauty,49.75,3.57,7.27
2025-05-11,IN,India,Fitness_Wearables,69.9,4.76,7.31
2025-05-11,IN,India,Nutrition_Diets,78.62,7.69,12.9
2025-05-11,JP,Japan,Fashion_Beauty,27.5,-0.71,-0.59
2025-05-11,JP,Japan,Fitness_Wearables,33.85,-0.55,0.23
2025-05-11,JP,Japan,Nutrition_Diets,13.94,-0.1,1.45
2025-05-11,KE,Kenya,Fashion_Beauty,71.69,5.73,12.77
2025-05-11,KE,Kenya,Fitness_Wearables,72.69,2.31,1.9
2025-05-11,KE,Kenya,Nutrition_Diets,86.44,5.29,-1.88
2025-05-11,MX,Mexico,Fashion_Beauty,58.83,-3.53,-4.75
2025-05-11,MX,Mexico,Fitness_Wearables,73.23,-0.44,0.97
2025-05-11,MX,Mexico,Nutrition_Diets,33.45,-0.91,-1.64
2025-05-11,NG,Nigeria,Fashion_Beauty,69.8,-0.43,-0.28
2025-05-11,NG,Nigeria,Fitness_Wearables,67.56,1.51,6.22
2025-05-11,NG,Nigeria,Nutrition_Diets,80.89,6.77,6.17
2025-05-11,SG,Singapore,Fashion_Beauty,46.28,1.67,-1.16
2025-05-11,SG,Singapore,Fitness_Wearables,65.27,2.78,5.66
2025-05-11,SG,Singapore,Nutrition_Diets,49.73,0.31,-3.19
2025-05-11,US,United_States,Fashion_Beauty,43.47,-3.55,-6.75
2025-05-11,US,United_States,Fitness_Wearables,55.39,1,2.7
2025-05-11,US,United_States,Nutrition_Diets,55.76,0.37,2.31
2025-05-11,ZA,South_Africa,Fashion_Beauty,73.68,-3.06,1.26
2025-05-11,ZA,South_Africa,Fitness_Wearables,68.75,1.06,5.66
2025-05-11,ZA,South_Africa,Nutrition_Diets,61.56,2.84,1.52
2025-05-18,AE,United_Arab_Emirates,Fashion_Beauty,68.2,4.96,2.06
2025-05-18,AE,United_Arab_Emirates,Fitness_Wearables,72.99,-4.28,-10.43
2025-05-18,AE,United_Arab_Emirates,Nutrition_Diets,63.58,0,-2.94
2025-05-18,AU,Australia,Fashion_Beauty,61.91,-2.98,-3.35
2025-05-18,AU,Australia,Fitness_Wearables,76.05,-1.24,-2.07
2025-05-18,AU,Australia,Nutrition_Diets,79.89,-1.39,-6.29
2025-05-18,BR,Brazil,Fashion_Beauty,59.31,-4.69,-3.59
2025-05-18,BR,Brazil,Fitness_Wearables,67.07,0.1,4.3
2025-05-18,BR,Brazil,Nutrition_Diets,38.19,0.42,1.16
2025-05-18,CA,Canada,Fashion_Beauty,59.54,-0.99,1.43
2025-05-18,CA,Canada,Fitness_Wearables,69.95,2.2,3.14
2025-05-18,CA,Canada,Nutrition_Diets,68.68,-1.98,-4.86
2025-05-18,CN,China,Fashion_Beauty,15.9,-0.62,0.75
2025-05-18,CN,China,Fitness_Wearables,29.46,2.11,1.49
2025-05-18,CN,China,Nutrition_Diets,7.37,1.51,1.82
2025-05-18,DE,Germany,Fashion_Beauty,40.22,-2.91,-4.81
2025-05-18,DE,Germany,Fitness_Wearables,67.76,-1.37,-3.64
2025-05-18,DE,Germany,Nutrition_Diets,40.1,-1.74,-5.8
2025-05-18,FR,France,Fashion_Beauty,29.68,-0.99,-1.11
2025-05-18,FR,France,Fitness_Wearables,54.59,-4.44,-1.8
2025-05-18,FR,France,Nutrition_Diets,35.06,0.25,-0.41
2025-05-18,GB,United_Kingdom,Fashion_Beauty,46.74,0.35,4.78
2025-05-18,GB,United_Kingdom,Fitness_Wearables,70.19,-2.07,-1.66
2025-05-18,GB,United_Kingdom,Nutrition_Diets,74.83,-5.79,-8.69
2025-05-18,IN,India,Fashion_Beauty,48.52,-1.23,-4.8
2025-05-18,IN,India,Fitness_Wearables,67.86,-2.04,-6.8
2025-05-18,IN,India,Nutrition_Diets,77.71,-0.91,-8.6
2025-05-18,JP,Japan,Fashion_Beauty,27.38,-0.12,0.59
2025-05-18,JP,Japan,Fitness_Wearables,33.85,0,0.55
2025-05-18,JP,Japan,Nutrition_Diets,14.81,0.87,0.97
2025-05-18,KE,Kenya,Fashion_Beauty,72.18,0.49,-5.24
2025-05-18,KE,Kenya,Fitness_Wearables,77.17,4.48,2.17
2025-05-18,KE,Kenya,Nutrition_Diets,93.83,7.39,2.1
2025-05-18,MX,Mexico,Fashion_Beauty,58.02,-0.81,2.72
2025-05-18,MX,Mexico,Fitness_Wearables,71.71,-1.52,-1.08
2025-05-18,MX,Mexico,Nutrition_Diets,32.01,-1.44,-0.53
2025-05-18,NG,Nigeria,Fashion_Beauty,71.53,1.73,2.16
2025-05-18,NG,Nigeria,Fitness_Wearables,70.08,2.52,1.01
2025-05-18,NG,Nigeria,Nutrition_Diets,76.3,-4.59,-11.36
2025-05-18,SG,Singapore,Fashion_Beauty,45.65,-0.63,-2.3
2025-05-18,SG,Singapore,Fitness_Wearables,67.16,1.89,-0.89
2025-05-18,SG,Singapore,Nutrition_Diets,48.67,-1.06,-1.37
2025-05-18,US,United_States,Fashion_Beauty,40.71,-2.76,0.79
2025-05-18,US,United_States,Fitness_Wearables,55.79,0.4,-0.6
2025-05-18,US,United_States,Nutrition_Diets,53.82,-1.94,-2.31
2025-05-18,ZA,South_Africa,Fashion_Beauty,75.77,2.09,5.15
2025-05-18,ZA,South_Africa,Fitness_Wearables,68.28,-0.47,-1.53
2025-05-18,ZA,South_Africa,Nutrition_Diets,61.05,-0.51,-3.35
2025-05-25,AE,United_Arab_Emirates,Fashion_Beauty,67.23,-0.97,-5.93
2025-05-25,AE,United_Arab_Emirates,Fitness_Wearables,72.26,-0.73,3.55
2025-05-25,AE,United_Arab_Emirates,Nutrition_Diets,61.65,-1.93,-1.93
2025-05-25,AU,Australia,Fashion_Beauty,61.29,-0.62,2.36
2025-05-25,AU,Australia,Fitness_Wearables,76.98,0.93,2.17
2025-05-25,AU,Australia,Nutrition_Diets,76.28,-3.61,-2.22
2025-05-25,BR,Brazil,Fashion_Beauty,57.21,-2.1,2.59
2025-05-25,BR,Brazil,Fitness_Wearables,64.06,-3.01,-3.11
2025-05-25,BR,Brazil,Nutrition_Diets,36.49,-1.7,-2.12
2025-05-25,CA,Canada,Fashion_Beauty,58.99,-0.55,0.44
2025-05-25,CA,Canada,Fitness_Wearables,67.64,-2.31,-4.51
2025-05-25,CA,Canada,Nutrition_Diets,72.28,3.6,5.58
2025-05-25,CN,China,Fashion_Beauty,15.65,-0.25,0.37
2025-05-25,CN,China,Fitness_Wearables,26.24,-3.22,-5.33
2025-05-25,CN,China,Nutrition_Diets,6.77,-0.6,-2.11
2025-05-25,DE,Germany,Fashion_Beauty,40.22,0,2.91
2025-05-25,DE,Germany,Fitness_Wearables,69.35,1.59,2.96
2025-05-25,DE,Germany,Nutrition_Diets,38.16,-1.94,-0.2
2025-05-25,FR,France,Fashion_Beauty,28.68,-1,-0.01
2025-05-25,FR,France,Fitness_Wearables,57.02,2.43,6.87
2025-05-25,FR,France,Nutrition_Diets,33.58,-1.48,-1.73
2025-05-25,GB,United_Kingdom,Fashion_Beauty,48.14,1.4,1.05
2025-05-25,GB,United_Kingdom,Fitness_Wearables,73.81,3.62,5.69
2025-05-25,GB,United_Kingdom,Nutrition_Diets,72.73,-2.1,3.69
2025-05-25,IN,India,Fashion_Beauty,47.66,-0.86,0.37
2025-05-25,IN,India,Fitness_Wearables,67.35,-0.51,1.53
2025-05-25,IN,India,Nutrition_Diets,75.1,-2.61,-1.7
2025-05-25,JP,Japan,Fashion_Beauty,27.74,0.36,0.48
2025-05-25,JP,Japan,Fitness_Wearables,33.08,-0.77,-0.77
2025-05-25,JP,Japan,Nutrition_Diets,15.59,0.78,-0.09
2025-05-25,KE,Kenya,Fashion_Beauty,73.32,1.14,0.65
2025-05-25,KE,Kenya,Fitness_Wearables,73.64,-3.53,-8.01
2025-05-25,KE,Kenya,Nutrition_Diets,87.32,-6.51,-13.9
2025-05-25,MX,Mexico,Fashion_Beauty,60.33,2.31,3.12
2025-05-25,MX,Mexico,Fitness_Wearables,74.76,3.05,4.57
2025-05-25,MX,Mexico,Nutrition_Diets,31.92,-0.09,1.35
2025-05-25,NG,Nigeria,Fashion_Beauty,71.24,-0.29,-2.02
2025-05-25,NG,Nigeria,Fitness_Wearables,68.24,-1.84,-4.36
2025-05-25,NG,Nigeria,Nutrition_Diets,69.04,-7.26,-2.67
2025-05-25,SG,Singapore,Fashion_Beauty,43.14,-2.51,-1.88
2025-05-25,SG,Singapore,Fitness_Wearables,65.37,-1.79,-3.68
2025-05-25,SG,Singapore,Nutrition_Diets,48.36,-0.31,0.75
2025-05-25,US,United_States,Fashion_Beauty,42.44,1.73,4.49
2025-05-25,US,United_States,Fitness_Wearables,61.18,5.39,4.99
2025-05-25,US,United_States,Nutrition_Diets,54.01,0.19,2.13
2025-05-25,ZA,South_Africa,Fashion_Beauty,75.21,-0.56,-2.65
2025-05-25,ZA,South_Africa,Fitness_Wearables,69.1,0.82,1.29
2025-05-25,ZA,South_Africa,Nutrition_Diets,60.14,-0.91,-0.4
2025-06-01,AE,United_Arab_Emirates,Fashion_Beauty,71.1,3.87,4.84
2025-06-01,AE,United_Arab_Emirates,Fitness_Wearables,67.78,-4.48,-3.75
2025-06-01,AE,United_Arab_Emirates,Nutrition_Diets,62.94,1.29,3.22
2025-06-01,AU,Australia,Fashion_Beauty,60.42,-0.87,-0.25
2025-06-01,AU,Australia,Fitness_Wearables,76.36,-0.62,-1.55
2025-06-01,AU,Australia,Nutrition_Diets,75.74,-0.54,3.07
2025-06-01,BR,Brazil,Fashion_Beauty,60.3,3.09,5.19
2025-06-01,BR,Brazil,Fitness_Wearables,66.27,2.21,5.22
2025-06-01,BR,Brazil,Nutrition_Diets,37.55,1.06,2.76
2025-06-01,CA,Canada,Fashion_Beauty,57.33,-1.66,-1.11
2025-06-01,CA,Canada,Fitness_Wearables,69.42,1.78,4.09
2025-06-01,CA,Canada,Nutrition_Diets,69.13,-3.15,-6.75
2025-06-01,CN,China,Fashion_Beauty,17.02,1.37,1.62
2025-06-01,CN,China,Fitness_Wearables,29.33,3.09,6.31
2025-06-01,CN,China,Nutrition_Diets,7.82,1.05,1.65
2025-06-01,DE,Germany,Fashion_Beauty,40.22,0,0
2025-06-01,DE,Germany,Fitness_Wearables,66.74,-2.61,-4.2
2025-06-01,DE,Germany,Nutrition_Diets,38.74,0.58,2.52
2025-06-01,FR,France,Fashion_Beauty,30.3,1.62,2.62
2025-06-01,FR,France,Fitness_Wearables,53.22,-3.8,-6.23
2025-06-01,FR,France,Nutrition_Diets,34.07,0.49,1.97
2025-06-01,GB,United_Kingdom,Fashion_Beauty,46.62,-1.52,-2.92
2025-06-01,GB,United_Kingdom,Fitness_Wearables,71.95,-1.86,-5.48
2025-06-01,GB,United_Kingdom,Nutrition_Diets,75.32,2.59,4.69
2025-06-01,IN,India,Fashion_Beauty,49.51,1.85,2.71
2025-06-01,IN,India,Fitness_Wearables,71.43,4.08,4.59
2025-06-01,IN,India,Nutrition_Diets,79.4,4.3,6.91
2025-06-01,JP,Japan,Fashion_Beauty,25.36,-2.38,-2.74
2025-06-01,JP,Japan,Fitness_Wearables,35.29,2.21,2.98
2025-06-01,JP,Japan,Nutrition_Diets,14.81,-0.78,-1.56
2025-06-01,KE,Kenya,Fashion_Beauty,71.03,-2.29,-3.43
2025-06-01,KE,Kenya,Fitness_Wearables,75.68,2.04,5.57
2025-06-01,KE,Kenya,Nutrition_Diets,69.02,-18.3,-11.79
2025-06-01,MX,Mexico,Fashion_Beauty,61.82,1.49,-0.82
2025-06-01,MX,Mexico,Fitness_Wearables,85.2,10.44,7.39
2025-06-01,MX,Mexico,Nutrition_Diets,36.88,4.96,5.05
2025-06-01,NG,Nigeria,Fashion_Beauty,77.46,6.22,6.51
2025-06-01,NG,Nigeria,Fitness_Wearables,73.61,5.37,7.21
2025-06-01,NG,Nigeria,Nutrition_Diets,69.53,0.49,7.75
2025-06-01,SG,Singapore,Fashion_Beauty,45.24,2.1,4.61
2025-06-01,SG,Singapore,Fitness_Wearables,68.76,3.39,5.18
2025-06-01,SG,Singapore,Nutrition_Diets,49.52,1.16,1.47
2025-06-01,US,United_States,Fashion_Beauty,41.66,-0.78,-2.51
2025-06-01,US,United_States,Fitness_Wearables,63.97,2.79,-2.6
2025-06-01,US,United_States,Nutrition_Diets,55.48,1.47,1.28
2025-06-01,ZA,South_Africa,Fashion_Beauty,73.4,-1.81,-1.25
2025-06-01,ZA,South_Africa,Fitness_Wearables,69.34,0.24,-0.58
2025-06-01,ZA,South_Africa,Nutrition_Diets,59.03,-1.11,-0.2
2025-06-08,AE,United_Arab_Emirates,Fashion_Beauty,68.56,-2.54,-6.41
2025-06-08,AE,United_Arab_Emirates,Fitness_Wearables,80.5,12.72,17.2
2025-06-08,AE,United_Arab_Emirates,Nutrition_Diets,67.61,4.67,3.38
2025-06-08,AU,Australia,Fashion_Beauty,60.17,-0.25,0.62
2025-06-08,AU,Australia,Fitness_Wearables,73.59,-2.77,-2.15
2025-06-08,AU,Australia,Nutrition_Diets,72.23,-3.51,-2.97
2025-06-08,BR,Brazil,Fashion_Beauty,63.75,3.45,0.36
2025-06-08,BR,Brazil,Fitness_Wearables,63.46,-2.81,-5.02
2025-06-08,BR,Brazil,Nutrition_Diets,36.38,-1.17,-2.23
2025-06-08,CA,Canada,Fashion_Beauty,61.41,4.08,5.74
2025-06-08,CA,Canada,Fitness_Wearables,67.64,-1.78,-3.56
2025-06-08,CA,Canada,Nutrition_Diets,67.6,-1.53,1.62
2025-06-08,CN,China,Fashion_Beauty,17.64,0.62,-0.75
2025-06-08,CN,China,Fitness_Wearables,35.89,6.56,3.47
2025-06-08,CN,China,Nutrition_Diets,9.77,1.95,0.9
2025-06-08,DE,Germany,Fashion_Beauty,40.34,0.12,0.12
2025-06-08,DE,Germany,Fitness_Wearables,68.1,1.36,3.97
2025-06-08,DE,Germany,Nutrition_Diets,38.84,0.1,-0.48
2025-06-08,FR,France,Fashion_Beauty,31.42,1.12,-0.5
2025-06-08,FR,France,Fitness_Wearables,57.66,4.44,8.24
2025-06-08,FR,France,Nutrition_Diets,34.24,0.17,-0.32
2025-06-08,GB,United_Kingdom,Fashion_Beauty,44.41,-2.21,-0.69
2025-06-08,GB,United_Kingdom,Fitness_Wearables,70.39,-1.56,0.3
2025-06-08,GB,United_Kingdom,Nutrition_Diets,73.83,-1.49,-4.08
2025-06-08,IN,India,Fashion_Beauty,50.49,0.98,-0.87
2025-06-08,IN,India,Fitness_Wearables,71.09,-0.34,-4.42
2025-06-08,IN,India,Nutrition_Diets,82.66,3.26,-1.04
2025-06-08,JP,Japan,Fashion_Beauty,26.31,0.95,3.33
2025-06-08,JP,Japan,Fitness_Wearables,34.4,-0.89,-3.1
2025-06-08,JP,Japan,Nutrition_Diets,16.08,1.27,2.05
2025-06-08,KE,Kenya,Fashion_Beauty,87.73,16.7,18.99
2025-06-08,KE,Kenya,Fitness_Wearables,82.34,6.66,4.62
2025-06-08,KE,Kenya,Nutrition_Diets,77.07,8.05,26.35
2025-06-08,MX,Mexico,Fashion_Beauty,64.67,2.85,1.36
2025-06-08,MX,Mexico,Fitness_Wearables,77.58,-7.62,-18.06
2025-06-08,MX,Mexico,Nutrition_Diets,39.68,2.8,-2.16
2025-06-08,NG,Nigeria,Fashion_Beauty,74.86,-2.6,-8.82
2025-06-08,NG,Nigeria,Fitness_Wearables,69.08,-4.53,-9.9
2025-06-08,NG,Nigeria,Nutrition_Diets,68.92,-0.61,-1.1
2025-06-08,SG,Singapore,Fashion_Beauty,45.65,0.41,-1.69
2025-06-08,SG,Singapore,Fitness_Wearables,68.96,0.2,-3.19
2025-06-08,SG,Singapore,Nutrition_Diets,48.99,-0.53,-1.69
2025-06-08,US,United_States,Fashion_Beauty,41.57,-0.09,0.69
2025-06-08,US,United_States,Fitness_Wearables,60.08,-3.89,-6.68
2025-06-08,US,United_States,Nutrition_Diets,55.67,0.19,-1.28
2025-06-08,ZA,South_Africa,Fashion_Beauty,76.18,2.78,4.59
2025-06-08,ZA,South_Africa,Fitness_Wearables,65.8,-3.54,-3.78
2025-06-08,ZA,South_Africa,Nutrition_Diets,55.07,-3.96,-2.85
2025-06-15,AE,United_Arab_Emirates,Fashion_Beauty,65.3,-3.26,-0.72
2025-06-15,AE,United_Arab_Emirates,Fitness_Wearables,80.4,-0.1,-12.82
2025-06-15,AE,United_Arab_Emirates,Nutrition_Diets,63.49,-4.12,-8.79
2025-06-15,AU,Australia,Fashion_Beauty,61.17,1,1.25
2025-06-15,AU,Australia,Fitness_Wearables,73.9,0.31,3.08
2025-06-15,AU,Australia,Nutrition_Diets,69.68,-2.55,0.96
2025-06-15,BR,Brazil,Fashion_Beauty,63.26,-0.49,-3.94
2025-06-15,BR,Brazil,Fitness_Wearables,66.17,2.71,5.52
2025-06-15,BR,Brazil,Nutrition_Diets,40.21,3.83,5
2025-06-15,CA,Canada,Fashion_Beauty,58.21,-3.2,-7.28
2025-06-15,CA,Canada,Fitness_Wearables,67.54,-0.1,1.68
2025-06-15,CA,Canada,Nutrition_Diets,64.63,-2.97,-1.44
2025-06-15,CN,China,Fashion_Beauty,16.4,-1.24,-1.86
2025-06-15,CN,China,Fitness_Wearables,32.43,-3.46,-10.02
2025-06-15,CN,China,Nutrition_Diets,6.32,-3.45,-5.4
2025-06-15,DE,Germany,Fashion_Beauty,40.34,0,-0.12
2025-06-15,DE,Germany,Fitness_Wearables,66.52,-1.58,-2.94
2025-06-15,DE,Germany,Nutrition_Diets,38.26,-0.58,-0.68
2025-06-15,FR,France,Fashion_Beauty,29.93,-1.49,-2.61
2025-06-15,FR,France,Fitness_Wearables,55.97,-1.69,-6.13
2025-06-15,FR,France,Nutrition_Diets,34.73,0.49,0.32
2025-06-15,GB,United_Kingdom,Fashion_Beauty,45.92,1.51,3.72
2025-06-15,GB,United_Kingdom,Fitness_Wearables,68.74,-1.65,-0.09
2025-06-15,GB,United_Kingdom,Nutrition_Diets,72.03,-1.8,-0.31
2025-06-15,IN,India,Fashion_Beauty,47.91,-2.58,-3.56
2025-06-15,IN,India,Fitness_Wearables,79.59,8.5,8.84
2025-06-15,IN,India,Nutrition_Diets,80.05,-2.61,-5.87
2025-06-15,JP,Japan,Fashion_Beauty,27.26,0.95,3.55E-15
2025-06-15,JP,Japan,Fitness_Wearables,35.07,0.67,1.56
2025-06-15,JP,Japan,Nutrition_Diets,15.4,-0.68,-1.95
2025-06-15,KE,Kenya,Fashion_Beauty,78.23,-9.5,-26.2
2025-06-15,KE,Kenya,Fitness_Wearables,77.85,-4.49,-11.15
2025-06-15,KE,Kenya,Nutrition_Diets,74.64,-2.43,-10.48
2025-06-15,MX,Mexico,Fashion_Beauty,61.41,-3.26,-6.11
2025-06-15,MX,Mexico,Fitness_Wearables,75.3,-2.28,5.34
2025-06-15,MX,Mexico,Nutrition_Diets,38.05,-1.63,-4.43
2025-06-15,NG,Nigeria,Fashion_Beauty,75.43,0.57,3.17
2025-06-15,NG,Nigeria,Fitness_Wearables,78.15,9.07,13.6
2025-06-15,NG,Nigeria,Nutrition_Diets,77.87,8.95,9.56
2025-06-15,SG,Singapore,Fashion_Beauty,46.81,1.16,0.75
2025-06-15,SG,Singapore,Fitness_Wearables,68.96,0,-0.2
2025-06-15,SG,Singapore,Nutrition_Diets,49.42,0.43,0.96
2025-06-15,US,United_States,Fashion_Beauty,41.92,0.35,0.44
2025-06-15,US,United_States,Fitness_Wearables,61.98,1.9,5.79
2025-06-15,US,United_States,Nutrition_Diets,54.56,-1.11,-1.3
2025-06-15,ZA,South_Africa,Fashion_Beauty,69.78,-6.4,-9.18
2025-06-15,ZA,South_Africa,Fitness_Wearables,71.46,5.66,9.2
2025-06-15,ZA,South_Africa,Nutrition_Diets,57.71,2.64,6.6
2025-06-22,AE,United_Arab_Emirates,Fashion_Beauty,64.57,-0.73,2.53
2025-06-22,AE,United_Arab_Emirates,Fitness_Wearables,75.5,-4.9,-4.8
2025-06-22,AE,United_Arab_Emirates,Nutrition_Diets,61.19,-2.3,1.82
2025-06-22,AU,Australia,Fashion_Beauty,58.93,-2.24,-3.24
2025-06-22,AU,Australia,Fitness_Wearables,75.23,1.33,1.02
2025-06-22,AU,Australia,Nutrition_Diets,71.7,2.02,4.57
2025-06-22,BR,Brazil,Fashion_Beauty,57.95,-5.31,-4.82
2025-06-22,BR,Brazil,Fitness_Wearables,64.56,-1.61,-4.32
2025-06-22,BR,Brazil,Nutrition_Diets,37.23,-2.98,-6.81
2025-06-22,CA,Canada,Fashion_Beauty,56.89,-1.32,1.88
2025-06-22,CA,Canada,Fitness_Wearables,67.02,-0.52,-0.42
2025-06-22,CA,Canada,Nutrition_Diets,64.45,-0.18,2.79
2025-06-22,CN,China,Fashion_Beauty,15.28,-1.12,0.12
2025-06-22,CN,China,Fitness_Wearables,27.85,-4.58,-1.12
2025-06-22,CN,China,Nutrition_Diets,5.86,-0.46,2.99
2025-06-22,DE,Germany,Fashion_Beauty,39.33,-1.01,-1.01
2025-06-22,DE,Germany,Fitness_Wearables,65.27,-1.25,0.33
2025-06-22,DE,Germany,Nutrition_Diets,38.55,0.29,0.87
2025-06-22,FR,France,Fashion_Beauty,34.16,4.23,5.72
2025-06-22,FR,France,Fitness_Wearables,56.81,0.84,2.53
2025-06-22,FR,France,Nutrition_Diets,33.83,-0.9,-1.39
2025-06-22,GB,United_Kingdom,Fashion_Beauty,46.5,0.58,-0.93
2025-06-22,GB,United_Kingdom,Fitness_Wearables,70.5,1.76,3.41
2025-06-22,GB,United_Kingdom,Nutrition_Diets,73.33,1.3,3.1
2025-06-22,IN,India,Fashion_Beauty,47.04,-0.87,1.71
2025-06-22,IN,India,Fitness_Wearables,71.77,-7.82,-16.32
2025-06-22,IN,India,Nutrition_Diets,79.66,-0.39,2.22
2025-06-22,JP,Japan,Fashion_Beauty,27.38,0.12,-0.83
2025-06-22,JP,Japan,Fitness_Wearables,33.52,-1.55,-2.22
2025-06-22,JP,Japan,Nutrition_Diets,14.13,-1.27,-0.59
2025-06-22,KE,Kenya,Fashion_Beauty,80.52,2.29,11.79
2025-06-22,KE,Kenya,Fitness_Wearables,93.75,15.9,20.39
2025-06-22,KE,Kenya,Nutrition_Diets,64.06,-10.58,-8.15
2025-06-22,MX,Mexico,Fashion_Beauty,63.45,2.04,5.3
2025-06-22,MX,Mexico,Fitness_Wearables,75.95,0.65,2.93
2025-06-22,MX,Mexico,Nutrition_Diets,38.95,0.9,2.53
2025-06-22,NG,Nigeria,Fashion_Beauty,75.72,0.29,-0.28
2025-06-22,NG,Nigeria,Fitness_Wearables,78.32,0.17,-8.9
2025-06-22,NG,Nigeria,Nutrition_Diets,75.45,-2.42,-11.37
2025-06-22,SG,Singapore,Fashion_Beauty,45.86,-0.95,-2.11
2025-06-22,SG,Singapore,Fitness_Wearables,67.56,-1.4,-1.4
2025-06-22,SG,Singapore,Nutrition_Diets,50.16,0.74,0.31
2025-06-22,US,United_States,Fashion_Beauty,42.44,0.52,0.17
2025-06-22,US,United_States,Fitness_Wearables,60.58,-1.4,-3.3
2025-06-22,US,United_States,Nutrition_Diets,55.48,0.92,2.03
2025-06-22,ZA,South_Africa,Fashion_Beauty,73.4,3.62,10.02
2025-06-22,ZA,South_Africa,Fitness_Wearables,67.22,-4.24,-9.9
2025-06-22,ZA,South_Africa,Nutrition_Diets,58.01,0.3,-2.34
2025-06-29,AE,United_Arab_Emirates,Fashion_Beauty,68.08,3.51,4.24
2025-06-29,AE,United_Arab_Emirates,Fitness_Wearables,83.42,7.92,12.82
2025-06-29,AE,United_Arab_Emirates,Nutrition_Diets,64.31,3.12,5.42
2025-06-29,AU,Australia,Fashion_Beauty,59.68,0.75,2.99
2025-06-29,AU,Australia,Fitness_Wearables,77.18,1.95,0.62
2025-06-29,AU,Australia,Nutrition_Diets,70.21,-1.49,-3.51
2025-06-29,BR,Brazil,Fashion_Beauty,55.73,-2.22,3.09
2025-06-29,BR,Brazil,Fitness_Wearables,61.46,-3.1,-1.49
2025-06-29,BR,Brazil,Nutrition_Diets,35.32,-1.91,1.07
2025-06-29,CA,Canada,Fashion_Beauty,58.88,1.99,3.31
2025-06-29,CA,Canada,Fitness_Wearables,74.03,7.01,7.53
2025-06-29,CA,Canada,Nutrition_Diets,64.99,0.54,0.72
2025-06-29,CN,China,Fashion_Beauty,15.65,0.37,1.49
2025-06-29,CN,China,Fitness_Wearables,31.56,3.71,8.29
2025-06-29,CN,China,Nutrition_Diets,5.71,-0.15,0.31
2025-06-29,DE,Germany,Fashion_Beauty,38.99,-0.34,0.67
2025-06-29,DE,Germany,Fitness_Wearables,64.47,-0.8,0.45
2025-06-29,DE,Germany,Nutrition_Diets,35.75,-2.8,-3.09
2025-06-29,FR,France,Fashion_Beauty,29.68,-4.48,-8.71
2025-06-29,FR,France,Fitness_Wearables,54.7,-2.11,-2.95
2025-06-29,FR,France,Nutrition_Diets,32.59,-1.24,-0.34
2025-06-29,GB,United_Kingdom,Fashion_Beauty,46.39,-0.11,-0.69
2025-06-29,GB,United_Kingdom,Fitness_Wearables,69.67,-0.83,-2.59
2025-06-29,GB,United_Kingdom,Nutrition_Diets,69.33,-4,-5.3
2025-06-29,IN,India,Fashion_Beauty,50.62,3.58,4.45
2025-06-29,IN,India,Fitness_Wearables,74.66,2.89,10.71
2025-06-29,IN,India,Nutrition_Diets,80.83,1.17,1.56
2025-06-29,JP,Japan,Fashion_Beauty,23.45,-3.93,-4.05
2025-06-29,JP,Japan,Fitness_Wearables,30.97,-2.55,-1
2025-06-29,JP,Japan,Nutrition_Diets,13.94,-0.19,1.08
2025-06-29,KE,Kenya,Fashion_Beauty,75.94,-4.58,-6.87
2025-06-29,KE,Kenya,Fitness_Wearables,78.53,-15.22,-31.12
2025-06-29,KE,Kenya,Nutrition_Diets,64.61,0.55,11.13
2025-06-29,MX,Mexico,Fashion_Beauty,62.77,-0.68,-2.72
2025-06-29,MX,Mexico,Fitness_Wearables,77.26,1.31,0.66
2025-06-29,MX,Mexico,Nutrition_Diets,35.17,-3.78,-4.68
2025-06-29,NG,Nigeria,Fashion_Beauty,78.9,3.18,2.89
2025-06-29,NG,Nigeria,Fitness_Wearables,70.92,-7.4,-7.57
2025-06-29,NG,Nigeria,Nutrition_Diets,71.7,-3.75,-1.33
2025-06-29,SG,Singapore,Fashion_Beauty,44.29,-1.57,-0.62
2025-06-29,SG,Singapore,Fitness_Wearables,70.85,3.29,4.69
2025-06-29,SG,Singapore,Nutrition_Diets,48.57,-1.59,-2.33
2025-06-29,US,United_States,Fashion_Beauty,41.83,-0.61,-1.13
2025-06-29,US,United_States,Fitness_Wearables,61.38,0.8,2.2
2025-06-29,US,United_States,Nutrition_Diets,53.46,-2.02,-2.94
2025-06-29,ZA,South_Africa,Fashion_Beauty,74.65,1.25,-2.37
2025-06-29,ZA,South_Africa,Fitness_Wearables,67.45,0.23,4.47
2025-06-29,ZA,South_Africa,Nutrition_Diets,56.19,-1.82,-2.12
2025-07-06,AE,United_Arab_Emirates,Fashion_Beauty,67.35,-0.73,-4.24
2025-07-06,AE,United_Arab_Emirates,Fitness_Wearables,80.71,-2.71,-10.63
2025-07-06,AE,United_Arab_Emirates,Nutrition_Diets,65.23,0.92,-2.2
2025-07-06,AU,Australia,Fashion_Beauty,61.04,1.36,0.61
2025-07-06,AU,Australia,Fitness_Wearables,78.01,0.83,-1.12
2025-07-06,AU,Australia,Nutrition_Diets,72.55,2.34,3.83
2025-07-06,BR,Brazil,Fashion_Beauty,55.98,0.25,2.47
2025-07-06,BR,Brazil,Fitness_Wearables,59.56,-1.9,1.2
2025-07-06,BR,Brazil,Nutrition_Diets,30.21,-5.11,-3.2
2025-07-06,CA,Canada,Fashion_Beauty,57.11,-1.77,-3.76
2025-07-06,CA,Canada,Fitness_Wearables,72.98,-1.05,-8.06
2025-07-06,CA,Canada,Nutrition_Diets,68.95,3.96,3.42
2025-07-06,CN,China,Fashion_Beauty,15.65,0,-0.37
2025-07-06,CN,China,Fitness_Wearables,28.47,-3.09,-6.8
2025-07-06,CN,China,Nutrition_Diets,6.02,0.31,0.46
2025-07-06,DE,Germany,Fashion_Beauty,37.99,-1,-0.66
2025-07-06,DE,Germany,Fitness_Wearables,69.24,4.77,5.57
2025-07-06,DE,Germany,Nutrition_Diets,37,1.25,4.05
2025-07-06,FR,France,Fashion_Beauty,29.3,-0.38,4.1
2025-07-06,FR,France,Fitness_Wearables,55.97,1.27,3.38
2025-07-06,FR,France,Nutrition_Diets,31.69,-0.9,0.34
2025-07-06,GB,United_Kingdom,Fashion_Beauty,46.62,0.23,0.34
2025-07-06,GB,United_Kingdom,Fitness_Wearables,68.43,-1.24,-0.41
2025-07-06,GB,United_Kingdom,Nutrition_Diets,68.33,-1,3
2025-07-06,IN,India,Fashion_Beauty,49.75,-0.87,-4.45
2025-07-06,IN,India,Fitness_Wearables,73.81,-0.85,-3.74
2025-07-06,IN,India,Nutrition_Diets,81.23,0.4,-0.77
2025-07-06,JP,Japan,Fashion_Beauty,22.5,-0.95,2.98
2025-07-06,JP,Japan,Fitness_Wearables,32.08,1.11,3.66
2025-07-06,JP,Japan,Nutrition_Diets,11.6,-2.34,-2.15
2025-07-06,KE,Kenya,Fashion_Beauty,75.12,-0.82,3.76
2025-07-06,KE,Kenya,Fitness_Wearables,70.11,-8.42,6.8
2025-07-06,KE,Kenya,Nutrition_Diets,68.36,3.75,3.2
2025-07-06,MX,Mexico,Fashion_Beauty,59.37,-3.4,-2.72
2025-07-06,MX,Mexico,Fitness_Wearables,76.5,-0.76,-2.07
2025-07-06,MX,Mexico,Nutrition_Diets,30.39,-4.78,-1
2025-07-06,NG,Nigeria,Fashion_Beauty,75,-3.9,-7.08
2025-07-06,NG,Nigeria,Fitness_Wearables,75.97,5.05,12.45
2025-07-06,NG,Nigeria,Nutrition_Diets,72.31,0.61,4.36
2025-07-06,SG,Singapore,Fashion_Beauty,46.28,1.99,3.56
2025-07-06,SG,Singapore,Fitness_Wearables,70.55,-0.3,-3.59
2025-07-06,SG,Singapore,Nutrition_Diets,51.54,2.97,4.56
2025-07-06,US,United_States,Fashion_Beauty,43.99,2.16,2.77
2025-07-06,US,United_States,Fitness_Wearables,66.37,4.99,4.19
2025-07-06,US,United_States,Nutrition_Diets,58.34,4.88,6.9
2025-07-06,ZA,South_Africa,Fashion_Beauty,71.87,-2.78,-4.03
2025-07-06,ZA,South_Africa,Fitness_Wearables,67.57,0.12,-0.11
2025-07-06,ZA,South_Africa,Nutrition_Diets,54.16,-2.03,-0.21
2025-07-13,AE,United_Arab_Emirates,Fashion_Beauty,66.02,-1.33,-0.6
2025-07-13,AE,United_Arab_Emirates,Fitness_Wearables,82.48,1.77,4.48
2025-07-13,AE,United_Arab_Emirates,Nutrition_Diets,64.4,-0.83,-1.75
2025-07-13,AU,Australia,Fashion_Beauty,59.8,-1.24,-2.6
2025-07-13,AU,Australia,Fitness_Wearables,75.03,-2.98,-3.81
2025-07-13,AU,Australia,Nutrition_Diets,70.74,-1.81,-4.15
2025-07-13,BR,Brazil,Fashion_Beauty,52.03,-3.95,-4.2
2025-07-13,BR,Brazil,Fitness_Wearables,62.36,2.8,4.7
2025-07-13,BR,Brazil,Nutrition_Diets,29.47,-0.74,4.37
2025-07-13,CA,Canada,Fashion_Beauty,59.32,2.21,3.98
2025-07-13,CA,Canada,Fitness_Wearables,71.41,-1.57,-0.52
2025-07-13,CA,Canada,Nutrition_Diets,67.24,-1.71,-5.67
2025-07-13,CN,China,Fashion_Beauty,15.78,0.13,0.13
2025-07-13,CN,China,Fitness_Wearables,34.16,5.69,8.78
2025-07-13,CN,China,Nutrition_Diets,6.62,0.6,0.29
2025-07-13,DE,Germany,Fashion_Beauty,38.44,0.45,1.45
2025-07-13,DE,Germany,Fitness_Wearables,66.63,-2.61,-7.38
2025-07-13,DE,Germany,Nutrition_Diets,37.49,0.49,-0.76
2025-07-13,FR,France,Fashion_Beauty,28.3,-1,-0.62
2025-07-13,FR,France,Fitness_Wearables,57.87,1.9,0.63
2025-07-13,FR,France,Nutrition_Diets,34.48,2.79,3.69
2025-07-13,GB,United_Kingdom,Fashion_Beauty,45.45,-1.17,-1.4
2025-07-13,GB,United_Kingdom,Fitness_Wearables,70.19,1.76,3
2025-07-13,GB,United_Kingdom,Nutrition_Diets,69.63,1.3,2.3
2025-07-13,IN,India,Fashion_Beauty,49.88,0.13,1
2025-07-13,IN,India,Fitness_Wearables,73.64,-0.17,0.68
2025-07-13,IN,India,Nutrition_Diets,81.23,0,-0.4
2025-07-13,JP,Japan,Fashion_Beauty,21.07,-1.43,-0.48
2025-07-13,JP,Japan,Fitness_Wearables,30.31,-1.77,-2.88
2025-07-13,JP,Japan,Nutrition_Diets,11.7,0.1,2.44
2025-07-13,KE,Kenya,Fashion_Beauty,71.85,-3.27,-2.45
2025-07-13,KE,Kenya,Fitness_Wearables,76.49,6.38,14.8
2025-07-13,KE,Kenya,Nutrition_Diets,63.51,-4.85,-8.6
2025-07-13,MX,Mexico,Fashion_Beauty,60.73,1.36,4.76
2025-07-13,MX,Mexico,Fitness_Wearables,75.52,-0.98,-0.22
2025-07-13,MX,Mexico,Nutrition_Diets,31.65,1.26,6.04
2025-07-13,NG,Nigeria,Fashion_Beauty,76.01,1.01,4.91
2025-07-13,NG,Nigeria,Fitness_Wearables,70.42,-5.55,-10.6
2025-07-13,NG,Nigeria,Nutrition_Diets,70.5,-1.81,-2.42
2025-07-13,SG,Singapore,Fashion_Beauty,41.88,-4.4,-6.39
2025-07-13,SG,Singapore,Fitness_Wearables,68.36,-2.19,-1.89
2025-07-13,SG,Singapore,Nutrition_Diets,49.73,-1.81,-4.78
2025-07-13,US,United_States,Fashion_Beauty,46.5,2.51,0.35
2025-07-13,US,United_States,Fitness_Wearables,63.97,-2.4,-7.39
2025-07-13,US,United_States,Nutrition_Diets,62.21,3.87,-1.01
2025-07-13,ZA,South_Africa,Fashion_Beauty,69.78,-2.09,0.69
2025-07-13,ZA,South_Africa,Fitness_Wearables,70.4,2.83,2.71
2025-07-13,ZA,South_Africa,Nutrition_Diets,58.72,4.56,6.59
2025-07-20,AE,United_Arab_Emirates,Fashion_Beauty,64.57,-1.45,-0.12
2025-07-20,AE,United_Arab_Emirates,Fitness_Wearables,78.21,-4.27,-6.04
2025-07-20,AE,United_Arab_Emirates,Nutrition_Diets,63.03,-1.37,-0.54
2025-07-20,AU,Australia,Fashion_Beauty,61.91,2.11,3.35
2025-07-20,AU,Australia,Fitness_Wearables,77.29,2.26,5.24
2025-07-20,AU,Australia,Nutrition_Diets,74.57,3.83,5.64
2025-07-20,BR,Brazil,Fashion_Beauty,51.91,-0.12,3.83
2025-07-20,BR,Brazil,Fitness_Wearables,60.46,-1.9,-4.7
2025-07-20,BR,Brazil,Nutrition_Diets,31.38,1.91,2.65
2025-07-20,CA,Canada,Fashion_Beauty,59.65,0.33,-1.88
2025-07-20,CA,Canada,Fitness_Wearables,69.95,-1.46,0.11
2025-07-20,CA,Canada,Nutrition_Diets,67.51,0.27,1.98
2025-07-20,CN,China,Fashion_Beauty,16.4,0.62,0.49
2025-07-20,CN,China,Fitness_Wearables,41.34,7.18,1.49
2025-07-20,CN,China,Nutrition_Diets,3.16,-3.46,-4.06
2025-07-20,DE,Germany,Fashion_Beauty,37.77,-0.67,-1.12
2025-07-20,DE,Germany,Fitness_Wearables,68.33,1.7,4.31
2025-07-20,DE,Germany,Nutrition_Diets,37.97,0.48,-0.01
2025-07-20,FR,France,Fashion_Beauty,27.31,-0.99,0.01
2025-07-20,FR,France,Fitness_Wearables,59.56,1.69,-0.21
2025-07-20,FR,France,Nutrition_Diets,36.37,1.89,-0.9
2025-07-20,GB,United_Kingdom,Fashion_Beauty,46.27,0.82,1.99
2025-07-20,GB,United_Kingdom,Fitness_Wearables,72.05,1.86,0.1
2025-07-20,GB,United_Kingdom,Nutrition_Diets,68.33,-1.3,-2.6
2025-07-20,IN,India,Fashion_Beauty,47.78,-2.1,-2.23
2025-07-20,IN,India,Fitness_Wearables,68.71,-4.93,-4.76
2025-07-20,IN,India,Nutrition_Diets,76.53,-4.7,-4.7
2025-07-20,JP,Japan,Fashion_Beauty,21.07,0,1.43
2025-07-20,JP,Japan,Fitness_Wearables,29.76,-0.55,1.22
2025-07-20,JP,Japan,Nutrition_Diets,10.62,-1.08,-1.18
2025-07-20,KE,Kenya,Fashion_Beauty,68.9,-2.95,0.32
2025-07-20,KE,Kenya,Fitness_Wearables,79.35,2.86,-3.52
2025-07-20,KE,Kenya,Nutrition_Diets,68.25,4.74,9.59
2025-07-20,MX,Mexico,Fashion_Beauty,61.82,1.09,-0.27
2025-07-20,MX,Mexico,Fitness_Wearables,78.02,2.5,3.48
2025-07-20,MX,Mexico,Nutrition_Diets,33.36,1.71,0.45
2025-07-20,NG,Nigeria,Fashion_Beauty,74.57,-1.44,-2.45
2025-07-20,NG,Nigeria,Fitness_Wearables,67.73,-2.69,2.86
2025-07-20,NG,Nigeria,Nutrition_Diets,68.32,-2.18,-0.37
2025-07-20,SG,Singapore,Fashion_Beauty,43.04,1.16,5.56
2025-07-20,SG,Singapore,Fitness_Wearables,67.86,-0.5,1.69
2025-07-20,SG,Singapore,Nutrition_Diets,48.04,-1.69,0.12
2025-07-20,US,United_States,Fashion_Beauty,52.29,5.79,3.28
2025-07-20,US,United_States,Fitness_Wearables,67.47,3.5,5.9
2025-07-20,US,United_States,Nutrition_Diets,65.71,3.5,-0.37
2025-07-20,ZA,South_Africa,Fashion_Beauty,71.03,1.25,3.34
2025-07-20,ZA,South_Africa,Fitness_Wearables,72.64,2.24,-0.59
2025-07-20,ZA,South_Africa,Nutrition_Diets,62.17,3.45,-1.11
2025-07-27,AE,United_Arab_Emirates,Fashion_Beauty,65.42,0.85,2.3
2025-07-27,AE,United_Arab_Emirates,Fitness_Wearables,80.29,2.08,6.35
2025-07-27,AE,United_Arab_Emirates,Nutrition_Diets,60.64,-2.39,-1.02
2025-07-27,AU,Australia,Fashion_Beauty,59.55,-2.36,-4.47
2025-07-27,AU,Australia,Fitness_Wearables,77.8,0.51,-1.75
2025-07-27,AU,Australia,Nutrition_Diets,73.4,-1.17,-5
2025-07-27,BR,Brazil,Fashion_Beauty,50.8,-1.11,-0.99
2025-07-27,BR,Brazil,Fitness_Wearables,61.46,1,2.9
2025-07-27,BR,Brazil,Nutrition_Diets,30,-1.38,-3.29
2025-07-27,CA,Canada,Fashion_Beauty,62.51,2.86,2.53
2025-07-27,CA,Canada,Fitness_Wearables,71.2,1.25,2.71
2025-07-27,CA,Canada,Nutrition_Diets,67.51,0,-0.27
2025-07-27,CN,China,Fashion_Beauty,15.28,-1.12,-1.74
2025-07-27,CN,China,Fitness_Wearables,40.1,-1.24,-8.42
2025-07-27,CN,China,Nutrition_Diets,4.96,1.8,5.26
2025-07-27,DE,Germany,Fashion_Beauty,38.21,0.44,1.11
2025-07-27,DE,Germany,Fitness_Wearables,68.9,0.57,-1.13
2025-07-27,DE,Germany,Nutrition_Diets,36.71,-1.26,-1.74
2025-07-27,FR,France,Fashion_Beauty,27.43,0.12,1.11
2025-07-27,FR,France,Fitness_Wearables,61.25,1.69,-7.11E-15
2025-07-27,FR,France,Nutrition_Diets,35.14,-1.23,-3.12
2025-07-27,GB,United_Kingdom,Fashion_Beauty,47.55,1.28,0.46
2025-07-27,GB,United_Kingdom,Fitness_Wearables,72.46,0.41,-1.45
2025-07-27,GB,United_Kingdom,Nutrition_Diets,67.53,-0.8,0.5
2025-07-27,IN,India,Fashion_Beauty,50,2.22,4.32
2025-07-27,IN,India,Fitness_Wearables,72.11,3.4,8.33
2025-07-27,IN,India,Nutrition_Diets,79.14,2.61,7.31
2025-07-27,JP,Japan,Fashion_Beauty,20.12,-0.95,-0.95
2025-07-27,JP,Japan,Fitness_Wearables,29.42,-0.34,0.21
2025-07-27,JP,Japan,Nutrition_Diets,10.62,0,1.08
2025-07-27,KE,Kenya,Fashion_Beauty,73.16,4.26,7.21
2025-07-27,KE,Kenya,Fitness_Wearables,72.15,-7.2,-10.06
2025-07-27,KE,Kenya,Nutrition_Diets,62.4,-5.85,-10.59
2025-07-27,MX,Mexico,Fashion_Beauty,59.92,-1.9,-2.99
2025-07-27,MX,Mexico,Fitness_Wearables,77.15,-0.87,-3.37
2025-07-27,MX,Mexico,Nutrition_Diets,31.92,-1.44,-3.15
2025-07-27,NG,Nigeria,Fashion_Beauty,72.54,-2.03,-0.59
2025-07-27,NG,Nigeria,Fitness_Wearables,69.58,1.85,4.54
2025-07-27,NG,Nigeria,Nutrition_Diets,65.05,-3.27,-1.09
2025-07-27,SG,Singapore,Fashion_Beauty,43.87,0.83,-0.33
2025-07-27,SG,Singapore,Fitness_Wearables,69.35,1.49,1.99
2025-07-27,SG,Singapore,Nutrition_Diets,47.83,-0.21,1.48
2025-07-27,US,United_States,Fashion_Beauty,55.4,3.11,-2.68
2025-07-27,US,United_States,Fitness_Wearables,69.56,2.09,-1.41
2025-07-27,US,United_States,Nutrition_Diets,67.19,1.48,-2.02
2025-07-27,ZA,South_Africa,Fashion_Beauty,74.93,3.9,2.65
2025-07-27,ZA,South_Africa,Fitness_Wearables,71.82,-0.82,-3.06
2025-07-27,ZA,South_Africa,Nutrition_Diets,63.89,1.72,-1.73
2025-08-03,AE,United_Arab_Emirates,Fashion_Beauty,69.17,3.75,2.9
2025-08-03,AE,United_Arab_Emirates,Fitness_Wearables,82.27,1.98,-0.1
2025-08-03,AE,United_Arab_Emirates,Nutrition_Diets,69.36,8.72,11.11
2025-08-03,AU,Australia,Fashion_Beauty,64.27,4.72,7.08
2025-08-03,AU,Australia,Fitness_Wearables,78.42,0.62,0.11
2025-08-03,AU,Australia,Nutrition_Diets,75.32,1.92,3.09
2025-08-03,BR,Brazil,Fashion_Beauty,52.28,1.48,2.59
2025-08-03,BR,Brazil,Fitness_Wearables,62.96,1.5,0.5
2025-08-03,BR,Brazil,Nutrition_Diets,29.68,-0.32,1.06
2025-08-03,CA,Canada,Fashion_Beauty,62.84,0.33,-2.53
2025-08-03,CA,Canada,Fitness_Wearables,74.45,3.25,2
2025-08-03,CA,Canada,Nutrition_Diets,69.67,2.16,2.16
2025-08-03,CN,China,Fashion_Beauty,15.28,0,1.12
2025-08-03,CN,China,Fitness_Wearables,37.62,-2.48,-1.24
2025-08-03,CN,China,Nutrition_Diets,4.66,-0.3,-2.1
2025-08-03,DE,Germany,Fashion_Beauty,42.35,4.14,3.7
2025-08-03,DE,Germany,Fitness_Wearables,73.89,4.99,4.42
2025-08-03,DE,Germany,Nutrition_Diets,40,3.29,4.55
2025-08-03,FR,France,Fashion_Beauty,28.55,1.12,1
2025-08-03,FR,France,Fitness_Wearables,61.35,0.1,-1.59
2025-08-03,FR,France,Nutrition_Diets,35.8,0.66,1.89
2025-08-03,GB,United_Kingdom,Fashion_Beauty,48.37,0.82,-0.46
2025-08-03,GB,United_Kingdom,Fitness_Wearables,71.84,-0.62,-1.03
2025-08-03,GB,United_Kingdom,Nutrition_Diets,71.13,3.6,4.4
2025-08-03,IN,India,Fashion_Beauty,52.59,2.59,0.37
2025-08-03,IN,India,Fitness_Wearables,73.64,1.53,-1.87
2025-08-03,IN,India,Nutrition_Diets,77.05,-2.09,-4.7
2025-08-03,JP,Japan,Fashion_Beauty,27.26,7.14,8.09
2025-08-03,JP,Japan,Fitness_Wearables,35.29,5.87,6.21
2025-08-03,JP,Japan,Nutrition_Diets,17.54,6.92,6.92
2025-08-03,KE,Kenya,Fashion_Beauty,78.07,4.91,0.65
2025-08-03,KE,Kenya,Fitness_Wearables,65.49,-6.66,0.54
2025-08-03,KE,Kenya,Nutrition_Diets,58.99,-3.41,2.44
2025-08-03,MX,Mexico,Fashion_Beauty,64.67,4.75,6.65
2025-08-03,MX,Mexico,Fitness_Wearables,75.63,-1.52,-0.65
2025-08-03,MX,Mexico,Nutrition_Diets,33.09,1.17,2.61
2025-08-03,NG,Nigeria,Fashion_Beauty,74.42,1.88,3.91
2025-08-03,NG,Nigeria,Fitness_Wearables,73.11,3.53,1.68
2025-08-03,NG,Nigeria,Nutrition_Diets,72.43,7.38,10.65
2025-08-03,SG,Singapore,Fashion_Beauty,43.87,0,-0.83
2025-08-03,SG,Singapore,Fitness_Wearables,66.27,-3.08,-4.57
2025-08-03,SG,Singapore,Nutrition_Diets,46.24,-1.59,-1.38
2025-08-03,US,United_States,Fashion_Beauty,47.54,-7.86,-10.97
2025-08-03,US,United_States,Fitness_Wearables,58.58,-10.98,-13.07
2025-08-03,US,United_States,Nutrition_Diets,59.26,-7.93,-9.41
2025-08-03,ZA,South_Africa,Fashion_Beauty,72.28,-2.65,-6.55
2025-08-03,ZA,South_Africa,Fitness_Wearables,71.58,-0.24,0.58
2025-08-03,ZA,South_Africa,Nutrition_Diets,66.02,2.13,0.41
2025-08-10,AE,United_Arab_Emirates,Fashion_Beauty,68.08,-1.09,-4.84
2025-08-10,AE,United_Arab_Emirates,Fitness_Wearables,83,0.73,-1.25
2025-08-10,AE,United_Arab_Emirates,Nutrition_Diets,68.35,-1.01,-9.73
2025-08-10,AU,Australia,Fashion_Beauty,62.78,-1.49,-6.21
2025-08-10,AU,Australia,Fitness_Wearables,77.6,-0.82,-1.44
2025-08-10,AU,Australia,Nutrition_Diets,73.3,-2.02,-3.94
2025-08-10,BR,Brazil,Fashion_Beauty,51.66,-0.62,-2.1
2025-08-10,BR,Brazil,Fitness_Wearables,60.46,-2.5,-4
2025-08-10,BR,Brazil,Nutrition_Diets,30.85,1.17,1.49
2025-08-10,CA,Canada,Fashion_Beauty,62.95,0.11,-0.22
2025-08-10,CA,Canada,Fitness_Wearables,69.95,-4.5,-7.75
2025-08-10,CA,Canada,Nutrition_Diets,66.88,-2.79,-4.95
2025-08-10,CN,China,Fashion_Beauty,15.4,0.12,0.12
2025-08-10,CN,China,Fitness_Wearables,37.13,-0.49,1.99
2025-08-10,CN,China,Nutrition_Diets,4.81,0.15,0.45
2025-08-10,DE,Germany,Fashion_Beauty,37.77,-4.58,-8.72
2025-08-10,DE,Germany,Fitness_Wearables,66.17,-7.72,-12.71
2025-08-10,DE,Germany,Nutrition_Diets,37.97,-2.03,-5.32
2025-08-10,FR,France,Fashion_Beauty,27.56,-0.99,-2.11
2025-08-10,FR,France,Fitness_Wearables,57.76,-3.59,-3.69
2025-08-10,FR,France,Nutrition_Diets,34.56,-1.24,-1.9
2025-08-10,GB,United_Kingdom,Fashion_Beauty,46.5,-1.87,-2.69
2025-08-10,GB,United_Kingdom,Fitness_Wearables,69.67,-2.17,-1.55
2025-08-10,GB,United_Kingdom,Nutrition_Diets,71.13,0,-3.6
2025-08-10,IN,India,Fashion_Beauty,53.2,0.61,-1.98
2025-08-10,IN,India,Fitness_Wearables,70.75,-2.89,-4.42
2025-08-10,IN,India,Nutrition_Diets,75.62,-1.43,0.66
2025-08-10,JP,Japan,Fashion_Beauty,24.4,-2.86,-10
2025-08-10,JP,Japan,Fitness_Wearables,32.41,-2.88,-8.75
2025-08-10,JP,Japan,Nutrition_Diets,14.91,-2.63,-9.55
2025-08-10,KE,Kenya,Fashion_Beauty,76.92,-1.15,-6.06
2025-08-10,KE,Kenya,Fitness_Wearables,75,9.51,16.17
2025-08-10,KE,Kenya,Nutrition_Diets,60.64,1.65,5.06
2025-08-10,MX,Mexico,Fashion_Beauty,68.07,3.4,-1.35
2025-08-10,MX,Mexico,Fitness_Wearables,69.86,-5.77,-4.25
2025-08-10,MX,Mexico,Nutrition_Diets,33.36,0.27,-0.9
2025-08-10,NG,Nigeria,Fashion_Beauty,69.36,-5.06,-6.94
2025-08-10,NG,Nigeria,Fitness_Wearables,67.73,-5.38,-8.91
2025-08-10,NG,Nigeria,Nutrition_Diets,65.3,-7.13,-14.51
2025-08-10,SG,Singapore,Fashion_Beauty,44.71,0.84,0.84
2025-08-10,SG,Singapore,Fitness_Wearables,66.47,0.2,3.28
2025-08-10,SG,Singapore,Nutrition_Diets,49.31,3.07,4.66
2025-08-10,US,United_States,Fashion_Beauty,45.89,-1.65,6.21
2025-08-10,US,United_States,Fitness_Wearables,57.19,-1.39,9.59
2025-08-10,US,United_States,Nutrition_Diets,58.8,-0.46,7.47
2025-08-10,ZA,South_Africa,Fashion_Beauty,71.31,-0.97,1.68
2025-08-10,ZA,South_Africa,Fitness_Wearables,69.93,-1.65,-1.41
2025-08-10,ZA,South_Africa,Nutrition_Diets,65.31,-0.71,-2.84
2025-08-17,AE,United_Arab_Emirates,Fashion_Beauty,66.38,-1.7,-0.61
2025-08-17,AE,United_Arab_Emirates,Fitness_Wearables,84.98,1.98,1.25
2025-08-17,AE,United_Arab_Emirates,Nutrition_Diets,63.94,-4.41,-3.4
2025-08-17,AU,Australia,Fashion_Beauty,65.26,2.48,3.97
2025-08-17,AU,Australia,Fitness_Wearables,80.27,2.67,3.49
2025-08-17,AU,Australia,Nutrition_Diets,75.96,2.66,4.68
2025-08-17,BR,Brazil,Fashion_Beauty,49.57,-2.09,-1.47
2025-08-17,BR,Brazil,Fitness_Wearables,62.46,2,4.5
2025-08-17,BR,Brazil,Nutrition_Diets,29.89,-0.96,-2.13
2025-08-17,CA,Canada,Fashion_Beauty,61.96,-0.99,-1.1
2025-08-17,CA,Canada,Fitness_Wearables,69.84,-0.11,4.39
2025-08-17,CA,Canada,Nutrition_Diets,64.99,-1.89,0.9
2025-08-17,CN,China,Fashion_Beauty,15.16,-0.24,-0.36
2025-08-17,CN,China,Fitness_Wearables,40.72,3.59,4.08
2025-08-17,CN,China,Nutrition_Diets,5.41,0.6,0.45
2025-08-17,DE,Germany,Fashion_Beauty,37.65,-0.12,4.46
2025-08-17,DE,Germany,Fitness_Wearables,66.52,0.35,8.07
2025-08-17,DE,Germany,Nutrition_Diets,36.14,-1.83,0.2
2025-08-17,FR,France,Fashion_Beauty,28.68,1.12,2.11
2025-08-17,FR,France,Fitness_Wearables,66.31,8.55,12.14
2025-08-17,FR,France,Nutrition_Diets,34.07,-0.49,0.75
2025-08-17,GB,United_Kingdom,Fashion_Beauty,49.3,2.8,4.67
2025-08-17,GB,United_Kingdom,Fitness_Wearables,71.33,1.66,3.83
2025-08-17,GB,United_Kingdom,Nutrition_Diets,70.33,-0.8,-0.8
2025-08-17,IN,India,Fashion_Beauty,50.49,-2.71,-3.32
2025-08-17,IN,India,Fitness_Wearables,72.11,1.36,4.25
2025-08-17,IN,India,Nutrition_Diets,76.27,0.65,2.08
2025-08-17,JP,Japan,Fashion_Beauty,21.31,-3.09,-0.23
2025-08-17,JP,Japan,Fitness_Wearables,30.64,-1.77,1.11
2025-08-17,JP,Japan,Nutrition_Diets,11.11,-3.8,-1.17
2025-08-17,KE,Kenya,Fashion_Beauty,64.98,-11.94,-10.79
2025-08-17,KE,Kenya,Fitness_Wearables,67.8,-7.2,-16.71
2025-08-17,KE,Kenya,Nutrition_Diets,54.58,-6.06,-7.71
2025-08-17,MX,Mexico,Fashion_Beauty,59.78,-8.29,-11.69
2025-08-17,MX,Mexico,Fitness_Wearables,70.29,0.43,6.2
2025-08-17,MX,Mexico,Nutrition_Diets,29.94,-3.42,-3.69
2025-08-17,NG,Nigeria,Fashion_Beauty,68.5,-0.86,4.2
2025-08-17,NG,Nigeria,Fitness_Wearables,70.42,2.69,8.07
2025-08-17,NG,Nigeria,Nutrition_Diets,61.67,-3.63,3.5
2025-08-17,SG,Singapore,Fashion_Beauty,44.08,-0.63,-1.47
2025-08-17,SG,Singapore,Fitness_Wearables,66.77,0.3,0.1
2025-08-17,SG,Singapore,Nutrition_Diets,50.37,1.06,-2.01
2025-08-17,US,United_States,Fashion_Beauty,43.47,-2.42,-0.77
2025-08-17,US,United_States,Fitness_Wearables,56.69,-0.5,0.89
2025-08-17,US,United_States,Nutrition_Diets,54.19,-4.61,-4.15
2025-08-17,ZA,South_Africa,Fashion_Beauty,72.01,0.7,1.67
2025-08-17,ZA,South_Africa,Fitness_Wearables,70.75,0.82,2.47
2025-08-17,ZA,South_Africa,Nutrition_Diets,64.71,-0.6,0.11
2025-08-24,AE,United_Arab_Emirates,Fashion_Beauty,67.23,0.85,2.55
2025-08-24,AE,United_Arab_Emirates,Fitness_Wearables,79.04,-5.94,-7.92
2025-08-24,AE,United_Arab_Emirates,Nutrition_Diets,61.74,-2.2,2.21
2025-08-24,AU,Australia,Fashion_Beauty,62.9,-2.36,-4.84
2025-08-24,AU,Australia,Fitness_Wearables,80.16,-0.11,-2.78
2025-08-24,AU,Australia,Nutrition_Diets,78.83,2.87,0.21
2025-08-24,BR,Brazil,Fashion_Beauty,49.2,-0.37,1.72
2025-08-24,BR,Brazil,Fitness_Wearables,60.66,-1.8,-3.8
2025-08-24,BR,Brazil,Nutrition_Diets,29.89,0,0.96
2025-08-24,CA,Canada,Fashion_Beauty,60.75,-1.21,-0.22
2025-08-24,CA,Canada,Fitness_Wearables,69.21,-0.63,-0.52
2025-08-24,CA,Canada,Nutrition_Diets,64,-0.99,0.9
2025-08-24,CN,China,Fashion_Beauty,13.54,-1.62,-1.38
2025-08-24,CN,China,Fitness_Wearables,32.8,-7.92,-11.51
2025-08-24,CN,China,Nutrition_Diets,4.06,-1.35,-1.95
2025-08-24,DE,Germany,Fashion_Beauty,37.99,0.34,0.46
2025-08-24,DE,Germany,Fitness_Wearables,67.88,1.36,1.01
2025-08-24,DE,Germany,Nutrition_Diets,36.71,0.57,2.4
2025-08-24,FR,France,Fashion_Beauty,29.3,0.62,-0.5
2025-08-24,FR,France,Fitness_Wearables,76.87,10.56,2.01
2025-08-24,FR,France,Nutrition_Diets,33.99,-0.08,0.41
2025-08-24,GB,United_Kingdom,Fashion_Beauty,49.53,0.23,-2.57
2025-08-24,GB,United_Kingdom,Fitness_Wearables,71.12,-0.21,-1.87
2025-08-24,GB,United_Kingdom,Nutrition_Diets,69.13,-1.2,-0.4
2025-08-24,IN,India,Fashion_Beauty,48.77,-1.72,0.99
2025-08-24,IN,India,Fitness_Wearables,68.37,-3.74,-5.1
2025-08-24,IN,India,Nutrition_Diets,75.1,-1.17,-1.82
2025-08-24,JP,Japan,Fashion_Beauty,20.95,-0.36,2.73
2025-08-24,JP,Japan,Fitness_Wearables,29.31,-1.33,0.44
2025-08-24,JP,Japan,Nutrition_Diets,11.6,0.49,4.29
2025-08-24,KE,Kenya,Fashion_Beauty,64.65,-0.33,11.61
2025-08-24,KE,Kenya,Fitness_Wearables,72.55,4.75,11.95
2025-08-24,KE,Kenya,Nutrition_Diets,57.33,2.75,8.81
2025-08-24,MX,Mexico,Fashion_Beauty,55.71,-4.07,4.22
2025-08-24,MX,Mexico,Fitness_Wearables,68.12,-2.17,-2.6
2025-08-24,MX,Mexico,Nutrition_Diets,27.68,-2.26,1.16
2025-08-24,NG,Nigeria,Fashion_Beauty,68.06,-0.44,0.42
2025-08-24,NG,Nigeria,Fitness_Wearables,67.06,-3.36,-6.05
2025-08-24,NG,Nigeria,Nutrition_Diets,65.54,3.87,7.5
2025-08-24,SG,Singapore,Fashion_Beauty,44.19,0.11,0.74
2025-08-24,SG,Singapore,Fitness_Wearables,63.98,-2.79,-3.09
2025-08-24,SG,Singapore,Nutrition_Diets,46.45,-3.92,-4.98
2025-08-24,US,United_States,Fashion_Beauty,42.96,-0.51,1.91
2025-08-24,US,United_States,Fitness_Wearables,54.99,-1.7,-1.2
2025-08-24,US,United_States,Nutrition_Diets,52.72,-1.47,3.14
2025-08-24,ZA,South_Africa,Fashion_Beauty,72.98,0.97,0.27
2025-08-24,ZA,South_Africa,Fitness_Wearables,68.4,-2.35,-3.17
2025-08-24,ZA,South_Africa,Nutrition_Diets,65.01,0.3,0.9
2025-08-31,AE,United_Arab_Emirates,Fashion_Beauty,69.89,2.66,1.81
2025-08-31,AE,United_Arab_Emirates,Fitness_Wearables,78.31,-0.73,5.21
2025-08-31,AE,United_Arab_Emirates,Nutrition_Diets,61.28,-0.46,1.74
2025-08-31,AU,Australia,Fashion_Beauty,62.16,-0.74,1.62
2025-08-31,AU,Australia,Fitness_Wearables,77.8,-2.36,-2.25
2025-08-31,AU,Australia,Nutrition_Diets,75,-3.83,-6.7
2025-08-31,BR,Brazil,Fashion_Beauty,54.01,4.81,5.18
2025-08-31,BR,Brazil,Fitness_Wearables,66.57,5.91,7.71
2025-08-31,BR,Brazil,Nutrition_Diets,33.3,3.41,3.41
2025-08-31,CA,Canada,Fashion_Beauty,62.29,1.54,2.75
2025-08-31,CA,Canada,Fitness_Wearables,72.98,3.77,4.4
2025-08-31,CA,Canada,Nutrition_Diets,63.28,-0.72,0.27
2025-08-31,CN,China,Fashion_Beauty,15.65,2.11,3.73
2025-08-31,CN,China,Fitness_Wearables,27.85,-4.95,2.97
2025-08-31,CN,China,Nutrition_Diets,8.72,4.66,6.01
2025-08-31,DE,Germany,Fashion_Beauty,38.77,0.78,0.44
2025-08-31,DE,Germany,Fitness_Wearables,69.81,1.93,0.57
2025-08-31,DE,Germany,Nutrition_Diets,36.23,-0.48,-1.05
2025-08-31,FR,France,Fashion_Beauty,29.3,0,-0.62
2025-08-31,FR,France,Fitness_Wearables,80.89,4.02,-6.54
2025-08-31,FR,France,Nutrition_Diets,33.5,-0.49,-0.41
2025-08-31,GB,United_Kingdom,Fashion_Beauty,51.28,1.75,1.52
2025-08-31,GB,United_Kingdom,Fitness_Wearables,73.08,1.96,2.17
2025-08-31,GB,United_Kingdom,Nutrition_Diets,67.93,-1.2,1.42E-14
2025-08-31,IN,India,Fashion_Beauty,50.62,1.85,3.57
2025-08-31,IN,India,Fitness_Wearables,68.54,0.17,3.91
2025-08-31,IN,India,Nutrition_Diets,75.23,0.13,1.3
2025-08-31,JP,Japan,Fashion_Beauty,20.12,-0.83,-0.47
2025-08-31,JP,Japan,Fitness_Wearables,30.2,0.89,2.22
2025-08-31,JP,Japan,Nutrition_Diets,11.5,-0.1,-0.59
2025-08-31,KE,Kenya,Fashion_Beauty,75.45,10.8,11.13
2025-08-31,KE,Kenya,Fitness_Wearables,74.32,1.77,-2.98
2025-08-31,KE,Kenya,Nutrition_Diets,68.25,10.92,8.17
2025-08-31,MX,Mexico,Fashion_Beauty,54.48,-1.23,2.84
2025-08-31,MX,Mexico,Fitness_Wearables,68.12,0,2.17
2025-08-31,MX,Mexico,Nutrition_Diets,29.22,1.54,3.8
2025-08-31,NG,Nigeria,Fashion_Beauty,73.7,5.64,6.08
2025-08-31,NG,Nigeria,Fitness_Wearables,72.27,5.21,8.57
2025-08-31,NG,Nigeria,Nutrition_Diets,66.87,1.33,-2.54
2025-08-31,SG,Singapore,Fashion_Beauty,44.92,0.73,0.62
2025-08-31,SG,Singapore,Fitness_Wearables,65.47,1.49,4.28
2025-08-31,SG,Singapore,Nutrition_Diets,48.78,2.33,6.25
2025-08-31,US,United_States,Fashion_Beauty,45.55,2.59,3.1
2025-08-31,US,United_States,Fitness_Wearables,58.58,3.59,5.29
2025-08-31,US,United_States,Nutrition_Diets,52.44,-0.28,1.19
2025-08-31,ZA,South_Africa,Fashion_Beauty,74.37,1.39,0.42
2025-08-31,ZA,South_Africa,Fitness_Wearables,73.47,5.07,7.42
2025-08-31,ZA,South_Africa,Nutrition_Diets,66.33,1.32,1.02
2025-09-07,AE,United_Arab_Emirates,Fashion_Beauty,58.77,-11.12,-13.78
2025-09-07,AE,United_Arab_Emirates,Fitness_Wearables,76.33,-1.98,-1.25
2025-09-07,AE,United_Arab_Emirates,Nutrition_Diets,58.17,-3.11,-2.65
2025-09-07,AU,Australia,Fashion_Beauty,61.29,-0.87,-0.13
2025-09-07,AU,Australia,Fitness_Wearables,78.11,0.31,2.67
2025-09-07,AU,Australia,Nutrition_Diets,77.98,2.98,6.81
2025-09-07,BR,Brazil,Fashion_Beauty,52.03,-1.98,-6.79
2025-09-07,BR,Brazil,Fitness_Wearables,63.66,-2.91,-8.82
2025-09-07,BR,Brazil,Nutrition_Diets,30.32,-2.98,-6.39
2025-09-07,CA,Canada,Fashion_Beauty,58.88,-3.41,-4.95
2025-09-07,CA,Canada,Fitness_Wearables,68.9,-4.08,-7.85
2025-09-07,CA,Canada,Nutrition_Diets,65.71,2.43,3.15
2025-09-07,CN,China,Fashion_Beauty,16.52,0.87,-1.24
2025-09-07,CN,China,Fitness_Wearables,31.44,3.59,8.54
2025-09-07,CN,China,Nutrition_Diets,8.12,-0.6,-5.26
2025-09-07,DE,Germany,Fashion_Beauty,38.1,-0.67,-1.45
2025-09-07,DE,Germany,Fitness_Wearables,68.67,-1.14,-3.07
2025-09-07,DE,Germany,Nutrition_Diets,33.72,-2.51,-2.03
2025-09-07,FR,France,Fashion_Beauty,30.67,1.37,1.37
2025-09-07,FR,France,Fitness_Wearables,79.51,-1.38,-5.4
2025-09-07,FR,France,Nutrition_Diets,31.61,-1.89,-1.4
2025-09-07,GB,United_Kingdom,Fashion_Beauty,50.93,-0.35,-2.1
2025-09-07,GB,United_Kingdom,Fitness_Wearables,73.91,0.83,-1.13
2025-09-07,GB,United_Kingdom,Nutrition_Diets,67.83,-0.1,1.1
2025-09-07,IN,India,Fashion_Beauty,50.37,-0.25,-2.1
2025-09-07,IN,India,Fitness_Wearables,67.86,-0.68,-0.85
2025-09-07,IN,India,Nutrition_Diets,72.36,-2.87,-3
2025-09-07,JP,Japan,Fashion_Beauty,23.1,2.98,3.81
2025-09-07,JP,Japan,Fitness_Wearables,33.96,3.76,2.87
2025-09-07,JP,Japan,Nutrition_Diets,11.7,0.2,0.3
2025-09-07,KE,Kenya,Fashion_Beauty,73,-2.45,-13.25
2025-09-07,KE,Kenya,Fitness_Wearables,70.92,-3.4,-5.17
2025-09-07,KE,Kenya,Nutrition_Diets,65.6,-2.65,-13.57
2025-09-07,MX,Mexico,Fashion_Beauty,51.9,-2.58,-1.35
2025-09-07,MX,Mexico,Fitness_Wearables,61.15,-6.97,-6.97
2025-09-07,MX,Mexico,Nutrition_Diets,24.26,-4.96,-6.5
2025-09-07,NG,Nigeria,Fashion_Beauty,77.6,3.9,-1.74
2025-09-07,NG,Nigeria,Fitness_Wearables,78.82,6.55,1.34
2025-09-07,NG,Nigeria,Nutrition_Diets,69.65,2.78,1.45
2025-09-07,SG,Singapore,Fashion_Beauty,46.28,1.36,0.63
2025-09-07,SG,Singapore,Fitness_Wearables,66.97,1.5,0.01
2025-09-07,SG,Singapore,Nutrition_Diets,47.93,-0.85,-3.18
2025-09-07,US,United_States,Fashion_Beauty,42.26,-3.29,-5.88
2025-09-07,US,United_States,Fitness_Wearables,50.7,-7.88,-11.47
2025-09-07,US,United_States,Nutrition_Diets,48.57,-3.87,-3.59
2025-09-07,ZA,South_Africa,Fashion_Beauty,69.22,-5.15,-6.54
2025-09-07,ZA,South_Africa,Fitness_Wearables,70.4,-3.07,-8.14
2025-09-07,ZA,South_Africa,Nutrition_Diets,65.11,-1.22,-2.54
2025-09-14,AE,United_Arab_Emirates,Fashion_Beauty,60.1,1.33,12.45
2025-09-14,AE,United_Arab_Emirates,Fitness_Wearables,75.6,-0.73,1.25
2025-09-14,AE,United_Arab_Emirates,Nutrition_Diets,56.51,-1.66,1.45
2025-09-14,AU,Australia,Fashion_Beauty,63.65,2.36,3.23
2025-09-14,AU,Australia,Fitness_Wearables,82.22,4.11,3.8
2025-09-14,AU,Australia,Nutrition_Diets,75.74,-2.24,-5.22
2025-09-14,BR,Brazil,Fashion_Beauty,48.71,-3.32,-1.34
2025-09-14,BR,Brazil,Fitness_Wearables,60.96,-2.7,0.21
2025-09-14,BR,Brazil,Nutrition_Diets,29.57,-0.75,2.23
2025-09-14,CA,Canada,Fashion_Beauty,63.51,4.63,8.04
2025-09-14,CA,Canada,Fitness_Wearables,69.84,0.94,5.02
2025-09-14,CA,Canada,Nutrition_Diets,64.45,-1.26,-3.69
2025-09-14,CN,China,Fashion_Beauty,15.4,-1.12,-1.99
2025-09-14,CN,China,Fitness_Wearables,28.47,-2.97,-6.56
2025-09-14,CN,China,Nutrition_Diets,4.81,-3.31,-2.71
2025-09-14,DE,Germany,Fashion_Beauty,37.54,-0.56,0.11
2025-09-14,DE,Germany,Fitness_Wearables,65.72,-2.95,-1.81
2025-09-14,DE,Germany,Nutrition_Diets,32.46,-1.26,1.25
2025-09-14,FR,France,Fashion_Beauty,32.29,1.62,0.25
2025-09-14,FR,France,Fitness_Wearables,75.82,-3.69,-2.31
2025-09-14,FR,France,Nutrition_Diets,31.77,0.16,2.05
2025-09-14,GB,United_Kingdom,Fashion_Beauty,49.53,-1.4,-1.05
2025-09-14,GB,United_Kingdom,Fitness_Wearables,68.74,-5.17,-6
2025-09-14,GB,United_Kingdom,Nutrition_Diets,62.94,-4.89,-4.79
2025-09-14,IN,India,Fashion_Beauty,51.11,0.74,0.99
2025-09-14,IN,India,Fitness_Wearables,80.27,12.41,13.09
2025-09-14,IN,India,Nutrition_Diets,69.49,-2.87,0
2025-09-14,JP,Japan,Fashion_Beauty,26.07,2.97,-0.01
2025-09-14,JP,Japan,Fitness_Wearables,36.28,2.32,-1.44
2025-09-14,JP,Japan,Nutrition_Diets,11.31,-0.39,-0.59
2025-09-14,KE,Kenya,Fashion_Beauty,65.63,-7.37,-4.92
2025-09-14,KE,Kenya,Fitness_Wearables,64.95,-5.97,-2.57
2025-09-14,KE,Kenya,Nutrition_Diets,62.07,-3.53,-0.88
2025-09-14,MX,Mexico,Fashion_Beauty,54.48,2.58,5.16
2025-09-14,MX,Mexico,Fitness_Wearables,63.11,1.96,8.93
2025-09-14,MX,Mexico,Nutrition_Diets,23.44,-0.82,4.14
2025-09-14,NG,Nigeria,Fashion_Beauty,65.32,-12.28,-16.18
2025-09-14,NG,Nigeria,Fitness_Wearables,75.13,-3.69,-10.24
2025-09-14,NG,Nigeria,Nutrition_Diets,63.6,-6.05,-8.83
2025-09-14,SG,Singapore,Fashion_Beauty,45.24,-1.04,-2.4
2025-09-14,SG,Singapore,Fitness_Wearables,65.57,-1.4,-2.9
2025-09-14,SG,Singapore,Nutrition_Diets,48.36,0.43,1.28
2025-09-14,US,United_States,Fashion_Beauty,45.55,3.29,6.58
2025-09-14,US,United_States,Fitness_Wearables,51.5,0.8,8.68
2025-09-14,US,United_States,Nutrition_Diets,50.78,2.21,6.08
2025-09-14,ZA,South_Africa,Fashion_Beauty,68.52,-0.7,4.45
2025-09-14,ZA,South_Africa,Fitness_Wearables,66.86,-3.54,-0.47
2025-09-14,ZA,South_Africa,Nutrition_Diets,61.16,-3.95,-2.73
2025-09-21,AE,United_Arab_Emirates,Fashion_Beauty,63.97,3.87,2.54
2025-09-21,AE,United_Arab_Emirates,Fitness_Wearables,72.58,-3.02,-2.29
2025-09-21,AE,United_Arab_Emirates,Nutrition_Diets,57.61,1.1,2.76
2025-09-21,AU,Australia,Fashion_Beauty,61.29,-2.36,-4.72
2025-09-21,AU,Australia,Fitness_Wearables,79.24,-2.98,-7.09
2025-09-21,AU,Australia,Nutrition_Diets,70.85,-4.89,-2.65
2025-09-21,BR,Brazil,Fashion_Beauty,48.21,-0.5,2.82
2025-09-21,BR,Brazil,Fitness_Wearables,59.36,-1.6,1.1
2025-09-21,BR,Brazil,Nutrition_Diets,28.72,-0.85,-0.1
2025-09-21,CA,Canada,Fashion_Beauty,62.07,-1.44,-6.07
2025-09-21,CA,Canada,Fitness_Wearables,66.18,-3.66,-4.6
2025-09-21,CA,Canada,Nutrition_Diets,63.37,-1.08,0.18
2025-09-21,CN,China,Fashion_Beauty,15.4,0,1.12
2025-09-21,CN,China,Fitness_Wearables,34.53,6.06,9.03
2025-09-21,CN,China,Nutrition_Diets,24.36,19.55,22.86
2025-09-21,DE,Germany,Fashion_Beauty,41.34,3.8,4.36
2025-09-21,DE,Germany,Fitness_Wearables,68.56,2.84,5.79
2025-09-21,DE,Germany,Nutrition_Diets,34.3,1.84,3.1
2025-09-21,FR,France,Fashion_Beauty,32.92,0.63,-0.99
2025-09-21,FR,France,Fitness_Wearables,66.74,-9.08,-5.39
2025-09-21,FR,France,Nutrition_Diets,30.46,-1.31,-1.47
2025-09-21,GB,United_Kingdom,Fashion_Beauty,53.15,3.62,5.02
2025-09-21,GB,United_Kingdom,Fitness_Wearables,71.12,2.38,7.55
2025-09-21,GB,United_Kingdom,Nutrition_Diets,65.83,2.89,7.78
2025-09-21,IN,India,Fashion_Beauty,52.46,1.35,0.61
2025-09-21,IN,India,Fitness_Wearables,89.63,9.36,-3.05
2025-09-21,IN,India,Nutrition_Diets,65.58,-3.91,-1.04
2025-09-21,JP,Japan,Fashion_Beauty,32.5,6.43,3.46
2025-09-21,JP,Japan,Fitness_Wearables,37.06,0.78,-1.54
2025-09-21,JP,Japan,Nutrition_Diets,11.21,-0.1,0.29
2025-09-21,KE,Kenya,Fashion_Beauty,70.38,4.75,12.12
2025-09-21,KE,Kenya,Fitness_Wearables,75.14,10.19,16.16
2025-09-21,KE,Kenya,Nutrition_Diets,62.95,0.88,4.41
2025-09-21,MX,Mexico,Fashion_Beauty,53.8,-0.68,-3.26
2025-09-21,MX,Mexico,Fitness_Wearables,61.59,-1.52,-3.48
2025-09-21,MX,Mexico,Nutrition_Diets,23.81,0.37,1.19
2025-09-21,NG,Nigeria,Fashion_Beauty,66.62,1.3,13.58
2025-09-21,NG,Nigeria,Fitness_Wearables,90.76,15.63,19.32
2025-09-21,NG,Nigeria,Nutrition_Diets,65.05,1.45,7.5
2025-09-21,SG,Singapore,Fashion_Beauty,44.92,-0.32,0.72
2025-09-21,SG,Singapore,Fitness_Wearables,65.87,0.3,1.7
2025-09-21,SG,Singapore,Nutrition_Diets,50.16,1.8,1.37
2025-09-21,US,United_States,Fashion_Beauty,45.64,0.09,-3.2
2025-09-21,US,United_States,Fitness_Wearables,53.19,1.69,0.89
2025-09-21,US,United_States,Nutrition_Diets,52.53,1.75,-0.46
2025-09-21,ZA,South_Africa,Fashion_Beauty,73.96,5.44,6.14
2025-09-21,ZA,South_Africa,Fitness_Wearables,69.93,3.07,6.61
2025-09-21,ZA,South_Africa,Nutrition_Diets,60.14,-1.02,2.93
2025-09-28,AE,United_Arab_Emirates,Fashion_Beauty,62.27,-1.7,-5.57
2025-09-28,AE,United_Arab_Emirates,Fitness_Wearables,75.6,3.02,6.04
2025-09-28,AE,United_Arab_Emirates,Nutrition_Diets,54.59,-3.02,-4.12
2025-09-28,AU,Australia,Fashion_Beauty,64.89,3.6,5.96
2025-09-28,AU,Australia,Fitness_Wearables,78.11,-1.13,1.85
2025-09-28,AU,Australia,Nutrition_Diets,70.85,0,4.89
2025-09-28,BR,Brazil,Fashion_Beauty,51.42,3.21,3.71
2025-09-28,BR,Brazil,Fitness_Wearables,60.76,1.4,3
2025-09-28,BR,Brazil,Nutrition_Diets,28.4,-0.32,0.53
2025-09-28,CA,Canada,Fashion_Beauty,63.4,1.33,2.77
2025-09-28,CA,Canada,Fitness_Wearables,65.55,-0.63,3.03
2025-09-28,CA,Canada,Nutrition_Diets,60.22,-3.15,-2.07
2025-09-28,CN,China,Fashion_Beauty,13.66,-1.74,-1.74
2025-09-28,CN,China,Fitness_Wearables,37.25,2.72,-3.34
2025-09-28,CN,China,Nutrition_Diets,53.53,29.17,9.62
2025-09-28,DE,Germany,Fashion_Beauty,41.9,0.56,-3.24
2025-09-28,DE,Germany,Fitness_Wearables,68.33,-0.23,-3.07
2025-09-28,DE,Germany,Nutrition_Diets,33.82,-0.48,-2.32
2025-09-28,FR,France,Fashion_Beauty,48.88,15.96,15.33
2025-09-28,FR,France,Fitness_Wearables,63.25,-3.49,5.59
2025-09-28,FR,France,Nutrition_Diets,30.95,0.49,1.8
2025-09-28,GB,United_Kingdom,Fashion_Beauty,53.15,0,-3.62
2025-09-28,GB,United_Kingdom,Fitness_Wearables,71.01,-0.11,-2.49
2025-09-28,GB,United_Kingdom,Nutrition_Diets,65.13,-0.7,-3.59
2025-09-28,IN,India,Fashion_Beauty,53.08,0.62,-0.73
2025-09-28,IN,India,Fitness_Wearables,87.41,-2.22,-11.58
2025-09-28,IN,India,Nutrition_Diets,61.93,-3.65,0.26
2025-09-28,JP,Japan,Fashion_Beauty,24.88,-7.62,-14.05
2025-09-28,JP,Japan,Fitness_Wearables,34.73,-2.33,-3.11
2025-09-28,JP,Japan,Nutrition_Diets,11.21,0,0.1
2025-09-28,KE,Kenya,Fashion_Beauty,69.07,-1.31,-6.06
2025-09-28,KE,Kenya,Fitness_Wearables,71.33,-3.81,-14
2025-09-28,KE,Kenya,Nutrition_Diets,64.28,1.33,0.45
2025-09-28,MX,Mexico,Fashion_Beauty,58.29,4.49,5.17
2025-09-28,MX,Mexico,Fitness_Wearables,62.46,0.87,2.39
2025-09-28,MX,Mexico,Nutrition_Diets,25.52,1.71,1.34
2025-09-28,NG,Nigeria,Fashion_Beauty,65.46,-1.16,-2.46
2025-09-28,NG,Nigeria,Fitness_Wearables,86.22,-4.54,-20.17
2025-09-28,NG,Nigeria,Nutrition_Diets,67.11,2.06,0.61
2025-09-28,SG,Singapore,Fashion_Beauty,46.81,1.89,2.21
2025-09-28,SG,Singapore,Fitness_Wearables,65.57,-0.3,-0.6
2025-09-28,SG,Singapore,Nutrition_Diets,46.02,-4.14,-5.94
2025-09-28,US,United_States,Fashion_Beauty,45.46,-0.18,-0.27
2025-09-28,US,United_States,Fitness_Wearables,52.5,-0.69,-2.38
2025-09-28,US,United_States,Nutrition_Diets,52.07,-0.46,-2.21
2025-09-28,ZA,South_Africa,Fashion_Beauty,67.83,-6.13,-11.57
2025-09-28,ZA,South_Africa,Fitness_Wearables,66.04,-3.89,-6.96
2025-09-28,ZA,South_Africa,Nutrition_Diets,57.4,-2.74,-1.72
2025-10-05,AE,United_Arab_Emirates,Fashion_Beauty,70.01,7.74,9.44
2025-10-05,AE,United_Arab_Emirates,Fitness_Wearables,79.35,3.75,0.73
2025-10-05,AE,United_Arab_Emirates,Nutrition_Diets,56.42,1.83,4.85
2025-10-05,AU,Australia,Fashion_Beauty,68.61,3.72,0.12
2025-10-05,AU,Australia,Fitness_Wearables,76.88,-1.23,-0.1
2025-10-05,AU,Australia,Nutrition_Diets,73.19,2.34,2.34
2025-10-05,BR,Brazil,Fashion_Beauty,52.77,1.35,-1.86
2025-10-05,BR,Brazil,Fitness_Wearables,63.26,2.5,1.1
2025-10-05,BR,Brazil,Nutrition_Diets,31.06,2.66,2.98
2025-10-05,CA,Canada,Fashion_Beauty,62.73,-0.67,-2
2025-10-05,CA,Canada,Fitness_Wearables,65.24,-0.31,0.32
2025-10-05,CA,Canada,Nutrition_Diets,61.39,1.17,4.32
2025-10-05,CN,China,Fashion_Beauty,16.27,2.61,4.35
2025-10-05,CN,China,Fitness_Wearables,39.98,2.73,0.01
2025-10-05,CN,China,Nutrition_Diets,60.3,6.77,-22.4
2025-10-05,DE,Germany,Fashion_Beauty,41.34,-0.56,-1.12
2025-10-05,DE,Germany,Fitness_Wearables,65.49,-2.84,-2.61
2025-10-05,DE,Germany,Nutrition_Diets,34.98,1.16,1.64
2025-10-05,FR,France,Fashion_Beauty,38.15,-10.73,-26.69
2025-10-05,FR,France,Fitness_Wearables,61.25,-2,1.49
2025-10-05,FR,France,Nutrition_Diets,30.95,0,-0.49
2025-10-05,GB,United_Kingdom,Fashion_Beauty,56.29,3.14,3.14
2025-10-05,GB,United_Kingdom,Fitness_Wearables,69.67,-1.34,-1.23
2025-10-05,GB,United_Kingdom,Nutrition_Diets,66.63,1.5,2.2
2025-10-05,IN,India,Fashion_Beauty,55.3,2.22,1.6
2025-10-05,IN,India,Fitness_Wearables,90.82,3.41,5.63
2025-10-05,IN,India,Nutrition_Diets,67.54,5.61,9.26
2025-10-05,JP,Japan,Fashion_Beauty,25.83,0.95,8.57
2025-10-05,JP,Japan,Fitness_Wearables,33.52,-1.21,1.12
2025-10-05,JP,Japan,Nutrition_Diets,11.7,0.49,0.49
2025-10-05,KE,Kenya,Fashion_Beauty,71.19,2.12,3.43
2025-10-05,KE,Kenya,Fitness_Wearables,65.08,-6.25,-2.44
2025-10-05,KE,Kenya,Nutrition_Diets,63.73,-0.55,-1.88
2025-10-05,MX,Mexico,Fashion_Beauty,56.11,-2.18,-6.67
2025-10-05,MX,Mexico,Fitness_Wearables,60.17,-2.29,-3.16
2025-10-05,MX,Mexico,Nutrition_Diets,25.43,-0.09,-1.8
2025-10-05,NG,Nigeria,Fashion_Beauty,72.54,7.08,8.24
2025-10-05,NG,Nigeria,Fitness_Wearables,87.23,1.01,5.55
2025-10-05,NG,Nigeria,Nutrition_Diets,71.34,4.23,2.17
2025-10-05,SG,Singapore,Fashion_Beauty,46.6,-0.21,-2.1
2025-10-05,SG,Singapore,Fitness_Wearables,64.58,-0.99,-0.69
2025-10-05,SG,Singapore,Nutrition_Diets,48.67,2.65,6.79
2025-10-05,US,United_States,Fashion_Beauty,45.12,-0.34,-0.16
2025-10-05,US,United_States,Fitness_Wearables,49.9,-2.6,-1.91
2025-10-05,US,United_States,Nutrition_Diets,50.78,-1.29,-0.83
2025-10-05,ZA,South_Africa,Fashion_Beauty,72.98,5.15,11.28
2025-10-05,ZA,South_Africa,Fitness_Wearables,68.63,2.59,6.48
2025-10-05,ZA,South_Africa,Nutrition_Diets,59.94,2.54,5.28
2025-10-12,AE,United_Arab_Emirates,Fashion_Beauty,71.7,1.69,-6.05
2025-10-12,AE,United_Arab_Emirates,Fitness_Wearables,69.03,-10.32,-14.07
2025-10-12,AE,United_Arab_Emirates,Nutrition_Diets,56.06,-0.36,-2.19
2025-10-12,AU,Australia,Fashion_Beauty,81.14,12.53,8.81
2025-10-12,AU,Australia,Fitness_Wearables,79.96,3.08,4.31
2025-10-12,AU,Australia,Nutrition_Diets,77.55,4.36,2.02
2025-10-12,BR,Brazil,Fashion_Beauty,68.68,15.91,14.56
2025-10-12,BR,Brazil,Fitness_Wearables,63.16,-0.1,-2.6
2025-10-12,BR,Brazil,Nutrition_Diets,31.49,0.43,-2.23
2025-10-12,CA,Canada,Fashion_Beauty,85.45,22.72,23.39
2025-10-12,CA,Canada,Fitness_Wearables,68.38,3.14,3.45
2025-10-12,CA,Canada,Nutrition_Diets,60.49,-0.9,-2.07
2025-10-12,CN,China,Fashion_Beauty,16.89,0.62,-1.99
2025-10-12,CN,China,Fitness_Wearables,37.25,-2.73,-5.46
2025-10-12,CN,China,Nutrition_Diets,37.59,-22.71,-29.48
2025-10-12,DE,Germany,Fashion_Beauty,49.27,7.93,8.49
2025-10-12,DE,Germany,Fitness_Wearables,68.9,3.41,6.25
2025-10-12,DE,Germany,Nutrition_Diets,36.23,1.25,0.09
2025-10-12,FR,France,Fashion_Beauty,33.42,-4.73,6
2025-10-12,FR,France,Fitness_Wearables,58.5,-2.75,-0.75
2025-10-12,FR,France,Nutrition_Diets,30.54,-0.41,-0.41
2025-10-12,GB,United_Kingdom,Fashion_Beauty,63.05,6.76,3.62
2025-10-12,GB,United_Kingdom,Fitness_Wearables,68.94,-0.73,0.61
2025-10-12,GB,United_Kingdom,Nutrition_Diets,66.53,-0.1,-1.6
2025-10-12,IN,India,Fashion_Beauty,58.37,3.07,0.85
2025-10-12,IN,India,Fitness_Wearables,89.46,-1.36,-4.77
2025-10-12,IN,India,Nutrition_Diets,65.45,-2.09,-7.7
2025-10-12,JP,Japan,Fashion_Beauty,27.5,1.67,0.72
2025-10-12,JP,Japan,Fitness_Wearables,33.52,0,1.21
2025-10-12,JP,Japan,Nutrition_Diets,11.89,0.19,-0.3
2025-10-12,KE,Kenya,Fashion_Beauty,68.58,-2.61,-4.73
2025-10-12,KE,Kenya,Fitness_Wearables,65.22,0.14,6.39
2025-10-12,KE,Kenya,Nutrition_Diets,55.13,-8.6,-8.05
2025-10-12,MX,Mexico,Fashion_Beauty,82.61,26.5,28.68
2025-10-12,MX,Mexico,Fitness_Wearables,60.28,0.11,2.4
2025-10-12,MX,Mexico,Nutrition_Diets,25.43,0,0.09
2025-10-12,NG,Nigeria,Fashion_Beauty,74.57,2.03,-5.05
2025-10-12,NG,Nigeria,Fitness_Wearables,90.59,3.36,2.35
2025-10-12,NG,Nigeria,Nutrition_Diets,74.61,3.27,-0.96
2025-10-12,SG,Singapore,Fashion_Beauty,50.05,3.45,3.66
2025-10-12,SG,Singapore,Fitness_Wearables,62.99,-1.59,-0.6
2025-10-12,SG,Singapore,Nutrition_Diets,47.08,-1.59,-4.24
2025-10-12,US,United_States,Fashion_Beauty,55.57,10.45,10.79
2025-10-12,US,United_States,Fitness_Wearables,50.2,0.3,2.9
2025-10-12,US,United_States,Nutrition_Diets,52.63,1.85,3.14
2025-10-12,ZA,South_Africa,Fashion_Beauty,74.09,1.11,-4.04
2025-10-12,ZA,South_Africa,Fitness_Wearables,69.81,1.18,-1.41
2025-10-12,ZA,South_Africa,Nutrition_Diets,64.91,4.97,2.43
2025-10-19,AE,United_Arab_Emirates,Fashion_Beauty,65.66,-6.04,-7.73
2025-10-19,AE,United_Arab_Emirates,Fitness_Wearables,69.55,0.52,10.84
2025-10-19,AE,United_Arab_Emirates,Nutrition_Diets,56.06,0,0.36
2025-10-19,AU,Australia,Fashion_Beauty,66.38,-14.76,-27.29
2025-10-19,AU,Australia,Fitness_Wearables,77.29,-2.67,-5.75
2025-10-19,AU,Australia,Nutrition_Diets,77.98,0.43,-3.93
2025-10-19,BR,Brazil,Fashion_Beauty,52.77,-15.91,-31.82
2025-10-19,BR,Brazil,Fitness_Wearables,62.66,-0.5,-0.4
2025-10-19,BR,Brazil,Nutrition_Diets,30.64,-0.85,-1.28
2025-10-19,CA,Canada,Fashion_Beauty,64.5,-20.95,-43.67
2025-10-19,CA,Canada,Fitness_Wearables,62.51,-5.87,-9.01
2025-10-19,CA,Canada,Nutrition_Diets,61.48,0.99,1.89
2025-10-19,CN,China,Fashion_Beauty,17.76,0.87,0.25
2025-10-19,CN,China,Fitness_Wearables,40.1,2.85,5.58
2025-10-19,CN,China,Nutrition_Diets,41.2,3.61,26.32
2025-10-19,DE,Germany,Fashion_Beauty,40.11,-9.16,-17.09
2025-10-19,DE,Germany,Fitness_Wearables,66.74,-2.16,-5.57
2025-10-19,DE,Germany,Nutrition_Diets,35.46,-0.77,-2.02
2025-10-19,FR,France,Fashion_Beauty,31.42,-2,2.73
2025-10-19,FR,France,Fitness_Wearables,59.24,0.74,3.49
2025-10-19,FR,France,Nutrition_Diets,31.12,0.58,0.99
2025-10-19,GB,United_Kingdom,Fashion_Beauty,53.96,-9.09,-15.85
2025-10-19,GB,United_Kingdom,Fitness_Wearables,65.73,-3.21,-2.48
2025-10-19,GB,United_Kingdom,Nutrition_Diets,63.04,-3.49,-3.39
2025-10-19,IN,India,Fashion_Beauty,51.48,-6.89,-9.96
2025-10-19,IN,India,Fitness_Wearables,64.12,-25.34,-23.98
2025-10-19,IN,India,Nutrition_Diets,60.63,-4.82,-2.73
2025-10-19,JP,Japan,Fashion_Beauty,24.52,-2.98,-4.65
2025-10-19,JP,Japan,Fitness_Wearables,31.53,-1.99,-1.99
2025-10-19,JP,Japan,Nutrition_Diets,11.7,-0.19,-0.38
2025-10-19,KE,Kenya,Fashion_Beauty,65.3,-3.28,-0.67
2025-10-19,KE,Kenya,Fitness_Wearables,67.53,2.31,2.17
2025-10-19,KE,Kenya,Nutrition_Diets,54.91,-0.22,8.38
2025-10-19,MX,Mexico,Fashion_Beauty,58.97,-23.64,-50.14
2025-10-19,MX,Mexico,Fitness_Wearables,61.15,0.87,0.76
2025-10-19,MX,Mexico,Nutrition_Diets,26.24,0.81,0.81
2025-10-19,NG,Nigeria,Fashion_Beauty,68.5,-6.07,-8.1
2025-10-19,NG,Nigeria,Fitness_Wearables,81.01,-9.58,-12.94
2025-10-19,NG,Nigeria,Nutrition_Diets,70.37,-4.24,-7.51
2025-10-19,SG,Singapore,Fashion_Beauty,49.01,-1.04,-4.49
2025-10-19,SG,Singapore,Fitness_Wearables,65.17,2.18,3.77
2025-10-19,SG,Singapore,Nutrition_Diets,48.36,1.28,2.87
2025-10-19,US,United_States,Fashion_Beauty,46.93,-8.64,-19.09
2025-10-19,US,United_States,Fitness_Wearables,49.5,-0.7,-1
2025-10-19,US,United_States,Nutrition_Diets,51.71,-0.92,-2.77
2025-10-19,ZA,South_Africa,Fashion_Beauty,69.78,-4.31,-5.42
2025-10-19,ZA,South_Africa,Fitness_Wearables,70.17,0.36,-0.82
2025-10-19,ZA,South_Africa,Nutrition_Diets,61.56,-3.35,-8.32
2025-10-26,AE,United_Arab_Emirates,Fashion_Beauty,73.16,7.5,13.54
2025-10-26,AE,United_Arab_Emirates,Fitness_Wearables,85.19,15.64,15.12
2025-10-26,AE,United_Arab_Emirates,Nutrition_Diets,63.67,7.61,7.61
2025-10-26,AU,Australia,Fashion_Beauty,64.52,-1.86,12.9
2025-10-26,AU,Australia,Fitness_Wearables,75.13,-2.16,0.51
2025-10-26,AU,Australia,Nutrition_Diets,72.34,-5.64,-6.07
2025-10-26,BR,Brazil,Fashion_Beauty,57.58,4.81,20.72
2025-10-26,BR,Brazil,Fitness_Wearables,64.86,2.2,2.7
2025-10-26,BR,Brazil,Nutrition_Diets,36.7,6.06,6.91
2025-10-26,CA,Canada,Fashion_Beauty,68.14,3.64,24.59
2025-10-26,CA,Canada,Fitness_Wearables,63.04,0.53,6.4
2025-10-26,CA,Canada,Nutrition_Diets,63.1,1.62,0.63
2025-10-26,CN,China,Fashion_Beauty,18.63,0.87,-3.55E-15
2025-10-26,CN,China,Fitness_Wearables,48.89,8.79,5.94
2025-10-26,CN,China,Nutrition_Diets,57.59,16.39,12.78
2025-10-26,DE,Germany,Fashion_Beauty,45.7,5.59,14.75
2025-10-26,DE,Germany,Fitness_Wearables,72.3,5.56,7.72
2025-10-26,DE,Germany,Nutrition_Diets,44.54,9.08,9.85
2025-10-26,FR,France,Fashion_Beauty,36.78,5.36,7.36
2025-10-26,FR,France,Fitness_Wearables,66.21,6.97,6.23
2025-10-26,FR,France,Nutrition_Diets,41.79,10.67,10.09
2025-10-26,GB,United_Kingdom,Fashion_Beauty,59.44,5.48,14.57
2025-10-26,GB,United_Kingdom,Fitness_Wearables,68.63,2.9,6.11
2025-10-26,GB,United_Kingdom,Nutrition_Diets,66.93,3.89,7.38
2025-10-26,IN,India,Fashion_Beauty,54.43,2.95,9.84
2025-10-26,IN,India,Fitness_Wearables,67.01,2.89,28.23
2025-10-26,IN,India,Nutrition_Diets,73.79,13.16,17.98
2025-10-26,JP,Japan,Fashion_Beauty,40.71,16.19,19.17
2025-10-26,JP,Japan,Fitness_Wearables,42.15,10.62,12.61
2025-10-26,JP,Japan,Nutrition_Diets,26.41,14.71,14.9
2025-10-26,KE,Kenya,Fashion_Beauty,73.98,8.68,11.96
2025-10-26,KE,Kenya,Fitness_Wearables,72.55,5.02,2.71
2025-10-26,KE,Kenya,Nutrition_Diets,63.07,8.16,8.38
2025-10-26,MX,Mexico,Fashion_Beauty,61.14,2.17,25.81
2025-10-26,MX,Mexico,Fitness_Wearables,62.57,1.42,0.55
2025-10-26,MX,Mexico,Nutrition_Diets,33.63,7.39,6.58
2025-10-26,NG,Nigeria,Fashion_Beauty,77.46,8.96,15.03
2025-10-26,NG,Nigeria,Fitness_Wearables,86.55,5.54,15.12
2025-10-26,NG,Nigeria,Nutrition_Diets,77.75,7.38,11.62
2025-10-26,SG,Singapore,Fashion_Beauty,52.04,3.03,4.07
2025-10-26,SG,Singapore,Fitness_Wearables,65.27,0.1,-2.08
2025-10-26,SG,Singapore,Nutrition_Diets,53.13,4.77,3.49
2025-10-26,US,United_States,Fashion_Beauty,49.7,2.77,11.41
2025-10-26,US,United_States,Fitness_Wearables,49.3,-0.2,0.5
2025-10-26,US,United_States,Nutrition_Diets,50.69,-1.02,-0.1
2025-10-26,ZA,South_Africa,Fashion_Beauty,73.82,4.04,8.35
2025-10-26,ZA,South_Africa,Fitness_Wearables,72.76,2.59,2.23
2025-10-26,ZA,South_Africa,Nutrition_Diets,64.4,2.84,6.19
2025-11-02,AE,United_Arab_Emirates,Fashion_Beauty,79.32,6.16,-1.34
2025-11-02,AE,United_Arab_Emirates,Fitness_Wearables,94.89,9.7,-5.94
2025-11-02,AE,United_Arab_Emirates,Nutrition_Diets,71.83,8.16,0.55
2025-11-02,AU,Australia,Fashion_Beauty,72.33,7.81,9.67
2025-11-02,AU,Australia,Fitness_Wearables,82.53,7.4,9.56
2025-11-02,AU,Australia,Nutrition_Diets,78.83,6.49,12.13
2025-11-02,BR,Brazil,Fashion_Beauty,63.13,5.55,0.74
2025-11-02,BR,Brazil,Fitness_Wearables,68.87,4.01,1.81
2025-11-02,BR,Brazil,Nutrition_Diets,44.15,7.45,1.39
2025-11-02,CA,Canada,Fashion_Beauty,71.33,3.19,-0.45
2025-11-02,CA,Canada,Fitness_Wearables,71.1,8.06,7.53
2025-11-02,CA,Canada,Nutrition_Diets,71.2,8.1,6.48
2025-11-02,CN,China,Fashion_Beauty,17.76,-0.87,-1.74
2025-11-02,CN,China,Fitness_Wearables,48.76,-0.13,-8.92
2025-11-02,CN,China,Nutrition_Diets,77.89,20.3,3.91
2025-11-02,DE,Germany,Fashion_Beauty,61.56,15.86,10.27
2025-11-02,DE,Germany,Fitness_Wearables,82.29,9.99,4.43
2025-11-02,DE,Germany,Nutrition_Diets,57.68,13.14,4.06
2025-11-02,FR,France,Fashion_Beauty,45.89,9.11,3.75
2025-11-02,FR,France,Fitness_Wearables,73.92,7.71,0.74
2025-11-02,FR,France,Nutrition_Diets,57.47,15.68,5.01
2025-11-02,GB,United_Kingdom,Fashion_Beauty,57.93,-1.51,-6.99
2025-11-02,GB,United_Kingdom,Fitness_Wearables,73.29,4.66,1.76
2025-11-02,GB,United_Kingdom,Nutrition_Diets,71.13,4.2,0.31
2025-11-02,IN,India,Fashion_Beauty,59.73,5.3,2.35
2025-11-02,IN,India,Fitness_Wearables,75.34,8.33,5.44
2025-11-02,IN,India,Nutrition_Diets,81.49,7.7,-5.46
2025-11-02,JP,Japan,Fashion_Beauty,64.4,23.69,7.5
2025-11-02,JP,Japan,Fitness_Wearables,63.61,21.46,10.84
2025-11-02,JP,Japan,Nutrition_Diets,50.78,24.37,9.66
2025-11-02,KE,Kenya,Fashion_Beauty,83.14,9.16,0.48
2025-11-02,KE,Kenya,Fitness_Wearables,85.73,13.18,8.16
2025-11-02,KE,Kenya,Nutrition_Diets,66.04,2.97,-5.19
2025-11-02,MX,Mexico,Fashion_Beauty,70.11,8.97,6.8
2025-11-02,MX,Mexico,Fitness_Wearables,69.53,6.96,5.54
2025-11-02,MX,Mexico,Nutrition_Diets,47.07,13.44,6.05
2025-11-02,NG,Nigeria,Fashion_Beauty,80.92,3.46,-5.5
2025-11-02,NG,Nigeria,Fitness_Wearables,90.92,4.37,-1.17
2025-11-02,NG,Nigeria,Nutrition_Diets,82.71,4.96,-2.42
2025-11-02,SG,Singapore,Fashion_Beauty,61.26,9.22,6.19
2025-11-02,SG,Singapore,Fitness_Wearables,74.93,9.66,9.56
2025-11-02,SG,Singapore,Nutrition_Diets,59.38,6.25,1.48
2025-11-02,US,United_States,Fashion_Beauty,46.76,-2.94,-5.71
2025-11-02,US,United_States,Fitness_Wearables,55.19,5.89,6.09
2025-11-02,US,United_States,Nutrition_Diets,54.65,3.96,4.98
2025-11-02,ZA,South_Africa,Fashion_Beauty,72.84,-0.98,-5.02
2025-11-02,ZA,South_Africa,Fitness_Wearables,76.06,3.3,0.71
2025-11-02,ZA,South_Africa,Nutrition_Diets,65.92,1.52,-1.32
2025-11-09,AE,United_Arab_Emirates,Fashion_Beauty,84.89,5.57,-0.59
2025-11-09,AE,United_Arab_Emirates,Fitness_Wearables,95.41,0.52,-9.18
2025-11-09,AE,United_Arab_Emirates,Nutrition_Diets,74.31,2.48,-5.68
2025-11-09,AU,Australia,Fashion_Beauty,70.47,-1.86,-9.67
2025-11-09,AU,Australia,Fitness_Wearables,81.09,-1.44,-8.84
2025-11-09,AU,Australia,Nutrition_Diets,74.26,-4.57,-11.06
2025-11-09,BR,Brazil,Fashion_Beauty,66.21,3.08,-2.47
2025-11-09,BR,Brazil,Fitness_Wearables,71.97,3.1,-0.91
2025-11-09,BR,Brazil,Nutrition_Diets,43.72,-0.43,-7.88
2025-11-09,CA,Canada,Fashion_Beauty,73.98,2.65,-0.54
2025-11-09,CA,Canada,Fitness_Wearables,76.86,5.76,-2.3
2025-11-09,CA,Canada,Nutrition_Diets,72.28,1.08,-7.02
2025-11-09,CN,China,Fashion_Beauty,15.16,-2.6,-1.73
2025-11-09,CN,China,Fitness_Wearables,53.59,4.83,4.96
2025-11-09,CN,China,Nutrition_Diets,86.17,8.28,-12.02
2025-11-09,DE,Germany,Fashion_Beauty,56.31,-5.25,-21.11
2025-11-09,DE,Germany,Fitness_Wearables,80.14,-2.15,-12.14
2025-11-09,DE,Germany,Nutrition_Diets,55.85,-1.83,-14.97
2025-11-09,FR,France,Fashion_Beauty,45.14,-0.75,-9.86
2025-11-09,FR,France,Fitness_Wearables,78.67,4.75,-2.96
2025-11-09,FR,France,Nutrition_Diets,57.39,-0.08,-15.76
2025-11-09,GB,United_Kingdom,Fashion_Beauty,59.67,1.74,3.25
2025-11-09,GB,United_Kingdom,Fitness_Wearables,76.09,2.8,-1.86
2025-11-09,GB,United_Kingdom,Nutrition_Diets,71.13,0,-4.2
2025-11-09,IN,India,Fashion_Beauty,64.16,4.43,-0.87
2025-11-09,IN,India,Fitness_Wearables,76.7,1.36,-6.97
2025-11-09,IN,India,Nutrition_Diets,83.96,2.47,-5.23
2025-11-09,JP,Japan,Fashion_Beauty,68.33,3.93,-19.76
2025-11-09,JP,Japan,Fitness_Wearables,64.93,1.32,-20.14
2025-11-09,JP,Japan,Nutrition_Diets,50.97,0.19,-24.18
2025-11-09,KE,Kenya,Fashion_Beauty,91.65,8.51,-0.65
2025-11-09,KE,Kenya,Fitness_Wearables,96.6,10.87,-2.31
2025-11-09,KE,Kenya,Nutrition_Diets,65.27,-0.77,-3.74
2025-11-09,MX,Mexico,Fashion_Beauty,76.63,6.52,-2.45
2025-11-09,MX,Mexico,Fitness_Wearables,76.06,6.53,-0.43
2025-11-09,MX,Mexico,Nutrition_Diets,46.35,-0.72,-14.16
2025-11-09,NG,Nigeria,Fashion_Beauty,82.23,1.31,-2.15
2025-11-09,NG,Nigeria,Fitness_Wearables,99.16,8.24,3.87
2025-11-09,NG,Nigeria,Nutrition_Diets,89.12,6.41,1.45
2025-11-09,SG,Singapore,Fashion_Beauty,61.99,0.73,-8.49
2025-11-09,SG,Singapore,Fitness_Wearables,75.12,0.19,-9.47
2025-11-09,SG,Singapore,Nutrition_Diets,60.55,1.17,-5.08
2025-11-09,US,United_States,Fashion_Beauty,49.87,3.11,6.05
2025-11-09,US,United_States,Fitness_Wearables,56.79,1.6,-4.29
2025-11-09,US,United_States,Nutrition_Diets,57.05,2.4,-1.56
2025-11-09,ZA,South_Africa,Fashion_Beauty,75.49,2.65,3.63
2025-11-09,ZA,South_Africa,Fitness_Wearables,77.24,1.18,-2.12
2025-11-09,ZA,South_Africa,Nutrition_Diets,67.75,1.83,0.31
2025-11-16,AE,United_Arab_Emirates,Fashion_Beauty,81.62,-3.27,-8.84
2025-11-16,AE,United_Arab_Emirates,Fitness_Wearables,89.99,-5.42,-5.94
2025-11-16,AE,United_Arab_Emirates,Nutrition_Diets,70.28,-4.03,-6.51
2025-11-16,AU,Australia,Fashion_Beauty,72.83,2.36,4.22
2025-11-16,AU,Australia,Fitness_Wearables,86.02,4.93,6.37
2025-11-16,AU,Australia,Nutrition_Diets,77.23,2.97,7.54
2025-11-16,BR,Brazil,Fashion_Beauty,68.68,2.47,-0.61
2025-11-16,BR,Brazil,Fitness_Wearables,74.77,2.8,-0.3
2025-11-16,BR,Brazil,Nutrition_Diets,43.4,-0.32,0.11
2025-11-16,CA,Canada,Fashion_Beauty,78.17,4.19,1.54
2025-11-16,CA,Canada,Fitness_Wearables,79.48,2.62,-3.14
2025-11-16,CA,Canada,Nutrition_Diets,72.46,0.18,-0.9
2025-11-16,CN,China,Fashion_Beauty,18.01,2.85,5.45
2025-11-16,CN,China,Fitness_Wearables,55.57,1.98,-2.85
2025-11-16,CN,China,Nutrition_Diets,91.28,5.11,-3.17
2025-11-16,DE,Germany,Fashion_Beauty,57.21,0.9,6.15
2025-11-16,DE,Germany,Fitness_Wearables,83.54,3.4,5.55
2025-11-16,DE,Germany,Nutrition_Diets,52.37,-3.48,-1.65
2025-11-16,FR,France,Fashion_Beauty,45.26,0.12,0.87
2025-11-16,FR,France,Fitness_Wearables,79.51,0.84,-3.91
2025-11-16,FR,France,Nutrition_Diets,55.99,-1.4,-1.32
2025-11-16,GB,United_Kingdom,Fashion_Beauty,65.27,5.6,3.86
2025-11-16,GB,United_Kingdom,Fitness_Wearables,78.36,2.27,-0.53
2025-11-16,GB,United_Kingdom,Nutrition_Diets,68.13,-3,-3
2025-11-16,IN,India,Fashion_Beauty,66.75,2.59,-1.84
2025-11-16,IN,India,Fitness_Wearables,80.27,3.57,2.21
2025-11-16,IN,India,Nutrition_Diets,83.05,-0.91,-3.38
2025-11-16,JP,Japan,Fashion_Beauty,65.24,-3.09,-7.02
2025-11-16,JP,Japan,Fitness_Wearables,72.46,7.53,6.21
2025-11-16,JP,Japan,Nutrition_Diets,50.78,-0.19,-0.38
2025-11-16,KE,Kenya,Fashion_Beauty,86.91,-4.74,-13.25
2025-11-16,KE,Kenya,Fitness_Wearables,87.5,-9.1,-19.97
2025-11-16,KE,Kenya,Nutrition_Diets,69.46,4.19,4.96
2025-11-16,MX,Mexico,Fashion_Beauty,80.84,4.21,-2.31
2025-11-16,MX,Mexico,Fitness_Wearables,82.48,6.42,-0.11
2025-11-16,MX,Mexico,Nutrition_Diets,46.26,-0.09,0.63
2025-11-16,NG,Nigeria,Fashion_Beauty,81.36,-0.87,-2.18
2025-11-16,NG,Nigeria,Fitness_Wearables,95.13,-4.03,-12.27
2025-11-16,NG,Nigeria,Nutrition_Diets,81.14,-7.98,-14.39
2025-11-16,SG,Singapore,Fashion_Beauty,61.88,-0.11,-0.84
2025-11-16,SG,Singapore,Fitness_Wearables,76.82,1.7,1.51
2025-11-16,SG,Singapore,Nutrition_Diets,63.2,2.65,1.48
2025-11-16,US,United_States,Fashion_Beauty,51.86,1.99,-1.12
2025-11-16,US,United_States,Fitness_Wearables,59.78,2.99,1.39
2025-11-16,US,United_States,Nutrition_Diets,55.21,-1.84,-4.24
2025-11-16,ZA,South_Africa,Fashion_Beauty,77.58,2.09,-0.56
2025-11-16,ZA,South_Africa,Fitness_Wearables,76.65,-0.59,-1.77
2025-11-16,ZA,South_Africa,Nutrition_Diets,61.97,-5.78,-7.61
2025-11-23,AE,United_Arab_Emirates,Fashion_Beauty,90.45,8.83,12.1
2025-11-23,AE,United_Arab_Emirates,Fitness_Wearables,92.18,2.19,7.61
2025-11-23,AE,United_Arab_Emirates,Nutrition_Diets,71.19,0.91,4.94
2025-11-23,AU,Australia,Fashion_Beauty,79.78,6.95,4.59
2025-11-23,AU,Australia,Fitness_Wearables,87.05,1.03,-3.9
2025-11-23,AU,Australia,Nutrition_Diets,77.66,0.43,-2.54
2025-11-23,BR,Brazil,Fashion_Beauty,84.96,16.28,13.81
2025-11-23,BR,Brazil,Fitness_Wearables,84.78,10.01,7.21
2025-11-23,BR,Brazil,Nutrition_Diets,49.26,5.86,6.18
2025-11-23,CA,Canada,Fashion_Beauty,89.86,11.69,7.5
2025-11-23,CA,Canada,Fitness_Wearables,82.62,3.14,0.52
2025-11-23,CA,Canada,Nutrition_Diets,75.61,3.15,2.97
2025-11-23,CN,China,Fashion_Beauty,17.39,-0.62,-3.47
2025-11-23,CN,China,Fitness_Wearables,56.68,1.11,-0.87
2025-11-23,CN,China,Nutrition_Diets,100,8.72,3.61
2025-11-23,DE,Germany,Fashion_Beauty,62.79,5.58,4.68
2025-11-23,DE,Germany,Fitness_Wearables,86.38,2.84,-0.56
2025-11-23,DE,Germany,Nutrition_Diets,56.14,3.77,7.25
2025-11-23,FR,France,Fashion_Beauty,52.37,7.11,6.99
2025-11-23,FR,France,Fitness_Wearables,87.86,8.35,7.51
2025-11-23,FR,France,Nutrition_Diets,63.88,7.89,9.29
2025-11-23,GB,United_Kingdom,Fashion_Beauty,72.73,7.46,1.86
2025-11-23,GB,United_Kingdom,Fitness_Wearables,77.95,-0.41,-2.68
2025-11-23,GB,United_Kingdom,Nutrition_Diets,70.83,2.7,5.7
2025-11-23,IN,India,Fashion_Beauty,70.69,3.94,1.35
2025-11-23,IN,India,Fitness_Wearables,80.27,0,-3.57
2025-11-23,IN,India,Nutrition_Diets,85.53,2.48,3.39
2025-11-23,JP,Japan,Fashion_Beauty,81.07,15.83,18.92
2025-11-23,JP,Japan,Fitness_Wearables,83.19,10.73,3.2
2025-11-23,JP,Japan,Nutrition_Diets,59.26,8.48,8.67
2025-11-23,KE,Kenya,Fashion_Beauty,97.55,10.64,15.38
2025-11-23,KE,Kenya,Fitness_Wearables,87.23,-0.27,8.83
2025-11-23,KE,Kenya,Nutrition_Diets,67.14,-2.32,-6.51
2025-11-23,MX,Mexico,Fashion_Beauty,88.59,7.75,3.54
2025-11-23,MX,Mexico,Fitness_Wearables,79.65,-2.83,-9.25
2025-11-23,MX,Mexico,Nutrition_Diets,48.06,1.8,1.89
2025-11-23,NG,Nigeria,Fashion_Beauty,82.37,1.01,1.88
2025-11-23,NG,Nigeria,Fitness_Wearables,90.76,-4.37,-0.34
2025-11-23,NG,Nigeria,Nutrition_Diets,77.39,-3.75,4.23
2025-11-23,SG,Singapore,Fashion_Beauty,68.06,6.18,6.29
2025-11-23,SG,Singapore,Fitness_Wearables,78.41,1.59,-0.11
2025-11-23,SG,Singapore,Nutrition_Diets,63.84,0.64,-2.01
2025-11-23,US,United_States,Fashion_Beauty,59.9,8.04,6.05
2025-11-23,US,United_States,Fitness_Wearables,62.48,2.7,-0.29
2025-11-23,US,United_States,Nutrition_Diets,50.05,-5.16,-3.32
2025-11-23,ZA,South_Africa,Fashion_Beauty,94.85,17.27,15.18
2025-11-23,ZA,South_Africa,Fitness_Wearables,80.54,3.89,4.48
2025-11-23,ZA,South_Africa,Nutrition_Diets,58.22,-3.75,2.03
2025-11-30,AE,United_Arab_Emirates,Fashion_Beauty,89.96,-0.49,-9.32
2025-11-30,AE,United_Arab_Emirates,Fitness_Wearables,83.63,-8.55,-10.74
2025-11-30,AE,United_Arab_Emirates,Nutrition_Diets,70.09,-1.1,-2.01
2025-11-30,AU,Australia,Fashion_Beauty,75.93,-3.85,-10.8
2025-11-30,AU,Australia,Fitness_Wearables,81.6,-5.45,-6.48
2025-11-30,AU,Australia,Nutrition_Diets,77.13,-0.53,-0.96
2025-11-30,BR,Brazil,Fashion_Beauty,91.62,6.66,-9.62
2025-11-30,BR,Brazil,Fitness_Wearables,79.98,-4.8,-14.81
2025-11-30,BR,Brazil,Nutrition_Diets,50.53,1.27,-4.59
2025-11-30,CA,Canada,Fashion_Beauty,91.29,1.43,-10.26
2025-11-30,CA,Canada,Fitness_Wearables,80.42,-2.2,-5.34
2025-11-30,CA,Canada,Nutrition_Diets,74.35,-1.26,-4.41
2025-11-30,CN,China,Fashion_Beauty,18.26,0.87,1.49
2025-11-30,CN,China,Fitness_Wearables,51.86,-4.82,-5.93
2025-11-30,CN,China,Nutrition_Diets,86.92,-13.08,-21.8
2025-11-30,DE,Germany,Fashion_Beauty,65.7,2.91,-2.67
2025-11-30,DE,Germany,Fitness_Wearables,82.63,-3.75,-6.59
2025-11-30,DE,Germany,Nutrition_Diets,57.2,1.06,-2.71
2025-11-30,FR,France,Fashion_Beauty,54.86,2.49,-4.62
2025-11-30,FR,France,Fitness_Wearables,83.1,-4.76,-13.11
2025-11-30,FR,France,Nutrition_Diets,66.01,2.13,-5.76
2025-11-30,GB,United_Kingdom,Fashion_Beauty,72.49,-0.24,-7.7
2025-11-30,GB,United_Kingdom,Fitness_Wearables,78.67,0.72,1.13
2025-11-30,GB,United_Kingdom,Nutrition_Diets,71.93,1.1,-1.6
2025-11-30,IN,India,Fashion_Beauty,67.73,-2.96,-6.9
2025-11-30,IN,India,Fitness_Wearables,82.31,2.04,2.04
2025-11-30,IN,India,Nutrition_Diets,87.74,2.21,-0.27
2025-11-30,JP,Japan,Fashion_Beauty,90.83,9.76,-6.07
2025-11-30,JP,Japan,Fitness_Wearables,85.84,2.65,-8.08
2025-11-30,JP,Japan,Nutrition_Diets,66.86,7.6,-0.88
2025-11-30,KE,Kenya,Fashion_Beauty,91,-6.55,-17.19
2025-11-30,KE,Kenya,Fitness_Wearables,76.63,-10.6,-10.33
2025-11-30,KE,Kenya,Nutrition_Diets,64.06,-3.08,-0.76
2025-11-30,MX,Mexico,Fashion_Beauty,96.06,7.47,-0.28
2025-11-30,MX,Mexico,Fitness_Wearables,84.33,4.68,7.51
2025-11-30,MX,Mexico,Nutrition_Diets,53.83,5.77,3.97
2025-11-30,NG,Nigeria,Fashion_Beauty,84.54,2.17,1.16
2025-11-30,NG,Nigeria,Fitness_Wearables,85.88,-4.88,-0.51
2025-11-30,NG,Nigeria,Nutrition_Diets,72.79,-4.6,-0.85
2025-11-30,SG,Singapore,Fashion_Beauty,72.15,4.09,-2.09
2025-11-30,SG,Singapore,Fitness_Wearables,80,1.59,0
2025-11-30,SG,Singapore,Nutrition_Diets,63.31,-0.53,-1.17
2025-11-30,US,United_States,Fashion_Beauty,60.07,0.17,-7.87
2025-11-30,US,United_States,Fitness_Wearables,61.18,-1.3,-4
2025-11-30,US,United_States,Nutrition_Diets,55.85,5.8,10.96
2025-11-30,ZA,South_Africa,Fashion_Beauty,88.02,-6.83,-24.1
2025-11-30,ZA,South_Africa,Fitness_Wearables,74.06,-6.48,-10.37
2025-11-30,ZA,South_Africa,Nutrition_Diets,55.48,-2.74,1.01
2025-12-07,AE,United_Arab_Emirates,Fashion_Beauty,87.42,-2.54,-2.05
2025-12-07,AE,United_Arab_Emirates,Fitness_Wearables,88.11,4.48,13.03
2025-12-07,AE,United_Arab_Emirates,Nutrition_Diets,70.73,0.64,1.74
2025-12-07,AU,Australia,Fashion_Beauty,72.83,-3.1,0.75
2025-12-07,AU,Australia,Fitness_Wearables,80.06,-1.54,3.91
2025-12-07,AU,Australia,Nutrition_Diets,73.09,-4.04,-3.51
2025-12-07,BR,Brazil,Fashion_Beauty,89.03,-2.59,-9.25
2025-12-07,BR,Brazil,Fitness_Wearables,76.48,-3.5,1.3
2025-12-07,BR,Brazil,Nutrition_Diets,47.55,-2.98,-4.25
2025-12-07,CA,Canada,Fashion_Beauty,88.86,-2.43,-3.86
2025-12-07,CA,Canada,Fitness_Wearables,78.22,-2.2,0
2025-12-07,CA,Canada,Nutrition_Diets,74.08,-0.27,0.99
2025-12-07,CN,China,Fashion_Beauty,24.47,6.21,5.34
2025-12-07,CN,China,Fitness_Wearables,52.72,0.86,5.68
2025-12-07,CN,China,Nutrition_Diets,63.16,-23.76,-10.68
2025-12-07,DE,Germany,Fashion_Beauty,59.78,-5.92,-8.83
2025-12-07,DE,Germany,Fitness_Wearables,82.52,-0.11,3.64
2025-12-07,DE,Germany,Nutrition_Diets,56.14,-1.06,-2.12
2025-12-07,FR,France,Fashion_Beauty,51.75,-3.11,-5.6
2025-12-07,FR,France,Fitness_Wearables,78.88,-4.22,0.54
2025-12-07,FR,France,Nutrition_Diets,60.76,-5.25,-7.38
2025-12-07,GB,United_Kingdom,Fashion_Beauty,72.26,-0.23,0.01
2025-12-07,GB,United_Kingdom,Fitness_Wearables,76.4,-2.27,-2.99
2025-12-07,GB,United_Kingdom,Nutrition_Diets,69.93,-2,-3.1
2025-12-07,IN,India,Fashion_Beauty,67,-0.73,2.23
2025-12-07,IN,India,Fitness_Wearables,82.82,0.51,-1.53
2025-12-07,IN,India,Nutrition_Diets,87.87,0.13,-2.08
2025-12-07,JP,Japan,Fashion_Beauty,88.1,-2.73,-12.49
2025-12-07,JP,Japan,Fitness_Wearables,86.28,0.44,-2.21
2025-12-07,JP,Japan,Nutrition_Diets,63.55,-3.31,-10.91
2025-12-07,KE,Kenya,Fashion_Beauty,93.78,2.78,9.33
2025-12-07,KE,Kenya,Fitness_Wearables,84.65,8.02,18.62
2025-12-07,KE,Kenya,Nutrition_Diets,63.29,-0.77,2.31
2025-12-07,MX,Mexico,Fashion_Beauty,100,3.94,-3.53
2025-12-07,MX,Mexico,Fitness_Wearables,83.68,-0.65,-5.33
2025-12-07,MX,Mexico,Nutrition_Diets,49.41,-4.42,-10.19
2025-12-07,NG,Nigeria,Fashion_Beauty,81.07,-3.47,-5.64
2025-12-07,NG,Nigeria,Fitness_Wearables,86.39,0.51,5.39
2025-12-07,NG,Nigeria,Nutrition_Diets,66.87,-5.92,-1.32
2025-12-07,SG,Singapore,Fashion_Beauty,73.4,1.25,-2.84
2025-12-07,SG,Singapore,Fitness_Wearables,81.19,1.19,-0.4
2025-12-07,SG,Singapore,Nutrition_Diets,65.96,2.65,3.18
2025-12-07,US,United_States,Fashion_Beauty,59.2,-0.87,-1.04
2025-12-07,US,United_States,Fitness_Wearables,59.38,-1.8,-0.5
2025-12-07,US,United_States,Nutrition_Diets,53.36,-2.49,-8.29
2025-12-07,ZA,South_Africa,Fashion_Beauty,87.19,-0.83,6
2025-12-07,ZA,South_Africa,Fitness_Wearables,74.29,0.23,6.71
2025-12-07,ZA,South_Africa,Nutrition_Diets,55.07,-0.41,2.33
2025-12-14,AE,United_Arab_Emirates,Fashion_Beauty,84.64,-2.78,-0.24
2025-12-14,AE,United_Arab_Emirates,Fitness_Wearables,84.57,-3.54,-8.02
2025-12-14,AE,United_Arab_Emirates,Nutrition_Diets,65.6,-5.13,-5.77
2025-12-14,AU,Australia,Fashion_Beauty,68.49,-4.34,-1.24
2025-12-14,AU,Australia,Fitness_Wearables,75.95,-4.11,-2.57
2025-12-14,AU,Australia,Nutrition_Diets,67.45,-5.64,-1.6
2025-12-14,BR,Brazil,Fashion_Beauty,84.22,-4.81,-2.22
2025-12-14,BR,Brazil,Fitness_Wearables,74.07,-2.41,1.09
2025-12-14,BR,Brazil,Nutrition_Diets,47.13,-0.42,2.56
2025-12-14,CA,Canada,Fashion_Beauty,86.77,-2.09,0.34
2025-12-14,CA,Canada,Fitness_Wearables,76.75,-1.47,0.73
2025-12-14,CA,Canada,Nutrition_Diets,70.3,-3.78,-3.51
2025-12-14,CN,China,Fashion_Beauty,29.19,4.72,-1.49
2025-12-14,CN,China,Fitness_Wearables,60.52,7.8,6.94
2025-12-14,CN,China,Nutrition_Diets,46.92,-16.24,7.52
2025-12-14,DE,Germany,Fashion_Beauty,58.32,-1.46,4.46
2025-12-14,DE,Germany,Fitness_Wearables,80.93,-1.59,-1.48
2025-12-14,DE,Germany,Nutrition_Diets,55.27,-0.87,0.19
2025-12-14,FR,France,Fashion_Beauty,49.38,-2.37,0.74
2025-12-14,FR,France,Fitness_Wearables,77.61,-1.27,2.95
2025-12-14,FR,France,Nutrition_Diets,57.55,-3.21,2.04
2025-12-14,GB,United_Kingdom,Fashion_Beauty,70.28,-1.98,-1.75
2025-12-14,GB,United_Kingdom,Fitness_Wearables,74.02,-2.38,-0.11
2025-12-14,GB,United_Kingdom,Nutrition_Diets,67.03,-2.9,-0.9
2025-12-14,IN,India,Fashion_Beauty,62.32,-4.68,-3.95
2025-12-14,IN,India,Fitness_Wearables,79.76,-3.06,-3.57
2025-12-14,IN,India,Nutrition_Diets,84.49,-3.38,-3.51
2025-12-14,JP,Japan,Fashion_Beauty,84.29,-3.81,-1.08
2025-12-14,JP,Japan,Fitness_Wearables,83.85,-2.43,-2.87
2025-12-14,JP,Japan,Nutrition_Diets,60.33,-3.22,0.09
2025-12-14,KE,Kenya,Fashion_Beauty,87.73,-6.05,-8.83
2025-12-14,KE,Kenya,Fitness_Wearables,78.26,-6.39,-14.41
2025-12-14,KE,Kenya,Nutrition_Diets,60.97,-2.32,-1.55
2025-12-14,MX,Mexico,Fashion_Beauty,95.79,-4.21,-8.15
2025-12-14,MX,Mexico,Fitness_Wearables,83.68,0,0.65
2025-12-14,MX,Mexico,Nutrition_Diets,47.34,-2.07,2.35
2025-12-14,NG,Nigeria,Fashion_Beauty,86.42,5.35,8.82
2025-12-14,NG,Nigeria,Fitness_Wearables,84.71,-1.68,-2.19
2025-12-14,NG,Nigeria,Nutrition_Diets,65.66,-1.21,4.71
2025-12-14,SG,Singapore,Fashion_Beauty,69.53,-3.87,-5.12
2025-12-14,SG,Singapore,Fitness_Wearables,83.58,2.39,1.2
2025-12-14,SG,Singapore,Nutrition_Diets,62.88,-3.08,-5.73
2025-12-14,US,United_States,Fashion_Beauty,57.91,-1.29,-0.42
2025-12-14,US,United_States,Fitness_Wearables,58.38,-1,0.8
2025-12-14,US,United_States,Nutrition_Diets,51.43,-1.93,0.56
2025-12-14,ZA,South_Africa,Fashion_Beauty,88.86,1.67,2.5
2025-12-14,ZA,South_Africa,Fitness_Wearables,78.89,4.6,4.37
2025-12-14,ZA,South_Africa,Nutrition_Diets,54.36,-0.71,-0.3
2025-12-21,AE,United_Arab_Emirates,Fashion_Beauty,86.46,1.82,4.6
2025-12-21,AE,United_Arab_Emirates,Fitness_Wearables,82.27,-2.3,1.24
2025-12-21,AE,United_Arab_Emirates,Nutrition_Diets,63.12,-2.48,2.65
2025-12-21,AU,Australia,Fashion_Beauty,76.55,8.06,12.4
2025-12-21,AU,Australia,Fitness_Wearables,86.02,10.07,14.18
2025-12-21,AU,Australia,Nutrition_Diets,71.7,4.25,9.89
2025-12-21,BR,Brazil,Fashion_Beauty,71.15,-13.07,-8.26
2025-12-21,BR,Brazil,Fitness_Wearables,61.16,-12.91,-10.5
2025-12-21,BR,Brazil,Nutrition_Diets,34.89,-12.24,-11.82
2025-12-21,CA,Canada,Fashion_Beauty,81.04,-5.73,-3.64
2025-12-21,CA,Canada,Fitness_Wearables,87.43,10.68,12.15
2025-12-21,CA,Canada,Nutrition_Diets,62.47,-7.83,-4.05
2025-12-21,CN,China,Fashion_Beauty,29.32,0.13,-4.59
2025-12-21,CN,China,Fitness_Wearables,58.79,-1.73,-9.53
2025-12-21,CN,China,Nutrition_Diets,29.17,-17.75,-1.51
2025-12-21,DE,Germany,Fashion_Beauty,53.41,-4.91,-3.45
2025-12-21,DE,Germany,Fitness_Wearables,95.91,14.98,16.57
2025-12-21,DE,Germany,Nutrition_Diets,50.63,-4.64,-3.77
2025-12-21,FR,France,Fashion_Beauty,46.01,-3.37,-1
2025-12-21,FR,France,Fitness_Wearables,87.96,10.35,11.62
2025-12-21,FR,France,Nutrition_Diets,53.12,-4.43,-1.22
2025-12-21,GB,United_Kingdom,Fashion_Beauty,66.2,-4.08,-2.1
2025-12-21,GB,United_Kingdom,Fitness_Wearables,80.85,6.83,9.21
2025-12-21,GB,United_Kingdom,Nutrition_Diets,62.04,-4.99,-2.09
2025-12-21,IN,India,Fashion_Beauty,62.68,0.36,5.04
2025-12-21,IN,India,Fitness_Wearables,79.42,-0.34,2.72
2025-12-21,IN,India,Nutrition_Diets,77.44,-7.05,-3.67
2025-12-21,JP,Japan,Fashion_Beauty,68.81,-15.48,-11.67
2025-12-21,JP,Japan,Fitness_Wearables,69.8,-14.05,-11.62
2025-12-21,JP,Japan,Nutrition_Diets,49.32,-11.01,-7.79
2025-12-21,KE,Kenya,Fashion_Beauty,69.39,-18.34,-12.29
2025-12-21,KE,Kenya,Fitness_Wearables,63.04,-15.22,-8.83
2025-12-21,KE,Kenya,Nutrition_Diets,42.23,-18.74,-16.42
2025-12-21,MX,Mexico,Fashion_Beauty,93.89,-1.9,2.31
2025-12-21,MX,Mexico,Fitness_Wearables,88.03,4.35,4.35
2025-12-21,MX,Mexico,Nutrition_Diets,39.31,-8.03,-5.96
2025-12-21,NG,Nigeria,Fashion_Beauty,71.39,-15.03,-20.38
2025-12-21,NG,Nigeria,Fitness_Wearables,66.22,-18.49,-16.81
2025-12-21,NG,Nigeria,Nutrition_Diets,51.03,-14.63,-13.42
2025-12-21,SG,Singapore,Fashion_Beauty,67.43,-2.1,1.77
2025-12-21,SG,Singapore,Fitness_Wearables,86.77,3.19,0.8
2025-12-21,SG,Singapore,Nutrition_Diets,64.58,1.7,4.78
2025-12-21,US,United_States,Fashion_Beauty,56.7,-1.21,0.08
2025-12-21,US,United_States,Fitness_Wearables,67.56,9.18,10.18
2025-12-21,US,United_States,Nutrition_Diets,48.76,-2.67,-0.74
2025-12-21,ZA,South_Africa,Fashion_Beauty,74.09,-14.77,-16.44
2025-12-21,ZA,South_Africa,Fitness_Wearables,76.65,-2.24,-6.84
2025-12-21,ZA,South_Africa,Nutrition_Diets,49.9,-4.46,-3.75
2025-12-28,AE,United_Arab_Emirates,Fashion_Beauty,82.47,-3.99,-5.81
2025-12-28,AE,United_Arab_Emirates,Fitness_Wearables,81.65,-0.62,1.68
2025-12-28,AE,United_Arab_Emirates,Nutrition_Diets,69.08,5.96,8.44
2025-12-28,AU,Australia,Fashion_Beauty,69.35,-7.2,-15.26
2025-12-28,AU,Australia,Fitness_Wearables,96.4,10.38,0.31
2025-12-28,AU,Australia,Nutrition_Diets,81.91,10.21,5.96
2025-12-28,BR,Brazil,Fashion_Beauty,66.21,-4.94,8.13
2025-12-28,BR,Brazil,Fitness_Wearables,65.27,4.11,17.02
2025-12-28,BR,Brazil,Nutrition_Diets,36.06,1.17,13.41
2025-12-28,CA,Canada,Fashion_Beauty,82.69,1.65,7.38
2025-12-28,CA,Canada,Fitness_Wearables,99.06,11.63,0.95
2025-12-28,CA,Canada,Nutrition_Diets,79.66,17.19,25.02
2025-12-28,CN,China,Fashion_Beauty,23.23,-6.09,-6.22
2025-12-28,CN,China,Fitness_Wearables,44.93,-13.86,-12.13
2025-12-28,CN,China,Nutrition_Diets,16.24,-12.93,4.82
2025-12-28,DE,Germany,Fashion_Beauty,53.74,0.33,5.24
2025-12-28,DE,Germany,Fitness_Wearables,100,4.09,-10.89
2025-12-28,DE,Germany,Nutrition_Diets,58.07,7.44,12.08
2025-12-28,FR,France,Fashion_Beauty,46.13,0.12,3.49
2025-12-28,FR,France,Fitness_Wearables,89.23,1.27,-9.08
2025-12-28,FR,France,Nutrition_Diets,60.43,7.31,11.74
2025-12-28,GB,United_Kingdom,Fashion_Beauty,60.49,-5.71,-1.63
2025-12-28,GB,United_Kingdom,Fitness_Wearables,98.45,17.6,10.77
2025-12-28,GB,United_Kingdom,Nutrition_Diets,80.82,18.78,23.77
2025-12-28,IN,India,Fashion_Beauty,61.21,-1.47,-1.83
2025-12-28,IN,India,Fitness_Wearables,81.8,2.38,2.72
2025-12-28,IN,India,Nutrition_Diets,78.75,1.31,8.36
2025-12-28,JP,Japan,Fashion_Beauty,64.4,-4.41,11.07
2025-12-28,JP,Japan,Fitness_Wearables,75.22,5.42,19.47
2025-12-28,JP,Japan,Nutrition_Diets,48.25,-1.07,9.94
2025-12-28,KE,Kenya,Fashion_Beauty,71.03,1.64,19.98
2025-12-28,KE,Kenya,Fitness_Wearables,69.57,6.53,21.75
2025-12-28,KE,Kenya,Nutrition_Diets,46.75,4.52,23.26
2025-12-28,MX,Mexico,Fashion_Beauty,87.64,-6.25,-4.35
2025-12-28,MX,Mexico,Fitness_Wearables,91.4,3.37,-0.98
2025-12-28,MX,Mexico,Nutrition_Diets,47.07,7.76,15.79
2025-12-28,NG,Nigeria,Fashion_Beauty,67.34,-4.05,10.98
2025-12-28,NG,Nigeria,Fitness_Wearables,66.22,0,18.49
2025-12-28,NG,Nigeria,Nutrition_Diets,50.54,-0.49,14.14
2025-12-28,SG,Singapore,Fashion_Beauty,71.73,4.3,6.4
2025-12-28,SG,Singapore,Fitness_Wearables,91.84,5.07,1.88
2025-12-28,SG,Singapore,Nutrition_Diets,66.6,2.02,0.32
2025-12-28,US,United_States,Fashion_Beauty,52.9,-3.8,-2.59
2025-12-28,US,United_States,Fitness_Wearables,77.54,9.98,0.8
2025-12-28,US,United_States,Nutrition_Diets,60.46,11.7,14.37
2025-12-28,ZA,South_Africa,Fashion_Beauty,65.32,-8.77,6
2025-12-28,ZA,South_Africa,Fitness_Wearables,90.92,14.27,16.51
2025-12-28,ZA,South_Africa,Nutrition_Diets,61.66,11.76,16.22
2026-01-04,AE,United_Arab_Emirates,Fashion_Beauty,76.9,-5.57,-1.58
2026-01-04,AE,United_Arab_Emirates,Fitness_Wearables,91.03,9.38,10
2026-01-04,AE,United_Arab_Emirates,Nutrition_Diets,70.83,1.75,-4.21
2026-01-04,AU,Australia,Fashion_Beauty,73.95,4.6,11.8
2026-01-04,AU,Australia,Fitness_Wearables,100,3.6,-6.78
2026-01-04,AU,Australia,Nutrition_Diets,90.21,8.3,-1.91
2026-01-04,BR,Brazil,Fashion_Beauty,63.75,-2.46,2.48
2026-01-04,BR,Brazil,Fitness_Wearables,88.19,22.92,18.81
2026-01-04,BR,Brazil,Nutrition_Diets,44.79,8.73,7.56
2026-01-04,CA,Canada,Fashion_Beauty,84.56,1.87,0.22
2026-01-04,CA,Canada,Fitness_Wearables,100,0.94,-10.69
2026-01-04,CA,Canada,Nutrition_Diets,92.44,12.78,-4.41
2026-01-04,CN,China,Fashion_Beauty,24.35,1.12,7.21
2026-01-04,CN,China,Fitness_Wearables,39.98,-4.95,8.91
2026-01-04,CN,China,Nutrition_Diets,15.79,-0.45,12.48
2026-01-04,DE,Germany,Fashion_Beauty,50.84,-2.9,-3.23
2026-01-04,DE,Germany,Fitness_Wearables,99.55,-0.45,-4.54
2026-01-04,DE,Germany,Nutrition_Diets,62.22,4.15,-3.29
2026-01-04,FR,France,Fashion_Beauty,42.39,-3.74,-3.86
2026-01-04,FR,France,Fitness_Wearables,79.41,-9.82,-11.09
2026-01-04,FR,France,Nutrition_Diets,59.85,-0.58,-7.89
2026-01-04,GB,United_Kingdom,Fashion_Beauty,65.03,4.54,10.25
2026-01-04,GB,United_Kingdom,Fitness_Wearables,94.51,-3.94,-21.54
2026-01-04,GB,United_Kingdom,Nutrition_Diets,86.91,6.09,-12.69
2026-01-04,IN,India,Fashion_Beauty,60.96,-0.25,1.22
2026-01-04,IN,India,Fitness_Wearables,82.65,0.85,-1.53
2026-01-04,IN,India,Nutrition_Diets,84.35,5.6,4.29
2026-01-04,JP,Japan,Fashion_Beauty,59.76,-4.64,-0.23
2026-01-04,JP,Japan,Fitness_Wearables,77.54,2.32,-3.1
2026-01-04,JP,Japan,Nutrition_Diets,51.95,3.7,4.77
2026-01-04,KE,Kenya,Fashion_Beauty,64.16,-6.87,-8.51
2026-01-04,KE,Kenya,Fitness_Wearables,73.37,3.8,-2.73
2026-01-04,KE,Kenya,Nutrition_Diets,58.43,11.68,7.16
2026-01-04,MX,Mexico,Fashion_Beauty,83.83,-3.81,2.44
2026-01-04,MX,Mexico,Fitness_Wearables,100,8.6,5.23
2026-01-04,MX,Mexico,Nutrition_Diets,49.59,2.52,-5.24
2026-01-04,NG,Nigeria,Fashion_Beauty,69.65,2.31,6.36
2026-01-04,NG,Nigeria,Fitness_Wearables,79.33,13.11,13.11
2026-01-04,NG,Nigeria,Nutrition_Diets,62.15,11.61,12.1
2026-01-04,SG,Singapore,Fashion_Beauty,63.46,-8.27,-12.57
2026-01-04,SG,Singapore,Fitness_Wearables,88.76,-3.08,-8.15
2026-01-04,SG,Singapore,Nutrition_Diets,68.93,2.33,0.31
2026-01-04,US,United_States,Fashion_Beauty,52.38,-0.52,3.28
2026-01-04,US,United_States,Fitness_Wearables,75.75,-1.79,-11.77
2026-01-04,US,United_States,Nutrition_Diets,68.94,8.48,-3.22
2026-01-04,ZA,South_Africa,Fashion_Beauty,63.51,-1.81,6.96
2026-01-04,ZA,South_Africa,Fitness_Wearables,98.7,7.78,-6.49
2026-01-04,ZA,South_Africa,Nutrition_Diets,79.61,17.95,6.19
2026-01-11,AE,United_Arab_Emirates,Fashion_Beauty,77.03,0.13,5.7
2026-01-11,AE,United_Arab_Emirates,Fitness_Wearables,87.38,-3.65,-13.03
2026-01-11,AE,United_Arab_Emirates,Nutrition_Diets,68.9,-1.93,-3.68
2026-01-11,AU,Australia,Fashion_Beauty,63.03,-10.92,-15.52
2026-01-11,AU,Australia,Fitness_Wearables,98.56,-1.44,-5.04
2026-01-11,AU,Australia,Nutrition_Diets,90.85,0.64,-7.66
2026-01-11,BR,Brazil,Fashion_Beauty,65.47,1.72,4.18
2026-01-11,BR,Brazil,Fitness_Wearables,85.69,-2.5,-25.42
2026-01-11,BR,Brazil,Nutrition_Diets,45.74,0.95,-7.78
2026-01-11,CA,Canada,Fashion_Beauty,87.21,2.65,0.78
2026-01-11,CA,Canada,Fitness_Wearables,91.83,-8.17,-9.11
2026-01-11,CA,Canada,Nutrition_Diets,91.63,-0.81,-13.59
2026-01-11,CN,China,Fashion_Beauty,23.73,-0.62,-1.74
2026-01-11,CN,China,Fitness_Wearables,44.93,4.95,9.9
2026-01-11,CN,China,Nutrition_Diets,14.74,-1.05,-0.6
2026-01-11,DE,Germany,Fashion_Beauty,50.5,-0.34,2.56
2026-01-11,DE,Germany,Fitness_Wearables,94.44,-5.11,-4.66
2026-01-11,DE,Germany,Nutrition_Diets,62.13,-0.09,-4.24
2026-01-11,FR,France,Fashion_Beauty,43.14,0.75,4.49
2026-01-11,FR,France,Fitness_Wearables,81.1,1.69,11.51
2026-01-11,FR,France,Nutrition_Diets,60.67,0.82,1.4
2026-01-11,GB,United_Kingdom,Fashion_Beauty,55.36,-9.67,-14.21
2026-01-11,GB,United_Kingdom,Fitness_Wearables,90.17,-4.34,-0.4
2026-01-11,GB,United_Kingdom,Nutrition_Diets,87.51,0.6,-5.49
2026-01-11,IN,India,Fashion_Beauty,60.1,-0.86,-0.61
2026-01-11,IN,India,Fitness_Wearables,76.02,-6.63,-7.48
2026-01-11,IN,India,Nutrition_Diets,76.79,-7.56,-13.16
2026-01-11,JP,Japan,Fashion_Beauty,70.48,10.72,15.36
2026-01-11,JP,Japan,Fitness_Wearables,80.53,2.99,0.67
2026-01-11,JP,Japan,Nutrition_Diets,55.65,3.7,-7.11E-15
2026-01-11,KE,Kenya,Fashion_Beauty,68.74,4.58,11.45
2026-01-11,KE,Kenya,Fitness_Wearables,83.7,10.33,6.53
2026-01-11,KE,Kenya,Nutrition_Diets,67.14,8.71,-2.97
2026-01-11,MX,Mexico,Fashion_Beauty,80.16,-3.67,0.14
2026-01-11,MX,Mexico,Fitness_Wearables,90.97,-9.03,-17.63
2026-01-11,MX,Mexico,Nutrition_Diets,53.38,3.79,1.27
2026-01-11,NG,Nigeria,Fashion_Beauty,73.27,3.62,1.31
2026-01-11,NG,Nigeria,Fitness_Wearables,81.18,1.85,-11.26
2026-01-11,NG,Nigeria,Nutrition_Diets,70.86,8.71,-2.9
2026-01-11,SG,Singapore,Fashion_Beauty,65.55,2.09,10.36
2026-01-11,SG,Singapore,Fitness_Wearables,83.48,-5.28,-2.2
2026-01-11,SG,Singapore,Nutrition_Diets,68.82,-0.11,-2.44
2026-01-11,US,United_States,Fashion_Beauty,53.07,0.69,1.21
2026-01-11,US,United_States,Fitness_Wearables,72.06,-3.69,-1.9
2026-01-11,US,United_States,Nutrition_Diets,68.02,-0.92,-9.4
2026-01-11,ZA,South_Africa,Fashion_Beauty,60.03,-3.48,-1.67
2026-01-11,ZA,South_Africa,Fitness_Wearables,89.5,-9.2,-16.98
2026-01-11,ZA,South_Africa,Nutrition_Diets,71.5,-8.11,-26.06
2026-01-18,AE,United_Arab_Emirates,Fashion_Beauty,81.38,4.35,4.22
2026-01-18,AE,United_Arab_Emirates,Fitness_Wearables,87.7,0.32,3.97
2026-01-18,AE,United_Arab_Emirates,Nutrition_Diets,73.12,4.22,6.15
2026-01-18,AU,Australia,Fashion_Beauty,65.14,2.11,13.03
2026-01-18,AU,Australia,Fitness_Wearables,92.7,-5.86,-4.42
2026-01-18,AU,Australia,Nutrition_Diets,85.74,-5.11,-5.75
2026-01-18,BR,Brazil,Fashion_Beauty,65.1,-0.37,-2.09
2026-01-18,BR,Brazil,Fitness_Wearables,81.98,-3.71,-1.21
2026-01-18,BR,Brazil,Nutrition_Diets,46.38,0.64,-0.31
2026-01-18,CA,Canada,Fashion_Beauty,81.59,-5.62,-8.27
2026-01-18,CA,Canada,Fitness_Wearables,86.28,-5.55,2.62
2026-01-18,CA,Canada,Nutrition_Diets,87.85,-3.78,-2.97
2026-01-18,CN,China,Fashion_Beauty,19.5,-4.23,-3.61
2026-01-18,CN,China,Fitness_Wearables,34.53,-10.4,-15.35
2026-01-18,CN,China,Nutrition_Diets,10.53,-4.21,-3.16
2026-01-18,DE,Germany,Fashion_Beauty,57.65,7.15,7.49
2026-01-18,DE,Germany,Fitness_Wearables,91.15,-3.29,1.82
2026-01-18,DE,Germany,Nutrition_Diets,63.67,1.54,1.63
2026-01-18,FR,France,Fashion_Beauty,53.99,10.85,10.1
2026-01-18,FR,France,Fitness_Wearables,84.27,3.17,1.48
2026-01-18,FR,France,Nutrition_Diets,67.98,7.31,6.49
2026-01-18,GB,United_Kingdom,Fashion_Beauty,57.46,2.1,11.77
2026-01-18,GB,United_Kingdom,Fitness_Wearables,88.92,-1.25,3.09
2026-01-18,GB,United_Kingdom,Nutrition_Diets,89.61,2.1,1.5
2026-01-18,IN,India,Fashion_Beauty,61.45,1.35,2.21
2026-01-18,IN,India,Fitness_Wearables,80.61,4.59,11.22
2026-01-18,IN,India,Nutrition_Diets,83.18,6.39,13.95
2026-01-18,JP,Japan,Fashion_Beauty,78.1,7.62,-3.1
2026-01-18,JP,Japan,Fitness_Wearables,82.96,2.43,-0.56
2026-01-18,JP,Japan,Nutrition_Diets,61.31,5.66,1.96
2026-01-18,KE,Kenya,Fashion_Beauty,77.91,9.17,4.59
2026-01-18,KE,Kenya,Fitness_Wearables,100,16.3,5.97
2026-01-18,KE,Kenya,Nutrition_Diets,72.22,5.08,-3.63
2026-01-18,MX,Mexico,Fashion_Beauty,75.82,-4.34,-0.67
2026-01-18,MX,Mexico,Fitness_Wearables,85.96,-5.01,4.02
2026-01-18,MX,Mexico,Nutrition_Diets,53.74,0.36,-3.43
2026-01-18,NG,Nigeria,Fashion_Beauty,80.64,7.37,3.75
2026-01-18,NG,Nigeria,Fitness_Wearables,95.29,14.11,12.26
2026-01-18,NG,Nigeria,Nutrition_Diets,82.47,11.61,2.9
2026-01-18,SG,Singapore,Fashion_Beauty,68.69,3.14,1.05
2026-01-18,SG,Singapore,Fitness_Wearables,87.06,3.58,8.86
2026-01-18,SG,Singapore,Nutrition_Diets,73.49,4.67,4.78
2026-01-18,US,United_States,Fashion_Beauty,51.94,-1.13,-1.82
2026-01-18,US,United_States,Fitness_Wearables,69.76,-2.3,1.39
2026-01-18,US,United_States,Nutrition_Diets,62.21,-5.81,-4.89
2026-01-18,ZA,South_Africa,Fashion_Beauty,64.07,4.04,7.52
2026-01-18,ZA,South_Africa,Fitness_Wearables,94.1,4.6,13.8
2026-01-18,ZA,South_Africa,Nutrition_Diets,72.92,1.42,9.53
2026-01-25,AE,United_Arab_Emirates,Fashion_Beauty,83.31,1.93,-2.42
2026-01-25,AE,United_Arab_Emirates,Fitness_Wearables,86.13,-1.57,-1.89
2026-01-25,AE,United_Arab_Emirates,Nutrition_Diets,74.31,1.19,-3.03
2026-01-25,AU,Australia,Fashion_Beauty,65.14,0,-2.11
2026-01-25,AU,Australia,Fitness_Wearables,93.11,0.41,6.27
2026-01-25,AU,Australia,Nutrition_Diets,85,-0.74,4.37
2026-01-25,BR,Brazil,Fashion_Beauty,68.06,2.96,3.33
2026-01-25,BR,Brazil,Fitness_Wearables,79.58,-2.4,1.31
2026-01-25,BR,Brazil,Nutrition_Diets,47.98,1.6,0.96
2026-01-25,CA,Canada,Fashion_Beauty,83.35,1.76,7.38
2026-01-25,CA,Canada,Fitness_Wearables,86.91,0.63,6.18
2026-01-25,CA,Canada,Nutrition_Diets,90.1,2.25,6.03
2026-01-25,CN,China,Fashion_Beauty,21.12,1.62,5.85
2026-01-25,CN,China,Fitness_Wearables,35.02,0.49,10.89
2026-01-25,CN,China,Nutrition_Diets,10.53,0,4.21
2026-01-25,DE,Germany,Fashion_Beauty,60.11,2.46,-4.69
2026-01-25,DE,Germany,Fitness_Wearables,85.24,-5.91,-2.62
2026-01-25,DE,Germany,Nutrition_Diets,63.57,-0.1,-1.64
2026-01-25,FR,France,Fashion_Beauty,54.74,0.75,-10.1
2026-01-25,FR,France,Fitness_Wearables,85.53,1.26,-1.91
2026-01-25,FR,France,Nutrition_Diets,74.47,6.49,-0.82
2026-01-25,GB,United_Kingdom,Fashion_Beauty,60.02,2.56,0.46
2026-01-25,GB,United_Kingdom,Fitness_Wearables,91.72,2.8,4.05
2026-01-25,GB,United_Kingdom,Nutrition_Diets,89.01,-0.6,-2.7
2026-01-25,IN,India,Fashion_Beauty,62.93,1.48,0.13
2026-01-25,IN,India,Fitness_Wearables,80.1,-0.51,-5.1
2026-01-25,IN,India,Nutrition_Diets,84.75,1.57,-4.82
2026-01-25,JP,Japan,Fashion_Beauty,82.98,4.88,-2.74
2026-01-25,JP,Japan,Fitness_Wearables,86.17,3.21,0.78
2026-01-25,JP,Japan,Nutrition_Diets,68.23,6.92,1.26
2026-01-25,KE,Kenya,Fashion_Beauty,79.71,1.8,-7.37
2026-01-25,KE,Kenya,Fitness_Wearables,90.62,-9.38,-25.68
2026-01-25,KE,Kenya,Nutrition_Diets,68.03,-4.19,-9.27
2026-01-25,MX,Mexico,Fashion_Beauty,81.25,5.43,9.77
2026-01-25,MX,Mexico,Fitness_Wearables,91.51,5.55,10.56
2026-01-25,MX,Mexico,Nutrition_Diets,63.84,10.1,9.74
2026-01-25,NG,Nigeria,Fashion_Beauty,77.6,-3.04,-10.41
2026-01-25,NG,Nigeria,Fitness_Wearables,100,4.71,-9.4
2026-01-25,NG,Nigeria,Nutrition_Diets,85.49,3.02,-8.59
2026-01-25,SG,Singapore,Fashion_Beauty,69.11,0.42,-2.72
2026-01-25,SG,Singapore,Fitness_Wearables,86.67,-0.39,-3.97
2026-01-25,SG,Singapore,Nutrition_Diets,70.94,-2.55,-7.22
2026-01-25,US,United_States,Fashion_Beauty,52.2,0.26,1.39
2026-01-25,US,United_States,Fitness_Wearables,69.66,-0.1,2.2
2026-01-25,US,United_States,Nutrition_Diets,63.69,1.48,7.29
2026-01-25,ZA,South_Africa,Fashion_Beauty,64.62,0.55,-3.49
2026-01-25,ZA,South_Africa,Fitness_Wearables,89.86,-4.24,-8.84
2026-01-25,ZA,South_Africa,Nutrition_Diets,74.14,1.22,-0.2
2026-02-01,AE,United_Arab_Emirates,Fashion_Beauty,85.25,1.94,0.01
2026-02-01,AE,United_Arab_Emirates,Fitness_Wearables,85.82,-0.31,1.26
2026-02-01,AE,United_Arab_Emirates,Nutrition_Diets,69.45,-4.86,-6.05
2026-02-01,AU,Australia,Fashion_Beauty,67.62,2.48,2.48
2026-02-01,AU,Australia,Fitness_Wearables,94.96,1.85,1.44
2026-02-01,AU,Australia,Nutrition_Diets,85.21,0.21,0.95
2026-02-01,BR,Brazil,Fashion_Beauty,69.67,1.61,-1.35
2026-02-01,BR,Brazil,Fitness_Wearables,80.58,1,3.4
2026-02-01,BR,Brazil,Nutrition_Diets,47.66,-0.32,-1.92
2026-02-01,CA,Canada,Fashion_Beauty,95.92,12.57,10.81
2026-02-01,CA,Canada,Fitness_Wearables,92.36,5.45,4.82
2026-02-01,CA,Canada,Nutrition_Diets,100,9.9,7.65
2026-02-01,CN,China,Fashion_Beauty,28.07,6.95,5.33
2026-02-01,CN,China,Fitness_Wearables,43.56,8.54,8.05
2026-02-01,CN,China,Nutrition_Diets,14.29,3.76,3.76
2026-02-01,DE,Germany,Fashion_Beauty,61.23,1.12,-1.34
2026-02-01,DE,Germany,Fitness_Wearables,86.72,1.48,7.39
2026-02-01,DE,Germany,Nutrition_Diets,63.77,0.2,0.3
2026-02-01,FR,France,Fashion_Beauty,57.98,3.24,2.49
2026-02-01,FR,France,Fitness_Wearables,90.29,4.76,3.5
2026-02-01,FR,France,Nutrition_Diets,81.12,6.65,0.16
2026-02-01,GB,United_Kingdom,Fashion_Beauty,66.55,6.53,3.97
2026-02-01,GB,United_Kingdom,Fitness_Wearables,94.31,2.59,-0.21
2026-02-01,GB,United_Kingdom,Nutrition_Diets,93.41,4.4,5
2026-02-01,IN,India,Fashion_Beauty,64.29,1.36,-0.12
2026-02-01,IN,India,Fitness_Wearables,78.4,-1.7,-1.19
2026-02-01,IN,India,Nutrition_Diets,83.83,-0.92,-2.49
2026-02-01,JP,Japan,Fashion_Beauty,76.07,-6.91,-11.79
2026-02-01,JP,Japan,Fitness_Wearables,79.98,-6.19,-9.4
2026-02-01,JP,Japan,Nutrition_Diets,62.09,-6.14,-13.06
2026-02-01,KE,Kenya,Fashion_Beauty,74.14,-5.57,-7.37
2026-02-01,KE,Kenya,Fitness_Wearables,87.91,-2.71,6.67
2026-02-01,KE,Kenya,Nutrition_Diets,65.27,-2.76,1.43
2026-02-01,MX,Mexico,Fashion_Beauty,84.37,3.12,-2.31
2026-02-01,MX,Mexico,Fitness_Wearables,92.06,0.55,-5
2026-02-01,MX,Mexico,Nutrition_Diets,64.65,0.81,-9.29
2026-02-01,NG,Nigeria,Fashion_Beauty,77.31,-0.29,2.75
2026-02-01,NG,Nigeria,Fitness_Wearables,90.25,-9.75,-14.46
2026-02-01,NG,Nigeria,Nutrition_Diets,77.03,-8.46,-11.48
2026-02-01,SG,Singapore,Fashion_Beauty,67.64,-1.47,-1.89
2026-02-01,SG,Singapore,Fitness_Wearables,80.2,-6.47,-6.08
2026-02-01,SG,Singapore,Nutrition_Diets,70.31,-0.63,1.92
2026-02-01,US,United_States,Fashion_Beauty,57.91,5.71,5.45
2026-02-01,US,United_States,Fitness_Wearables,71.76,2.1,2.2
2026-02-01,US,United_States,Nutrition_Diets,70.97,7.28,5.8
2026-02-01,ZA,South_Africa,Fashion_Beauty,66.57,1.95,1.4
2026-02-01,ZA,South_Africa,Fitness_Wearables,92.1,2.24,6.48
2026-02-01,ZA,South_Africa,Nutrition_Diets,72.52,-1.62,-2.84
2026-02-08,AE,United_Arab_Emirates,Fashion_Beauty,95.65,10.4,8.46
2026-02-08,AE,United_Arab_Emirates,Fitness_Wearables,92.28,6.46,6.77
2026-02-08,AE,United_Arab_Emirates,Nutrition_Diets,75.23,5.78,10.64
2026-02-08,AU,Australia,Fashion_Beauty,94.29,26.67,24.19
2026-02-08,AU,Australia,Fitness_Wearables,97.84,2.88,1.03
2026-02-08,AU,Australia,Nutrition_Diets,84.36,-0.85,-1.06
2026-02-08,BR,Brazil,Fashion_Beauty,73,3.33,1.72
2026-02-08,BR,Brazil,Fitness_Wearables,79.28,-1.3,-2.3
2026-02-08,BR,Brazil,Nutrition_Diets,46.7,-0.96,-0.64
2026-02-08,CA,Canada,Fashion_Beauty,100,4.08,-8.49
2026-02-08,CA,Canada,Fitness_Wearables,87.64,-4.72,-10.17
2026-02-08,CA,Canada,Nutrition_Diets,86.77,-13.23,-23.13
2026-02-08,CN,China,Fashion_Beauty,60.99,32.92,25.97
2026-02-08,CN,China,Fitness_Wearables,67.2,23.64,15.1
2026-02-08,CN,China,Nutrition_Diets,17.74,3.45,-0.31
2026-02-08,DE,Germany,Fashion_Beauty,75.75,14.52,13.4
2026-02-08,DE,Germany,Fitness_Wearables,92.62,5.9,4.42
2026-02-08,DE,Germany,Nutrition_Diets,64.93,1.16,0.96
2026-02-08,FR,France,Fashion_Beauty,100,42.02,38.78
2026-02-08,FR,France,Fitness_Wearables,100,9.71,4.95
2026-02-08,FR,France,Nutrition_Diets,91.79,10.67,4.02
2026-02-08,GB,United_Kingdom,Fashion_Beauty,87.88,21.33,14.8
2026-02-08,GB,United_Kingdom,Fitness_Wearables,98.34,4.03,1.44
2026-02-08,GB,United_Kingdom,Nutrition_Diets,91.91,-1.5,-5.9
2026-02-08,IN,India,Fashion_Beauty,87.07,22.78,21.42
2026-02-08,IN,India,Fitness_Wearables,89.8,11.4,13.1
2026-02-08,IN,India,Nutrition_Diets,91.13,7.3,8.22
2026-02-08,JP,Japan,Fashion_Beauty,85.36,9.29,16.2
2026-02-08,JP,Japan,Fitness_Wearables,77.77,-2.21,3.98
2026-02-08,JP,Japan,Nutrition_Diets,57.89,-4.2,1.94
2026-02-08,KE,Kenya,Fashion_Beauty,93.94,19.8,25.37
2026-02-08,KE,Kenya,Fitness_Wearables,91.85,3.94,6.65
2026-02-08,KE,Kenya,Nutrition_Diets,69.79,4.52,7.28
2026-02-08,MX,Mexico,Fashion_Beauty,98.64,14.27,11.15
2026-02-08,MX,Mexico,Fitness_Wearables,87.81,-4.25,-4.8
2026-02-08,MX,Mexico,Nutrition_Diets,59.96,-4.69,-5.5
2026-02-08,NG,Nigeria,Fashion_Beauty,79.19,1.88,2.17
2026-02-08,NG,Nigeria,Fitness_Wearables,89.24,-1.01,8.74
2026-02-08,NG,Nigeria,Nutrition_Diets,73.64,-3.39,5.07
2026-02-08,SG,Singapore,Fashion_Beauty,83.66,16.02,17.49
2026-02-08,SG,Singapore,Fitness_Wearables,80,-0.2,6.27
2026-02-08,SG,Singapore,Nutrition_Diets,63.2,-7.11,-6.48
2026-02-08,US,United_States,Fashion_Beauty,67.68,9.77,4.06
2026-02-08,US,United_States,Fitness_Wearables,68.76,-3,-5.1
2026-02-08,US,United_States,Nutrition_Diets,64.7,-6.27,-13.55
2026-02-08,ZA,South_Africa,Fashion_Beauty,86.77,20.2,18.25
2026-02-08,ZA,South_Africa,Fitness_Wearables,95.28,3.18,0.94
2026-02-08,ZA,South_Africa,Nutrition_Diets,73.53,1.01,2.63
2026-02-15,AE,United_Arab_Emirates,Fashion_Beauty,97.94,2.29,-8.11
2026-02-15,AE,United_Arab_Emirates,Fitness_Wearables,93.85,1.57,-4.89
2026-02-15,AE,United_Arab_Emirates,Nutrition_Diets,71.56,-3.67,-9.45
2026-02-15,AU,Australia,Fashion_Beauty,100,5.71,-20.96
2026-02-15,AU,Australia,Fitness_Wearables,94.66,-3.18,-6.06
2026-02-15,AU,Australia,Nutrition_Diets,87.87,3.51,4.36
2026-02-15,BR,Brazil,Fashion_Beauty,79.04,6.04,2.71
2026-02-15,BR,Brazil,Fitness_Wearables,82.68,3.4,4.7
2026-02-15,BR,Brazil,Nutrition_Diets,56.81,10.11,11.07
2026-02-15,CA,Canada,Fashion_Beauty,97.02,-2.98,-7.06
2026-02-15,CA,Canada,Fitness_Wearables,93.93,6.29,11.01
2026-02-15,CA,Canada,Nutrition_Diets,90.19,3.42,16.65
2026-02-15,CN,China,Fashion_Beauty,100,39.01,6.09
2026-02-15,CN,China,Fitness_Wearables,100,32.8,9.16
2026-02-15,CN,China,Nutrition_Diets,25.11,7.37,3.92
2026-02-15,DE,Germany,Fashion_Beauty,100,24.25,9.73
2026-02-15,DE,Germany,Fitness_Wearables,97.39,4.77,-1.13
2026-02-15,DE,Germany,Nutrition_Diets,73.91,8.98,7.82
2026-02-15,FR,France,Fashion_Beauty,91.52,-8.48,-50.5
2026-02-15,FR,France,Fitness_Wearables,93.98,-6.02,-15.73
2026-02-15,FR,France,Nutrition_Diets,87.11,-4.68,-15.35
2026-02-15,GB,United_Kingdom,Fashion_Beauty,100,12.12,-9.21
2026-02-15,GB,United_Kingdom,Fitness_Wearables,100,1.66,-2.37
2026-02-15,GB,United_Kingdom,Nutrition_Diets,91.21,-0.7,0.8
2026-02-15,IN,India,Fashion_Beauty,100,12.93,-9.85
2026-02-15,IN,India,Fitness_Wearables,100,10.2,-1.2
2026-02-15,IN,India,Nutrition_Diets,100,8.87,1.57
2026-02-15,JP,Japan,Fashion_Beauty,90.6,5.24,-4.05
2026-02-15,JP,Japan,Fitness_Wearables,78.76,0.99,3.2
2026-02-15,JP,Japan,Nutrition_Diets,56.63,-1.26,2.94
2026-02-15,KE,Kenya,Fashion_Beauty,85.92,-8.02,-27.82
2026-02-15,KE,Kenya,Fitness_Wearables,89.67,-2.18,-6.12
2026-02-15,KE,Kenya,Nutrition_Diets,64.06,-5.73,-10.25
2026-02-15,MX,Mexico,Fashion_Beauty,98.78,0.14,-14.13
2026-02-15,MX,Mexico,Fitness_Wearables,95.54,7.73,11.98
2026-02-15,MX,Mexico,Nutrition_Diets,78.54,18.58,23.27
2026-02-15,NG,Nigeria,Fashion_Beauty,89.74,10.55,8.67
2026-02-15,NG,Nigeria,Fitness_Wearables,95.97,6.73,7.74
2026-02-15,NG,Nigeria,Nutrition_Diets,81.98,8.34,11.73
2026-02-15,SG,Singapore,Fashion_Beauty,100,16.34,0.32
2026-02-15,SG,Singapore,Fitness_Wearables,88.96,8.96,9.16
2026-02-15,SG,Singapore,Nutrition_Diets,70.31,7.11,14.22
2026-02-15,US,United_States,Fashion_Beauty,66.29,-1.39,-11.16
2026-02-15,US,United_States,Fitness_Wearables,72.06,3.3,6.3
2026-02-15,US,United_States,Nutrition_Diets,71.71,7.01,13.28
2026-02-15,ZA,South_Africa,Fashion_Beauty,100,13.23,-6.97
2026-02-15,ZA,South_Africa,Fitness_Wearables,100,4.72,1.54
2026-02-15,ZA,South_Africa,Nutrition_Diets,77.99,4.46,3.45
2026-02-22,AE,United_Arab_Emirates,Fashion_Beauty,100,2.06,-0.23
2026-02-22,AE,United_Arab_Emirates,Fitness_Wearables,88.11,-5.74,-7.31
2026-02-22,AE,United_Arab_Emirates,Nutrition_Diets,73.67,2.11,5.78
2026-02-22,AU,Australia,Fashion_Beauty,73.08,-26.92,-32.63
2026-02-22,AU,Australia,Fitness_Wearables,87.98,-6.68,-3.5
2026-02-22,AU,Australia,Nutrition_Diets,81.6,-6.27,-9.78
2026-02-22,BR,Brazil,Fashion_Beauty,66.95,-12.09,-18.13
2026-02-22,BR,Brazil,Fitness_Wearables,79.18,-3.5,-6.9
2026-02-22,BR,Brazil,Nutrition_Diets,48.09,-8.72,-18.83
2026-02-22,CA,Canada,Fashion_Beauty,85.34,-11.68,-8.7
2026-02-22,CA,Canada,Fitness_Wearables,85.55,-8.38,-14.67
2026-02-22,CA,Canada,Nutrition_Diets,86.68,-3.51,-6.93
2026-02-22,CN,China,Fashion_Beauty,48.32,-51.68,-90.69
2026-02-22,CN,China,Fitness_Wearables,60.64,-39.36,-72.16
2026-02-22,CN,China,Nutrition_Diets,17.59,-7.52,-14.89
2026-02-22,DE,Germany,Fashion_Beauty,89.39,-10.61,-34.86
2026-02-22,DE,Germany,Fitness_Wearables,95.57,-1.82,-6.59
2026-02-22,DE,Germany,Nutrition_Diets,76.33,2.42,-6.56
2026-02-22,FR,France,Fashion_Beauty,76.93,-14.59,-6.11
2026-02-22,FR,France,Fitness_Wearables,91.13,-2.85,3.17
2026-02-22,FR,France,Nutrition_Diets,85.96,-1.15,3.53
2026-02-22,GB,United_Kingdom,Fashion_Beauty,80.65,-19.35,-31.47
2026-02-22,GB,United_Kingdom,Fitness_Wearables,94.62,-5.38,-7.04
2026-02-22,GB,United_Kingdom,Nutrition_Diets,88.31,-2.9,-2.2
2026-02-22,IN,India,Fashion_Beauty,71.43,-28.57,-41.5
2026-02-22,IN,India,Fitness_Wearables,82.48,-17.52,-27.72
2026-02-22,IN,India,Nutrition_Diets,93.74,-6.26,-15.13
2026-02-22,JP,Japan,Fashion_Beauty,80.48,-10.12,-15.36
2026-02-22,JP,Japan,Fitness_Wearables,75.22,-3.54,-4.53
2026-02-22,JP,Japan,Nutrition_Diets,61.4,4.77,6.03
2026-02-22,KE,Kenya,Fashion_Beauty,84.62,-1.3,6.72
2026-02-22,KE,Kenya,Fitness_Wearables,84.51,-5.16,-2.98
2026-02-22,KE,Kenya,Nutrition_Diets,62.29,-1.77,3.96
2026-02-22,MX,Mexico,Fashion_Beauty,83.15,-15.63,-15.77
2026-02-22,MX,Mexico,Fitness_Wearables,86.18,-9.36,-17.09
2026-02-22,MX,Mexico,Nutrition_Diets,64.38,-14.16,-32.74
2026-02-22,NG,Nigeria,Fashion_Beauty,82.95,-6.79,-17.34
2026-02-22,NG,Nigeria,Fitness_Wearables,88.91,-7.06,-13.79
2026-02-22,NG,Nigeria,Nutrition_Diets,80.29,-1.69,-10.03
2026-02-22,SG,Singapore,Fashion_Beauty,72.04,-27.96,-44.3
2026-02-22,SG,Singapore,Fitness_Wearables,77.11,-11.85,-20.81
2026-02-22,SG,Singapore,Nutrition_Diets,68.19,-2.12,-9.23
2026-02-22,US,United_States,Fashion_Beauty,62.06,-4.23,-2.84
2026-02-22,US,United_States,Fitness_Wearables,72.36,0.3,-3
2026-02-22,US,United_States,Nutrition_Diets,69.86,-1.85,-8.86
2026-02-22,ZA,South_Africa,Fashion_Beauty,92.06,-7.94,-21.17
2026-02-22,ZA,South_Africa,Fitness_Wearables,95.75,-4.25,-8.97
2026-02-22,ZA,South_Africa,Nutrition_Diets,79.61,1.62,-2.84
2026-03-01,AE,United_Arab_Emirates,Fashion_Beauty,68.8,-31.2,-33.26
2026-03-01,AE,United_Arab_Emirates,Fitness_Wearables,70.07,-18.04,-12.3
2026-03-01,AE,United_Arab_Emirates,Nutrition_Diets,57.06,-16.61,-18.72
2026-03-01,AU,Australia,Fashion_Beauty,66,-7.08,19.84
2026-03-01,AU,Australia,Fitness_Wearables,84.99,-2.99,3.69
2026-03-01,AU,Australia,Nutrition_Diets,79.36,-2.24,4.03
2026-03-01,BR,Brazil,Fashion_Beauty,61.78,-5.17,6.92
2026-03-01,BR,Brazil,Fitness_Wearables,75.58,-3.6,-0.1
2026-03-01,BR,Brazil,Nutrition_Diets,44.15,-3.94,4.78
2026-03-01,CA,Canada,Fashion_Beauty,72,-13.34,-1.66
2026-03-01,CA,Canada,Fitness_Wearables,80.73,-4.82,3.56
2026-03-01,CA,Canada,Nutrition_Diets,84.79,-1.89,1.62
2026-03-01,CN,China,Fashion_Beauty,18.51,-29.81,21.87
2026-03-01,CN,China,Fitness_Wearables,37.25,-23.39,15.97
2026-03-01,CN,China,Nutrition_Diets,10.53,-7.06,0.46
2026-03-01,DE,Germany,Fashion_Beauty,61.68,-27.71,-17.1
2026-03-01,DE,Germany,Fitness_Wearables,79.11,-16.46,-14.64
2026-03-01,DE,Germany,Nutrition_Diets,61.84,-14.49,-16.91
2026-03-01,FR,France,Fashion_Beauty,53.99,-22.94,-8.35
2026-03-01,FR,France,Fitness_Wearables,75.18,-15.95,-13.1
2026-03-01,FR,France,Nutrition_Diets,66.01,-19.95,-18.8
2026-03-01,GB,United_Kingdom,Fashion_Beauty,55.48,-25.17,-5.82
2026-03-01,GB,United_Kingdom,Fitness_Wearables,80.95,-13.67,-8.29
2026-03-01,GB,United_Kingdom,Nutrition_Diets,81.52,-6.79,-3.89
2026-03-01,IN,India,Fashion_Beauty,58.74,-12.69,15.88
2026-03-01,IN,India,Fitness_Wearables,70.58,-11.9,5.62
2026-03-01,IN,India,Nutrition_Diets,77.31,-16.43,-10.17
2026-03-01,JP,Japan,Fashion_Beauty,82.74,2.26,12.38
2026-03-01,JP,Japan,Fitness_Wearables,79.09,3.87,7.41
2026-03-01,JP,Japan,Nutrition_Diets,65.59,4.19,-0.58
2026-03-01,KE,Kenya,Fashion_Beauty,70.21,-14.41,-13.11
2026-03-01,KE,Kenya,Fitness_Wearables,72.96,-11.55,-6.39
2026-03-01,KE,Kenya,Nutrition_Diets,58.88,-3.41,-1.64
2026-03-01,MX,Mexico,Fashion_Beauty,68.89,-14.26,1.37
2026-03-01,MX,Mexico,Fitness_Wearables,85.31,-0.87,8.49
2026-03-01,MX,Mexico,Nutrition_Diets,51.76,-12.62,1.54
2026-03-01,NG,Nigeria,Fashion_Beauty,69.65,-13.3,-6.51
2026-03-01,NG,Nigeria,Fitness_Wearables,78.49,-10.42,-3.36
2026-03-01,NG,Nigeria,Nutrition_Diets,69.41,-10.88,-9.19
2026-03-01,SG,Singapore,Fashion_Beauty,67.12,-4.92,23.04
2026-03-01,SG,Singapore,Fitness_Wearables,77.21,0.1,11.95
2026-03-01,SG,Singapore,Nutrition_Diets,69.78,1.59,3.71
2026-03-01,US,United_States,Fashion_Beauty,51.94,-10.12,-5.89
2026-03-01,US,United_States,Fitness_Wearables,67.76,-4.6,-4.9
2026-03-01,US,United_States,Nutrition_Diets,69.31,-0.55,1.3
2026-03-01,ZA,South_Africa,Fashion_Beauty,66.43,-25.63,-17.69
2026-03-01,ZA,South_Africa,Fitness_Wearables,77.36,-18.39,-14.14
2026-03-01,ZA,South_Africa,Nutrition_Diets,63.79,-15.82,-17.44
2026-03-08,AE,United_Arab_Emirates,Fashion_Beauty,81.74,12.94,44.14
2026-03-08,AE,United_Arab_Emirates,Fitness_Wearables,79.56,9.49,27.53
2026-03-08,AE,United_Arab_Emirates,Nutrition_Diets,64.59,7.53,24.14
2026-03-08,AU,Australia,Fashion_Beauty,71.22,5.22,12.3
2026-03-08,AU,Australia,Fitness_Wearables,86.23,1.24,4.23
2026-03-08,AU,Australia,Nutrition_Diets,80.53,1.17,3.41
2026-03-08,BR,Brazil,Fashion_Beauty,62.52,0.74,5.91
2026-03-08,BR,Brazil,Fitness_Wearables,74.77,-0.81,2.79
2026-03-08,BR,Brazil,Nutrition_Diets,44.68,0.53,4.47
2026-03-08,CA,Canada,Fashion_Beauty,76.74,4.74,18.08
2026-03-08,CA,Canada,Fitness_Wearables,80.94,0.21,5.03
2026-03-08,CA,Canada,Nutrition_Diets,84.16,-0.63,1.26
2026-03-08,CN,China,Fashion_Beauty,20.37,1.86,31.67
2026-03-08,CN,China,Fitness_Wearables,37.25,0,23.39
2026-03-08,CN,China,Nutrition_Diets,9.77,-0.76,6.3
2026-03-08,DE,Germany,Fashion_Beauty,62.01,0.33,28.04
2026-03-08,DE,Germany,Fitness_Wearables,82.18,3.07,19.53
2026-03-08,DE,Germany,Nutrition_Diets,67.73,5.89,20.38
2026-03-08,FR,France,Fashion_Beauty,49.75,-4.24,18.7
2026-03-08,FR,France,Fitness_Wearables,78.14,2.96,18.91
2026-03-08,FR,France,Nutrition_Diets,73.4,7.39,27.34
2026-03-08,GB,United_Kingdom,Fashion_Beauty,59.67,4.19,29.36
2026-03-08,GB,United_Kingdom,Fitness_Wearables,83.64,2.69,16.36
2026-03-08,GB,United_Kingdom,Nutrition_Diets,84.32,2.8,9.59
2026-03-08,IN,India,Fashion_Beauty,58.74,0,12.69
2026-03-08,IN,India,Fitness_Wearables,75.85,5.27,17.17
2026-03-08,IN,India,Nutrition_Diets,85.92,8.61,25.04
2026-03-08,JP,Japan,Fashion_Beauty,100,17.26,15
2026-03-08,JP,Japan,Fitness_Wearables,93.36,14.27,10.4
2026-03-08,JP,Japan,Nutrition_Diets,83.63,18.04,13.85
2026-03-08,KE,Kenya,Fashion_Beauty,74.14,3.93,18.34
2026-03-08,KE,Kenya,Fitness_Wearables,77.31,4.35,15.9
2026-03-08,KE,Kenya,Nutrition_Diets,66.92,8.04,11.45
2026-03-08,MX,Mexico,Fashion_Beauty,68.21,-0.68,13.58
2026-03-08,MX,Mexico,Fitness_Wearables,85.2,-0.11,0.76
2026-03-08,MX,Mexico,Nutrition_Diets,54.28,2.52,15.14
2026-03-08,NG,Nigeria,Fashion_Beauty,70.09,0.44,13.74
2026-03-08,NG,Nigeria,Fitness_Wearables,78.99,0.5,10.92
2026-03-08,NG,Nigeria,Nutrition_Diets,74,4.59,15.47
2026-03-08,SG,Singapore,Fashion_Beauty,77.49,10.37,15.29
2026-03-08,SG,Singapore,Fitness_Wearables,83.58,6.37,6.27
2026-03-08,SG,Singapore,Nutrition_Diets,81.87,12.09,10.5
2026-03-08,US,United_States,Fashion_Beauty,53.5,1.56,11.68
2026-03-08,US,United_States,Fitness_Wearables,66.17,-1.59,3.01
2026-03-08,US,United_States,Nutrition_Diets,68.66,-0.65,-0.1
2026-03-08,ZA,South_Africa,Fashion_Beauty,68.38,1.95,27.58
2026-03-08,ZA,South_Africa,Fitness_Wearables,80.54,3.18,21.57
2026-03-08,ZA,South_Africa,Nutrition_Diets,65.31,1.52,17.34
2026-03-15,AE,United_Arab_Emirates,Fashion_Beauty,80.53,-1.21,-14.15
2026-03-15,AE,United_Arab_Emirates,Fitness_Wearables,71.12,-8.44,-17.93
2026-03-15,AE,United_Arab_Emirates,Nutrition_Diets,64.31,-0.28,-7.81
2026-03-15,AU,Australia,Fashion_Beauty,69.6,-1.62,-6.84
2026-03-15,AU,Australia,Fitness_Wearables,85.82,-0.41,-1.65
2026-03-15,AU,Australia,Nutrition_Diets,82.66,2.13,0.96
2026-03-15,BR,Brazil,Fashion_Beauty,64.86,2.34,1.6
2026-03-15,BR,Brazil,Fitness_Wearables,77.28,2.51,3.32
2026-03-15,BR,Brazil,Nutrition_Diets,53.09,8.41,7.88
2026-03-15,CA,Canada,Fashion_Beauty,78.39,1.65,-3.09
2026-03-15,CA,Canada,Fitness_Wearables,84.61,3.67,3.46
2026-03-15,CA,Canada,Nutrition_Diets,90.64,6.48,7.11
2026-03-15,CN,China,Fashion_Beauty,21.37,1,-0.86
2026-03-15,CN,China,Fitness_Wearables,44.18,6.93,6.93
2026-03-15,CN,China,Nutrition_Diets,11.43,1.66,2.42
2026-03-15,DE,Germany,Fashion_Beauty,59.33,-2.68,-3.01
2026-03-15,DE,Germany,Fitness_Wearables,84.68,2.5,-0.57
2026-03-15,DE,Germany,Nutrition_Diets,69.18,1.45,-4.44
2026-03-15,FR,France,Fashion_Beauty,42.39,-7.36,-3.12
2026-03-15,FR,France,Fitness_Wearables,70.96,-7.18,-10.14
2026-03-15,FR,France,Nutrition_Diets,75.45,2.05,-5.34
2026-03-15,GB,United_Kingdom,Fashion_Beauty,56.53,-3.14,-7.33
2026-03-15,GB,United_Kingdom,Fitness_Wearables,78.99,-4.65,-7.34
2026-03-15,GB,United_Kingdom,Nutrition_Diets,86.41,2.09,-0.71
2026-03-15,IN,India,Fashion_Beauty,57.76,-0.98,-0.98
2026-03-15,IN,India,Fitness_Wearables,73.98,-1.87,-7.14
2026-03-15,IN,India,Nutrition_Diets,83.57,-2.35,-10.96
2026-03-15,JP,Japan,Fashion_Beauty,89.29,-10.71,-27.97
2026-03-15,JP,Japan,Fitness_Wearables,92.59,-0.77,-15.04
2026-03-15,JP,Japan,Nutrition_Diets,87.91,4.28,-13.76
2026-03-15,KE,Kenya,Fashion_Beauty,71.03,-3.11,-7.04
2026-03-15,KE,Kenya,Fitness_Wearables,77.31,0,-4.35
2026-03-15,KE,Kenya,Nutrition_Diets,60.31,-6.61,-14.65
2026-03-15,MX,Mexico,Fashion_Beauty,69.43,1.22,1.9
2026-03-15,MX,Mexico,Fitness_Wearables,83.24,-1.96,-1.85
2026-03-15,MX,Mexico,Nutrition_Diets,61.05,6.77,4.25
2026-03-15,NG,Nigeria,Fashion_Beauty,69.94,-0.15,-0.59
2026-03-15,NG,Nigeria,Fitness_Wearables,75.29,-3.7,-4.2
2026-03-15,NG,Nigeria,Nutrition_Diets,69.53,-4.47,-9.06
2026-03-15,SG,Singapore,Fashion_Beauty,74.66,-2.83,-13.2
2026-03-15,SG,Singapore,Fitness_Wearables,87.36,3.78,-2.59
2026-03-15,SG,Singapore,Nutrition_Diets,83.03,1.16,-10.93
2026-03-15,US,United_States,Fashion_Beauty,55.57,2.07,0.51
2026-03-15,US,United_States,Fitness_Wearables,65.77,-0.4,1.19
2026-03-15,US,United_States,Nutrition_Diets,70.6,1.94,2.59
2026-03-15,ZA,South_Africa,Fashion_Beauty,67.69,-0.69,-2.64
2026-03-15,ZA,South_Africa,Fitness_Wearables,78.54,-2,-5.18
2026-03-15,ZA,South_Africa,Nutrition_Diets,60.85,-4.46,-5.98
2026-03-22,AE,United_Arab_Emirates,Fashion_Beauty,64.21,-16.32,-15.11
2026-03-22,AE,United_Arab_Emirates,Fitness_Wearables,78.62,7.5,15.94
2026-03-22,AE,United_Arab_Emirates,Nutrition_Diets,72.2,7.89,8.17
2026-03-22,AU,Australia,Fashion_Beauty,67.62,-1.98,-0.36
2026-03-22,AU,Australia,Fitness_Wearables,86.13,0.31,0.72
2026-03-22,AU,Australia,Nutrition_Diets,80.53,-2.13,-4.26
2026-03-22,BR,Brazil,Fashion_Beauty,59.43,-5.43,-7.77
2026-03-22,BR,Brazil,Fitness_Wearables,73.67,-3.61,-6.12
2026-03-22,BR,Brazil,Nutrition_Diets,49.89,-3.2,-11.61
2026-03-22,CA,Canada,Fashion_Beauty,72.88,-5.51,-7.16
2026-03-22,CA,Canada,Fitness_Wearables,82.83,-1.78,-5.45
2026-03-22,CA,Canada,Nutrition_Diets,90.01,-0.63,-7.11
2026-03-22,CN,China,Fashion_Beauty,24.72,3.35,2.35
2026-03-22,CN,China,Fitness_Wearables,46.53,2.35,-4.58
2026-03-22,CN,China,Nutrition_Diets,11.28,-0.15,-1.81
2026-03-22,DE,Germany,Fashion_Beauty,58.44,-0.89,1.79
2026-03-22,DE,Germany,Fitness_Wearables,84.22,-0.46,-2.96
2026-03-22,DE,Germany,Nutrition_Diets,72.56,3.38,1.93
2026-03-22,FR,France,Fashion_Beauty,42.77,0.38,7.74
2026-03-22,FR,France,Fitness_Wearables,76.98,6.02,13.2
2026-03-22,FR,France,Nutrition_Diets,85.88,10.43,8.38
2026-03-22,GB,United_Kingdom,Fashion_Beauty,59.91,3.38,6.52
2026-03-22,GB,United_Kingdom,Fitness_Wearables,86.85,7.86,12.51
2026-03-22,GB,United_Kingdom,Nutrition_Diets,95.1,8.69,6.6
2026-03-22,IN,India,Fashion_Beauty,53.57,-4.19,-3.21
2026-03-22,IN,India,Fitness_Wearables,71.09,-2.89,-1.02
2026-03-22,IN,India,Nutrition_Diets,82.66,-0.91,1.44
2026-03-22,JP,Japan,Fashion_Beauty,81.79,-7.5,3.21
2026-03-22,JP,Japan,Fitness_Wearables,92.26,-0.33,0.44
2026-03-22,JP,Japan,Nutrition_Diets,89.08,1.17,-3.11
2026-03-22,KE,Kenya,Fashion_Beauty,73.49,2.46,5.57
2026-03-22,KE,Kenya,Fitness_Wearables,85.33,8.02,8.02
2026-03-22,KE,Kenya,Nutrition_Diets,67.81,7.5,14.11
2026-03-22,MX,Mexico,Fashion_Beauty,70.52,1.09,-0.13
2026-03-22,MX,Mexico,Fitness_Wearables,80.52,-2.72,-0.76
2026-03-22,MX,Mexico,Nutrition_Diets,60.96,-0.09,-6.86
2026-03-22,NG,Nigeria,Fashion_Beauty,72.25,2.31,2.46
2026-03-22,NG,Nigeria,Fitness_Wearables,85.38,10.09,13.79
2026-03-22,NG,Nigeria,Nutrition_Diets,77.75,8.22,12.69
2026-03-22,SG,Singapore,Fashion_Beauty,74.03,-0.63,2.2
2026-03-22,SG,Singapore,Fitness_Wearables,93.63,6.27,2.49
2026-03-22,SG,Singapore,Nutrition_Diets,86.74,3.71,2.55
2026-03-22,US,United_States,Fashion_Beauty,61.28,5.71,3.64
2026-03-22,US,United_States,Fitness_Wearables,72.55,6.78,7.18
2026-03-22,US,United_States,Nutrition_Diets,76.13,5.53,3.59
2026-03-22,ZA,South_Africa,Fashion_Beauty,73.4,5.71,6.4
2026-03-22,ZA,South_Africa,Fitness_Wearables,77.24,-1.3,0.7
2026-03-22,ZA,South_Africa,Nutrition_Diets,64.3,3.45,7.91
2026-03-29,AE,United_Arab_Emirates,Fashion_Beauty,71.22,7.01,23.33
2026-03-29,AE,United_Arab_Emirates,Fitness_Wearables,84.67,6.05,-1.45
2026-03-29,AE,United_Arab_Emirates,Nutrition_Diets,80.28,8.08,0.19
2026-03-29,AU,Australia,Fashion_Beauty,67.12,-0.5,1.48
2026-03-29,AU,Australia,Fitness_Wearables,85.51,-0.62,-0.93
2026-03-29,AU,Australia,Nutrition_Diets,78.51,-2.02,0.11
2026-03-29,BR,Brazil,Fashion_Beauty,60.42,0.99,6.42
2026-03-29,BR,Brazil,Fitness_Wearables,68.87,-4.8,-1.19
2026-03-29,BR,Brazil,Nutrition_Diets,46.38,-3.51,-0.31
2026-03-29,CA,Canada,Fashion_Beauty,72.44,-0.44,5.07
2026-03-29,CA,Canada,Fitness_Wearables,85.55,2.72,4.5
2026-03-29,CA,Canada,Nutrition_Diets,87.58,-2.43,-1.8
2026-03-29,CN,China,Fashion_Beauty,30.56,5.84,2.49
2026-03-29,CN,China,Fitness_Wearables,67.7,21.17,18.82
2026-03-29,CN,China,Nutrition_Diets,15.94,4.66,4.81
2026-03-29,DE,Germany,Fashion_Beauty,59.44,1,1.89
2026-03-29,DE,Germany,Fitness_Wearables,94.32,10.1,10.56
2026-03-29,DE,Germany,Nutrition_Diets,81.26,8.7,5.32
2026-03-29,FR,France,Fashion_Beauty,46.88,4.11,3.73
2026-03-29,FR,France,Fitness_Wearables,80.36,3.38,-2.64
2026-03-29,FR,France,Nutrition_Diets,100,14.12,3.69
2026-03-29,GB,United_Kingdom,Fashion_Beauty,60.37,0.46,-2.92
2026-03-29,GB,United_Kingdom,Fitness_Wearables,86.85,0,-7.86
2026-03-29,GB,United_Kingdom,Nutrition_Diets,100,4.9,-3.79
2026-03-29,IN,India,Fashion_Beauty,55.54,1.97,6.16
2026-03-29,IN,India,Fitness_Wearables,72.62,1.53,4.42
2026-03-29,IN,India,Nutrition_Diets,83.96,1.3,2.21
2026-03-29,JP,Japan,Fashion_Beauty,80.12,-1.67,5.83
2026-03-29,JP,Japan,Fitness_Wearables,88.27,-3.99,-3.66
2026-03-29,JP,Japan,Nutrition_Diets,90.25,1.17,0
2026-03-29,KE,Kenya,Fashion_Beauty,77.25,3.76,1.3
2026-03-29,KE,Kenya,Fitness_Wearables,80.43,-4.9,-12.92
2026-03-29,KE,Kenya,Nutrition_Diets,63.4,-4.41,-11.91
2026-03-29,MX,Mexico,Fashion_Beauty,74.05,3.53,2.44
2026-03-29,MX,Mexico,Fitness_Wearables,88.36,7.84,10.56
2026-03-29,MX,Mexico,Nutrition_Diets,66.01,5.05,5.14
2026-03-29,NG,Nigeria,Fashion_Beauty,73.27,1.02,-1.29
2026-03-29,NG,Nigeria,Fitness_Wearables,84.2,-1.18,-11.27
2026-03-29,NG,Nigeria,Nutrition_Diets,73.4,-4.35,-12.57
2026-03-29,SG,Singapore,Fashion_Beauty,72.57,-1.46,-0.83
2026-03-29,SG,Singapore,Fitness_Wearables,96.12,2.49,-3.78
2026-03-29,SG,Singapore,Nutrition_Diets,92.26,5.52,1.81
2026-03-29,US,United_States,Fashion_Beauty,78.39,17.11,11.4
2026-03-29,US,United_States,Fitness_Wearables,88.22,15.67,8.89
2026-03-29,US,United_States,Nutrition_Diets,89.49,13.36,7.83
2026-03-29,ZA,South_Africa,Fashion_Beauty,76.46,3.06,-2.65
2026-03-29,ZA,South_Africa,Fitness_Wearables,85.73,8.49,9.79
2026-03-29,ZA,South_Africa,Nutrition_Diets,71.4,7.1,3.65
2026-04-05,AE,United_Arab_Emirates,Fashion_Beauty,68.32,-2.9,-9.91
2026-04-05,AE,United_Arab_Emirates,Fitness_Wearables,80.08,-4.59,-10.64
2026-04-05,AE,United_Arab_Emirates,Nutrition_Diets,76.06,-4.22,-12.3
2026-04-05,AU,Australia,Fashion_Beauty,72.08,4.96,5.46
2026-04-05,AU,Australia,Fitness_Wearables,89.21,3.7,4.32
2026-04-05,AU,Australia,Nutrition_Diets,82.34,3.83,5.85
2026-04-05,BR,Brazil,Fashion_Beauty,59.31,-1.11,-2.1
2026-04-05,BR,Brazil,Fitness_Wearables,70.77,1.9,6.7
2026-04-05,BR,Brazil,Nutrition_Diets,43.4,-2.98,0.53
2026-04-05,CA,Canada,Fashion_Beauty,75.85,3.41,3.85
2026-04-05,CA,Canada,Fitness_Wearables,86.91,1.36,-1.36
2026-04-05,CA,Canada,Nutrition_Diets,90.46,2.88,5.31
2026-04-05,CN,China,Fashion_Beauty,26.71,-3.85,-9.69
2026-04-05,CN,China,Fitness_Wearables,50.74,-16.96,-38.13
2026-04-05,CN,China,Nutrition_Diets,14.14,-1.8,-6.46
2026-04-05,DE,Germany,Fashion_Beauty,56.2,-3.24,-4.24
2026-04-05,DE,Germany,Fitness_Wearables,83.65,-10.67,-20.77
2026-04-05,DE,Germany,Nutrition_Diets,72.66,-8.6,-17.3
2026-04-05,FR,France,Fashion_Beauty,41.52,-5.36,-9.47
2026-04-05,FR,France,Fitness_Wearables,78.78,-1.58,-4.96
2026-04-05,FR,France,Nutrition_Diets,75.78,-24.22,-38.34
2026-04-05,GB,United_Kingdom,Fashion_Beauty,58.74,-1.63,-2.09
2026-04-05,GB,United_Kingdom,Fitness_Wearables,88.1,1.25,1.25
2026-04-05,GB,United_Kingdom,Nutrition_Diets,99.1,-0.9,-5.8
2026-04-05,IN,India,Fashion_Beauty,57.02,1.48,-0.49
2026-04-05,IN,India,Fitness_Wearables,78.4,5.78,4.25
2026-04-05,IN,India,Nutrition_Diets,85.4,1.44,0.14
2026-04-05,JP,Japan,Fashion_Beauty,83.93,3.81,5.48
2026-04-05,JP,Japan,Fitness_Wearables,98.45,10.18,14.17
2026-04-05,JP,Japan,Nutrition_Diets,98.15,7.9,6.73
2026-04-05,KE,Kenya,Fashion_Beauty,81.51,4.26,0.5
2026-04-05,KE,Kenya,Fitness_Wearables,81.39,0.96,5.86
2026-04-05,KE,Kenya,Nutrition_Diets,61.52,-1.88,2.53
2026-04-05,MX,Mexico,Fashion_Beauty,74.59,0.54,-2.99
2026-04-05,MX,Mexico,Fitness_Wearables,91.84,3.48,-4.36
2026-04-05,MX,Mexico,Nutrition_Diets,67.45,1.44,-3.61
2026-04-05,NG,Nigeria,Fashion_Beauty,69.08,-4.19,-5.21
2026-04-05,NG,Nigeria,Fitness_Wearables,81.85,-2.35,-1.17
2026-04-05,NG,Nigeria,Nutrition_Diets,73.76,0.36,4.71
2026-04-05,SG,Singapore,Fashion_Beauty,72.77,0.2,1.66
2026-04-05,SG,Singapore,Fitness_Wearables,97.51,1.39,-1.1
2026-04-05,SG,Singapore,Nutrition_Diets,95.65,3.39,-2.13
2026-04-05,US,United_States,Fashion_Beauty,94.21,15.82,-1.29
2026-04-05,US,United_States,Fitness_Wearables,100,11.78,-3.89
2026-04-05,US,United_States,Nutrition_Diets,100,10.51,-2.85
2026-04-05,ZA,South_Africa,Fashion_Beauty,74.23,-2.23,-5.29
2026-04-05,ZA,South_Africa,Fitness_Wearables,87.97,2.24,-6.25
2026-04-05,ZA,South_Africa,Nutrition_Diets,69.17,-2.23,-9.33
2026-04-12,AE,United_Arab_Emirates,Fashion_Beauty,70.37,2.05,4.95
2026-04-12,AE,United_Arab_Emirates,Fitness_Wearables,84.67,4.59,9.18
2026-04-12,AE,United_Arab_Emirates,Nutrition_Diets,77.89,1.83,6.05
2026-04-12,AU,Australia,Fashion_Beauty,71.96,-0.12,-5.08
2026-04-12,AU,Australia,Fitness_Wearables,89.62,0.41,-3.29
2026-04-12,AU,Australia,Nutrition_Diets,82.55,0.21,-3.62
2026-04-12,BR,Brazil,Fashion_Beauty,66.46,7.15,8.26
2026-04-12,BR,Brazil,Fitness_Wearables,74.47,3.7,1.8
2026-04-12,BR,Brazil,Nutrition_Diets,48.72,5.32,8.3
2026-04-12,CA,Canada,Fashion_Beauty,74.64,-1.21,-4.62
2026-04-12,CA,Canada,Fitness_Wearables,80.84,-6.07,-7.43
2026-04-12,CA,Canada,Nutrition_Diets,85.87,-4.59,-7.47
2026-04-12,CN,China,Fashion_Beauty,37.52,10.81,14.66
2026-04-12,CN,China,Fitness_Wearables,77.85,27.11,44.07
2026-04-12,CN,China,Nutrition_Diets,25.71,11.57,13.37
2026-04-12,DE,Germany,Fashion_Beauty,54.19,-2.01,1.23
2026-04-12,DE,Germany,Fitness_Wearables,82.75,-0.9,9.77
2026-04-12,DE,Germany,Nutrition_Diets,72.08,-0.58,8.02
2026-04-12,FR,France,Fashion_Beauty,41.27,-0.25,5.11
2026-04-12,FR,France,Fitness_Wearables,74.76,-4.02,-2.44
2026-04-12,FR,France,Nutrition_Diets,71.43,-4.35,19.87
2026-04-12,GB,United_Kingdom,Fashion_Beauty,55.59,-3.15,-1.52
2026-04-12,GB,United_Kingdom,Fitness_Wearables,81.57,-6.53,-7.78
2026-04-12,GB,United_Kingdom,Nutrition_Diets,86.91,-12.19,-11.29
2026-04-12,IN,India,Fashion_Beauty,56.4,-0.62,-2.1
2026-04-12,IN,India,Fitness_Wearables,73.3,-5.1,-10.88
2026-04-12,IN,India,Nutrition_Diets,83.44,-1.96,-3.4
2026-04-12,JP,Japan,Fashion_Beauty,84.05,0.12,-3.69
2026-04-12,JP,Japan,Fitness_Wearables,100,1.55,-8.63
2026-04-12,JP,Japan,Nutrition_Diets,100,1.85,-6.05
2026-04-12,KE,Kenya,Fashion_Beauty,71.69,-9.82,-14.08
2026-04-12,KE,Kenya,Fitness_Wearables,83.83,2.44,1.48
2026-04-12,KE,Kenya,Nutrition_Diets,63.51,1.99,3.87
2026-04-12,MX,Mexico,Fashion_Beauty,68.21,-6.38,-6.92
2026-04-12,MX,Mexico,Fitness_Wearables,79.43,-12.41,-15.89
2026-04-12,MX,Mexico,Nutrition_Diets,50.41,-17.04,-18.48
2026-04-12,NG,Nigeria,Fashion_Beauty,68.93,-0.15,4.04
2026-04-12,NG,Nigeria,Fitness_Wearables,85.21,3.36,5.71
2026-04-12,NG,Nigeria,Nutrition_Diets,72.67,-1.09,-1.45
2026-04-12,SG,Singapore,Fashion_Beauty,76.54,3.77,3.57
2026-04-12,SG,Singapore,Fitness_Wearables,98.71,1.2,-0.19
2026-04-12,SG,Singapore,Nutrition_Diets,100,4.35,0.96
2026-04-12,US,United_States,Fashion_Beauty,100,5.79,-10.03
2026-04-12,US,United_States,Fitness_Wearables,99,-1,-12.78
2026-04-12,US,United_States,Nutrition_Diets,99.91,-0.09,-10.6
2026-04-12,ZA,South_Africa,Fashion_Beauty,67.69,-6.54,-4.31
2026-04-12,ZA,South_Africa,Fitness_Wearables,75.12,-12.85,-15.09
2026-04-12,ZA,South_Africa,Nutrition_Diets,60.34,-8.83,-6.6
2026-04-19,AE,United_Arab_Emirates,Fashion_Beauty,79.2,8.83,6.78
2026-04-19,AE,United_Arab_Emirates,Fitness_Wearables,88.84,4.17,-0.42
2026-04-19,AE,United_Arab_Emirates,Nutrition_Diets,78.99,1.1,-0.73
2026-04-19,AU,Australia,Fashion_Beauty,71.46,-0.5,-0.38
2026-04-19,AU,Australia,Fitness_Wearables,88.8,-0.82,-1.23
2026-04-19,AU,Australia,Nutrition_Diets,88.09,5.54,5.33
2026-04-19,BR,Brazil,Fashion_Beauty,74.85,8.39,1.24
2026-04-19,BR,Brazil,Fitness_Wearables,83.28,8.81,5.11
2026-04-19,BR,Brazil,Nutrition_Diets,57.23,8.51,3.19
2026-04-19,CA,Canada,Fashion_Beauty,70.23,-4.41,-3.2
2026-04-19,CA,Canada,Fitness_Wearables,79.06,-1.78,4.29
2026-04-19,CA,Canada,Nutrition_Diets,81.37,-4.5,0.09
2026-04-19,CN,China,Fashion_Beauty,45.59,8.07,-2.74
2026-04-19,CN,China,Fitness_Wearables,89.85,12,-15.11
2026-04-19,CN,China,Nutrition_Diets,26.02,0.31,-11.26
2026-04-19,DE,Germany,Fashion_Beauty,53.85,-0.34,1.67
2026-04-19,DE,Germany,Fitness_Wearables,80.36,-2.39,-1.49
2026-04-19,DE,Germany,Nutrition_Diets,69.66,-2.42,-1.84
2026-04-19,FR,France,Fashion_Beauty,42.02,0.75,1
2026-04-19,FR,France,Fitness_Wearables,70.96,-3.8,0.22
2026-04-19,FR,France,Nutrition_Diets,67.82,-3.61,0.74
2026-04-19,GB,United_Kingdom,Fashion_Beauty,55.48,-0.11,3.04
2026-04-19,GB,United_Kingdom,Fitness_Wearables,81.78,0.21,6.74
2026-04-19,GB,United_Kingdom,Nutrition_Diets,87.41,0.5,12.69
2026-04-19,IN,India,Fashion_Beauty,54.31,-2.09,-1.47
2026-04-19,IN,India,Fitness_Wearables,72.79,-0.51,4.59
2026-04-19,IN,India,Nutrition_Diets,84.49,1.05,3.01
2026-04-19,JP,Japan,Fashion_Beauty,78.69,-5.36,-5.48
2026-04-19,JP,Japan,Fitness_Wearables,91.48,-8.52,-10.07
2026-04-19,JP,Japan,Nutrition_Diets,91.13,-8.87,-10.72
2026-04-19,KE,Kenya,Fashion_Beauty,82.65,10.96,20.78
2026-04-19,KE,Kenya,Fitness_Wearables,86.96,3.13,0.69
2026-04-19,KE,Kenya,Nutrition_Diets,63.95,0.44,-1.55
2026-04-19,MX,Mexico,Fashion_Beauty,68.89,0.68,7.06
2026-04-19,MX,Mexico,Fitness_Wearables,77.8,-1.63,10.78
2026-04-19,MX,Mexico,Nutrition_Diets,44.36,-6.05,10.99
2026-04-19,NG,Nigeria,Fashion_Beauty,69.51,0.58,0.73
2026-04-19,NG,Nigeria,Fitness_Wearables,80.34,-4.87,-8.23
2026-04-19,NG,Nigeria,Nutrition_Diets,75.57,2.9,3.99
2026-04-19,SG,Singapore,Fashion_Beauty,72.04,-4.5,-8.27
2026-04-19,SG,Singapore,Fitness_Wearables,93.13,-5.58,-6.78
2026-04-19,SG,Singapore,Nutrition_Diets,91.94,-8.06,-12.41
2026-04-19,US,United_States,Fashion_Beauty,83.15,-16.85,-22.64
2026-04-19,US,United_States,Fitness_Wearables,88.22,-10.78,-9.78
2026-04-19,US,United_States,Nutrition_Diets,90.41,-9.5,-9.41
2026-04-19,ZA,South_Africa,Fashion_Beauty,73.82,6.13,12.67
2026-04-19,ZA,South_Africa,Fitness_Wearables,70.28,-4.84,8.01
2026-04-19,ZA,South_Africa,Nutrition_Diets,54.97,-5.37,3.46
2026-04-26,AE,United_Arab_Emirates,Fashion_Beauty,77.75,-1.45,-10.28
2026-04-26,AE,United_Arab_Emirates,Fitness_Wearables,92.39,3.55,-0.62
2026-04-26,AE,United_Arab_Emirates,Nutrition_Diets,79.72,0.73,-0.37
2026-04-26,AU,Australia,Fashion_Beauty,72.21,0.75,1.25
2026-04-26,AU,Australia,Fitness_Wearables,90.85,2.05,2.87
2026-04-26,AU,Australia,Nutrition_Diets,84.04,-4.05,-9.59
2026-04-26,BR,Brazil,Fashion_Beauty,73.74,-1.11,-9.5
2026-04-26,BR,Brazil,Fitness_Wearables,82.88,-0.4,-9.21
2026-04-26,BR,Brazil,Nutrition_Diets,61.7,4.47,-4.04
2026-04-26,CA,Canada,Fashion_Beauty,68.91,-1.32,3.09
2026-04-26,CA,Canada,Fitness_Wearables,79.69,0.63,2.41
2026-04-26,CA,Canada,Nutrition_Diets,78.67,-2.7,1.8
2026-04-26,CN,China,Fashion_Beauty,37.39,-8.2,-16.27
2026-04-26,CN,China,Fitness_Wearables,75.25,-14.6,-26.6
2026-04-26,CN,China,Nutrition_Diets,34.74,8.72,8.41
2026-04-26,DE,Germany,Fashion_Beauty,51.96,-1.89,-1.55
2026-04-26,DE,Germany,Fitness_Wearables,81.04,0.68,3.07
2026-04-26,DE,Germany,Nutrition_Diets,62.22,-7.44,-5.02
2026-04-26,FR,France,Fashion_Beauty,39.65,-2.37,-3.12
2026-04-26,FR,France,Fitness_Wearables,78.04,7.08,10.88
2026-04-26,FR,France,Nutrition_Diets,61.66,-6.16,-2.55
2026-04-26,GB,United_Kingdom,Fashion_Beauty,58.16,2.68,2.79
2026-04-26,GB,United_Kingdom,Fitness_Wearables,86.23,4.45,4.24
2026-04-26,GB,United_Kingdom,Nutrition_Diets,89.41,2,1.5
2026-04-26,IN,India,Fashion_Beauty,54.19,-0.12,1.97
2026-04-26,IN,India,Fitness_Wearables,72.62,-0.17,0.34
2026-04-26,IN,India,Nutrition_Diets,80.83,-3.66,-4.71
2026-04-26,JP,Japan,Fashion_Beauty,72.62,-6.07,-0.71
2026-04-26,JP,Japan,Fitness_Wearables,88.83,-2.65,5.87
2026-04-26,JP,Japan,Nutrition_Diets,76.61,-14.52,-5.65
2026-04-26,KE,Kenya,Fashion_Beauty,79.38,-3.27,-14.23
2026-04-26,KE,Kenya,Fitness_Wearables,85.19,-1.77,-4.9
2026-04-26,KE,Kenya,Nutrition_Diets,74.2,10.25,9.81
2026-04-26,MX,Mexico,Fashion_Beauty,67.8,-1.09,-1.77
2026-04-26,MX,Mexico,Fitness_Wearables,79.11,1.31,2.94
2026-04-26,MX,Mexico,Nutrition_Diets,49.14,4.78,10.83
2026-04-26,NG,Nigeria,Fashion_Beauty,68.93,-0.58,-1.16
2026-04-26,NG,Nigeria,Fitness_Wearables,80.17,-0.17,4.7
2026-04-26,NG,Nigeria,Nutrition_Diets,74.24,-1.33,-4.23
2026-04-26,SG,Singapore,Fashion_Beauty,66.81,-5.23,-0.73
2026-04-26,SG,Singapore,Fitness_Wearables,96.82,3.69,9.27
2026-04-26,SG,Singapore,Nutrition_Diets,81.23,-10.71,-2.65
2026-04-26,US,United_States,Fashion_Beauty,71.82,-11.33,5.52
2026-04-26,US,United_States,Fitness_Wearables,85.63,-2.59,8.19
2026-04-26,US,United_States,Nutrition_Diets,79.82,-10.59,-1.09
2026-04-26,ZA,South_Africa,Fashion_Beauty,77.72,3.9,-2.23
2026-04-26,ZA,South_Africa,Fitness_Wearables,74.41,4.13,8.97
2026-04-26,ZA,South_Africa,Nutrition_Diets,55.88,0.91,6.28
2026-05-03,AE,United_Arab_Emirates,Fashion_Beauty,74.97,-2.78,-1.33
2026-05-03,AE,United_Arab_Emirates,Fitness_Wearables,91.55,-0.84,-4.39
2026-05-03,AE,United_Arab_Emirates,Nutrition_Diets,78.26,-1.46,-2.19
2026-05-03,AU,Australia,Fashion_Beauty,77.17,4.96,4.21
2026-05-03,AU,Australia,Fitness_Wearables,88.69,-2.16,-4.21
2026-05-03,AU,Australia,Nutrition_Diets,81.91,-2.13,1.92
2026-05-03,BR,Brazil,Fashion_Beauty,66.09,-7.65,-6.54
2026-05-03,BR,Brazil,Fitness_Wearables,73.37,-9.51,-9.11
2026-05-03,BR,Brazil,Nutrition_Diets,43.19,-18.51,-22.98
2026-05-03,CA,Canada,Fashion_Beauty,70.78,1.87,3.19
2026-05-03,CA,Canada,Fitness_Wearables,80.73,1.04,0.41
2026-05-03,CA,Canada,Nutrition_Diets,75.79,-2.88,-0.18
2026-05-03,CN,China,Fashion_Beauty,27.33,-10.06,-1.86
2026-05-03,CN,China,Fitness_Wearables,50.37,-24.88,-10.28
2026-05-03,CN,China,Nutrition_Diets,16.09,-18.65,-27.37
2026-05-03,DE,Germany,Fashion_Beauty,55.08,3.12,5.01
2026-05-03,DE,Germany,Fitness_Wearables,83.77,2.73,2.05
2026-05-03,DE,Germany,Nutrition_Diets,62.71,0.49,7.93
2026-05-03,FR,France,Fashion_Beauty,40.4,0.75,3.12
2026-05-03,FR,France,Fitness_Wearables,71.59,-6.45,-13.53
2026-05-03,FR,France,Nutrition_Diets,59.61,-2.05,4.11
2026-05-03,GB,United_Kingdom,Fashion_Beauty,56.41,-1.75,-4.43
2026-05-03,GB,United_Kingdom,Fitness_Wearables,81.78,-4.45,-8.9
2026-05-03,GB,United_Kingdom,Nutrition_Diets,82.02,-7.39,-9.39
2026-05-03,IN,India,Fashion_Beauty,54.43,0.24,0.36
2026-05-03,IN,India,Fitness_Wearables,75.85,3.23,3.4
2026-05-03,IN,India,Nutrition_Diets,83.44,2.61,6.27
2026-05-03,JP,Japan,Fashion_Beauty,73.45,0.83,6.9
2026-05-03,JP,Japan,Fitness_Wearables,90.49,1.66,4.31
2026-05-03,JP,Japan,Nutrition_Diets,82.36,5.75,20.27
2026-05-03,KE,Kenya,Fashion_Beauty,82.82,3.44,6.71
2026-05-03,KE,Kenya,Fitness_Wearables,95.11,9.92,11.69
2026-05-03,KE,Kenya,Nutrition_Diets,74.2,0,-10.25
2026-05-03,MX,Mexico,Fashion_Beauty,68.61,0.81,1.9
2026-05-03,MX,Mexico,Fitness_Wearables,80.52,1.41,0.1
2026-05-03,MX,Mexico,Nutrition_Diets,52.57,3.43,-1.35
2026-05-03,NG,Nigeria,Fashion_Beauty,72.11,3.18,3.76
2026-05-03,NG,Nigeria,Fitness_Wearables,84.03,3.86,4.03
2026-05-03,NG,Nigeria,Nutrition_Diets,81.86,7.62,8.95
2026-05-03,SG,Singapore,Fashion_Beauty,68.69,1.88,7.11
2026-05-03,SG,Singapore,Fitness_Wearables,89.55,-7.27,-10.96
2026-05-03,SG,Singapore,Nutrition_Diets,82.71,1.48,12.19
2026-05-03,US,United_States,Fashion_Beauty,77.36,5.54,16.87
2026-05-03,US,United_States,Fitness_Wearables,87.62,1.99,4.58
2026-05-03,US,United_States,Nutrition_Diets,79.91,0.09,10.68
2026-05-03,ZA,South_Africa,Fashion_Beauty,73.12,-4.6,-8.5
2026-05-03,ZA,South_Africa,Fitness_Wearables,70.64,-3.77,-7.9
2026-05-03,ZA,South_Africa,Nutrition_Diets,54.16,-1.72,-2.63
2026-05-10,AE,United_Arab_Emirates,Fashion_Beauty,78.84,3.87,6.65
2026-05-10,AE,United_Arab_Emirates,Fitness_Wearables,100,8.45,9.29
2026-05-10,AE,United_Arab_Emirates,Nutrition_Diets,77.8,-0.46,1
2026-05-10,AU,Australia,Fashion_Beauty,76.43,-0.74,-5.7
2026-05-10,AU,Australia,Fitness_Wearables,87.87,-0.82,1.34
2026-05-10,AU,Australia,Nutrition_Diets,85,3.09,5.22
2026-05-10,BR,Brazil,Fashion_Beauty,61.04,-5.05,2.6
2026-05-10,BR,Brazil,Fitness_Wearables,68.07,-5.3,4.21
2026-05-10,BR,Brazil,Nutrition_Diets,38.4,-4.79,13.72
2026-05-10,CA,Canada,Fashion_Beauty,69.57,-1.21,-3.08
2026-05-10,CA,Canada,Fitness_Wearables,77.59,-3.14,-4.18
2026-05-10,CA,Canada,Nutrition_Diets,76.69,0.9,3.78
2026-05-10,CN,China,Fashion_Beauty,26.58,-0.75,9.31
2026-05-10,CN,China,Fitness_Wearables,46.53,-3.84,21.04
2026-05-10,CN,China,Nutrition_Diets,13.38,-2.71,15.94
2026-05-10,DE,Germany,Fashion_Beauty,58.1,3.02,-0.1
2026-05-10,DE,Germany,Fitness_Wearables,88.2,4.43,1.7
2026-05-10,DE,Germany,Nutrition_Diets,65.12,2.41,1.92
2026-05-10,FR,France,Fashion_Beauty,39.78,-0.62,-1.37
2026-05-10,FR,France,Fitness_Wearables,74.76,3.17,9.62
2026-05-10,FR,France,Nutrition_Diets,58.95,-0.66,1.39
2026-05-10,GB,United_Kingdom,Fashion_Beauty,55.71,-0.7,1.05
2026-05-10,GB,United_Kingdom,Fitness_Wearables,80.54,-1.24,3.21
2026-05-10,GB,United_Kingdom,Nutrition_Diets,83.02,1,8.39
2026-05-10,IN,India,Fashion_Beauty,56.03,1.6,1.36
2026-05-10,IN,India,Fitness_Wearables,79.42,3.57,0.34
2026-05-10,IN,India,Nutrition_Diets,83.44,0,-2.61
2026-05-10,JP,Japan,Fashion_Beauty,82.26,8.81,7.98
2026-05-10,JP,Japan,Fitness_Wearables,96.24,5.75,4.09
2026-05-10,JP,Japan,Nutrition_Diets,90.84,8.48,2.73
2026-05-10,KE,Kenya,Fashion_Beauty,75.78,-7.04,-10.48
2026-05-10,KE,Kenya,Fitness_Wearables,93.89,-1.22,-11.14
2026-05-10,KE,Kenya,Nutrition_Diets,72.66,-1.54,-1.54
2026-05-10,MX,Mexico,Fashion_Beauty,66.03,-2.58,-3.39
2026-05-10,MX,Mexico,Fitness_Wearables,75.41,-5.11,-6.52
2026-05-10,MX,Mexico,Nutrition_Diets,47.7,-4.87,-8.3
2026-05-10,NG,Nigeria,Fashion_Beauty,72.25,0.14,-3.04
2026-05-10,NG,Nigeria,Fitness_Wearables,87.06,3.03,-0.83
2026-05-10,NG,Nigeria,Nutrition_Diets,82.95,1.09,-6.53
2026-05-10,SG,Singapore,Fashion_Beauty,72.57,3.88,2
2026-05-10,SG,Singapore,Fitness_Wearables,95.02,5.47,12.74
2026-05-10,SG,Singapore,Nutrition_Diets,93,10.29,8.81
2026-05-10,US,United_States,Fashion_Beauty,81.85,4.49,-1.05
2026-05-10,US,United_States,Fitness_Wearables,91.32,3.7,1.71
2026-05-10,US,United_States,Nutrition_Diets,85.16,5.25,5.16
2026-05-10,ZA,South_Africa,Fashion_Beauty,72.14,-0.98,3.62
2026-05-10,ZA,South_Africa,Fitness_Wearables,69.46,-1.18,2.59
2026-05-10,ZA,South_Africa,Nutrition_Diets,54.56,0.4,2.12
2026-05-17,AE,United_Arab_Emirates,Fashion_Beauty,78.6,-0.24,-4.11
2026-05-17,AE,United_Arab_Emirates,Fitness_Wearables,82.59,-17.41,-25.86
2026-05-17,AE,United_Arab_Emirates,Nutrition_Diets,71.93,-5.87,-5.41
2026-05-17,AU,Australia,Fashion_Beauty,72.21,-4.22,-3.48
2026-05-17,AU,Australia,Fitness_Wearables,86.23,-1.64,-0.82
2026-05-17,AU,Australia,Nutrition_Diets,82.55,-2.45,-5.54
2026-05-17,BR,Brazil,Fashion_Beauty,60.17,-0.87,4.18
2026-05-17,BR,Brazil,Fitness_Wearables,67.07,-1,4.3
2026-05-17,BR,Brazil,Nutrition_Diets,43.3,4.9,9.69
2026-05-17,CA,Canada,Fashion_Beauty,70.89,1.32,2.53
2026-05-17,CA,Canada,Fitness_Wearables,78.53,0.94,4.08
2026-05-17,CA,Canada,Nutrition_Diets,79.84,3.15,2.25
2026-05-17,CN,China,Fashion_Beauty,32.05,5.47,6.22
2026-05-17,CN,China,Fitness_Wearables,57.05,10.52,14.36
2026-05-17,CN,China,Nutrition_Diets,19.4,6.02,8.73
2026-05-17,DE,Germany,Fashion_Beauty,51.4,-6.7,-9.72
2026-05-17,DE,Germany,Fitness_Wearables,77.19,-11.01,-15.44
2026-05-17,DE,Germany,Nutrition_Diets,64.06,-1.06,-3.47
2026-05-17,FR,France,Fashion_Beauty,37.53,-2.25,-1.63
2026-05-17,FR,France,Fitness_Wearables,69.06,-5.7,-8.87
2026-05-17,FR,France,Nutrition_Diets,58.78,-0.17,0.49
2026-05-17,GB,United_Kingdom,Fashion_Beauty,56.41,0.7,1.4
2026-05-17,GB,United_Kingdom,Fitness_Wearables,78.88,-1.66,-0.42
2026-05-17,GB,United_Kingdom,Nutrition_Diets,81.32,-1.7,-2.7
2026-05-17,IN,India,Fashion_Beauty,54.06,-1.97,-3.57
2026-05-17,IN,India,Fitness_Wearables,74.32,-5.1,-8.67
2026-05-17,IN,India,Nutrition_Diets,81.49,-1.95,-1.95
2026-05-17,JP,Japan,Fashion_Beauty,74.17,-8.09,-16.9
2026-05-17,JP,Japan,Fitness_Wearables,87.94,-8.3,-14.05
2026-05-17,JP,Japan,Nutrition_Diets,89.96,-0.88,-9.36
2026-05-17,KE,Kenya,Fashion_Beauty,66.45,-9.33,-2.29
2026-05-17,KE,Kenya,Fitness_Wearables,74.86,-19.03,-17.81
2026-05-17,KE,Kenya,Nutrition_Diets,67.36,-5.3,-3.76
2026-05-17,MX,Mexico,Fashion_Beauty,63.59,-2.44,0.14
2026-05-17,MX,Mexico,Fitness_Wearables,73.99,-1.42,3.69
2026-05-17,MX,Mexico,Nutrition_Diets,51.4,3.7,8.57
2026-05-17,NG,Nigeria,Fashion_Beauty,71.1,-1.15,-1.29
2026-05-17,NG,Nigeria,Fitness_Wearables,79.16,-7.9,-10.93
2026-05-17,NG,Nigeria,Nutrition_Diets,78.36,-4.59,-5.68
2026-05-17,SG,Singapore,Fashion_Beauty,69.74,-2.83,-6.71
2026-05-17,SG,Singapore,Fitness_Wearables,90.45,-4.57,-10.04
2026-05-17,SG,Singapore,Nutrition_Diets,92.36,-0.64,-10.93
2026-05-17,US,United_States,Fashion_Beauty,73.73,-8.12,-12.61
2026-05-17,US,United_States,Fitness_Wearables,82.44,-8.88,-12.58
2026-05-17,US,United_States,Nutrition_Diets,88.57,3.41,-1.84
2026-05-17,ZA,South_Africa,Fashion_Beauty,82.03,9.89,10.87
2026-05-17,ZA,South_Africa,Fitness_Wearables,71.23,1.77,2.95
2026-05-17,ZA,South_Africa,Nutrition_Diets,56.39,1.83,1.43
2026-05-24,AE,United_Arab_Emirates,Fashion_Beauty,86.09,7.49,7.73
2026-05-24,AE,United_Arab_Emirates,Fitness_Wearables,85.92,3.33,20.74
2026-05-24,AE,United_Arab_Emirates,Nutrition_Diets,72.2,0.27,6.14
2026-05-24,AU,Australia,Fashion_Beauty,69.35,-2.86,1.36
2026-05-24,AU,Australia,Fitness_Wearables,85.1,-1.13,0.51
2026-05-24,AU,Australia,Nutrition_Diets,81.28,-1.27,1.18
2026-05-24,BR,Brazil,Fashion_Beauty,57.09,-3.08,-2.21
2026-05-24,BR,Brazil,Fitness_Wearables,67.27,0.2,1.2
2026-05-24,BR,Brazil,Nutrition_Diets,43.3,0,-4.9
2026-05-24,CA,Canada,Fashion_Beauty,69.57,-1.32,-2.64
2026-05-24,CA,Canada,Fitness_Wearables,79.69,1.16,0.22
2026-05-24,CA,Canada,Nutrition_Diets,78.13,-1.71,-4.86
2026-05-24,CN,China,Fashion_Beauty,29.32,-2.73,-8.2
2026-05-24,CN,China,Fitness_Wearables,57.05,0,-10.52
2026-05-24,CN,China,Nutrition_Diets,17.59,-1.81,-7.83
2026-05-24,DE,Germany,Fashion_Beauty,53.07,1.67,8.37
2026-05-24,DE,Germany,Fitness_Wearables,82.52,5.33,16.34
2026-05-24,DE,Germany,Nutrition_Diets,65.6,1.54,2.6
2026-05-24,FR,France,Fashion_Beauty,35.41,-2.12,0.13
2026-05-24,FR,France,Fitness_Wearables,65.89,-3.17,2.53
2026-05-24,FR,France,Nutrition_Diets,56.81,-1.97,-1.8
2026-05-24,GB,United_Kingdom,Fashion_Beauty,52.91,-3.5,-4.2
2026-05-24,GB,United_Kingdom,Fitness_Wearables,75.57,-3.31,-1.65
2026-05-24,GB,United_Kingdom,Nutrition_Diets,76.52,-4.8,-3.1
2026-05-24,IN,India,Fashion_Beauty,56.53,2.47,4.44
2026-05-24,IN,India,Fitness_Wearables,77.55,3.23,8.33
2026-05-24,IN,India,Nutrition_Diets,83.31,1.82,3.77
2026-05-24,JP,Japan,Fashion_Beauty,71.9,-2.27,5.82
2026-05-24,JP,Japan,Fitness_Wearables,92.59,4.65,12.95
2026-05-24,JP,Japan,Nutrition_Diets,91.33,1.37,2.25
2026-05-24,KE,Kenya,Fashion_Beauty,75.29,8.84,18.17
2026-05-24,KE,Kenya,Fitness_Wearables,77.04,2.18,21.21
2026-05-24,KE,Kenya,Nutrition_Diets,64.06,-3.3,2
2026-05-24,MX,Mexico,Fashion_Beauty,65.35,1.76,4.2
2026-05-24,MX,Mexico,Fitness_Wearables,77.04,3.05,4.47
2026-05-24,MX,Mexico,Nutrition_Diets,49.32,-2.08,-5.78
2026-05-24,NG,Nigeria,Fashion_Beauty,70.23,-0.87,0.28
2026-05-24,NG,Nigeria,Fitness_Wearables,75.46,-3.7,4.2
2026-05-24,NG,Nigeria,Nutrition_Diets,70.5,-7.86,-3.27
2026-05-24,SG,Singapore,Fashion_Beauty,71.52,1.78,4.61
2026-05-24,SG,Singapore,Fitness_Wearables,98.91,8.46,13.03
2026-05-24,SG,Singapore,Nutrition_Diets,90.14,-2.22,-1.58
2026-05-24,US,United_States,Fashion_Beauty,62.06,-11.67,-3.55
2026-05-24,US,United_States,Fitness_Wearables,82.73,0.29,9.17
2026-05-24,US,United_States,Nutrition_Diets,79.17,-9.4,-12.81
2026-05-24,ZA,South_Africa,Fashion_Beauty,76.6,-5.43,-15.32
2026-05-24,ZA,South_Africa,Fitness_Wearables,73.35,2.12,0.35
2026-05-24,ZA,South_Africa,Nutrition_Diets,58.52,2.13,0.3
2026-05-31,AE,United_Arab_Emirates,Fashion_Beauty,74.73,-11.36,-18.85
2026-05-31,AE,United_Arab_Emirates,Fitness_Wearables,94.99,9.07,5.74
2026-05-31,AE,United_Arab_Emirates,Nutrition_Diets,76.88,4.68,4.41
2026-05-31,AU,Australia,Fashion_Beauty,70.6,1.25,4.11
2026-05-31,AU,Australia,Fitness_Wearables,86.64,1.54,2.67
2026-05-31,AU,Australia,Nutrition_Diets,81.6,0.32,1.59
2026-05-31,BR,Brazil,Fashion_Beauty,61.53,4.44,7.52
2026-05-31,BR,Brazil,Fitness_Wearables,69.67,2.4,2.2
2026-05-31,BR,Brazil,Nutrition_Diets,43.3,0,0
2026-05-31,CA,Canada,Fashion_Beauty,70.67,1.1,2.42
2026-05-31,CA,Canada,Fitness_Wearables,80.94,1.25,0.09
2026-05-31,CA,Canada,Nutrition_Diets,79.75,1.62,3.33
2026-05-31,CN,China,Fashion_Beauty,27.58,-1.74,0.99
2026-05-31,CN,China,Fitness_Wearables,51.98,-5.07,-5.07
2026-05-31,CN,China,Nutrition_Diets,17.74,0.15,1.96
2026-05-31,DE,Germany,Fashion_Beauty,58.1,5.03,3.36
2026-05-31,DE,Germany,Fitness_Wearables,87.4,4.88,-0.45
2026-05-31,DE,Germany,Nutrition_Diets,70.53,4.93,3.39
2026-05-31,FR,France,Fashion_Beauty,35.16,-0.25,1.87
2026-05-31,FR,France,Fitness_Wearables,67.05,1.16,4.33
2026-05-31,FR,France,Nutrition_Diets,51.48,-5.33,-3.36
2026-05-31,GB,United_Kingdom,Fashion_Beauty,54.9,1.99,5.49
2026-05-31,GB,United_Kingdom,Fitness_Wearables,82.19,6.62,9.93
2026-05-31,GB,United_Kingdom,Nutrition_Diets,80.42,3.9,8.7
2026-05-31,IN,India,Fashion_Beauty,56.53,0,-2.47
2026-05-31,IN,India,Fitness_Wearables,86.22,8.67,5.44
2026-05-31,IN,India,Nutrition_Diets,92.7,9.39,7.57
2026-05-31,JP,Japan,Fashion_Beauty,71.43,-0.47,1.8
2026-05-31,JP,Japan,Fitness_Wearables,90.6,-1.99,-6.64
2026-05-31,JP,Japan,Nutrition_Diets,85.28,-6.05,-7.42
2026-05-31,KE,Kenya,Fashion_Beauty,73.32,-1.97,-10.81
2026-05-31,KE,Kenya,Fitness_Wearables,81.52,4.48,2.3
2026-05-31,KE,Kenya,Nutrition_Diets,73.32,9.26,12.56
2026-05-31,MX,Mexico,Fashion_Beauty,63.45,-1.9,-3.66
2026-05-31,MX,Mexico,Fitness_Wearables,81.07,4.03,0.98
2026-05-31,MX,Mexico,Nutrition_Diets,49.86,0.54,2.62
2026-05-31,NG,Nigeria,Fashion_Beauty,70.52,0.29,1.16
2026-05-31,NG,Nigeria,Fitness_Wearables,81.34,5.88,9.58
2026-05-31,NG,Nigeria,Nutrition_Diets,75.21,4.71,12.57
2026-05-31,SG,Singapore,Fashion_Beauty,72.98,1.46,-0.32
2026-05-31,SG,Singapore,Fitness_Wearables,100,1.09,-7.37
2026-05-31,SG,Singapore,Nutrition_Diets,90.35,0.21,2.43
2026-05-31,US,United_States,Fashion_Beauty,62.4,0.34,12.01
2026-05-31,US,United_States,Fitness_Wearables,86.53,3.8,3.51
2026-05-31,US,United_States,Nutrition_Diets,84.06,4.89,14.29
2026-05-31,ZA,South_Africa,Fashion_Beauty,75.07,-1.53,3.9
2026-05-31,ZA,South_Africa,Fitness_Wearables,75.24,1.89,-0.23
2026-05-31,ZA,South_Africa,Nutrition_Diets,57.81,-0.71,-2.84
2026-06-07,AE,United_Arab_Emirates,Fashion_Beauty,66.99,-7.74,3.62
2026-06-07,AE,United_Arab_Emirates,Fitness_Wearables,86.44,-8.55,-17.62
2026-06-07,AE,United_Arab_Emirates,Nutrition_Diets,64.5,-12.38,-17.06
2026-06-07,AU,Australia,Fashion_Beauty,68.61,-1.99,-3.24
2026-06-07,AU,Australia,Fitness_Wearables,84.28,-2.36,-3.9
2026-06-07,AU,Australia,Nutrition_Diets,79.68,-1.92,-2.24
2026-06-07,BR,Brazil,Fashion_Beauty,61.04,-0.49,-4.93
2026-06-07,BR,Brazil,Fitness_Wearables,66.77,-2.9,-5.3
2026-06-07,BR,Brazil,Nutrition_Diets,42.77,-0.53,-0.53
2026-06-07,CA,Canada,Fashion_Beauty,68.14,-2.53,-3.63
2026-06-07,CA,Canada,Fitness_Wearables,79.06,-1.88,-3.13
2026-06-07,CA,Canada,Nutrition_Diets,75.16,-4.59,-6.21
2026-06-07,CN,China,Fashion_Beauty,24.6,-2.98,-1.24
2026-06-07,CN,China,Fitness_Wearables,47.65,-4.33,0.74
2026-06-07,CN,China,Nutrition_Diets,13.98,-3.76,-3.91
2026-06-07,DE,Germany,Fashion_Beauty,56.2,-1.9,-6.93
2026-06-07,DE,Germany,Fitness_Wearables,85.13,-2.27,-7.15
2026-06-07,DE,Germany,Nutrition_Diets,70.53,0,-4.93
2026-06-07,FR,France,Fashion_Beauty,32.54,-2.62,-2.37
2026-06-07,FR,France,Fitness_Wearables,63.46,-3.59,-4.75
2026-06-07,FR,France,Nutrition_Diets,40.97,-10.51,-5.18
2026-06-07,GB,United_Kingdom,Fashion_Beauty,52.56,-2.34,-4.33
2026-06-07,GB,United_Kingdom,Fitness_Wearables,74.22,-7.97,-14.59
2026-06-07,GB,United_Kingdom,Nutrition_Diets,72.93,-7.49,-11.39
2026-06-07,IN,India,Fashion_Beauty,52.59,-3.94,-3.94
2026-06-07,IN,India,Fitness_Wearables,80.78,-5.44,-14.11
2026-06-07,IN,India,Nutrition_Diets,92.31,-0.39,-9.78
2026-06-07,JP,Japan,Fashion_Beauty,71.31,-0.12,0.35
2026-06-07,JP,Japan,Fitness_Wearables,94.14,3.54,5.53
2026-06-07,JP,Japan,Nutrition_Diets,92.2,6.92,12.97
2026-06-07,KE,Kenya,Fashion_Beauty,69.89,-3.43,-1.46
2026-06-07,KE,Kenya,Fitness_Wearables,84.92,3.4,-1.08
2026-06-07,KE,Kenya,Nutrition_Diets,69.02,-4.3,-13.56
2026-06-07,MX,Mexico,Fashion_Beauty,59.51,-3.94,-2.04
2026-06-07,MX,Mexico,Fitness_Wearables,72.47,-8.6,-12.63
2026-06-07,MX,Mexico,Nutrition_Diets,47.07,-2.79,-3.33
2026-06-07,NG,Nigeria,Fashion_Beauty,68.79,-1.73,-2.02
2026-06-07,NG,Nigeria,Fitness_Wearables,86.72,5.38,-0.5
2026-06-07,NG,Nigeria,Nutrition_Diets,74.37,-0.84,-5.55
2026-06-07,SG,Singapore,Fashion_Beauty,69.01,-3.97,-5.43
2026-06-07,SG,Singapore,Fitness_Wearables,94.83,-5.17,-6.26
2026-06-07,SG,Singapore,Nutrition_Diets,93.21,2.86,2.65
2026-06-07,US,United_States,Fashion_Beauty,68.45,6.05,5.71
2026-06-07,US,United_States,Fitness_Wearables,89.42,2.89,-0.91
2026-06-07,US,United_States,Nutrition_Diets,87.83,3.77,-1.12
2026-06-07,ZA,South_Africa,Fashion_Beauty,68.66,-6.41,-4.88
2026-06-07,ZA,South_Africa,Fitness_Wearables,68.16,-7.08,-8.97
2026-06-07,ZA,South_Africa,Nutrition_Diets,49.9,-7.91,-7.2
2026-06-14,AE,United_Arab_Emirates,Fashion_Beauty,67.84,0.85,8.59
2026-06-14,AE,United_Arab_Emirates,Fitness_Wearables,83.84,-2.6,5.95
2026-06-14,AE,United_Arab_Emirates,Nutrition_Diets,62.29,-2.21,10.17
2026-06-14,AU,Australia,Fashion_Beauty,66.63,-1.98,0.01
2026-06-14,AU,Australia,Fitness_Wearables,80.68,-3.6,-1.24
2026-06-14,AU,Australia,Nutrition_Diets,74.79,-4.89,-2.97
2026-06-14,BR,Brazil,Fashion_Beauty,85.2,24.16,24.65
2026-06-14,BR,Brazil,Fitness_Wearables,89.29,22.52,25.42
2026-06-14,BR,Brazil,Nutrition_Diets,82.34,39.57,40.1
2026-06-14,CA,Canada,Fashion_Beauty,71.11,2.97,5.5
2026-06-14,CA,Canada,Fitness_Wearables,79.37,0.31,2.19
2026-06-14,CA,Canada,Nutrition_Diets,77.68,2.52,7.11
2026-06-14,CN,China,Fashion_Beauty,22.86,-1.74,1.24
2026-06-14,CN,China,Fitness_Wearables,44.55,-3.1,1.23
2026-06-14,CN,China,Nutrition_Diets,12.78,-1.2,2.56
2026-06-14,DE,Germany,Fashion_Beauty,56.87,0.67,2.57
2026-06-14,DE,Germany,Fitness_Wearables,77.64,-7.49,-5.22
2026-06-14,DE,Germany,Nutrition_Diets,69.18,-1.35,-1.35
2026-06-14,FR,France,Fashion_Beauty,31.8,-0.74,1.88
2026-06-14,FR,France,Fitness_Wearables,55.97,-7.49,-3.9
2026-06-14,FR,France,Nutrition_Diets,40.8,-0.17,10.34
2026-06-14,GB,United_Kingdom,Fashion_Beauty,51.63,-0.93,1.41
2026-06-14,GB,United_Kingdom,Fitness_Wearables,74.12,-0.1,7.87
2026-06-14,GB,United_Kingdom,Nutrition_Diets,70.53,-2.4,5.09
2026-06-14,IN,India,Fashion_Beauty,52.71,0.12,4.06
2026-06-14,IN,India,Fitness_Wearables,87.41,6.63,12.07
2026-06-14,IN,India,Nutrition_Diets,86.44,-5.87,-5.48
2026-06-14,JP,Japan,Fashion_Beauty,57.5,-13.81,-13.69
2026-06-14,JP,Japan,Fitness_Wearables,74.78,-19.36,-22.9
2026-06-14,JP,Japan,Nutrition_Diets,68.71,-23.49,-30.41
2026-06-14,KE,Kenya,Fashion_Beauty,63.5,-6.39,-2.96
2026-06-14,KE,Kenya,Fitness_Wearables,83.15,-1.77,-5.17
2026-06-14,KE,Kenya,Nutrition_Diets,57.44,-11.58,-7.28
2026-06-14,MX,Mexico,Fashion_Beauty,73.37,13.86,17.8
2026-06-14,MX,Mexico,Fitness_Wearables,80.3,7.83,16.43
2026-06-14,MX,Mexico,Nutrition_Diets,70.96,23.89,26.68
2026-06-14,NG,Nigeria,Fashion_Beauty,64.88,-3.91,-2.18
2026-06-14,NG,Nigeria,Fitness_Wearables,73.95,-12.77,-18.15
2026-06-14,NG,Nigeria,Nutrition_Diets,68.32,-6.05,-5.21
2026-06-14,SG,Singapore,Fashion_Beauty,58.64,-10.37,-6.4
2026-06-14,SG,Singapore,Fitness_Wearables,87.36,-7.47,-2.3
2026-06-14,SG,Singapore,Nutrition_Diets,76.78,-16.43,-19.29
2026-06-14,US,United_States,Fashion_Beauty,66.72,-1.73,-7.78
2026-06-14,US,United_States,Fitness_Wearables,85.53,-3.89,-6.78
2026-06-14,US,United_States,Nutrition_Diets,83.78,-4.05,-7.82
2026-06-14,ZA,South_Africa,Fashion_Beauty,66.57,-2.09,4.32
2026-06-14,ZA,South_Africa,Fitness_Wearables,70.64,2.48,9.56
2026-06-14,ZA,South_Africa,Nutrition_Diets,47.97,-1.93,5.98
2026-06-21,AE,United_Arab_Emirates,Fashion_Beauty,62.27,-5.57,-6.42
2026-06-21,AE,United_Arab_Emirates,Fitness_Wearables,82.38,-1.46,1.14
2026-06-21,AE,United_Arab_Emirates,Nutrition_Diets,62.2,-0.09,2.12
2026-06-21,AU,Australia,Fashion_Beauty,68.98,2.35,4.33
2026-06-21,AU,Australia,Fitness_Wearables,83.76,3.08,6.68
2026-06-21,AU,Australia,Nutrition_Diets,76.38,1.59,6.48
2026-06-21,BR,Brazil,Fashion_Beauty,100,14.8,-9.36
2026-06-21,BR,Brazil,Fitness_Wearables,100,10.71,-11.81
2026-06-21,BR,Brazil,Nutrition_Diets,100,17.66,-21.91
2026-06-21,CA,Canada,Fashion_Beauty,80.04,8.93,5.96
2026-06-21,CA,Canada,Fitness_Wearables,89.11,9.74,9.43
2026-06-21,CA,Canada,Nutrition_Diets,90.28,12.6,10.08
2026-06-21,CN,China,Fashion_Beauty,15.9,-6.96,-5.22
2026-06-21,CN,China,Fitness_Wearables,33.29,-11.26,-8.16
2026-06-21,CN,China,Nutrition_Diets,8.27,-4.51,-3.31
2026-06-21,DE,Germany,Fashion_Beauty,57.21,0.34,-0.33
2026-06-21,DE,Germany,Fitness_Wearables,75.03,-2.61,4.88
2026-06-21,DE,Germany,Nutrition_Diets,64.93,-4.25,-2.9
2026-06-21,FR,France,Fashion_Beauty,37.28,5.48,6.22
2026-06-21,FR,France,Fitness_Wearables,55.97,0,7.49
2026-06-21,FR,France,Nutrition_Diets,46.22,5.42,5.59
2026-06-21,GB,United_Kingdom,Fashion_Beauty,54.2,2.57,3.5
2026-06-21,GB,United_Kingdom,Fitness_Wearables,78.36,4.24,4.34
2026-06-21,GB,United_Kingdom,Nutrition_Diets,80.02,9.49,11.89
2026-06-21,IN,India,Fashion_Beauty,52.83,0.12,0
2026-06-21,IN,India,Fitness_Wearables,86.39,-1.02,-7.65
2026-06-21,IN,India,Nutrition_Diets,84.88,-1.56,4.31
2026-06-21,JP,Japan,Fashion_Beauty,63.57,6.07,19.88
2026-06-21,JP,Japan,Fitness_Wearables,78.65,3.87,23.23
2026-06-21,JP,Japan,Nutrition_Diets,72.61,3.9,27.39
2026-06-21,KE,Kenya,Fashion_Beauty,63.18,-0.32,6.07
2026-06-21,KE,Kenya,Fitness_Wearables,74.18,-8.97,-7.2
2026-06-21,KE,Kenya,Nutrition_Diets,56.89,-0.55,11.03
2026-06-21,MX,Mexico,Fashion_Beauty,88.04,14.67,0.81
2026-06-21,MX,Mexico,Fitness_Wearables,95.54,15.24,7.41
2026-06-21,MX,Mexico,Nutrition_Diets,100,29.04,5.15
2026-06-21,NG,Nigeria,Fashion_Beauty,66.33,1.45,5.36
2026-06-21,NG,Nigeria,Fitness_Wearables,77.65,3.7,16.47
2026-06-21,NG,Nigeria,Nutrition_Diets,73.52,5.2,11.25
2026-06-21,SG,Singapore,Fashion_Beauty,62.51,3.87,14.24
2026-06-21,SG,Singapore,Fitness_Wearables,85.97,-1.39,6.08
2026-06-21,SG,Singapore,Nutrition_Diets,79.11,2.33,18.76
2026-06-21,US,United_States,Fashion_Beauty,64.22,-2.5,-0.77
2026-06-21,US,United_States,Fitness_Wearables,84.33,-1.2,2.69
2026-06-21,US,United_States,Nutrition_Diets,81.2,-2.58,1.47
2026-06-21,ZA,South_Africa,Fashion_Beauty,68.11,1.54,3.63
2026-06-21,ZA,South_Africa,Fitness_Wearables,64.74,-5.9,-8.38
2026-06-21,ZA,South_Africa,Nutrition_Diets,48.07,0.1,2.03
2026-06-28,AE,United_Arab_Emirates,Fashion_Beauty,70.25,7.98,13.55
2026-06-28,AE,United_Arab_Emirates,Fitness_Wearables,85.92,3.54,5
2026-06-28,AE,United_Arab_Emirates,Nutrition_Diets,74.22,12.02,12.11
2026-06-28,AU,Australia,Fashion_Beauty,68.73,-0.25,-2.6
2026-06-28,AU,Australia,Fitness_Wearables,85.2,1.44,-1.64
2026-06-28,AU,Australia,Nutrition_Diets,79.79,3.41,1.82
2026-06-28,BR,Brazil,Fashion_Beauty,68.19,-31.81,-46.61
2026-06-28,BR,Brazil,Fitness_Wearables,68.87,-31.13,-41.84
2026-06-28,BR,Brazil,Nutrition_Diets,57.13,-42.87,-60.53
2026-06-28,CA,Canada,Fashion_Beauty,65.38,-14.66,-23.59
2026-06-28,CA,Canada,Fitness_Wearables,81.57,-7.54,-17.28
2026-06-28,CA,Canada,Nutrition_Diets,77.86,-12.42,-25.02
2026-06-28,CN,China,Fashion_Beauty,19.01,3.11,10.07
2026-06-28,CN,China,Fitness_Wearables,39.48,6.19,17.45
2026-06-28,CN,China,Nutrition_Diets,10.83,2.56,7.07
2026-06-28,DE,Germany,Fashion_Beauty,69.05,11.84,11.5
2026-06-28,DE,Germany,Fitness_Wearables,87.97,12.94,15.55
2026-06-28,DE,Germany,Nutrition_Diets,88.02,23.09,27.34
2026-06-28,FR,France,Fashion_Beauty,38.03,0.75,-4.73
2026-06-28,FR,France,Fitness_Wearables,65.15,9.18,9.18
2026-06-28,FR,France,Nutrition_Diets,65.02,18.8,13.38
2026-06-28,GB,United_Kingdom,Fashion_Beauty,58.28,4.08,1.51
2026-06-28,GB,United_Kingdom,Fitness_Wearables,82.82,4.46,0.22
2026-06-28,GB,United_Kingdom,Nutrition_Diets,90.01,9.99,0.5
2026-06-28,IN,India,Fashion_Beauty,52.46,-0.37,-0.49
2026-06-28,IN,India,Fitness_Wearables,81.12,-5.27,-4.25
2026-06-28,IN,India,Nutrition_Diets,87.74,2.86,4.42
2026-06-28,JP,Japan,Fashion_Beauty,71.9,8.33,2.26
2026-06-28,JP,Japan,Fitness_Wearables,88.83,10.18,6.31
2026-06-28,JP,Japan,Nutrition_Diets,91.33,18.72,14.82
2026-06-28,KE,Kenya,Fashion_Beauty,61.7,-1.48,-1.16
2026-06-28,KE,Kenya,Fitness_Wearables,67.53,-6.65,2.32
2026-06-28,KE,Kenya,Nutrition_Diets,62.29,5.4,5.95
2026-06-28,MX,Mexico,Fashion_Beauty,68.48,-19.56,-34.23
2026-06-28,MX,Mexico,Fitness_Wearables,75.19,-20.35,-35.59
2026-06-28,MX,Mexico,Nutrition_Diets,70.69,-29.31,-58.35
2026-06-28,NG,Nigeria,Fashion_Beauty,64.74,-1.59,-3.04
2026-06-28,NG,Nigeria,Fitness_Wearables,73.28,-4.37,-8.07
2026-06-28,NG,Nigeria,Nutrition_Diets,66.51,-7.01,-12.21
2026-06-28,SG,Singapore,Fashion_Beauty,65.76,3.25,-0.62
2026-06-28,SG,Singapore,Fitness_Wearables,94.43,8.46,9.85
2026-06-28,SG,Singapore,Nutrition_Diets,90.99,11.88,9.55
2026-06-28,US,United_States,Fashion_Beauty,53.24,-10.98,-8.48
2026-06-28,US,United_States,Fitness_Wearables,72.46,-11.87,-10.67
2026-06-28,US,United_States,Nutrition_Diets,68.94,-12.26,-9.68
2026-06-28,ZA,South_Africa,Fashion_Beauty,67.55,-0.56,-2.1
2026-06-28,ZA,South_Africa,Fitness_Wearables,64.86,0.12,6.02
2026-06-28,ZA,South_Africa,Nutrition_Diets,50.2,2.13,2.03
2026-07-05,AE,United_Arab_Emirates,Fashion_Beauty,76.42,6.17,-1.81
2026-07-05,AE,United_Arab_Emirates,Fitness_Wearables,92.08,6.16,2.62
2026-07-05,AE,United_Arab_Emirates,Nutrition_Diets,84.5,10.28,-1.74
2026-07-05,AU,Australia,Fashion_Beauty,71.59,2.86,3.11
2026-07-05,AU,Australia,Fitness_Wearables,85.82,0.62,-0.82
2026-07-05,AU,Australia,Nutrition_Diets,80.96,1.17,-2.24
2026-07-05,BR,Brazil,Fashion_Beauty,58.82,-9.37,22.44
2026-07-05,BR,Brazil,Fitness_Wearables,63.56,-5.31,25.82
2026-07-05,BR,Brazil,Nutrition_Diets,42.66,-14.47,28.4
2026-07-05,CA,Canada,Fashion_Beauty,71,5.62,20.28
2026-07-05,CA,Canada,Fitness_Wearables,81.57,0,7.54
2026-07-05,CA,Canada,Nutrition_Diets,80.38,2.52,14.94
2026-07-05,CN,China,Fashion_Beauty,16.65,-2.36,-5.47
2026-07-05,CN,China,Fitness_Wearables,37.13,-2.35,-8.54
2026-07-05,CN,China,Nutrition_Diets,11.28,0.45,-2.11
2026-07-05,DE,Germany,Fashion_Beauty,71.28,2.23,-9.61
2026-07-05,DE,Germany,Fitness_Wearables,95.23,7.26,-5.68
2026-07-05,DE,Germany,Nutrition_Diets,100,11.98,-11.11
2026-07-05,FR,France,Fashion_Beauty,37.66,-0.37,-1.12
2026-07-05,FR,France,Fitness_Wearables,67.37,2.22,-6.96
2026-07-05,FR,France,Nutrition_Diets,75.37,10.35,-8.45
2026-07-05,GB,United_Kingdom,Fashion_Beauty,58.39,0.11,-3.97
2026-07-05,GB,United_Kingdom,Fitness_Wearables,81.26,-1.56,-6.02
2026-07-05,GB,United_Kingdom,Nutrition_Diets,92.71,2.7,-7.29
2026-07-05,IN,India,Fashion_Beauty,54.06,1.6,1.97
2026-07-05,IN,India,Fitness_Wearables,84.86,3.74,9.01
2026-07-05,IN,India,Nutrition_Diets,89.57,1.83,-1.03
2026-07-05,JP,Japan,Fashion_Beauty,70.24,-1.66,-9.99
2026-07-05,JP,Japan,Fitness_Wearables,88.05,-0.78,-10.96
2026-07-05,JP,Japan,Nutrition_Diets,87.13,-4.2,-22.92
2026-07-05,KE,Kenya,Fashion_Beauty,63.18,1.48,2.96
2026-07-05,KE,Kenya,Fitness_Wearables,72.01,4.48,11.13
2026-07-05,KE,Kenya,Nutrition_Diets,62.73,0.44,-4.96
2026-07-05,MX,Mexico,Fashion_Beauty,65.49,-2.99,16.57
2026-07-05,MX,Mexico,Fitness_Wearables,75.3,0.11,20.46
2026-07-05,MX,Mexico,Nutrition_Diets,61.86,-8.83,20.48
2026-07-05,NG,Nigeria,Fashion_Beauty,71.39,6.65,8.24
2026-07-05,NG,Nigeria,Fitness_Wearables,75.8,2.52,6.89
2026-07-05,NG,Nigeria,Nutrition_Diets,66.26,-0.25,6.76
2026-07-05,SG,Singapore,Fashion_Beauty,67.96,2.2,-1.05
2026-07-05,SG,Singapore,Fitness_Wearables,92.34,-2.09,-10.55
2026-07-05,SG,Singapore,Nutrition_Diets,88.23,-2.76,-14.64
2026-07-05,US,United_States,Fashion_Beauty,53.85,0.61,11.59
2026-07-05,US,United_States,Fitness_Wearables,69.36,-3.1,8.77
2026-07-05,US,United_States,Nutrition_Diets,68.39,-0.55,11.71
2026-07-05,ZA,South_Africa,Fashion_Beauty,68.94,1.39,1.95
2026-07-05,ZA,South_Africa,Fitness_Wearables,67.69,2.83,2.71
2026-07-05,ZA,South_Africa,Nutrition_Diets,53.65,3.45,1.32
2026-07-12,AE,United_Arab_Emirates,Fashion_Beauty,73.04,-3.38,-9.55
2026-07-12,AE,United_Arab_Emirates,Fitness_Wearables,98.54,6.46,0.3
2026-07-12,AE,United_Arab_Emirates,Nutrition_Diets,100,15.5,5.22
2026-07-12,AU,Australia,Fashion_Beauty,69.11,-2.48,-5.34
2026-07-12,AU,Australia,Fitness_Wearables,83.76,-2.06,-2.68
2026-07-12,AU,Australia,Nutrition_Diets,75.64,-5.32,-6.49
2026-07-12,BR,Brazil,Fashion_Beauty,59.06,0.24,9.61
2026-07-12,BR,Brazil,Fitness_Wearables,67.87,4.31,9.62
2026-07-12,BR,Brazil,Nutrition_Diets,43.51,0.85,15.32
2026-07-12,CA,Canada,Fashion_Beauty,64.72,-6.28,-11.9
2026-07-12,CA,Canada,Fitness_Wearables,74.55,-7.02,-7.02
2026-07-12,CA,Canada,Nutrition_Diets,72.64,-7.74,-10.26
2026-07-12,CN,China,Fashion_Beauty,15.28,-1.37,0.99
2026-07-12,CN,China,Fitness_Wearables,29.83,-7.3,-4.95
2026-07-12,CN,China,Nutrition_Diets,7.52,-3.76,-4.21
2026-07-12,DE,Germany,Fashion_Beauty,49.83,-21.45,-23.68
2026-07-12,DE,Germany,Fitness_Wearables,76.16,-19.07,-26.33
2026-07-12,DE,Germany,Nutrition_Diets,63,-37,-48.98
2026-07-12,FR,France,Fashion_Beauty,31.8,-5.86,-5.49
2026-07-12,FR,France,Fitness_Wearables,65.15,-2.22,-4.44
2026-07-12,FR,France,Nutrition_Diets,61.49,-13.88,-24.23
2026-07-12,GB,United_Kingdom,Fashion_Beauty,58.39,0,-0.11
2026-07-12,GB,United_Kingdom,Fitness_Wearables,80.64,-0.62,0.94
2026-07-12,GB,United_Kingdom,Nutrition_Diets,91.81,-0.9,-3.6
2026-07-12,IN,India,Fashion_Beauty,54.43,0.37,-1.23
2026-07-12,IN,India,Fitness_Wearables,81.29,-3.57,-7.31
2026-07-12,IN,India,Nutrition_Diets,87.35,-2.22,-4.05
2026-07-12,JP,Japan,Fashion_Beauty,52.14,-18.1,-16.44
2026-07-12,JP,Japan,Fitness_Wearables,68.14,-19.91,-19.13
2026-07-12,JP,Japan,Nutrition_Diets,56.14,-30.99,-26.79
2026-07-12,KE,Kenya,Fashion_Beauty,64.65,1.47,-0.01
2026-07-12,KE,Kenya,Fitness_Wearables,83.02,11.01,6.53
2026-07-12,KE,Kenya,Nutrition_Diets,57,-5.73,-6.17
2026-07-12,MX,Mexico,Fashion_Beauty,68.75,3.26,6.25
2026-07-12,MX,Mexico,Fitness_Wearables,82.48,7.18,7.07
2026-07-12,MX,Mexico,Nutrition_Diets,61.14,-0.72,8.11
2026-07-12,NG,Nigeria,Fashion_Beauty,69.51,-1.88,-8.53
2026-07-12,NG,Nigeria,Fitness_Wearables,86.39,10.59,8.07
2026-07-12,NG,Nigeria,Nutrition_Diets,65.18,-1.08,-0.83
2026-07-12,SG,Singapore,Fashion_Beauty,60.21,-7.75,-9.95
2026-07-12,SG,Singapore,Fitness_Wearables,82.39,-9.95,-7.86
2026-07-12,SG,Singapore,Nutrition_Diets,72.43,-15.8,-13.04
2026-07-12,US,United_States,Fashion_Beauty,48.4,-5.45,-6.06
2026-07-12,US,United_States,Fitness_Wearables,72.55,3.19,6.29
2026-07-12,US,United_States,Nutrition_Diets,62.12,-6.27,-5.72
2026-07-12,ZA,South_Africa,Fashion_Beauty,69.5,0.56,-0.83
2026-07-12,ZA,South_Africa,Fitness_Wearables,72.52,4.83,2
2026-07-12,ZA,South_Africa,Nutrition_Diets,56.8,3.15,-0.3
2026-07-19,AE,United_Arab_Emirates,Fashion_Beauty,70.98,-2.06,1.32
2026-07-19,AE,United_Arab_Emirates,Fitness_Wearables,93.43,-5.11,-11.57
2026-07-19,AE,United_Arab_Emirates,Nutrition_Diets,78.72,-21.28,-36.78
2026-07-19,AU,Australia,Fashion_Beauty,68.98,-0.13,2.35
2026-07-19,AU,Australia,Fitness_Wearables,83.45,-0.31,1.75
2026-07-19,AU,Australia,Nutrition_Diets,78.72,3.08,8.4
2026-07-19,BR,Brazil,Fashion_Beauty,62.76,3.7,3.46
2026-07-19,BR,Brazil,Fitness_Wearables,78.18,10.31,6
2026-07-19,BR,Brazil,Nutrition_Diets,54.79,11.28,10.43
2026-07-19,CA,Canada,Fashion_Beauty,63.73,-0.99,5.29
2026-07-19,CA,Canada,Fitness_Wearables,77.28,2.73,9.75
2026-07-19,CA,Canada,Nutrition_Diets,70.93,-1.71,6.03
2026-07-19,CN,China,Fashion_Beauty,15.53,0.25,1.62
2026-07-19,CN,China,Fitness_Wearables,28.84,-0.99,6.31
2026-07-19,CN,China,Nutrition_Diets,8.42,0.9,4.66
2026-07-19,DE,Germany,Fashion_Beauty,45.14,-4.69,16.76
2026-07-19,DE,Germany,Fitness_Wearables,73.78,-2.38,16.69
2026-07-19,DE,Germany,Nutrition_Diets,47.15,-15.85,21.15
2026-07-19,FR,France,Fashion_Beauty,29.93,-1.87,3.99
2026-07-19,FR,France,Fitness_Wearables,61.25,-3.9,-1.68
2026-07-19,FR,France,Nutrition_Diets,47.29,-14.2,-0.32
2026-07-19,GB,United_Kingdom,Fashion_Beauty,60.37,1.98,1.98
2026-07-19,GB,United_Kingdom,Fitness_Wearables,84.27,3.63,4.25
2026-07-19,GB,United_Kingdom,Nutrition_Diets,86.91,-4.9,-4
2026-07-19,IN,India,Fashion_Beauty,52.34,-2.09,-2.46
2026-07-19,IN,India,Fitness_Wearables,79.08,-2.21,1.36
2026-07-19,IN,India,Nutrition_Diets,82.53,-4.82,-2.6
2026-07-19,JP,Japan,Fashion_Beauty,39.05,-13.09,5.01
2026-07-19,JP,Japan,Fitness_Wearables,51.77,-16.37,3.54
2026-07-19,JP,Japan,Nutrition_Diets,34.31,-21.83,9.16
2026-07-19,KE,Kenya,Fashion_Beauty,67.27,2.62,1.15
2026-07-19,KE,Kenya,Fitness_Wearables,72.69,-10.33,-21.34
2026-07-19,KE,Kenya,Nutrition_Diets,64.5,7.5,13.23
2026-07-19,MX,Mexico,Fashion_Beauty,66.85,-1.9,-5.16
2026-07-19,MX,Mexico,Fitness_Wearables,85.2,2.72,-4.46
2026-07-19,MX,Mexico,Nutrition_Diets,50.23,-10.91,-10.19
2026-07-19,NG,Nigeria,Fashion_Beauty,71.39,1.88,3.76
2026-07-19,NG,Nigeria,Fitness_Wearables,77.98,-8.41,-19
2026-07-19,NG,Nigeria,Nutrition_Diets,63.97,-1.21,-0.13
2026-07-19,SG,Singapore,Fashion_Beauty,36.02,-24.19,-16.44
2026-07-19,SG,Singapore,Fitness_Wearables,52.84,-29.55,-19.6
2026-07-19,SG,Singapore,Nutrition_Diets,89.18,16.75,32.55
2026-07-19,US,United_States,Fashion_Beauty,49.18,0.78,6.23
2026-07-19,US,United_States,Fitness_Wearables,69.86,-2.69,-5.88
2026-07-19,US,United_States,Nutrition_Diets,58.25,-3.87,2.4
2026-07-19,ZA,South_Africa,Fashion_Beauty,74.51,5.01,4.45
2026-07-19,ZA,South_Africa,Fitness_Wearables,79.01,6.49,1.66
2026-07-19,ZA,South_Africa,Nutrition_Diets,64.4,7.6,4.45
2026-07-26,AE,United_Arab_Emirates,Fashion_Beauty,68.8,-2.18,-0.12
2026-07-26,AE,United_Arab_Emirates,Fitness_Wearables,89.57,-3.86,1.25
2026-07-26,AE,United_Arab_Emirates,Nutrition_Diets,69.91,-8.81,12.47
2026-07-26,AU,Australia,Fashion_Beauty,69.23,0.25,0.38
2026-07-26,AU,Australia,Fitness_Wearables,85.92,2.47,2.78
2026-07-26,AU,Australia,Nutrition_Diets,76.81,-1.91,-4.99
2026-07-26,BR,Brazil,Fashion_Beauty,63.01,0.25,-3.45
2026-07-26,BR,Brazil,Fitness_Wearables,85.19,7.01,-3.3
2026-07-26,BR,Brazil,Nutrition_Diets,70.43,15.64,4.36
2026-07-26,CA,Canada,Fashion_Beauty,62.4,-1.33,-0.34
2026-07-26,CA,Canada,Fitness_Wearables,74.97,-2.31,-5.04
2026-07-26,CA,Canada,Nutrition_Diets,67.33,-3.6,-1.89
2026-07-26,CN,China,Fashion_Beauty,15.9,0.37,0.12
2026-07-26,CN,China,Fitness_Wearables,30.82,1.98,2.97
2026-07-26,CN,China,Nutrition_Diets,6.47,-1.95,-2.85
2026-07-26,DE,Germany,Fashion_Beauty,46.15,1.01,5.7
2026-07-26,DE,Germany,Fitness_Wearables,76.28,2.5,4.88
2026-07-26,DE,Germany,Nutrition_Diets,48.31,1.16,17.01
2026-07-26,FR,France,Fashion_Beauty,30.17,0.24,2.11
2026-07-26,FR,France,Fitness_Wearables,64.84,3.59,7.49
2026-07-26,FR,France,Nutrition_Diets,44.66,-2.63,11.57
2026-07-26,GB,United_Kingdom,Fashion_Beauty,62.94,2.57,0.59
2026-07-26,GB,United_Kingdom,Fitness_Wearables,88.92,4.65,1.02
2026-07-26,GB,United_Kingdom,Nutrition_Diets,86.71,-0.2,4.7
2026-07-26,IN,India,Fashion_Beauty,54.19,1.85,3.94
2026-07-26,IN,India,Fitness_Wearables,84.35,5.27,7.48
2026-07-26,IN,India,Nutrition_Diets,90.87,8.34,13.16
2026-07-26,JP,Japan,Fashion_Beauty,32.38,-6.67,6.42
2026-07-26,JP,Japan,Fitness_Wearables,42.59,-9.18,7.19
2026-07-26,JP,Japan,Nutrition_Diets,25.24,-9.07,12.76
2026-07-26,KE,Kenya,Fashion_Beauty,73.32,6.05,3.43
2026-07-26,KE,Kenya,Fitness_Wearables,78.53,5.84,16.17
2026-07-26,KE,Kenya,Nutrition_Diets,57.22,-7.28,-14.78
2026-07-26,MX,Mexico,Fashion_Beauty,69.16,2.31,4.21
2026-07-26,MX,Mexico,Fitness_Wearables,85.31,0.11,-2.61
2026-07-26,MX,Mexico,Nutrition_Diets,49.5,-0.73,10.18
2026-07-26,NG,Nigeria,Fashion_Beauty,74.42,3.03,1.15
2026-07-26,NG,Nigeria,Fitness_Wearables,79.83,1.85,10.26
2026-07-26,NG,Nigeria,Nutrition_Diets,63,-0.97,0.24
2026-07-26,SG,Singapore,Fashion_Beauty,36.44,0.42,24.61
2026-07-26,SG,Singapore,Fitness_Wearables,61.39,8.55,38.1
2026-07-26,SG,Singapore,Nutrition_Diets,83.99,-5.19,-21.94
2026-07-26,US,United_States,Fashion_Beauty,46.93,-2.25,-3.03
2026-07-26,US,United_States,Fitness_Wearables,61.18,-8.68,-5.99
2026-07-26,US,United_States,Nutrition_Diets,54.01,-4.24,-0.37
2026-07-26,ZA,South_Africa,Fashion_Beauty,74.79,0.28,-4.73
2026-07-26,ZA,South_Africa,Fitness_Wearables,76.18,-2.83,-9.32
2026-07-26,ZA,South_Africa,Nutrition_Diets,62.88,-1.52,-9.12
2026-08-02,AE,United_Arab_Emirates,Fashion_Beauty,70.5,1.7,3.88
2026-08-02,AE,United_Arab_Emirates,Fitness_Wearables,88.01,-1.56,2.3
2026-08-02,AE,United_Arab_Emirates,Nutrition_Diets,68.07,-1.84,6.97
2026-08-02,AU,Australia,Fashion_Beauty,66.5,-2.73,-2.98
2026-08-02,AU,Australia,Fitness_Wearables,85.92,0,-2.47
2026-08-02,AU,Australia,Nutrition_Diets,77.66,0.85,2.76
2026-08-02,BR,Brazil,Fashion_Beauty,61.28,-1.73,-1.98
2026-08-02,BR,Brazil,Fitness_Wearables,82.78,-2.41,-9.42
2026-08-02,BR,Brazil,Nutrition_Diets,49.26,-21.17,-36.81
2026-08-02,CA,Canada,Fashion_Beauty,62.51,0.11,1.44
2026-08-02,CA,Canada,Fitness_Wearables,75.71,0.74,3.05
2026-08-02,CA,Canada,Nutrition_Diets,69.13,1.8,5.4
2026-08-02,CN,China,Fashion_Beauty,14.53,-1.37,-1.74
2026-08-02,CN,China,Fitness_Wearables,27.1,-3.72,-5.7
2026-08-02,CN,China,Nutrition_Diets,5.56,-0.91,1.04
2026-08-02,DE,Germany,Fashion_Beauty,49.16,3.01,2
2026-08-02,DE,Germany,Fitness_Wearables,77.87,1.59,-0.91
2026-08-02,DE,Germany,Nutrition_Diets,47.25,-1.06,-2.22
2026-08-02,FR,France,Fashion_Beauty,29.68,-0.49,-0.73
2026-08-02,FR,France,Fitness_Wearables,63.46,-1.38,-4.97
2026-08-02,FR,France,Nutrition_Diets,41.54,-3.12,-0.49
2026-08-02,GB,United_Kingdom,Fashion_Beauty,61.89,-1.05,-3.62
2026-08-02,GB,United_Kingdom,Fitness_Wearables,87.99,-0.93,-5.58
2026-08-02,GB,United_Kingdom,Nutrition_Diets,83.82,-2.89,-2.69
2026-08-02,IN,India,Fashion_Beauty,56.03,1.84,-0.01
2026-08-02,IN,India,Fitness_Wearables,85.88,1.53,-3.74
2026-08-02,IN,India,Nutrition_Diets,88.66,-2.21,-10.55
2026-08-02,JP,Japan,Fashion_Beauty,30.24,-2.14,4.53
2026-08-02,JP,Japan,Fitness_Wearables,41.04,-1.55,7.63
2026-08-02,JP,Japan,Nutrition_Diets,22.51,-2.73,6.34
2026-08-02,KE,Kenya,Fashion_Beauty,67.43,-5.89,-11.94
2026-08-02,KE,Kenya,Fitness_Wearables,69.43,-9.1,-14.94
2026-08-02,KE,Kenya,Nutrition_Diets,51.05,-6.17,1.11
2026-08-02,MX,Mexico,Fashion_Beauty,63.59,-5.57,-7.88
2026-08-02,MX,Mexico,Fitness_Wearables,82.48,-2.83,-2.94
2026-08-02,MX,Mexico,Nutrition_Diets,41.57,-7.93,-7.2
2026-08-02,NG,Nigeria,Fashion_Beauty,68.64,-5.78,-8.81
2026-08-02,NG,Nigeria,Fitness_Wearables,90.25,10.42,8.57
2026-08-02,NG,Nigeria,Nutrition_Diets,60.82,-2.18,-1.21
2026-08-02,SG,Singapore,Fashion_Beauty,38.12,1.68,1.26
2026-08-02,SG,Singapore,Fitness_Wearables,59.7,-1.69,-10.24
2026-08-02,SG,Singapore,Nutrition_Diets,60.87,-23.12,-17.93
2026-08-02,US,United_States,Fashion_Beauty,46.33,-0.6,1.65
2026-08-02,US,United_States,Fitness_Wearables,61.98,0.8,9.48
2026-08-02,US,United_States,Nutrition_Diets,54.38,0.37,4.61
2026-08-02,ZA,South_Africa,Fashion_Beauty,72.01,-2.78,-3.06
2026-08-02,ZA,South_Africa,Fitness_Wearables,74.17,-2.01,0.82
2026-08-02,ZA,South_Africa,Nutrition_Diets,58.82,-4.06,-2.54
2026-08-09,AE,United_Arab_Emirates,Fashion_Beauty,68.92,-1.58,-3.28
2026-08-09,AE,United_Arab_Emirates,Fitness_Wearables,86.24,-1.77,-0.21
2026-08-09,AE,United_Arab_Emirates,Nutrition_Diets,62.84,-5.23,-3.39
2026-08-09,AU,Australia,Fashion_Beauty,70.97,4.47,7.2
2026-08-09,AU,Australia,Fitness_Wearables,84.79,-1.13,-1.13
2026-08-09,AU,Australia,Nutrition_Diets,78.3,0.64,-0.21
2026-08-09,BR,Brazil,Fashion_Beauty,62.27,0.99,2.72
2026-08-09,BR,Brazil,Fitness_Wearables,75.48,-7.3,-4.89
2026-08-09,BR,Brazil,Nutrition_Diets,40.11,-9.15,12.02
2026-08-09,CA,Canada,Fashion_Beauty,66.81,4.3,4.19
2026-08-09,CA,Canada,Fitness_Wearables,76.54,0.83,0.09
2026-08-09,CA,Canada,Nutrition_Diets,67.87,-1.26,-3.06
2026-08-09,CN,China,Fashion_Beauty,12.67,-1.86,-0.49
2026-08-09,CN,China,Fitness_Wearables,28.84,1.74,5.46
2026-08-09,CN,China,Nutrition_Diets,5.26,-0.3,0.61
2026-08-09,DE,Germany,Fashion_Beauty,58.66,9.5,6.49
2026-08-09,DE,Germany,Fitness_Wearables,82.52,4.65,3.06
2026-08-09,DE,Germany,Nutrition_Diets,56.52,9.27,10.33
2026-08-09,FR,France,Fashion_Beauty,28.93,-0.75,-0.26
2026-08-09,FR,France,Fitness_Wearables,66.21,2.75,4.13
2026-08-09,FR,France,Nutrition_Diets,37.19,-4.35,-1.23
2026-08-09,GB,United_Kingdom,Fashion_Beauty,63.64,1.75,2.8
2026-08-09,GB,United_Kingdom,Fitness_Wearables,95.86,7.87,8.8
2026-08-09,GB,United_Kingdom,Nutrition_Diets,85.71,1.89,4.78
2026-08-09,IN,India,Fashion_Beauty,57.88,1.85,0.01
2026-08-09,IN,India,Fitness_Wearables,91.33,5.45,3.92
2026-08-09,IN,India,Nutrition_Diets,84.88,-3.78,-1.57
2026-08-09,JP,Japan,Fashion_Beauty,32.98,2.74,4.88
2026-08-09,JP,Japan,Fitness_Wearables,45.69,4.65,6.2
2026-08-09,JP,Japan,Nutrition_Diets,21.83,-0.68,2.05
2026-08-09,KE,Kenya,Fashion_Beauty,70.05,2.62,8.51
2026-08-09,KE,Kenya,Fitness_Wearables,76.77,7.34,16.44
2026-08-09,KE,Kenya,Nutrition_Diets,52.81,1.76,7.93
2026-08-09,MX,Mexico,Fashion_Beauty,66.71,3.12,8.69
2026-08-09,MX,Mexico,Fitness_Wearables,78.45,-4.03,-1.2
2026-08-09,MX,Mexico,Nutrition_Diets,35.62,-5.95,1.98
2026-08-09,NG,Nigeria,Fashion_Beauty,70.23,1.59,7.37
2026-08-09,NG,Nigeria,Fitness_Wearables,82.35,-7.9,-18.32
2026-08-09,NG,Nigeria,Nutrition_Diets,61.31,0.49,2.67
2026-08-09,SG,Singapore,Fashion_Beauty,49.53,11.41,9.73
2026-08-09,SG,Singapore,Fitness_Wearables,74.03,14.33,16.02
2026-08-09,SG,Singapore,Nutrition_Diets,56.95,-3.92,19.2
2026-08-09,US,United_States,Fashion_Beauty,47.45,1.12,1.72
2026-08-09,US,United_States,Fitness_Wearables,60.88,-1.1,-1.9
2026-08-09,US,United_States,Nutrition_Diets,52.9,-1.48,-1.85
2026-08-09,ZA,South_Africa,Fashion_Beauty,68.25,-3.76,-0.98
2026-08-09,ZA,South_Africa,Fitness_Wearables,72.64,-1.53,0.48
2026-08-09,ZA,South_Africa,Nutrition_Diets,53.04,-5.78,-1.72
2026-08-16,AE,United_Arab_Emirates,Fashion_Beauty,71.7,2.78,4.36
2026-08-16,AE,United_Arab_Emirates,Fitness_Wearables,86.44,0.2,1.97
2026-08-16,AE,United_Arab_Emirates,Nutrition_Diets,63.67,0.83,6.06
2026-08-16,AU,Australia,Fashion_Beauty,68.86,-2.11,-6.58
2026-08-16,AU,Australia,Fitness_Wearables,87.05,2.26,3.39
2026-08-16,AU,Australia,Nutrition_Diets,78.83,0.53,-0.11
2026-08-16,BR,Brazil,Fashion_Beauty,58.57,-3.7,-4.69
2026-08-16,BR,Brazil,Fitness_Wearables,77.18,1.7,9
2026-08-16,BR,Brazil,Nutrition_Diets,45.11,5,14.15
2026-08-16,CA,Canada,Fashion_Beauty,68.91,2.1,-2.2
2026-08-16,CA,Canada,Fitness_Wearables,76.44,-0.1,-0.93
2026-08-16,CA,Canada,Nutrition_Diets,67.78,-0.09,1.17
2026-08-16,CN,China,Fashion_Beauty,14.16,1.49,3.35
2026-08-16,CN,China,Fitness_Wearables,26.36,-2.48,-4.22
2026-08-16,CN,China,Nutrition_Diets,5.26,0,0.3
2026-08-16,DE,Germany,Fashion_Beauty,76.87,18.21,8.71
2026-08-16,DE,Germany,Fitness_Wearables,94.32,11.8,7.15
2026-08-16,DE,Germany,Nutrition_Diets,69.57,13.05,3.78
2026-08-16,FR,France,Fashion_Beauty,32.79,3.86,4.61
2026-08-16,FR,France,Fitness_Wearables,70.54,4.33,1.58
2026-08-16,FR,France,Nutrition_Diets,38.34,1.15,5.5
2026-08-16,GB,United_Kingdom,Fashion_Beauty,60.49,-3.15,-4.9
2026-08-16,GB,United_Kingdom,Fitness_Wearables,86.44,-9.42,-17.29
2026-08-16,GB,United_Kingdom,Nutrition_Diets,78.12,-7.59,-9.48
2026-08-16,IN,India,Fashion_Beauty,57.76,-0.12,-1.97
2026-08-16,IN,India,Fitness_Wearables,83.5,-7.83,-13.28
2026-08-16,IN,India,Nutrition_Diets,89.96,5.08,8.86
2026-08-16,JP,Japan,Fashion_Beauty,23.57,-9.41,-12.15
2026-08-16,JP,Japan,Fitness_Wearables,38.38,-7.31,-11.96
2026-08-16,JP,Japan,Nutrition_Diets,13.35,-8.48,-7.8
2026-08-16,KE,Kenya,Fashion_Beauty,62.19,-7.86,-10.48
2026-08-16,KE,Kenya,Fitness_Wearables,71.33,-5.44,-12.78
2026-08-16,KE,Kenya,Nutrition_Diets,48.62,-4.19,-5.95
2026-08-16,MX,Mexico,Fashion_Beauty,61.14,-5.57,-8.69
2026-08-16,MX,Mexico,Fitness_Wearables,77.69,-0.76,3.27
2026-08-16,MX,Mexico,Nutrition_Diets,33.63,-1.99,3.96
2026-08-16,NG,Nigeria,Fashion_Beauty,69.51,-0.72,-2.31
2026-08-16,NG,Nigeria,Fitness_Wearables,77.48,-4.87,3.03
2026-08-16,NG,Nigeria,Nutrition_Diets,58.52,-2.79,-3.28
2026-08-16,SG,Singapore,Fashion_Beauty,47.02,-2.51,-13.92
2026-08-16,SG,Singapore,Fitness_Wearables,82.79,8.76,-5.57
2026-08-16,SG,Singapore,Nutrition_Diets,52.49,-4.46,-0.54
2026-08-16,US,United_States,Fashion_Beauty,44.34,-3.11,-4.23
2026-08-16,US,United_States,Fitness_Wearables,58.48,-2.4,-1.3
2026-08-16,US,United_States,Nutrition_Diets,49.68,-3.22,-1.74
2026-08-16,ZA,South_Africa,Fashion_Beauty,78.69,10.44,14.2
2026-08-16,ZA,South_Africa,Fitness_Wearables,75.35,2.71,4.24
2026-08-16,ZA,South_Africa,Nutrition_Diets,57.4,4.36,10.14
2026-08-23,AE,United_Arab_Emirates,Fashion_Beauty,68.56,-3.14,-5.92
2026-08-23,AE,United_Arab_Emirates,Fitness_Wearables,85.51,-0.93,-1.13
2026-08-23,AE,United_Arab_Emirates,Nutrition_Diets,58.72,-4.95,-5.78
2026-08-23,AU,Australia,Fashion_Beauty,66.38,-2.48,-0.37
2026-08-23,AU,Australia,Fitness_Wearables,88.39,1.34,-0.92
2026-08-23,AU,Australia,Nutrition_Diets,80,1.17,0.64
2026-08-23,BR,Brazil,Fashion_Beauty,58.82,0.25,3.95
2026-08-23,BR,Brazil,Fitness_Wearables,67.07,-10.11,-11.81
2026-08-23,BR,Brazil,Nutrition_Diets,33.19,-11.92,-16.92
2026-08-23,CA,Canada,Fashion_Beauty,67.25,-1.66,-3.76
2026-08-23,CA,Canada,Fitness_Wearables,73.19,-3.25,-3.15
2026-08-23,CA,Canada,Nutrition_Diets,66.52,-1.26,-1.17
2026-08-23,CN,China,Fashion_Beauty,13.79,-0.37,-1.86
2026-08-23,CN,China,Fitness_Wearables,27.97,1.61,4.09
2026-08-23,CN,China,Nutrition_Diets,6.02,0.76,0.76
2026-08-23,DE,Germany,Fashion_Beauty,79.33,2.46,-15.75
2026-08-23,DE,Germany,Fitness_Wearables,92.51,-1.81,-13.61
2026-08-23,DE,Germany,Nutrition_Diets,65.31,-4.26,-17.31
2026-08-23,FR,France,Fashion_Beauty,34.66,1.87,-1.99
2026-08-23,FR,France,Fitness_Wearables,76.66,6.12,1.79
2026-08-23,FR,France,Nutrition_Diets,37.77,-0.57,-1.72
2026-08-23,GB,United_Kingdom,Fashion_Beauty,59.44,-1.05,2.1
2026-08-23,GB,United_Kingdom,Fitness_Wearables,84.99,-1.45,7.97
2026-08-23,GB,United_Kingdom,Nutrition_Diets,75.42,-2.7,4.89
2026-08-23,IN,India,Fashion_Beauty,56.4,-1.36,-1.24
2026-08-23,IN,India,Fitness_Wearables,76.36,-7.14,0.69
2026-08-23,IN,India,Nutrition_Diets,80.7,-9.26,-14.34
2026-08-23,JP,Japan,Fashion_Beauty,22.38,-1.19,8.22
2026-08-23,JP,Japan,Fitness_Wearables,44.03,5.65,12.96
2026-08-23,JP,Japan,Nutrition_Diets,11.5,-1.85,6.63
2026-08-23,KE,Kenya,Fashion_Beauty,68.58,6.39,14.25
2026-08-23,KE,Kenya,Fitness_Wearables,72.15,0.82,6.26
2026-08-23,KE,Kenya,Nutrition_Diets,55.46,6.84,11.03
2026-08-23,MX,Mexico,Fashion_Beauty,55.43,-5.71,-0.14
2026-08-23,MX,Mexico,Fitness_Wearables,71.27,-6.42,-5.66
2026-08-23,MX,Mexico,Nutrition_Diets,27.5,-6.13,-4.14
2026-08-23,NG,Nigeria,Fashion_Beauty,66.91,-2.6,-1.88
2026-08-23,NG,Nigeria,Fitness_Wearables,73.95,-3.53,1.34
2026-08-23,NG,Nigeria,Nutrition_Diets,61.55,3.03,5.82
2026-08-23,SG,Singapore,Fashion_Beauty,45.24,-1.78,0.73
2026-08-23,SG,Singapore,Fitness_Wearables,76.02,-6.77,-15.53
2026-08-23,SG,Singapore,Nutrition_Diets,51.01,-1.48,2.98
2026-08-23,US,United_States,Fashion_Beauty,44.25,-0.09,3.02
2026-08-23,US,United_States,Fitness_Wearables,55.89,-2.59,-0.19
2026-08-23,US,United_States,Nutrition_Diets,48.48,-1.2,2.02
2026-08-23,ZA,South_Africa,Fashion_Beauty,73.96,-4.73,-15.17
2026-08-23,ZA,South_Africa,Fitness_Wearables,72.88,-2.47,-5.18
2026-08-23,ZA,South_Africa,Nutrition_Diets,59.53,2.13,-2.23
