Week_Start,Country_Code,Category,Media_Volume,tone_net_sentiment,tone_positive_score,tone_negative_score,tone_polarity,tone_activity_density,tone_self_group_density,Source_Diversity
2023-01-01,AE,Fashion_Beauty,115,1.401100922,4.34705443,2.945953509,7.293007939,21.05689756,0.618643803,81
2023-01-08,AE,Fashion_Beauty,127,2.053633803,4.351957061,2.298323257,6.650280318,20.56147004,0.51597866,81
2023-01-15,AE,Fashion_Beauty,168,1.629222455,4.100014873,2.470792418,6.570807291,20.63297,0.679912501,103
2023-01-22,AE,Fashion_Beauty,151,0.913823359,3.98130906,3.067485701,7.048794761,20.94333049,0.552589176,123
2023-01-29,AE,Fashion_Beauty,125,1.842716568,4.526026473,2.683309905,7.209336378,19.85312416,0.463717474,74
2023-02-05,AE,Fashion_Beauty,252,-2.821912236,3.009965908,5.831878145,8.841844053,20.03228133,0.336912809,195
2023-02-12,AE,Fashion_Beauty,152,0.954519295,3.689611911,2.735092615,6.424704526,20.29976804,0.659549584,95
2023-02-19,AE,Fashion_Beauty,167,1.532238824,3.84531627,2.313077446,6.158393716,20.52114382,0.834556666,120
2023-02-26,AE,Fashion_Beauty,136,1.284057536,4.094476217,2.810418681,6.904894899,20.43412481,0.474386613,95
2023-03-05,AE,Fashion_Beauty,134,1.298206027,3.809133495,2.510927468,6.320060964,21.58435218,0.626712988,97
2023-03-12,AE,Fashion_Beauty,176,2.309835143,4.710118849,2.400283706,7.110402554,20.04175739,0.612112218,105
2023-03-19,AE,Fashion_Beauty,103,2.000588208,4.422299245,2.421711037,6.844010282,20.46979089,0.751953514,69
2023-03-26,AE,Fashion_Beauty,143,1.393137667,4.039042982,2.645905315,6.684948296,20.91836242,0.647339319,92
2023-04-02,AE,Fashion_Beauty,166,0.716764524,3.587075696,2.870311172,6.457386868,20.69556498,0.447744013,107
2023-04-09,AE,Fashion_Beauty,184,1.207708324,3.812437921,2.604729596,6.417167517,21.3723025,0.728019107,100
2023-04-16,AE,Fashion_Beauty,481,-2.932642533,2.510176697,5.44281923,7.952995928,20.05903186,0.501090642,392
2023-04-23,AE,Fashion_Beauty,149,1.450982073,4.119379976,2.668397903,6.787777879,21.73356345,0.585948478,89
2023-04-30,AE,Fashion_Beauty,264,1.552673644,4.092108043,2.539434399,6.631542441,20.93100974,0.548181715,148
2023-05-07,AE,Fashion_Beauty,169,1.1816924,3.881535,2.6998426,6.5813776,21.16628523,0.436861226,116
2023-05-14,AE,Fashion_Beauty,189,2.258937267,4.593590417,2.33465315,6.928243567,20.45663119,0.740750358,119
2023-05-21,AE,Fashion_Beauty,285,0.46868066,3.735950121,3.267269461,7.003219583,19.72689652,0.60275628,187
2023-05-28,AE,Fashion_Beauty,231,3.247574033,5.32140167,2.073827637,7.395229307,20.71793258,0.82169981,139
2023-06-04,AE,Fashion_Beauty,313,0.018362254,3.298924787,3.280562533,6.57948732,20.46215261,0.505407538,215
2023-06-11,AE,Fashion_Beauty,159,1.548100373,3.835097567,2.286997194,6.122094761,21.0730336,0.447902616,117
2023-06-18,AE,Fashion_Beauty,164,1.560636099,4.171084067,2.610447968,6.781532035,20.17346761,0.545862371,94
2023-06-25,AE,Fashion_Beauty,106,1.539842655,4.394896993,2.855054338,7.249951331,20.73362285,0.635058646,86
2023-07-02,AE,Fashion_Beauty,406,-3.459384972,2.789685573,6.249070544,9.038756117,17.55187192,0.265776353,336
2023-07-09,AE,Fashion_Beauty,185,1.419669127,4.074414518,2.654745391,6.72915991,19.77421841,0.470198963,118
2023-07-16,AE,Fashion_Beauty,152,1.91736138,4.494763369,2.577401988,7.072165357,19.1620044,0.511249294,101
2023-07-23,AE,Fashion_Beauty,137,1.936135446,4.156808408,2.220672962,6.37748137,20.2830014,0.678133467,102
2023-07-30,AE,Fashion_Beauty,166,1.574593586,4.046616497,2.472022911,6.518639407,19.93828989,0.597642016,121
2023-08-06,AE,Fashion_Beauty,205,1.58205413,4.702084912,3.120030783,7.822115695,19.85553432,0.568501926,124
2023-08-13,AE,Fashion_Beauty,119,1.540403761,3.894230737,2.353826977,6.248057714,21.19623789,0.833839482,77
2023-08-20,AE,Fashion_Beauty,143,2.561808772,4.890966316,2.329157545,7.220123861,21.06986685,0.896953126,68
2023-08-27,AE,Fashion_Beauty,158,1.950373232,4.278398082,2.32802485,6.606422931,19.72563037,0.603919543,97
2023-09-03,AE,Fashion_Beauty,155,0.799897566,3.919275483,3.119377917,7.0386534,20.54216247,0.684708321,108
2023-09-10,AE,Fashion_Beauty,260,1.075110129,4.204410604,3.129300474,7.333711078,20.58142665,0.64964753,163
2023-09-17,AE,Fashion_Beauty,193,1.7435793,4.373081965,2.629502666,7.002584631,20.26699086,0.469248559,112
2023-09-24,AE,Fashion_Beauty,191,1.496653643,4.363811897,2.867158254,7.230970151,19.30876474,0.519619997,106
2023-10-01,AE,Fashion_Beauty,206,1.118974454,3.761860838,2.642886384,6.404747221,19.94673252,0.516796681,123
2023-10-08,AE,Fashion_Beauty,266,2.561842588,4.717882313,2.156039725,6.873922037,19.21887809,0.427964732,154
2023-10-15,AE,Fashion_Beauty,299,1.137219716,3.887614954,2.750395238,6.638010193,20.2947951,0.538164997,179
2023-10-22,AE,Fashion_Beauty,219,3.117374245,5.078131937,1.960757692,7.038889629,19.67072731,0.78847034,153
2023-10-29,AE,Fashion_Beauty,242,2.484643973,4.361251623,1.87660765,6.237859274,19.49002648,0.917616098,131
2023-11-05,AE,Fashion_Beauty,264,3.654377121,5.439050929,1.784673808,7.223724738,19.85501705,0.668934404,139
2023-11-12,AE,Fashion_Beauty,281,1.851971635,4.105605142,2.253633507,6.359238649,20.0640437,0.717588839,196
2023-11-19,AE,Fashion_Beauty,287,0.965973634,3.714724354,2.74875072,6.463475075,21.45674898,0.7602886,227
2023-11-26,AE,Fashion_Beauty,625,-0.402148667,3.076308782,3.478457449,6.55476623,20.46849681,0.69067133,409
2023-12-03,AE,Fashion_Beauty,786,0.544411257,3.445140807,2.90072955,6.345870356,20.40684357,0.826430291,570
2023-12-10,AE,Fashion_Beauty,572,-0.860918237,2.965187196,3.826105433,6.791292629,20.26967282,0.491530859,453
2023-12-17,AE,Fashion_Beauty,309,1.096454872,3.692741036,2.596286164,6.2890272,21.09602567,0.660881072,228
2023-12-24,AE,Fashion_Beauty,211,1.794987155,4.191537435,2.39655028,6.588087715,20.77227122,0.647107669,120
2023-12-31,AE,Fashion_Beauty,124,1.439526319,4.235131222,2.795604903,7.030736126,19.95212662,0.513892544,96
2024-01-07,AE,Fashion_Beauty,183,2.296133869,4.366692628,2.070558759,6.437251388,20.42802212,0.630937643,131
2024-01-14,AE,Fashion_Beauty,174,1.898656743,4.413837065,2.515180322,6.929017387,20.09032203,0.593930824,118
2024-01-21,AE,Fashion_Beauty,103,2.160404092,4.607308601,2.446904509,7.054213109,20.33090675,0.641886902,73
2024-01-28,AE,Fashion_Beauty,217,0.207550816,4.131226385,3.923675568,8.054901953,19.30673031,0.487495923,150
2024-02-04,AE,Fashion_Beauty,159,1.907199648,4.413271025,2.506071377,6.919342402,20.0634016,0.541222911,100
2024-02-11,AE,Fashion_Beauty,164,1.620698053,4.186755744,2.56605769,6.752813434,21.03009513,0.571667857,117
2024-02-18,AE,Fashion_Beauty,169,2.275173927,4.448339499,2.173165572,6.621505071,20.53691045,0.588376072,114
2024-02-25,AE,Fashion_Beauty,185,2.591508132,4.604008434,2.012500301,6.616508735,19.60058976,0.653653059,114
2024-03-03,AE,Fashion_Beauty,163,2.475702603,4.816197598,2.340494995,7.156692593,20.58766563,0.658564046,115
2024-03-10,AE,Fashion_Beauty,221,0.679032801,3.62480132,2.945768519,6.570569839,21.30908494,0.561847055,163
2024-03-17,AE,Fashion_Beauty,145,1.79306689,4.271378136,2.478311246,6.749689382,20.72495616,0.560756358,99
2024-03-24,AE,Fashion_Beauty,204,0.639846546,3.638361477,2.99851493,6.636876407,21.4213646,0.89640003,160
2024-03-31,AE,Fashion_Beauty,173,2.155793483,4.641962473,2.48616899,7.128131463,20.08974889,0.687188693,120
2024-04-07,AE,Fashion_Beauty,126,1.595416747,3.904637602,2.309220855,6.213858457,21.14087626,0.575247505,99
2024-04-14,AE,Fashion_Beauty,210,-0.052846887,3.303826959,3.356673846,6.660500806,21.23266798,0.657514631,149
2024-04-21,AE,Fashion_Beauty,197,1.51660315,4.319948435,2.803345285,7.12329372,19.87246685,0.673149146,129
2024-04-28,AE,Fashion_Beauty,133,1.994299154,4.545872957,2.551573803,7.097446759,20.32172008,0.577036096,91
2024-05-05,AE,Fashion_Beauty,124,2.039488091,4.600390517,2.560902426,7.161292944,20.98830896,0.588917943,91
2024-05-12,AE,Fashion_Beauty,208,1.288033805,4.175759835,2.88772603,7.063485865,20.33767703,0.704060654,133
2024-05-19,AE,Fashion_Beauty,180,1.946322626,4.562227587,2.615904961,7.178132549,20.79551555,0.659164434,124
2024-05-26,AE,Fashion_Beauty,163,2.494318907,4.886857949,2.392539042,7.27939699,20.2074374,0.516275599,99
2024-06-02,AE,Fashion_Beauty,330,1.708611177,3.848418208,2.139807031,5.988225239,23.35200008,0.473804274,206
2024-06-09,AE,Fashion_Beauty,122,2.450938937,4.860094763,2.409155826,7.269250589,20.47079985,0.931622412,87
2024-06-16,AE,Fashion_Beauty,157,1.748978494,4.196447382,2.447468888,6.643916271,20.8527504,0.699306247,100
2024-06-23,AE,Fashion_Beauty,195,1.280431973,3.781018758,2.500586786,6.281605544,20.47121699,0.654750819,158
2024-06-30,AE,Fashion_Beauty,112,2.731575134,5.094254802,2.362679667,7.456934469,20.67395461,0.543723799,73
2024-07-07,AE,Fashion_Beauty,159,2.557114464,5.169222551,2.612108087,7.781330638,20.16017853,0.893295372,108
2024-07-14,AE,Fashion_Beauty,150,2.404176199,4.783875262,2.379699063,7.163574326,21.30003945,0.686717967,119
2024-07-21,AE,Fashion_Beauty,137,2.43242308,4.891722869,2.45929979,7.351022659,20.78703902,0.749555786,95
2024-07-28,AE,Fashion_Beauty,96,1.465861732,4.44531,2.979448268,7.424758268,20.36425633,0.491492321,62
2024-08-04,AE,Fashion_Beauty,90,1.576985471,4.536563024,2.959577553,7.496140577,19.74567092,0.712552739,63
2024-08-11,AE,Fashion_Beauty,97,0.798984971,4.206029123,3.407044152,7.613073274,20.24482593,0.828533918,60
2024-08-18,AE,Fashion_Beauty,108,1.286572741,4.028010158,2.741437417,6.769447575,20.87056957,0.92359909,79
2024-08-25,AE,Fashion_Beauty,72,1.79604391,4.565664511,2.769620601,7.335285112,21.8598719,0.818769694,51
2024-09-01,AE,Fashion_Beauty,187,1.735886686,4.973148986,3.2372623,8.210411286,20.49402651,0.588034271,103
2024-09-08,AE,Fashion_Beauty,160,0.171216614,3.763215517,3.591998903,7.35521442,19.60551491,0.595691896,123
2024-09-15,AE,Fashion_Beauty,124,1.640248516,4.238559226,2.59831071,6.836869937,20.16289329,0.615190436,86
2024-09-22,AE,Fashion_Beauty,159,1.960789278,4.546204881,2.585415603,7.131620484,20.67537721,0.530960575,102
2024-09-29,AE,Fashion_Beauty,120,2.55575463,4.841394372,2.285639742,7.127034114,20.91486257,0.644628274,84
2024-10-06,AE,Fashion_Beauty,195,-1.737777211,3.211919043,4.949696254,8.161615297,19.94827399,1.041619988,152
2024-10-13,AE,Fashion_Beauty,170,2.170748622,4.701734912,2.53098629,7.232721202,20.58922607,0.692863449,108
2024-10-20,AE,Fashion_Beauty,248,2.096153581,4.389790346,2.293636766,6.683427112,20.30771199,0.857027175,184
2024-10-27,AE,Fashion_Beauty,154,1.977126846,4.658213232,2.681086386,7.339299619,21.40045378,0.617690918,108
2024-11-03,AE,Fashion_Beauty,193,2.093760018,4.326811936,2.233051919,6.559863855,20.53057916,0.468411882,142
2024-11-10,AE,Fashion_Beauty,193,2.034704541,4.781877828,2.747173287,7.529051115,20.67698885,0.604515232,136
2024-11-17,AE,Fashion_Beauty,178,2.060233093,4.913810941,2.853577848,7.767388789,20.09511601,0.507935571,108
2024-11-24,AE,Fashion_Beauty,187,0.825150062,4.332828936,3.507678874,7.84050781,20.36472598,0.455722469,135
2024-12-01,AE,Fashion_Beauty,134,2.804101419,4.957241202,2.153139783,7.110380984,19.98244029,0.459718493,101
2024-12-08,AE,Fashion_Beauty,194,2.742413731,5.090257573,2.347843842,7.438101414,20.28999867,0.600407775,104
2024-12-15,AE,Fashion_Beauty,178,3.132547402,5.202735385,2.070187984,7.272923369,20.7552658,0.65370207,90
2024-12-22,AE,Fashion_Beauty,120,1.071600855,4.528090838,3.456489983,7.98458082,21.51352014,0.680034589,89
2024-12-29,AE,Fashion_Beauty,136,1.848165225,4.727535034,2.879369809,7.606904843,21.50937193,0.376875435,85
2025-01-05,AE,Fashion_Beauty,174,2.781249748,5.389240518,2.60799077,7.997231289,20.1358905,0.60549139,111
2025-01-12,AE,Fashion_Beauty,168,2.215348707,4.589960798,2.374612091,6.964572889,20.83070013,0.534252634,94
2025-01-19,AE,Fashion_Beauty,168,1.88309938,4.709339317,2.826239937,7.535579254,20.30215588,0.515978775,89
2025-01-26,AE,Fashion_Beauty,158,3.16350491,5.575895721,2.412390811,7.988286532,20.3482575,0.7493595,95
2025-02-02,AE,Fashion_Beauty,141,2.948017737,5.285563061,2.337545324,7.623108385,20.75229473,0.690161848,88
2025-02-09,AE,Fashion_Beauty,231,2.303001743,4.820381442,2.517379699,7.337761141,19.60555882,0.489086573,137
2025-02-16,AE,Fashion_Beauty,207,2.009795242,4.688082149,2.678286907,7.366369056,20.77472941,0.619968542,125
2025-02-23,AE,Fashion_Beauty,177,2.594421006,5.053093652,2.458672646,7.511766298,20.06787547,0.70447983,111
2025-03-02,AE,Fashion_Beauty,167,0.957569181,4.197314273,3.239745092,7.437059365,20.6874732,0.462725853,112
2025-03-09,AE,Fashion_Beauty,126,3.271545223,5.610167174,2.338621951,7.948789124,20.75995349,0.612953817,93
2025-03-16,AE,Fashion_Beauty,113,2.025627344,4.782588858,2.756961514,7.539550372,20.61111537,0.766506797,84
2025-03-23,AE,Fashion_Beauty,149,2.984899092,5.298276137,2.313377045,7.611653181,20.8538262,0.494214488,97
2025-03-30,AE,Fashion_Beauty,103,2.239678491,4.91362319,2.673944699,7.58756789,20.94667931,0.614244057,70
2025-04-06,AE,Fashion_Beauty,148,1.996056702,5.039721344,3.043664642,8.083385986,19.95231736,0.479560749,92
2025-04-13,AE,Fashion_Beauty,177,1.840822002,4.470548772,2.62972677,7.100275541,21.03376221,0.573726747,116
2025-04-20,AE,Fashion_Beauty,214,2.752358842,5.250170051,2.497811208,7.747981259,19.86724532,0.609566779,123
2025-04-27,AE,Fashion_Beauty,207,3.147708738,5.118449383,1.970740645,7.089190029,20.11905893,0.45854128,117
2025-05-04,AE,Fashion_Beauty,202,2.582497983,5.256681158,2.674183174,7.930864332,20.40704563,0.502617764,113
2025-05-11,AE,Fashion_Beauty,198,2.099121257,5.033966108,2.934844852,7.96881096,20.25719072,0.617203515,112
2025-05-18,AE,Fashion_Beauty,195,2.62243327,5.041848327,2.419415057,7.461263383,20.58983859,0.606369005,113
2025-05-25,AE,Fashion_Beauty,301,1.644776147,4.480135053,2.835358907,7.31549396,19.29734257,0.360605432,205
2025-06-01,AE,Fashion_Beauty,160,1.992423463,4.588075648,2.595652185,7.183727833,20.5656672,0.674695036,103
2025-06-08,AE,Fashion_Beauty,172,2.466727698,5.071841666,2.605113968,7.676955634,20.80892056,0.479699465,96
2025-06-29,AE,Fashion_Beauty,123,2.620593454,4.848011,2.227417546,7.075428546,21.3241593,0.724441121,73
2025-07-06,AE,Fashion_Beauty,187,2.371546028,5.055857249,2.684311221,7.740168469,20.44395818,0.440144465,97
2025-07-13,AE,Fashion_Beauty,225,2.208948299,5.040346169,2.83139787,7.871744038,19.1491535,0.442692598,128
2025-07-20,AE,Fashion_Beauty,217,2.516716674,4.924136861,2.407420187,7.331557047,19.82004779,0.755921538,156
2025-07-27,AE,Fashion_Beauty,133,2.257801302,4.579398685,2.321597383,6.900996068,21.24310899,0.619143058,85
2025-08-03,AE,Fashion_Beauty,184,1.288246974,4.498972465,3.210725491,7.709697955,20.27890892,0.48835897,118
2025-08-10,AE,Fashion_Beauty,158,2.155602293,5.026968971,2.871366678,7.898335648,20.40581591,0.538383259,92
2025-08-17,AE,Fashion_Beauty,157,2.023076671,4.559986522,2.536909851,7.096896374,21.66278552,0.44045002,96
2025-08-24,AE,Fashion_Beauty,165,1.25148888,4.527378701,3.275889821,7.803268522,20.53526656,0.675169811,100
2025-08-31,AE,Fashion_Beauty,223,-1.113997968,3.353055822,4.46705379,7.820109612,19.7388963,0.404978379,184
2025-09-07,AE,Fashion_Beauty,194,1.513254623,4.80927076,3.296016138,8.105286898,20.64791636,0.50512268,127
2025-09-14,AE,Fashion_Beauty,162,2.321520604,5.170190144,2.84866954,8.018859685,20.33543472,0.439047076,101
2025-09-21,AE,Fashion_Beauty,137,2.280514577,4.870398136,2.589883558,7.460281694,20.601137,0.513327634,96
2025-09-28,AE,Fashion_Beauty,189,2.214586073,4.880285048,2.665698975,7.545984023,20.735062,0.564218331,116
2025-10-05,AE,Fashion_Beauty,219,3.297479228,5.68346715,2.385987922,8.069455073,19.79235623,0.516492644,136
2025-10-12,AE,Fashion_Beauty,254,3.426144227,5.511463213,2.085318987,7.5967822,21.34468418,0.490178139,123
2025-10-19,AE,Fashion_Beauty,241,2.787870786,5.118374155,2.330503369,7.448877524,19.62802948,0.464186224,143
2025-10-26,AE,Fashion_Beauty,261,3.024718178,5.136871214,2.112153036,7.249024249,19.70029773,0.509850242,156
2025-11-02,AE,Fashion_Beauty,243,2.452514599,4.770736683,2.318222083,7.088958766,19.84342259,0.523816875,151
2025-11-09,AE,Fashion_Beauty,277,2.702299893,5.355409357,2.653109464,8.008518821,20.03759691,0.581189763,143
2025-11-16,AE,Fashion_Beauty,289,2.09015415,4.694175277,2.604021127,7.298196404,20.47639033,0.458584653,172
2025-11-23,AE,Fashion_Beauty,221,2.035162329,4.907904464,2.872742136,7.7806466,20.65306143,0.524827588,145
2025-11-30,AE,Fashion_Beauty,206,2.179255711,4.930015652,2.750759942,7.680775594,20.33035761,0.697044464,140
2025-12-07,AE,Fashion_Beauty,226,3.372027584,5.237171865,1.865144282,7.102316147,20.15190314,0.462360548,134
2025-12-14,AE,Fashion_Beauty,190,1.576958845,4.331471655,2.75451281,7.085984465,20.05653069,0.645748047,124
2025-12-21,AE,Fashion_Beauty,169,1.251759831,4.186141698,2.934381867,7.120523566,20.79194237,0.386478555,116
2025-12-28,AE,Fashion_Beauty,166,1.869747057,4.396813798,2.527066741,6.923880539,20.03571338,0.294914087,103
2026-01-04,AE,Fashion_Beauty,158,2.821199005,4.950289386,2.129090381,7.079379767,20.3342462,0.448376458,105
2026-01-11,AE,Fashion_Beauty,135,2.112154437,4.495903105,2.383748668,6.879651773,21.27174851,0.411224818,101
2026-01-18,AE,Fashion_Beauty,249,0.940171926,4.213096195,3.27292427,7.486020465,19.96669607,0.4299769,169
2026-01-25,AE,Fashion_Beauty,262,2.87199636,5.186984309,2.31498795,7.501972259,20.25303416,0.35966364,168
2026-02-01,AE,Fashion_Beauty,545,-0.591145204,3.530590993,4.121736197,7.65232719,20.13844186,0.528751614,351
2026-02-08,AE,Fashion_Beauty,294,0.418575913,3.938303698,3.519727785,7.458031482,19.77562148,0.661272514,181
2026-02-15,AE,Fashion_Beauty,315,-2.399619092,3.456528345,5.856147437,9.312675782,20.61935835,0.38383231,237
2026-02-22,AE,Fashion_Beauty,231,-0.124425525,3.935484839,4.059910364,7.995395202,20.68898896,0.464263641,147
2026-03-01,AE,Fashion_Beauty,575,-1.297777245,2.798641018,4.096418262,6.89505928,21.67232867,0.971452624,287
2026-03-08,AE,Fashion_Beauty,267,-0.916678794,3.301300285,4.217979079,7.519279364,20.86420759,0.588955184,181
2026-03-15,AE,Fashion_Beauty,198,-0.279016126,3.510282569,3.789298694,7.299581263,20.56528432,0.599776019,140
2026-03-22,AE,Fashion_Beauty,140,-0.448342188,3.229508837,3.677851026,6.907359863,21.12771807,0.681809192,109
2026-03-29,AE,Fashion_Beauty,359,-4.105483883,2.893607623,6.999091506,9.89269913,19.81700281,1.097715282,212
2026-04-05,AE,Fashion_Beauty,185,-0.155111608,3.917223784,4.072335391,7.989559175,21.06324961,0.375703694,131
2026-04-12,AE,Fashion_Beauty,182,-1.423400031,3.315010016,4.738410048,8.053420064,19.0896475,0.267726148,143
2026-04-19,AE,Fashion_Beauty,152,-0.286253757,3.885174879,4.171428636,8.056603515,19.05818571,0.381910932,105
2026-04-26,AE,Fashion_Beauty,177,1.492396538,4.386770116,2.894373578,7.281143694,20.24772899,0.289075475,106
2026-05-03,AE,Fashion_Beauty,130,2.355717977,4.949895459,2.594177482,7.544072941,20.65791325,0.479505958,78
2026-05-10,AE,Fashion_Beauty,128,1.329016083,4.186744601,2.857728518,7.044473119,19.99475216,0.541181273,90
2026-05-17,AE,Fashion_Beauty,430,0.936622311,3.406416446,2.469794135,5.876210581,18.80149513,0.438076545,227
2026-05-24,AE,Fashion_Beauty,219,-1.182727215,2.621450277,3.804177492,6.425627769,20.31659305,0.475647396,160
2026-05-31,AE,Fashion_Beauty,140,1.704389626,4.453225308,2.748835683,7.202060991,20.90008546,0.364000227,89
2026-06-07,AE,Fashion_Beauty,233,2.834109585,5.112865663,2.278756078,7.391621741,20.17393035,0.314570064,135
2026-06-14,AE,Fashion_Beauty,266,-0.091825778,3.345463313,3.437289091,6.782752404,19.41398609,0.385415701,146
2026-06-21,AE,Fashion_Beauty,224,1.981966691,4.486731308,2.504764617,6.991495926,18.71284114,0.286694992,162
2026-06-28,AE,Fashion_Beauty,120,1.982936114,4.214576933,2.231640819,6.446217753,20.74713473,0.56841749,84
2026-07-05,AE,Fashion_Beauty,120,0.97374722,4.034804405,3.061057184,7.095861589,19.92823344,0.777212376,87
2026-07-12,AE,Fashion_Beauty,162,0.17749948,4.164955551,3.987456071,8.152411623,19.33476598,0.536857862,115
2026-07-19,AE,Fashion_Beauty,178,0.142276737,3.050485522,2.908208785,5.958694307,20.52109874,0.402606364,119
2026-07-26,AE,Fashion_Beauty,152,-0.139934097,3.641284416,3.781218513,7.422502929,20.77508097,0.616325935,106
2026-08-02,AE,Fashion_Beauty,115,2.162371154,4.590867035,2.428495881,7.019362917,21.20875943,0.355652532,73
2026-08-09,AE,Fashion_Beauty,213,0.347542686,4.587262845,4.239720158,8.826983003,19.09687648,0.562433048,188
2026-08-16,AE,Fashion_Beauty,213,0.650200377,3.814280392,3.164080015,6.978360407,20.89011524,0.580087891,161
2026-08-23,AE,Fashion_Beauty,129,2.530179929,4.436738128,1.906558199,6.343296328,20.95024096,0.682723481,108
2023-01-01,AE,Fitness_Wearables,52,-1.598138436,3.939781358,5.537919794,9.477701153,18.89999551,0.208289553,44
2023-01-08,AE,Fitness_Wearables,32,2.88533167,4.906961606,2.021629936,6.928591542,18.56641341,0.207701923,15
2023-01-15,AE,Fitness_Wearables,30,1.931581807,4.544937217,2.61335541,7.158292627,18.43286855,0.168839546,21
2023-01-22,AE,Fitness_Wearables,32,3.795543912,5.405978952,1.61043504,7.016413991,18.72408109,0.366153437,18
2023-01-29,AE,Fitness_Wearables,66,0.411306001,3.681495267,3.270189266,6.951684533,19.77197571,0.471171077,45
2023-02-05,AE,Fitness_Wearables,32,2.203521432,4.114567808,1.911046375,6.025614183,17.06583849,0.831213325,25
2023-02-12,AE,Fitness_Wearables,61,-1.187369107,3.522168323,4.70953743,8.231705753,18.37413457,0.442340112,48
2023-02-19,AE,Fitness_Wearables,85,-1.037595917,3.178910612,4.216506528,7.39541714,18.94432287,0.400504542,60
2023-02-26,AE,Fitness_Wearables,114,-4.557224987,2.489435827,7.046660815,9.536096642,18.88893517,0.310313907,79
2023-03-05,AE,Fitness_Wearables,95,-0.317332052,4.16876911,4.486101162,8.654870272,19.30785391,0.25316402,58
2023-03-12,AE,Fitness_Wearables,197,1.056788064,4.415045056,3.358256992,7.773302048,20.09512981,0.597252173,144
2023-03-19,AE,Fitness_Wearables,84,0.532609737,3.920206241,3.387596504,7.307802745,18.43619895,0.745232267,68
2023-03-26,AE,Fitness_Wearables,52,-0.711583945,3.638694016,4.350277961,7.988971978,19.28125933,0.26657178,45
2023-04-02,AE,Fitness_Wearables,122,1.277816396,4.147423246,2.86960685,7.017030096,15.77727547,0.181138596,89
2023-04-09,AE,Fitness_Wearables,115,-1.288740403,3.186883811,4.475624214,7.662508025,18.81427511,0.218876216,81
2023-04-16,AE,Fitness_Wearables,210,-0.241736337,3.719782209,3.961518545,7.681300754,19.47712167,0.172237825,175
2023-04-23,AE,Fitness_Wearables,64,2.051739983,5.032308599,2.980568615,8.012877214,18.17042685,0.416560476,56
2023-04-30,AE,Fitness_Wearables,57,2.582447245,4.980307094,2.39785985,7.378166944,18.84228303,0.484435729,42
2023-05-07,AE,Fitness_Wearables,54,-0.714476954,3.266918469,3.981395423,7.248313893,18.63229639,0.517609534,41
2023-05-14,AE,Fitness_Wearables,46,4.25191468,5.80836589,1.55645121,7.364817101,18.64746441,0.622976327,28
2023-05-21,AE,Fitness_Wearables,94,0.104057547,3.648052194,3.543994646,7.19204684,18.59417367,0.391404088,73
2023-05-28,AE,Fitness_Wearables,73,-0.601416059,3.873792433,4.475208492,8.349000925,19.97332227,0.544436963,53
2023-06-04,AE,Fitness_Wearables,60,1.966983759,4.295209129,2.328225369,6.623434498,18.56568701,0.749106989,37
2023-06-11,AE,Fitness_Wearables,64,3.302710729,5.233723115,1.931012386,7.164735501,19.35228114,0.618882898,38
2023-06-18,AE,Fitness_Wearables,67,2.1121435,4.728396674,2.616253174,7.344649848,19.00488703,0.40235799,51
2023-06-25,AE,Fitness_Wearables,56,-2.451075513,3.864670161,6.315745674,10.18041583,16.97945418,0.396839474,46
2023-07-02,AE,Fitness_Wearables,82,-1.298034126,3.811616087,5.109650213,8.921266301,19.21313725,0.485323586,56
2023-07-09,AE,Fitness_Wearables,57,4.287120742,5.556487693,1.269366952,6.825854645,20.14595582,0.462801314,38
2023-07-16,AE,Fitness_Wearables,157,-2.344418759,3.250005964,5.594424723,8.844430687,17.60832016,0.428478655,110
2023-07-23,AE,Fitness_Wearables,49,1.513276346,4.546849297,3.033572951,7.580422248,18.53872382,0.584551121,31
2023-07-30,AE,Fitness_Wearables,48,4.252667837,5.627040867,1.37437303,7.001413898,19.37345457,1.087484155,29
2023-08-06,AE,Fitness_Wearables,52,1.25852347,4.378953051,3.120429581,7.499382632,19.44656226,0.479977911,37
2023-08-13,AE,Fitness_Wearables,57,-1.540579203,3.292644344,4.833223547,8.125867891,21.44757869,0.44373412,38
2023-08-20,AE,Fitness_Wearables,34,2.003703026,4.513712724,2.510009698,7.023722423,18.88923977,0.347502053,18
2023-08-27,AE,Fitness_Wearables,53,2.152065201,4.942824178,2.790758977,7.733583155,19.95357362,0.568070782,33
2023-09-03,AE,Fitness_Wearables,26,3.349204649,4.763108936,1.413904287,6.177013223,17.82368569,0.544904313,22
2023-09-10,AE,Fitness_Wearables,61,3.209881664,5.24489747,2.035015805,7.279913275,18.72048469,0.614566106,36
2023-09-17,AE,Fitness_Wearables,82,-0.728399871,4.067670001,4.796069872,8.863739873,18.9251437,0.360467191,60
2023-09-24,AE,Fitness_Wearables,71,-1.562331166,4.370467301,5.932798468,10.30326577,19.76174805,0.334473851,60
2023-10-01,AE,Fitness_Wearables,48,5.924258411,7.283035014,1.358776603,8.641811617,17.86778728,0.619355556,31
2023-10-08,AE,Fitness_Wearables,89,0.835791976,3.971500078,3.135708102,7.10720818,18.76211877,0.532073507,70
2023-10-15,AE,Fitness_Wearables,51,1.608909631,4.687523991,3.07861436,7.76613835,18.71442986,0.822641578,34
2023-10-22,AE,Fitness_Wearables,42,3.296720711,5.170897208,1.874176497,7.045073705,17.80701306,1.086885814,27
2023-10-29,AE,Fitness_Wearables,53,2.758124039,4.909384227,2.151260188,7.060644415,17.78773529,0.466259682,39
2023-11-05,AE,Fitness_Wearables,36,4.02879458,5.374914346,1.346119766,6.721034112,17.13934381,0.576913234,14
2023-11-12,AE,Fitness_Wearables,96,3.907872141,5.065791537,1.157919396,6.223710934,18.70492909,1.492942295,25
2023-11-19,AE,Fitness_Wearables,47,0.670873741,3.990608185,3.319734443,7.310342628,19.26616314,0.898052635,34
2023-11-26,AE,Fitness_Wearables,36,1.788764118,3.865603657,2.076839539,5.942443196,18.71351637,0.772989015,26
2023-12-03,AE,Fitness_Wearables,44,2.746734845,4.806514109,2.059779264,6.866293373,18.05832679,0.645605637,32
2023-12-10,AE,Fitness_Wearables,79,-2.861252516,2.493724369,5.354976885,7.848701254,18.85524343,0.490357111,72
2023-12-17,AE,Fitness_Wearables,26,4.158589394,5.47660184,1.318012446,6.794614286,17.56669687,0.985759414,19
2023-12-24,AE,Fitness_Wearables,89,-0.060532612,3.055610439,3.116143052,6.171753491,20.03962857,0.693111342,67
2023-12-31,AE,Fitness_Wearables,45,-0.826033264,3.593506532,4.419539797,8.013046329,19.19916433,0.782721256,42
2024-01-07,AE,Fitness_Wearables,43,2.109841242,4.675706847,2.565865605,7.241572452,19.02899637,0.635895996,29
2024-01-14,AE,Fitness_Wearables,41,2.939292239,4.722523964,1.783231725,6.505755689,20.9842329,0.588236381,37
2024-01-21,AE,Fitness_Wearables,47,-0.607689327,3.764867741,4.372557068,8.137424809,20.07310898,0.325049904,35
2024-01-28,AE,Fitness_Wearables,30,1.670524675,4.035433425,2.36490875,6.400342175,19.62484235,0.955611168,22
2024-02-04,AE,Fitness_Wearables,34,4.74143643,6.382302366,1.640865936,8.023168301,18.69959421,0.709387406,19
2024-02-11,AE,Fitness_Wearables,56,2.621661356,5.37062797,2.748966614,8.119594584,18.5912632,0.782515751,48
2024-02-18,AE,Fitness_Wearables,21,2.771410656,5.814615855,3.043205199,8.857821054,18.72360908,0.289656816,16
2024-02-25,AE,Fitness_Wearables,50,1.046343875,4.328203894,3.281860018,7.610063912,18.2046849,0.172974693,38
2024-03-03,AE,Fitness_Wearables,48,3.147330601,4.762554649,1.615224048,6.377778698,19.62004231,0.608551932,33
2024-03-10,AE,Fitness_Wearables,33,3.69920283,5.668344627,1.969141798,7.637486425,17.616644,0.668967493,23
2024-03-17,AE,Fitness_Wearables,26,3.603371209,5.604881049,2.00150984,7.606390889,18.57690544,0.505192654,22
2024-03-24,AE,Fitness_Wearables,34,1.70597733,4.956876724,3.250899394,8.207776118,18.27122614,0.4752968,19
2024-03-31,AE,Fitness_Wearables,32,-0.037618481,3.986944138,4.024562619,8.011506758,20.13595219,0.332507451,25
2024-04-07,AE,Fitness_Wearables,19,-1.551384902,3.503772443,5.055157345,8.558929788,19.54324022,0.346891635,17
2024-04-14,AE,Fitness_Wearables,31,3.179362761,4.979116816,1.799754055,6.778870871,19.37036417,0.384029343,24
2024-04-21,AE,Fitness_Wearables,39,2.192506943,4.276926406,2.084419463,6.361345868,17.82651887,0.604532124,31
2024-04-28,AE,Fitness_Wearables,51,2.400719261,4.476140566,2.075421305,6.55156187,18.98639681,0.530407176,35
2024-05-05,AE,Fitness_Wearables,38,2.910596032,5.068915276,2.158319244,7.22723452,19.81953256,0.460128546,24
2024-05-12,AE,Fitness_Wearables,43,3.529670322,5.329873272,1.800202951,7.130076223,19.47460667,0.375912582,28
2024-05-19,AE,Fitness_Wearables,637,-3.415546293,1.876393965,5.291940257,7.168334222,18.13193239,0.201380497,400
2024-05-26,AE,Fitness_Wearables,69,0.534894683,3.686338899,3.151444215,6.837783114,18.94751139,0.419988034,46
2024-06-02,AE,Fitness_Wearables,179,-3.362601687,2.487421926,5.850023613,8.337445539,19.2943542,0.35695188,134
2024-06-09,AE,Fitness_Wearables,85,-2.382873742,3.249310447,5.632184189,8.881494636,18.23005596,0.235217866,78
2024-06-16,AE,Fitness_Wearables,14,3.213208966,4.814137642,1.600928676,6.415066318,19.06194792,0.398155987,12
2024-06-23,AE,Fitness_Wearables,119,-2.582949105,2.166585545,4.749534651,6.916120196,18.66873234,0.202684956,84
2024-06-30,AE,Fitness_Wearables,99,-1.957415364,2.721566746,4.67898211,7.400548856,18.95633333,0.191466294,74
2024-07-07,AE,Fitness_Wearables,41,2.436284256,5.198034828,2.761750572,7.9597854,18.97095117,0.626005815,27
2024-07-14,AE,Fitness_Wearables,99,-2.806548576,2.920445372,5.726993948,8.64743932,18.91696617,0.32378448,74
2024-07-21,AE,Fitness_Wearables,28,4.297034959,5.929403748,1.63236879,7.561772538,18.51495668,0.557809894,19
2024-07-28,AE,Fitness_Wearables,51,0.174467518,4.191440535,4.016973017,8.208413552,18.66718919,0.488189387,38
2024-08-04,AE,Fitness_Wearables,46,3.697204173,6.032892306,2.335688133,8.368580438,19.09947644,0.396713722,22
2024-08-11,AE,Fitness_Wearables,35,4.462356686,5.57278564,1.110428953,6.683214593,18.54384402,0.958568595,21
2024-08-18,AE,Fitness_Wearables,44,1.304507487,4.263843506,2.95933602,7.223179526,18.95759238,0.601811356,30
2024-08-25,AE,Fitness_Wearables,45,-0.870087964,3.740654025,4.61074199,8.351396015,18.02097945,0.506093966,31
2024-09-01,AE,Fitness_Wearables,27,3.360204746,5.353137014,1.992932268,7.346069282,18.06775558,0.412509914,18
2024-09-08,AE,Fitness_Wearables,38,3.873194468,5.386801144,1.513606677,6.900407821,18.77775293,0.537163877,20
2024-09-15,AE,Fitness_Wearables,28,2.594846071,5.645401374,3.050555303,8.695956677,17.93775931,0.610101556,14
2024-09-22,AE,Fitness_Wearables,66,1.151028044,4.526350384,3.37532234,7.901672725,19.06165449,0.428620203,24
2024-09-29,AE,Fitness_Wearables,82,-0.860902603,3.228493975,4.089396577,7.317890552,19.95796288,0.464780164,52
2024-10-06,AE,Fitness_Wearables,47,0.832926835,4.312537142,3.479610308,7.79214745,18.0818001,0.750159478,31
2024-10-13,AE,Fitness_Wearables,34,0.540601451,4.206807488,3.666206036,7.873013524,18.81777871,0.696669604,16
2024-10-20,AE,Fitness_Wearables,174,-5.441375945,1.592961798,7.034337744,8.627299542,20.35899254,0.200369859,150
2024-10-27,AE,Fitness_Wearables,52,-0.54987292,3.550144887,4.100017807,7.650162694,19.74141985,0.483745717,32
2024-11-03,AE,Fitness_Wearables,22,-0.52475084,3.571721906,4.096472746,7.668194653,19.57947544,0.800596504,16
2024-11-10,AE,Fitness_Wearables,39,-0.397265474,3.733457877,4.130723351,7.864181228,19.75028482,0.381306631,23
2024-11-17,AE,Fitness_Wearables,52,1.068164497,4.200183761,3.132019265,7.332203026,19.18379979,0.485423269,38
2024-11-24,AE,Fitness_Wearables,59,0.062302094,3.972841282,3.910539187,7.883380469,17.82004134,0.319042079,43
2024-12-01,AE,Fitness_Wearables,37,1.921735566,4.578569886,2.65683432,7.235404206,19.30174896,1.058069794,28
2024-12-08,AE,Fitness_Wearables,59,1.130163247,4.305904395,3.175741148,7.481645543,19.02323788,0.955742928,37
2024-12-15,AE,Fitness_Wearables,44,3.892692794,5.52277527,1.630082477,7.152857747,18.80856241,0.36614499,28
2024-12-22,AE,Fitness_Wearables,44,1.078442168,4.566980078,3.48853791,8.055517988,19.22248298,0.450435033,32
2024-12-29,AE,Fitness_Wearables,26,4.328224272,5.991532091,1.663307819,7.654839911,18.44137933,0.253951191,15
2025-01-05,AE,Fitness_Wearables,51,4.762467783,5.875899301,1.113431518,6.989330819,16.98960181,0.505737745,31
2025-01-12,AE,Fitness_Wearables,49,4.574853018,6.315833942,1.740980924,8.056814866,18.68647706,0.355309684,39
2025-01-19,AE,Fitness_Wearables,45,3.855706913,5.759848905,1.904141991,7.663990896,18.94438384,0.258040727,24
2025-01-26,AE,Fitness_Wearables,26,0.411386035,4.376349824,3.964963789,8.341313614,19.25163474,0.199674512,17
2025-02-02,AE,Fitness_Wearables,84,-0.348008274,3.322676735,3.670685009,6.993361744,19.5115497,0.225240091,61
2025-02-09,AE,Fitness_Wearables,101,0.491081842,3.836933688,3.345851847,7.182785535,19.06211451,0.214239582,73
2025-02-16,AE,Fitness_Wearables,47,1.675928982,4.367538438,2.691609456,7.059147894,20.01209386,0.32894775,34
2025-02-23,AE,Fitness_Wearables,64,3.585208765,5.528387271,1.943178506,7.471565778,21.85242012,0.945859536,45
2025-03-02,AE,Fitness_Wearables,30,6.190161048,7.615297009,1.425135962,9.040432971,17.8241135,0.300865885,14
2025-03-09,AE,Fitness_Wearables,44,2.434593221,4.944347876,2.509754656,7.454102532,19.15062567,0.61635584,21
2025-03-16,AE,Fitness_Wearables,40,1.329813702,4.940806987,3.610993285,8.551800272,19.85719897,0.426911898,25
2025-03-23,AE,Fitness_Wearables,26,4.267238144,6.996517304,2.72927916,9.725796464,19.91284654,0.192871432,15
2025-03-30,AE,Fitness_Wearables,11,3.723573288,6.597602877,2.87402959,9.471632467,18.30429279,0.280638526,10
2025-04-06,AE,Fitness_Wearables,31,2.622190735,5.761982175,3.13979144,8.901773615,19.4981407,0.376731985,19
2025-04-13,AE,Fitness_Wearables,43,3.301842379,5.296017466,1.994175087,7.290192554,19.15946116,0.667920666,21
2025-04-20,AE,Fitness_Wearables,71,2.656591421,5.537579465,2.880988045,8.41856751,18.92248326,0.514907643,43
2025-04-27,AE,Fitness_Wearables,78,4.072730043,5.817077785,1.744347742,7.561425526,17.74516438,0.341322575,34
2025-05-04,AE,Fitness_Wearables,25,4.262364211,6.259652645,1.997288434,8.256941079,19.47066503,0.312313076,11
2025-05-11,AE,Fitness_Wearables,37,3.900897181,5.618961985,1.718064804,7.337026789,18.8747657,0.128135982,19
2025-05-18,AE,Fitness_Wearables,45,4.954764076,6.056891288,1.102127212,7.159018501,20.13040185,0.354808232,19
2025-05-25,AE,Fitness_Wearables,33,3.786148874,5.701142188,1.914993314,7.616135502,19.59430513,0.396349998,22
2025-06-01,AE,Fitness_Wearables,21,2.046515371,5.105966865,3.059451494,8.165418359,19.87446906,0.682878339,16
2025-06-08,AE,Fitness_Wearables,27,3.106147739,5.616064452,2.509916713,8.125981165,17.32406626,0.316152256,17
2025-06-29,AE,Fitness_Wearables,24,3.91590383,5.563493928,1.647590098,7.211084027,17.42892504,0.397104134,12
2025-07-06,AE,Fitness_Wearables,31,2.767812721,4.780321944,2.012509223,6.792831167,17.9104053,0.534671056,20
2025-07-13,AE,Fitness_Wearables,43,1.430698437,5.190805584,3.760107148,8.950912732,18.84292206,0.307473278,32
2025-07-20,AE,Fitness_Wearables,21,5.364412191,5.942970534,0.578558343,6.521528877,17.4651501,0.263803183,16
2025-07-27,AE,Fitness_Wearables,9,4.985205354,7.038952898,2.053747544,9.092700441,18.08538735,0.73443244,7
2025-08-03,AE,Fitness_Wearables,15,2.669857381,4.820970658,2.151113277,6.972083935,21.05086044,0.723708201,12
2025-08-10,AE,Fitness_Wearables,21,3.506423836,5.329475292,1.823051456,7.152526748,18.7620846,0.470520762,17
2025-08-17,AE,Fitness_Wearables,37,2.896729161,5.029682425,2.132953265,7.16263569,19.63118304,0.513420572,27
2025-08-24,AE,Fitness_Wearables,35,4.047095102,5.930877494,1.883782392,7.814659886,19.5232686,0.536895396,23
2025-08-31,AE,Fitness_Wearables,15,2.374883689,4.229694172,1.854810483,6.084504654,20.67887652,0.407327139,10
2025-09-07,AE,Fitness_Wearables,31,3.523323445,5.547860455,2.024537009,7.572397464,20.8202588,0.521432801,24
2025-09-14,AE,Fitness_Wearables,34,3.767035637,5.123960034,1.356924397,6.480884432,19.24492961,0.441083881,24
2025-09-21,AE,Fitness_Wearables,52,6.00544833,6.734934491,0.729486162,7.464420653,17.43017453,0.364227386,23
2025-09-28,AE,Fitness_Wearables,35,4.408361505,5.663739256,1.255377751,6.919117007,18.30900997,0.503287881,14
2025-10-05,AE,Fitness_Wearables,38,4.52328534,6.299677178,1.776391838,8.076069016,19.00314983,0.359200166,21
2025-10-12,AE,Fitness_Wearables,29,5.037405838,6.354428889,1.317023051,7.67145194,19.91512688,0.560221687,19
2025-10-19,AE,Fitness_Wearables,46,2.204833527,5.664049171,3.459215644,9.123264815,17.56467715,0.300566932,28
2025-10-26,AE,Fitness_Wearables,37,3.928888197,5.610178172,1.681289976,7.291468148,18.3713038,0.288403964,25
2025-11-02,AE,Fitness_Wearables,26,4.112838312,5.563156942,1.45031863,7.013475573,18.79746142,0.551391737,20
2025-11-09,AE,Fitness_Wearables,55,2.908693712,5.676705462,2.76801175,8.444717212,19.99091209,0.39464517,33
2025-11-16,AE,Fitness_Wearables,49,3.6337972,5.430151379,1.796354179,7.226505558,18.19696814,0.530648882,27
2025-11-23,AE,Fitness_Wearables,43,3.866504984,5.52958951,1.663084526,7.192674036,19.17647548,0.687132355,28
2025-11-30,AE,Fitness_Wearables,34,4.626338436,5.935464907,1.309126471,7.244591377,17.78135,0.526552075,26
2025-12-07,AE,Fitness_Wearables,27,3.449081239,5.067379794,1.618298554,6.685678348,18.47341666,0.697647578,25
2025-12-14,AE,Fitness_Wearables,24,3.2905994,5.425903487,2.135304087,7.561207575,19.37775818,0.318769979,19
2025-12-21,AE,Fitness_Wearables,32,3.415562577,4.831049158,1.415486581,6.246535739,18.73319396,0.240969908,21
2025-12-28,AE,Fitness_Wearables,27,-1.764058186,4.052199072,5.816257258,9.868456329,17.71586799,0.256239893,23
2026-01-04,AE,Fitness_Wearables,21,-1.463021445,3.732574337,5.195595782,8.928170119,19.46581886,0.290934708,17
2026-01-11,AE,Fitness_Wearables,24,0.904414136,4.465199587,3.560785451,8.025985038,19.7622779,0.371911858,19
2026-01-18,AE,Fitness_Wearables,34,2.004027976,4.60208992,2.598061944,7.200151864,18.14223942,0.164213571,29
2026-01-25,AE,Fitness_Wearables,46,2.914521545,5.608088696,2.693567152,8.301655848,18.01085417,0.476778566,31
2026-02-01,AE,Fitness_Wearables,39,2.106285305,4.501365049,2.395079744,6.896444794,20.12451494,0.218465112,31
2026-02-08,AE,Fitness_Wearables,45,2.983502537,4.960775965,1.977273428,6.938049393,20.16881352,0.338431041,28
2026-02-15,AE,Fitness_Wearables,28,1.517643259,4.088847683,2.571204424,6.660052107,19.45902062,0.315139056,20
2026-02-22,AE,Fitness_Wearables,27,0.150117819,4.350223547,4.200105728,8.550329274,19.87688188,0.647039226,22
2026-03-01,AE,Fitness_Wearables,158,-3.729494977,2.214477061,5.943972037,8.158449098,19.86448625,1.24793847,136
2026-03-08,AE,Fitness_Wearables,58,-1.096785758,3.347329299,4.444115057,7.791444357,18.71570557,0.517586027,48
2026-03-15,AE,Fitness_Wearables,81,-1.304581774,3.008478501,4.313060276,7.321538777,15.62997396,0.482743872,75
2026-03-22,AE,Fitness_Wearables,22,-0.297761087,3.65715283,3.954913917,7.612066747,20.45710852,0.591963115,19
2026-03-29,AE,Fitness_Wearables,21,-3.297883065,2.681770912,5.979653977,8.661424889,20.54444217,0.519588332,19
2026-04-05,AE,Fitness_Wearables,29,1.845198608,4.776104252,2.930905644,7.707009896,20.33196018,0.395550261,24
2026-04-12,AE,Fitness_Wearables,21,3.232352612,6.102260631,2.869908019,8.97216865,21.43882151,0.541897789,11
2026-04-19,AE,Fitness_Wearables,34,4.634618099,6.080612089,1.44599399,7.526606078,19.04041174,0.207609155,15
2026-04-26,AE,Fitness_Wearables,21,1.427203201,4.30566192,2.87845872,7.18412064,20.11839873,0.437306013,20
2026-05-03,AE,Fitness_Wearables,30,3.134502171,5.501144687,2.366642516,7.867787203,20.29253341,0.213451508,16
2026-05-10,AE,Fitness_Wearables,47,2.348953174,4.697903592,2.348950417,7.046854009,19.26758613,0.324033387,27
2026-05-17,AE,Fitness_Wearables,45,1.81262167,4.384130954,2.571509283,6.955640237,18.15789248,0.305764764,34
2026-05-24,AE,Fitness_Wearables,22,0.039881435,4.42838472,4.388503286,8.816888006,21.60583526,0.463313003,17
2026-05-31,AE,Fitness_Wearables,30,4.449497118,6.951806176,2.502309058,9.454115234,16.50432597,0.316101096,18
2026-06-07,AE,Fitness_Wearables,12,3.470761247,5.765024143,2.294262896,8.05928704,19.29865794,0.234405763,6
2026-06-14,AE,Fitness_Wearables,79,8.356555188,10.03423229,1.6776771,11.71190939,18.45123059,2.134589751,72
2026-06-21,AE,Fitness_Wearables,36,5.628522727,6.473602748,0.845080021,7.318682769,18.86420376,0.776928954,15
2026-06-28,AE,Fitness_Wearables,33,3.714816212,6.182966299,2.468150086,8.651116385,18.36075226,0.408556427,20
2026-07-05,AE,Fitness_Wearables,102,4.985805037,6.62371074,1.637905703,8.261616443,17.37109901,1.00050218,83
2026-07-12,AE,Fitness_Wearables,24,5.013542563,6.622594292,1.609051729,8.231646021,19.22123569,0.341850201,17
2026-07-19,AE,Fitness_Wearables,25,4.108804309,5.547130853,1.438326544,6.985457397,20.05188763,0.346472014,14
2026-07-26,AE,Fitness_Wearables,21,5.239883945,6.222275385,0.98239144,7.204666826,20.28910735,0.35443091,12
2026-08-02,AE,Fitness_Wearables,41,0.25715566,4.65951239,4.402356731,9.061869121,18.30696982,0.545376392,32
2026-08-09,AE,Fitness_Wearables,24,3.801896956,5.218868296,1.41697134,6.635839637,19.39520255,0.451651652,13
2026-08-16,AE,Fitness_Wearables,21,2.933156642,4.766257643,1.833101001,6.599358643,19.8549434,0.431418249,14
2026-08-23,AE,Fitness_Wearables,10,4.160304744,5.19691364,1.036608897,6.233522537,17.81394113,0.919339011,9
2023-01-01,AE,Nutrition_Diets,845,1.083787169,4.18150234,3.09771517,7.27921751,20.76405345,0.583760465,329
2023-01-08,AE,Nutrition_Diets,1065,0.151123354,3.384848425,3.233725071,6.618573496,20.09181841,0.439142127,548
2023-01-15,AE,Nutrition_Diets,1090,1.520848162,4.135841998,2.614993836,6.750835834,19.98095764,0.583067666,403
2023-01-22,AE,Nutrition_Diets,849,0.422069965,3.980261257,3.558191291,7.538452548,19.68510117,0.629515409,342
2023-01-29,AE,Nutrition_Diets,1053,1.245239467,4.491466346,3.246226879,7.737693226,20.23036518,0.502761962,385
2023-02-05,AE,Nutrition_Diets,1472,0.40508139,3.800293856,3.395212466,7.195506322,20.58506076,0.560842944,558
2023-02-12,AE,Nutrition_Diets,1410,-0.027075499,3.736938731,3.76401423,7.500952961,20.65114865,0.528369665,650
2023-02-19,AE,Nutrition_Diets,1107,0.95601868,3.852001416,2.895982736,6.747984152,21.24649039,0.609339536,355
2023-02-26,AE,Nutrition_Diets,975,0.537739888,3.990959073,3.453219185,7.444178257,20.19078096,0.513490797,433
2023-03-05,AE,Nutrition_Diets,823,-0.03799729,3.820714868,3.858712157,7.679427025,20.45473535,0.525811861,371
2023-03-12,AE,Nutrition_Diets,871,0.877921578,4.025628485,3.147706908,7.173335393,20.64500726,0.563170211,355
2023-03-19,AE,Nutrition_Diets,815,0.713026739,3.997570306,3.284543567,7.282113873,20.00788506,0.579306315,370
2023-03-26,AE,Nutrition_Diets,1133,0.066472261,4.054291817,3.987819556,8.042111373,20.87366394,0.585791614,522
2023-04-02,AE,Nutrition_Diets,936,0.625821149,4.079669079,3.45384793,7.533517008,20.23618056,0.517568635,374
2023-04-09,AE,Nutrition_Diets,1204,0.297924605,3.821217875,3.52329327,7.344511145,19.70737515,0.547025037,539
2023-04-16,AE,Nutrition_Diets,1233,-1.509056799,3.250283185,4.759339984,8.009623169,20.80855101,0.474999476,670
2023-04-23,AE,Nutrition_Diets,1139,0.404166531,3.972922697,3.568756166,7.541678864,20.64237184,0.567195117,499
2023-04-30,AE,Nutrition_Diets,1313,0.757684071,3.975246545,3.217562474,7.192809019,19.51711165,0.562401797,544
2023-05-07,AE,Nutrition_Diets,1416,-0.616753621,3.552386619,4.16914024,7.721526859,20.0745842,0.517074917,696
2023-05-14,AE,Nutrition_Diets,1118,0.639839307,4.034930801,3.395091494,7.430022295,20.28393468,0.515976032,442
2023-05-21,AE,Nutrition_Diets,961,0.55219375,3.981492627,3.429298877,7.410791503,20.31860187,0.564639242,408
2023-05-28,AE,Nutrition_Diets,983,1.487965538,4.431209744,2.943244206,7.374453951,19.69826816,0.552977006,349
2023-06-04,AE,Nutrition_Diets,1180,-0.545558247,3.401246022,3.946804269,7.34805029,20.54001964,0.617883467,577
2023-06-11,AE,Nutrition_Diets,977,1.124657569,4.247568221,3.122910652,7.370478874,20.12870964,0.506610292,425
2023-06-18,AE,Nutrition_Diets,1086,0.696356536,4.072829354,3.376472818,7.449302173,20.35988965,0.582661012,503
2023-06-25,AE,Nutrition_Diets,903,0.383330411,3.842879062,3.459548652,7.302427714,20.38289604,0.492916732,457
2023-07-02,AE,Nutrition_Diets,1181,-1.657091606,3.331293342,4.988384948,8.31967829,20.53421143,0.419270019,542
2023-07-09,AE,Nutrition_Diets,799,0.879471469,4.058007961,3.178536492,7.236544453,20.4978128,0.503906887,338
2023-07-16,AE,Nutrition_Diets,1492,1.093700368,3.839610054,2.745909686,6.585519741,20.56913812,0.732616206,520
2023-07-23,AE,Nutrition_Diets,888,-1.105680242,3.327235239,4.432915481,7.76015072,21.02642062,0.605208966,475
2023-07-30,AE,Nutrition_Diets,878,0.209128933,4.041010124,3.831881192,7.872891316,20.89541315,0.520796068,469
2023-08-06,AE,Nutrition_Diets,804,0.432322911,3.904095857,3.471772946,7.375868802,20.20709069,0.552647525,324
2023-08-13,AE,Nutrition_Diets,916,-0.132355026,3.723886609,3.856241635,7.580128244,20.32219378,0.493782589,460
2023-08-20,AE,Nutrition_Diets,1038,0.200623537,3.795900877,3.59527734,7.391178218,20.40447166,0.58326803,534
2023-08-27,AE,Nutrition_Diets,919,0.197211826,3.550581312,3.353369486,6.903950799,20.32272782,0.535513732,479
2023-09-03,AE,Nutrition_Diets,920,0.342417743,4.006179697,3.663761953,7.66994165,20.4540018,0.6964194,494
2023-09-10,AE,Nutrition_Diets,2882,-2.422752052,2.685198223,5.107950275,7.793148498,19.81617844,0.374658299,1125
2023-09-17,AE,Nutrition_Diets,1110,0.107124434,3.989278599,3.882154166,7.871432765,20.31577563,0.571908541,514
2023-09-24,AE,Nutrition_Diets,1007,0.315791133,4.015027772,3.699236639,7.714264411,20.34753699,0.513155547,457
2023-10-01,AE,Nutrition_Diets,1209,0.811029505,3.958688075,3.14765857,7.106346646,20.34950671,0.63904245,560
2023-10-08,AE,Nutrition_Diets,1755,-0.431349554,3.632286961,4.063636516,7.695923477,21.19631664,0.738526239,731
2023-10-15,AE,Nutrition_Diets,1684,-0.800511102,3.708482231,4.508993333,8.217475564,20.31551031,0.527647661,714
2023-10-22,AE,Nutrition_Diets,1300,-0.008807881,3.791745538,3.800553419,7.592298957,19.93322008,0.461525824,589
2023-10-29,AE,Nutrition_Diets,1318,-0.970507364,3.37009506,4.340602424,7.710697484,20.05028614,0.593669813,661
2023-11-05,AE,Nutrition_Diets,1209,0.528473568,3.838058406,3.309584838,7.147643244,20.9630471,0.624469346,559
2023-11-12,AE,Nutrition_Diets,1819,-0.975085266,2.928525426,3.903610692,6.832136118,20.73579834,0.644505124,907
2023-11-19,AE,Nutrition_Diets,1609,-0.045657673,3.428601951,3.474259624,6.902861575,21.1488061,0.48045209,813
2023-11-26,AE,Nutrition_Diets,2846,-0.406148769,3.346942409,3.753091179,7.100033588,21.08261435,0.724126237,1395
2023-12-03,AE,Nutrition_Diets,3543,0.524788956,3.821238205,3.296449249,7.117687454,20.76615786,0.669942116,1511
2023-12-10,AE,Nutrition_Diets,2171,0.520317524,3.750662524,3.230345001,6.981007525,20.94177233,0.712060032,1059
2023-12-17,AE,Nutrition_Diets,1242,0.028988299,3.736331557,3.707343258,7.443674815,21.07977228,0.629312998,555
2023-12-24,AE,Nutrition_Diets,822,0.211306614,3.978784375,3.767477761,7.746262136,21.34576862,0.47193321,471
2023-12-31,AE,Nutrition_Diets,729,0.561401406,4.091820943,3.530419537,7.62224048,20.72164815,0.623203203,400
2024-01-07,AE,Nutrition_Diets,1248,-0.87433699,3.520998316,4.395335306,7.916333622,20.78377124,0.673479189,674
2024-01-14,AE,Nutrition_Diets,947,0.735031014,3.983195707,3.248164693,7.2313604,20.79228123,0.748178062,565
2024-01-21,AE,Nutrition_Diets,732,0.246437133,3.977379621,3.730942488,7.708322109,20.81111603,0.616476057,363
2024-01-28,AE,Nutrition_Diets,1069,0.902203545,4.281162484,3.378958939,7.660121423,20.17082282,0.621654491,501
2024-02-04,AE,Nutrition_Diets,723,0.423686606,4.141472367,3.717785761,7.859258128,20.00421992,0.507976013,311
2024-02-11,AE,Nutrition_Diets,1158,-0.655753595,3.755529777,4.411283372,8.166813149,20.52291357,0.742413638,588
2024-02-18,AE,Nutrition_Diets,1123,-0.173009308,3.69543042,3.868439728,7.563870148,20.71417194,0.560695579,681
2024-02-25,AE,Nutrition_Diets,1205,-0.999844833,3.343378072,4.343222905,7.686600977,20.65056056,0.516835464,599
2024-03-03,AE,Nutrition_Diets,1152,-0.461007265,3.522996982,3.984004247,7.507001229,21.11515529,0.505609272,628
2024-03-10,AE,Nutrition_Diets,847,-0.599807823,3.743369078,4.343176901,8.086545979,21.44427245,0.793368204,472
2024-03-17,AE,Nutrition_Diets,827,0.044782285,3.794583079,3.749800794,7.544383873,20.59205272,0.523366576,411
2024-03-24,AE,Nutrition_Diets,707,0.123734,3.951801293,3.828067292,7.779868585,21.00089085,0.669426033,352
2024-03-31,AE,Nutrition_Diets,830,-0.742522312,3.590988912,4.333511224,7.924500137,20.69113851,0.541312187,464
2024-04-07,AE,Nutrition_Diets,586,0.325844929,3.88282317,3.556978241,7.439801411,21.35797953,0.425686771,390
2024-04-14,AE,Nutrition_Diets,1610,-1.814493431,2.661073667,4.475567098,7.136640765,20.16393148,0.490745401,853
2024-04-21,AE,Nutrition_Diets,861,0.311968449,4.005772998,3.693804549,7.699577547,20.55609837,0.681294746,411
2024-04-28,AE,Nutrition_Diets,911,-0.468526694,3.290686101,3.759212795,7.049898897,20.33836228,0.61325695,522
2024-05-05,AE,Nutrition_Diets,675,0.511757554,4.112580577,3.600823023,7.7134036,21.09637696,0.653287848,327
2024-05-12,AE,Nutrition_Diets,1134,0.670817465,4.047659046,3.376841581,7.424500627,20.01732925,0.642456084,538
2024-05-19,AE,Nutrition_Diets,745,0.078121863,3.817026165,3.738904303,7.555930468,20.69399905,0.506361693,450
2024-05-26,AE,Nutrition_Diets,1094,0.413964898,3.748167847,3.33420295,7.082370797,21.69279749,0.650387215,564
2024-06-02,AE,Nutrition_Diets,1037,-0.224294711,3.224459502,3.448754214,6.673213716,21.37730358,0.596261593,630
2024-06-09,AE,Nutrition_Diets,750,0.245560109,3.974961814,3.729401706,7.70436352,20.99561183,0.73203426,352
2024-06-16,AE,Nutrition_Diets,589,-0.418473662,3.655581114,4.074054776,7.729635889,20.95728493,0.665132299,303
2024-06-23,AE,Nutrition_Diets,777,-1.110805768,3.381959437,4.492765205,7.874724642,20.57470897,0.467014976,431
2024-06-30,AE,Nutrition_Diets,550,0.7024178,4.088867251,3.386449451,7.475316702,21.31048832,0.729353394,312
2024-07-07,AE,Nutrition_Diets,1090,-0.473893789,3.605649804,4.079543592,7.685193396,22.00986108,0.668504578,540
2024-07-14,AE,Nutrition_Diets,615,-0.062494757,3.803279999,3.865774756,7.669054754,20.91886853,0.587162369,327
2024-07-21,AE,Nutrition_Diets,557,0.215886916,4.057351641,3.841464724,7.898816365,20.95090115,0.746133662,293
2024-07-28,AE,Nutrition_Diets,653,0.013233404,4.136986948,4.123753544,8.260740493,20.5649215,0.512952893,316
2024-08-04,AE,Nutrition_Diets,644,-0.995801929,3.624806875,4.620608804,8.245415679,20.8112992,0.526683467,330
2024-08-11,AE,Nutrition_Diets,711,-0.719842183,3.621339101,4.341181285,7.962520386,20.41777007,0.513875481,376
2024-08-18,AE,Nutrition_Diets,734,-0.477960988,3.695591268,4.173552256,7.869143524,21.02800771,0.522130835,375
2024-08-25,AE,Nutrition_Diets,1193,-1.890244302,3.242552687,5.132796989,8.375349676,21.12637858,0.541300197,642
2024-09-01,AE,Nutrition_Diets,904,-0.63981868,3.625079184,4.264897864,7.889977048,20.95628849,0.636010045,514
2024-09-08,AE,Nutrition_Diets,976,-0.739197223,3.71645241,4.455649634,8.172102044,21.32666854,0.536455013,548
2024-09-15,AE,Nutrition_Diets,839,-0.235860226,3.876306971,4.112167198,7.988474169,20.66716537,0.579136445,451
2024-09-22,AE,Nutrition_Diets,755,-0.315071141,3.721454123,4.036525263,7.757979386,20.29944453,0.550059328,402
2024-09-29,AE,Nutrition_Diets,822,-0.420857077,3.873961742,4.294818819,8.168780561,20.37506492,0.747039994,421
2024-10-06,AE,Nutrition_Diets,1080,-0.555790682,3.418861199,3.974651881,7.393513079,21.7009634,0.723178067,655
2024-10-13,AE,Nutrition_Diets,772,0.184775128,3.996679194,3.811904067,7.808583261,20.81480887,0.565646546,398
2024-10-20,AE,Nutrition_Diets,922,-0.554697916,3.777678261,4.332376177,8.110054438,20.4678918,0.559337708,588
2024-10-27,AE,Nutrition_Diets,779,0.297125193,4.221716522,3.924591329,8.146307852,20.73854696,0.518768774,383
2024-11-03,AE,Nutrition_Diets,655,0.5779746,4.181181308,3.603206708,7.784388016,20.42239678,0.703926791,338
2024-11-10,AE,Nutrition_Diets,901,0.047422353,3.816569258,3.769146905,7.585716163,20.61588028,0.623266582,476
2024-11-17,AE,Nutrition_Diets,663,0.659432085,4.170095663,3.510663578,7.680759242,20.73813873,0.641002138,362
2024-11-24,AE,Nutrition_Diets,659,0.939707551,4.327458462,3.387750911,7.715209373,20.4105022,0.558289622,389
2024-12-01,AE,Nutrition_Diets,652,0.192093793,4.111630239,3.919536446,8.031166685,20.94890886,0.495692623,379
2024-12-08,AE,Nutrition_Diets,817,0.277786749,4.119453045,3.841666297,7.961119342,21.09649123,0.598056394,408
2024-12-15,AE,Nutrition_Diets,882,0.147444777,3.952475521,3.805030744,7.757506265,20.57803072,0.601344023,429
2024-12-22,AE,Nutrition_Diets,708,0.329460732,4.216738935,3.887278203,8.104017137,20.0563663,0.431616884,342
2024-12-29,AE,Nutrition_Diets,659,-1.050466316,3.56829839,4.618764706,8.187063097,19.93891702,0.464264657,351
2025-01-05,AE,Nutrition_Diets,693,0.494706022,3.950250766,3.455544744,7.40579551,20.2727431,0.498403679,393
2025-01-12,AE,Nutrition_Diets,880,1.607490391,4.698031198,3.090540807,7.788572006,19.79963286,0.616279267,410
2025-01-19,AE,Nutrition_Diets,806,0.823547852,4.564931546,3.741383694,8.30631524,20.0293567,0.467441923,376
2025-01-26,AE,Nutrition_Diets,1168,0.618356974,4.497440181,3.879083207,8.376523388,20.20911738,0.391085689,572
2025-02-02,AE,Nutrition_Diets,686,1.065472616,4.427808765,3.362336149,7.790144914,20.32677635,0.507419063,346
2025-02-09,AE,Nutrition_Diets,938,0.644428742,4.230617367,3.586188625,7.816805992,21.2474148,0.526037117,485
2025-02-16,AE,Nutrition_Diets,661,1.053580966,4.428968154,3.375387188,7.804355341,20.80190697,0.528782269,324
2025-02-23,AE,Nutrition_Diets,664,0.89545668,4.484665312,3.589208632,8.073873944,20.59908584,0.457724397,329
2025-03-02,AE,Nutrition_Diets,608,0.0726553,4.260340714,4.187685414,8.448026128,20.86631301,0.457963775,307
2025-03-09,AE,Nutrition_Diets,979,-1.910593944,3.308833082,5.219427026,8.528260107,20.77528426,0.421083777,583
2025-03-16,AE,Nutrition_Diets,732,0.20915702,4.298166753,4.089009733,8.387176486,21.34999694,0.569055464,347
2025-03-23,AE,Nutrition_Diets,877,-0.583614995,3.766993946,4.350608941,8.117602887,21.47674547,0.478872091,499
2025-03-30,AE,Nutrition_Diets,586,0.04497219,4.205197483,4.160225293,8.365422775,21.84635966,0.53252784,304
2025-04-06,AE,Nutrition_Diets,728,0.021033627,4.270076881,4.249043255,8.519120136,20.62547385,0.486315635,372
2025-04-13,AE,Nutrition_Diets,1188,-0.252529977,4.216078118,4.468608096,8.684686214,20.13489388,0.492851899,540
2025-04-20,AE,Nutrition_Diets,900,0.068876105,4.272355738,4.203479633,8.475835371,20.42990165,0.638262398,418
2025-04-27,AE,Nutrition_Diets,824,0.087903826,4.05390479,3.966000964,8.019905754,21.34956125,0.500968762,481
2025-05-04,AE,Nutrition_Diets,807,1.08062844,4.403383271,3.322754831,7.726138102,20.17019096,0.50534188,415
2025-05-11,AE,Nutrition_Diets,871,0.336255119,4.408122642,4.071867524,8.479990166,21.23626795,0.508740358,468
2025-05-18,AE,Nutrition_Diets,663,0.687696991,4.450415033,3.762718042,8.213133075,20.65493504,0.508558546,337
2025-05-25,AE,Nutrition_Diets,769,0.012911049,4.036228688,4.023317639,8.059546327,21.10929231,0.515386637,379
2025-06-01,AE,Nutrition_Diets,578,-0.090043908,4.0033337,4.093377609,8.096711309,21.26462195,0.531065797,321
2025-06-08,AE,Nutrition_Diets,643,-0.692084637,3.708284962,4.400369598,8.10865456,21.52766567,0.614091203,388
2025-06-29,AE,Nutrition_Diets,387,-0.138147558,3.97893002,4.117077578,8.096007598,21.59886727,0.504900586,241
2025-07-06,AE,Nutrition_Diets,734,0.411849737,4.085630876,3.673781139,7.759412015,21.50815307,0.573393713,406
2025-07-13,AE,Nutrition_Diets,851,-0.688189858,3.488258294,4.176448152,7.664706446,21.26455022,0.557193003,532
2025-07-20,AE,Nutrition_Diets,815,-0.793503744,3.817611806,4.611115549,8.428727355,21.38428375,0.543674757,387
2025-07-27,AE,Nutrition_Diets,934,-1.160705052,3.695204178,4.85590923,8.551113408,21.58261051,0.458044763,587
2025-08-03,AE,Nutrition_Diets,545,-0.064340158,4.096272975,4.160613132,8.256886107,21.46275662,0.499503033,294
2025-08-10,AE,Nutrition_Diets,520,-0.144553589,4.080243238,4.224796827,8.305040064,21.23713266,0.575013708,276
2025-08-17,AE,Nutrition_Diets,625,-1.061997178,3.937221732,4.99921891,8.936440642,20.51290303,0.410488455,355
2025-08-24,AE,Nutrition_Diets,699,0.213097276,4.057763981,3.844666705,7.902430686,20.28485669,0.472371038,384
2025-08-31,AE,Nutrition_Diets,939,-1.453814858,3.704391471,5.158206329,8.8625978,21.25468602,0.360761966,529
2025-09-07,AE,Nutrition_Diets,711,-1.389132266,3.588076989,4.977209255,8.565286243,21.14953612,0.48866995,449
2025-09-14,AE,Nutrition_Diets,1189,0.942395064,4.444700194,3.502305131,7.947005325,21.78007097,0.71177885,582
2025-09-21,AE,Nutrition_Diets,533,0.642574567,4.370028252,3.727453685,8.097481938,20.7427836,0.572885381,283
2025-09-28,AE,Nutrition_Diets,908,-1.015770276,3.490794959,4.506565235,7.997360195,20.80196394,0.827352344,535
2025-10-05,AE,Nutrition_Diets,617,0.294521935,4.324208593,4.029686658,8.35389525,21.08013415,0.564357605,308
2025-10-12,AE,Nutrition_Diets,591,1.052534241,4.673496965,3.620962724,8.294459689,20.62680054,0.548662306,322
2025-10-19,AE,Nutrition_Diets,713,-0.117338007,4.03311924,4.150457247,8.183576486,20.95767156,0.436735817,354
2025-10-26,AE,Nutrition_Diets,670,0.347465074,4.299843461,3.952378387,8.252221848,20.72947501,0.637079593,333
2025-11-02,AE,Nutrition_Diets,747,0.123209515,4.144126266,4.020916751,8.165043016,20.36437803,0.542488806,391
2025-11-09,AE,Nutrition_Diets,724,0.655176672,4.510663271,3.855486599,8.36614987,20.93867476,0.46228775,405
2025-11-16,AE,Nutrition_Diets,1016,-0.173389916,3.688376245,3.861766161,7.550142406,22.77373061,0.443293062,466
2025-11-23,AE,Nutrition_Diets,559,1.277588268,4.515830323,3.238242054,7.754072377,20.79058094,0.530277985,290
2025-11-30,AE,Nutrition_Diets,571,0.346941623,4.29090853,3.943966907,8.234875438,20.6627903,0.497638098,371
2025-12-07,AE,Nutrition_Diets,637,1.225140372,4.67128373,3.446143358,8.117427088,20.40562549,0.597694312,348
2025-12-14,AE,Nutrition_Diets,633,1.025912565,4.764124202,3.738211637,8.502335839,20.4787492,0.504061627,350
2025-12-21,AE,Nutrition_Diets,561,0.027037971,4.350487678,4.323449707,8.673937384,20.14771356,0.412744558,309
2025-12-28,AE,Nutrition_Diets,705,-0.909292627,3.801761697,4.711054325,8.512816022,20.35120331,0.254735422,445
2026-01-04,AE,Nutrition_Diets,525,0.283181793,4.28826697,4.005085177,8.293352148,21.29318866,0.393974099,255
2026-01-11,AE,Nutrition_Diets,689,0.991299954,4.426238527,3.434938573,7.8611771,20.49635477,0.598370439,348
2026-01-18,AE,Nutrition_Diets,766,0.775049189,4.462760992,3.687711803,8.150472795,20.19283078,0.452512365,443
2026-01-25,AE,Nutrition_Diets,620,0.95648474,4.351445286,3.394960546,7.746405831,21.0249733,0.475917612,349
2026-02-01,AE,Nutrition_Diets,896,-0.27148224,4.010458729,4.281940969,8.292399698,20.89817637,0.556548913,494
2026-02-08,AE,Nutrition_Diets,848,0.343532705,4.366874188,4.023341483,8.390215671,20.11693349,0.369897706,388
2026-02-15,AE,Nutrition_Diets,534,0.71003713,4.42676638,3.716729251,8.143495631,20.58874622,0.492343458,280
2026-02-22,AE,Nutrition_Diets,797,-0.725320719,3.488210043,4.213530762,7.701740805,21.24338544,0.510142551,459
2026-03-01,AE,Nutrition_Diets,3161,-3.00804123,2.271933186,5.279974416,7.551907602,21.85425616,0.89348736,1264
2026-03-08,AE,Nutrition_Diets,2374,-2.90533558,2.702413258,5.607748838,8.310162095,21.44425822,0.591136461,1253
2026-03-15,AE,Nutrition_Diets,1975,-2.906303263,2.628626997,5.53493026,8.163557257,21.35486853,0.546642926,966
2026-03-22,AE,Nutrition_Diets,893,-2.597042622,2.880412898,5.47745552,8.357868418,21.12374383,0.551047917,500
2026-03-29,AE,Nutrition_Diets,1301,-3.051584749,2.699371542,5.750956291,8.450327833,21.18081397,0.573724861,618
2026-04-05,AE,Nutrition_Diets,876,-2.241687079,3.121829787,5.363516866,8.485346653,21.63994919,0.492784509,481
2026-04-12,AE,Nutrition_Diets,908,-2.079131062,3.655329645,5.734460707,9.389790351,21.71111572,0.465157734,497
2026-04-19,AE,Nutrition_Diets,784,-1.372724297,3.184880465,4.557604763,7.742485228,21.98896712,0.687427325,432
2026-04-26,AE,Nutrition_Diets,906,-0.200354693,3.273684506,3.474039199,6.747723705,20.61408672,0.378078983,539
2026-05-03,AE,Nutrition_Diets,1051,-1.98827025,3.368698424,5.356968674,8.725667098,20.4229272,0.601039226,542
2026-05-10,AE,Nutrition_Diets,773,-1.314463211,3.482241718,4.796704929,8.278946647,21.08444421,0.390430771,416
2026-05-17,AE,Nutrition_Diets,1025,-1.012248192,3.605780284,4.618028476,8.22380876,20.73520484,0.402808067,496
2026-05-24,AE,Nutrition_Diets,516,-0.439787834,3.603030506,4.04281834,7.645848846,20.71365527,0.409539803,308
2026-05-31,AE,Nutrition_Diets,600,-0.76640065,3.812784112,4.579184763,8.391968875,21.08077452,0.506483735,322
2026-06-07,AE,Nutrition_Diets,842,-1.550010974,3.464936323,5.014947298,8.479883621,21.10147957,0.490092049,530
2026-06-14,AE,Nutrition_Diets,684,-0.217485326,3.776588075,3.994073401,7.770661476,21.42790408,0.273555995,406
2026-06-21,AE,Nutrition_Diets,638,0.296836812,4.222709791,3.925872979,8.14858277,21.04346668,0.737955627,378
2026-06-28,AE,Nutrition_Diets,499,0.007716785,4.111343416,4.103626631,8.214970047,21.02297619,0.461451657,277
2026-07-05,AE,Nutrition_Diets,458,0.757338489,4.46360892,3.706270431,8.16987935,20.59013186,0.561246479,245
2026-07-12,AE,Nutrition_Diets,486,0.708698438,4.3101415,3.601443062,7.911584562,20.75100279,0.498988267,258
2026-07-19,AE,Nutrition_Diets,537,0.018170404,3.904192898,3.886022495,7.790215393,21.62225379,0.499432186,238
2026-07-26,AE,Nutrition_Diets,638,-0.514364887,3.597688107,4.112052994,7.709741101,22.14131614,0.606594424,279
2026-08-02,AE,Nutrition_Diets,792,-1.546412654,3.432271741,4.978684395,8.410956136,21.74171647,0.605990015,352
2026-08-09,AE,Nutrition_Diets,874,-2.996215758,2.857958706,5.854174465,8.712133171,21.48004274,0.605538903,445
2026-08-16,AE,Nutrition_Diets,626,-1.627486553,3.447410981,5.074897534,8.522308515,22.50561487,0.729581285,275
2026-08-23,AE,Nutrition_Diets,173,-0.747732499,3.645644007,4.393376505,8.039020512,21.49380298,0.533117577,99
2023-01-01,AU,Fashion_Beauty,172,-1.462470347,2.71910946,4.181579806,6.900689266,19.96398706,0.394379565,144
2023-01-08,AU,Fashion_Beauty,188,0.046301955,3.168987147,3.122685191,6.291672338,22.43299357,0.522700719,135
2023-01-15,AU,Fashion_Beauty,204,-0.511799251,2.794547993,3.306347244,6.100895237,22.15774064,0.567889591,121
2023-01-22,AU,Fashion_Beauty,187,-0.523201778,3.078653726,3.601855504,6.68050923,21.56218193,0.580143471,117
2023-01-29,AU,Fashion_Beauty,218,-0.528249381,3.071757872,3.600007252,6.671765124,21.386919,0.537655166,157
2023-02-05,AU,Fashion_Beauty,190,0.34301772,3.207202842,2.864185122,6.071387964,22.4842625,0.585140188,143
2023-02-12,AU,Fashion_Beauty,229,0.008752808,3.077656229,3.068903421,6.14655965,22.21871292,0.615130764,156
2023-02-19,AU,Fashion_Beauty,190,-0.236144622,2.798149021,3.034293643,5.832442664,21.74124063,0.651658989,141
2023-02-26,AU,Fashion_Beauty,258,-0.101158758,3.514606972,3.615765729,7.130372701,21.60894928,0.643959655,202
2023-03-05,AU,Fashion_Beauty,401,-0.453193969,2.861047158,3.314241128,6.175288286,21.66915546,0.461457895,292
2023-03-12,AU,Fashion_Beauty,221,0.710716807,3.482670745,2.771953938,6.254624683,22.67782753,0.524573072,143
2023-03-19,AU,Fashion_Beauty,250,0.427329122,3.169973565,2.742644443,5.912618009,21.78903462,0.587009863,179
2023-03-26,AU,Fashion_Beauty,337,-0.115962278,2.948631478,3.064593755,6.013225233,21.27164457,0.671918955,223
2023-04-02,AU,Fashion_Beauty,375,-0.687772088,3.044502353,3.732274441,6.776776794,21.31142358,0.609360768,235
2023-04-09,AU,Fashion_Beauty,262,0.37673354,3.328018366,2.951284826,6.279303191,21.70599797,0.505467862,165
2023-04-16,AU,Fashion_Beauty,470,-1.281767456,2.741156066,4.022923522,6.764079587,21.9254418,0.495123205,270
2023-04-23,AU,Fashion_Beauty,507,0.405093943,3.116770252,2.711676309,5.828446561,22.54932414,0.609877422,285
2023-04-30,AU,Fashion_Beauty,358,0.068687174,2.960041183,2.891354009,5.851395193,22.05393649,0.543531507,225
2023-05-07,AU,Fashion_Beauty,518,-0.030878482,2.897261889,2.928140371,5.825402261,22.22531518,0.641888251,272
2023-05-14,AU,Fashion_Beauty,391,0.042542444,3.165152993,3.122610548,6.287763541,21.6036548,0.521455084,246
2023-05-21,AU,Fashion_Beauty,393,0.060373244,2.826638543,2.766265299,5.592903842,21.31186317,0.625428464,234
2023-05-28,AU,Fashion_Beauty,393,0.523798451,3.269761839,2.745963389,6.015725228,21.35653507,0.60817474,264
2023-06-04,AU,Fashion_Beauty,487,0.052534893,3.372667502,3.320132609,6.692800111,22.13977535,0.626370068,309
2023-06-11,AU,Fashion_Beauty,392,0.488877317,3.256077677,2.76720036,6.023278036,21.72214641,0.537950558,275
2023-06-18,AU,Fashion_Beauty,424,0.096780306,3.379009222,3.282228916,6.661238138,21.72877094,0.634397192,250
2023-06-25,AU,Fashion_Beauty,653,0.655902668,3.20922865,2.553325982,5.762554632,21.84376804,0.660195092,415
2023-07-02,AU,Fashion_Beauty,747,0.016401822,3.100670652,3.08426883,6.184939482,22.39758005,0.76750398,439
2023-07-09,AU,Fashion_Beauty,419,-0.263064664,3.269997819,3.533062484,6.803060303,22.70861355,0.597404044,263
2023-07-16,AU,Fashion_Beauty,447,-0.085174844,3.20974062,3.294915463,6.504656083,21.24350836,0.576646776,279
2023-07-23,AU,Fashion_Beauty,417,0.972449676,3.622352952,2.649903276,6.272256228,20.88356029,0.430191461,247
2023-07-30,AU,Fashion_Beauty,313,-0.005083677,3.091185371,3.096269048,6.187454418,21.67054562,0.598689289,213
2023-08-06,AU,Fashion_Beauty,268,-0.132424622,3.063769615,3.196194237,6.259963853,22.04354333,0.59778185,191
2023-08-13,AU,Fashion_Beauty,364,0.345347992,3.396566174,3.051218182,6.447784356,21.82635788,0.676836654,226
2023-08-20,AU,Fashion_Beauty,402,0.553588057,3.352647938,2.799059881,6.151707819,21.90160618,0.770428782,261
2023-08-27,AU,Fashion_Beauty,546,-0.203882378,2.973488834,3.177371212,6.150860046,21.40750226,0.717598455,328
2023-09-03,AU,Fashion_Beauty,350,0.782923565,3.558413925,2.77549036,6.333904285,21.18809633,0.459267929,242
2023-09-10,AU,Fashion_Beauty,452,0.244291064,3.109978651,2.865687587,5.975666238,21.56986606,0.626709284,243
2023-09-17,AU,Fashion_Beauty,564,0.402078649,3.463478079,3.06139943,6.524877509,22.0526795,0.46076513,370
2023-09-24,AU,Fashion_Beauty,742,-0.756620451,2.930594335,3.687214786,6.617809121,21.30310542,0.454503217,436
2023-10-01,AU,Fashion_Beauty,605,-0.740313042,3.172901331,3.913214373,7.086115704,20.56567466,0.564723175,375
2023-10-08,AU,Fashion_Beauty,424,-0.250393708,3.101819508,3.352213216,6.454032724,21.20719267,0.620503378,282
2023-10-15,AU,Fashion_Beauty,478,-0.597104073,2.944873488,3.541977562,6.48685105,21.33781889,0.619385915,301
2023-10-22,AU,Fashion_Beauty,429,-0.219370041,3.190036355,3.409406396,6.599442751,22.13928898,0.66892748,319
2023-10-29,AU,Fashion_Beauty,365,-0.003519571,3.260575099,3.26409467,6.524669769,21.7635393,0.609545389,239
2023-11-05,AU,Fashion_Beauty,427,0.093141162,3.152932673,3.059791511,6.212724184,21.96475242,0.539642618,265
2023-11-12,AU,Fashion_Beauty,498,0.566209773,3.397123211,2.830913438,6.228036649,22.14251711,0.630304899,317
2023-11-19,AU,Fashion_Beauty,461,-0.006320511,3.094741996,3.101062507,6.195804503,21.65597567,0.525093813,275
2023-11-26,AU,Fashion_Beauty,506,0.246485487,3.271323793,3.024838306,6.296162099,21.62249441,0.630103523,323
2023-12-03,AU,Fashion_Beauty,509,0.463117353,3.294162737,2.831045384,6.12520812,21.87209061,0.712120786,320
2023-12-10,AU,Fashion_Beauty,526,0.832885119,3.397210247,2.564325127,5.961535374,22.45269302,0.624080673,309
2023-12-17,AU,Fashion_Beauty,430,-0.98886217,2.987683167,3.976545337,6.964228503,21.68410182,0.517133865,301
2023-12-24,AU,Fashion_Beauty,460,0.509557882,3.32640889,2.816851007,6.143259897,20.92574274,0.412106877,317
2023-12-31,AU,Fashion_Beauty,587,0.176631091,2.882132787,2.705501696,5.587634483,20.52449814,0.385308209,404
2024-01-07,AU,Fashion_Beauty,297,0.495328608,3.246343561,2.751014953,5.997358514,21.850886,0.612748172,211
2024-01-14,AU,Fashion_Beauty,364,0.022338561,3.163665982,3.141327421,6.304993403,22.09596948,0.49852532,245
2024-01-21,AU,Fashion_Beauty,319,0.475456694,3.283590297,2.808133603,6.0917239,21.33475757,0.551044832,218
2024-01-28,AU,Fashion_Beauty,503,-0.77638541,3.089718306,3.866103716,6.955822022,21.64867419,0.590868604,343
2024-02-04,AU,Fashion_Beauty,451,0.242861552,3.358746468,3.115884915,6.474631383,21.86590057,0.584202917,267
2024-02-11,AU,Fashion_Beauty,350,0.50935401,3.495116321,2.985762311,6.480878631,21.24468729,0.515649987,220
2024-02-18,AU,Fashion_Beauty,393,-0.26597891,3.103644497,3.369623407,6.473267904,21.27627093,0.501145512,267
2024-02-25,AU,Fashion_Beauty,455,0.49269346,3.171855716,2.679162256,5.851017973,21.61634765,0.599707075,275
2024-03-03,AU,Fashion_Beauty,526,0.387144221,3.389225343,3.002081123,6.391306466,21.88831671,0.537980639,327
2024-03-10,AU,Fashion_Beauty,558,0.445265663,3.199256186,2.753990524,5.95324671,21.09337366,0.537062093,355
2024-03-17,AU,Fashion_Beauty,465,-0.129689822,3.112761882,3.242451704,6.355213587,21.79302015,0.501507067,274
2024-03-24,AU,Fashion_Beauty,434,0.145760995,3.145942284,3.000181289,6.146123573,21.99423778,0.754257045,298
2024-03-31,AU,Fashion_Beauty,431,0.131853062,3.261465613,3.129612551,6.391078164,20.86171992,0.664666402,274
2024-04-07,AU,Fashion_Beauty,517,0.169571476,3.349939788,3.180368312,6.5303081,21.54488965,0.712405086,350
2024-04-14,AU,Fashion_Beauty,459,0.501359114,3.384469524,2.88311041,6.267579934,21.7581797,0.646750996,265
2024-04-21,AU,Fashion_Beauty,431,0.279614011,3.11730638,2.837692369,5.954998748,21.37548623,0.548145631,288
2024-04-28,AU,Fashion_Beauty,389,0.288185586,3.312161214,3.023975628,6.336136842,21.2301785,0.628087659,273
2024-05-05,AU,Fashion_Beauty,409,-0.796269143,3.013875411,3.810144553,6.824019964,20.90002044,0.467520187,280
2024-05-12,AU,Fashion_Beauty,451,0.043045017,3.007521973,2.964476956,5.97199893,20.98166951,0.521722148,280
2024-05-19,AU,Fashion_Beauty,568,-1.500673269,2.970213817,4.470887086,7.441100903,21.22073394,0.544788486,381
2024-05-26,AU,Fashion_Beauty,523,-0.80171296,2.973568749,3.775281708,6.748850457,20.29479082,0.567697771,317
2024-06-02,AU,Fashion_Beauty,490,0.021365627,3.011739642,2.990374015,6.002113657,20.40894474,0.524951833,327
2024-06-09,AU,Fashion_Beauty,417,-0.39618385,2.979276203,3.375460053,6.354736257,21.20102349,0.467408871,279
2024-06-16,AU,Fashion_Beauty,398,0.026012082,3.19853,3.172517917,6.371047917,21.24733918,0.591893051,299
2024-06-23,AU,Fashion_Beauty,836,-0.515826956,2.880129996,3.395956952,6.276086948,22.47780262,0.722949635,451
2024-06-30,AU,Fashion_Beauty,724,1.047883852,3.665945921,2.618062069,6.28400799,21.32946598,0.864184166,431
2024-07-07,AU,Fashion_Beauty,465,0.435208162,3.374977036,2.939768873,6.314745909,21.40759677,0.791788113,326
2024-07-14,AU,Fashion_Beauty,341,0.096168994,2.924634485,2.82846549,5.753099975,20.80240848,0.623991296,242
2024-07-21,AU,Fashion_Beauty,284,-0.03047165,3.124937023,3.155408673,6.280345697,21.81782582,0.472216095,201
2024-07-28,AU,Fashion_Beauty,312,1.935556507,4.557647466,2.622090959,7.179738425,20.930228,0.356409996,201
2024-08-04,AU,Fashion_Beauty,538,-0.65289363,3.35631565,4.00920928,7.36552493,21.27080587,0.655718629,311
2024-08-11,AU,Fashion_Beauty,475,-0.165967109,3.170513595,3.336480704,6.5069943,22.03523789,0.432876298,245
2024-08-18,AU,Fashion_Beauty,466,-0.225922742,2.935334957,3.161257699,6.096592656,21.94177672,0.479456334,298
2024-08-25,AU,Fashion_Beauty,455,0.263276959,3.024233463,2.760956504,5.785189967,22.61900978,0.527915801,238
2024-09-01,AU,Fashion_Beauty,387,0.000447389,2.957664573,2.957217184,5.914881756,21.03408044,0.504340939,257
2024-09-08,AU,Fashion_Beauty,467,-0.768101056,2.903289237,3.671390293,6.57467953,21.10693742,0.553685081,324
2024-09-15,AU,Fashion_Beauty,388,0.155189544,3.214546733,3.059357189,6.273903922,21.00458761,0.510432931,259
2024-09-22,AU,Fashion_Beauty,329,-0.094961835,3.320982363,3.415944198,6.736926561,20.93287447,0.545636884,215
2024-09-29,AU,Fashion_Beauty,401,0.047272539,3.422449134,3.375176594,6.797625728,21.1640953,0.546167021,276
2024-10-06,AU,Fashion_Beauty,347,0.072387863,3.298696443,3.22630858,6.525005023,21.31057419,0.676710035,232
2024-10-13,AU,Fashion_Beauty,556,-0.337105155,2.91213644,3.249241595,6.161378036,23.09266396,0.587989035,355
2024-10-20,AU,Fashion_Beauty,396,-0.907974033,2.920385302,3.828359336,6.748744638,21.12673674,0.473405214,275
2024-10-27,AU,Fashion_Beauty,472,-1.132369181,2.951456116,4.083825297,7.035281413,21.33287553,0.447592156,267
2024-11-03,AU,Fashion_Beauty,433,0.112589313,3.260695314,3.148106001,6.408801315,21.1769739,0.825510319,307
2024-11-10,AU,Fashion_Beauty,393,0.570731423,3.400540694,2.82980927,6.230349964,21.4546659,0.821252922,256
2024-11-17,AU,Fashion_Beauty,344,0.610724023,3.513621021,2.902896998,6.416518019,20.90295922,0.719335849,221
2024-11-24,AU,Fashion_Beauty,502,0.060951788,3.252066249,3.191114461,6.443180709,21.04281166,0.494632981,300
2024-12-01,AU,Fashion_Beauty,500,-0.075354926,3.453331086,3.528686012,6.982017098,21.13634245,0.537064539,333
2024-12-08,AU,Fashion_Beauty,436,0.696493268,3.479006555,2.782513287,6.261519842,20.69490878,0.523797387,271
2024-12-15,AU,Fashion_Beauty,446,0.445911522,3.149946981,2.704035459,5.85398244,21.06486945,0.529975685,315
2024-12-22,AU,Fashion_Beauty,173,1.159762676,3.699433422,2.539670747,6.239104169,21.35753891,0.617207507,137
2024-12-29,AU,Fashion_Beauty,268,0.608558625,3.136755801,2.528197177,5.664952978,20.72906953,0.557131184,190
2025-01-05,AU,Fashion_Beauty,275,0.43655765,3.457181619,3.020623969,6.477805588,21.30498488,0.541903076,190
2025-01-12,AU,Fashion_Beauty,495,0.197423964,3.161909101,2.964485136,6.126394237,21.92880673,0.577802553,342
2025-01-19,AU,Fashion_Beauty,440,-0.295097803,3.09960635,3.394704152,6.494310502,21.19246925,0.504340909,235
2025-01-26,AU,Fashion_Beauty,409,0.464126799,3.425537692,2.961410893,6.386948585,20.79568326,0.626418415,263
2025-02-02,AU,Fashion_Beauty,313,0.335776647,3.056790662,2.721014015,5.777804677,21.21111771,0.580053149,211
2025-02-09,AU,Fashion_Beauty,424,-0.588986913,3.103473102,3.692460015,6.795933118,21.00136957,0.58940544,254
2025-02-16,AU,Fashion_Beauty,436,-0.991566697,3.007537539,3.999104236,7.006641774,21.16116896,0.592680166,254
2025-02-23,AU,Fashion_Beauty,453,0.639492793,3.43591039,2.796417598,6.232327988,21.3814059,0.548534263,269
2025-03-02,AU,Fashion_Beauty,331,0.629557783,3.417370348,2.787812565,6.205182913,21.38178995,0.597365273,204
2025-03-09,AU,Fashion_Beauty,327,0.512968939,3.611827053,3.098858113,6.710685166,22.10691856,0.607934503,223
2025-03-16,AU,Fashion_Beauty,328,0.306940301,3.442406731,3.13546643,6.577873161,21.79550971,0.612801978,205
2025-03-23,AU,Fashion_Beauty,394,0.638084428,3.58952797,2.951443542,6.540971511,21.45791652,0.699350044,221
2025-03-30,AU,Fashion_Beauty,427,-0.181362452,3.273169405,3.454531857,6.727701262,21.70309114,0.64538903,232
2025-04-06,AU,Fashion_Beauty,371,-0.153585034,3.161645863,3.315230896,6.476876759,21.59247353,0.662521466,218
2025-04-13,AU,Fashion_Beauty,435,-0.68055122,2.605639146,3.286190367,5.891829513,21.59750296,0.674642002,275
2025-04-20,AU,Fashion_Beauty,333,0.22633851,3.363373144,3.137034635,6.500407779,21.72286008,0.636254095,184
2025-04-27,AU,Fashion_Beauty,403,0.355931417,3.395314514,3.039383097,6.434697611,21.56939233,0.514024413,248
2025-05-04,AU,Fashion_Beauty,436,0.150467284,3.297202167,3.146734884,6.443937051,21.44915665,0.651509277,287
2025-05-11,AU,Fashion_Beauty,603,-0.164229349,3.083759643,3.247988992,6.331748635,21.50351932,0.571789728,359
2025-05-18,AU,Fashion_Beauty,1582,-1.227325538,2.942050667,4.169376206,7.111426873,21.11569587,0.616466263,797
2025-05-25,AU,Fashion_Beauty,495,-0.482942635,3.053402761,3.536345396,6.589748158,20.84115756,0.533416638,311
2025-06-01,AU,Fashion_Beauty,478,0.295759095,3.399660768,3.103901673,6.503562441,21.37101678,0.652016434,294
2025-06-08,AU,Fashion_Beauty,401,-0.169932998,3.150354943,3.320287941,6.470642884,21.09352797,0.545776655,261
2025-06-29,AU,Fashion_Beauty,267,0.052971717,3.371284645,3.318312929,6.689597574,21.37663914,0.588535365,157
2025-07-06,AU,Fashion_Beauty,566,-0.448898396,3.254215031,3.703113427,6.957328458,21.40869552,0.557238071,326
2025-07-13,AU,Fashion_Beauty,425,-0.113557712,3.253346702,3.366904414,6.620251116,21.62201233,0.488021634,283
2025-07-20,AU,Fashion_Beauty,437,0.668531777,3.370739159,2.702207381,6.07294654,21.58858382,0.602757618,266
2025-07-27,AU,Fashion_Beauty,419,-0.185963303,3.19219961,3.378162913,6.570362524,21.42693487,0.600533481,266
2025-08-03,AU,Fashion_Beauty,377,-0.849620012,2.909301774,3.758921786,6.668223559,22.00699846,0.699320306,217
2025-08-10,AU,Fashion_Beauty,441,0.122104897,3.441183022,3.319078125,6.760261146,21.43161224,0.517115916,279
2025-08-17,AU,Fashion_Beauty,489,0.335785052,3.560266454,3.224481402,6.784747856,22.16887602,0.39132976,287
2025-08-24,AU,Fashion_Beauty,399,-0.146709273,3.187946155,3.334655428,6.522601583,21.37290565,0.6125896,244
2025-08-31,AU,Fashion_Beauty,386,0.270898854,3.108627546,2.837728692,5.946356239,21.69119561,0.653212721,236
2025-09-07,AU,Fashion_Beauty,793,-1.54018441,2.531292806,4.071477216,6.602770022,21.26596217,0.482173104,469
2025-09-14,AU,Fashion_Beauty,882,-1.313822559,2.568833555,3.882656114,6.451489668,21.36784457,0.519565092,513
2025-09-21,AU,Fashion_Beauty,474,-0.444585981,3.07369835,3.518284331,6.591982681,21.23368481,0.595417203,309
2025-09-28,AU,Fashion_Beauty,485,-0.231113676,3.125805402,3.356919078,6.482724479,21.22968031,0.510727198,283
2025-10-05,AU,Fashion_Beauty,509,-0.525390876,3.088301768,3.613692644,6.701994411,21.08803454,0.452330842,301
2025-10-12,AU,Fashion_Beauty,484,-0.332700511,3.115038357,3.447738868,6.562777226,22.02925313,0.458406385,303
2025-10-19,AU,Fashion_Beauty,404,-0.164929318,3.339973752,3.50490307,6.844876822,21.36306891,0.606537821,236
2025-10-26,AU,Fashion_Beauty,418,-0.256803365,3.182212618,3.439015983,6.6212286,21.54847002,0.544277819,231
2025-11-02,AU,Fashion_Beauty,422,-0.131796414,3.169234853,3.301031267,6.47026612,21.43536727,0.714453019,252
2025-11-09,AU,Fashion_Beauty,478,-0.008653652,3.504162207,3.512815859,7.016978067,21.68705968,0.545482841,261
2025-11-16,AU,Fashion_Beauty,598,0.068610326,3.331652872,3.263042546,6.594695418,21.59953391,0.499548014,401
2025-11-23,AU,Fashion_Beauty,500,0.10390711,3.355072171,3.251165061,6.606237231,21.05380203,0.634287857,272
2025-11-30,AU,Fashion_Beauty,1109,-0.812412896,2.812846819,3.625259715,6.438106534,21.23750382,0.448859479,675
2025-12-07,AU,Fashion_Beauty,588,0.106681392,3.499686946,3.393005554,6.8926925,21.44452928,0.509511313,354
2025-12-14,AU,Fashion_Beauty,447,0.43961986,3.448116251,3.008496391,6.456612642,21.65270775,0.59353582,241
2025-12-21,AU,Fashion_Beauty,239,1.015643247,3.762086452,2.746443205,6.508529657,21.24050292,0.528369046,179
2025-12-28,AU,Fashion_Beauty,284,0.221188851,3.361633001,3.14044415,6.502077152,21.44110549,0.482156963,177
2026-01-04,AU,Fashion_Beauty,245,0.714264366,3.484125923,2.769861556,6.253987479,21.81064171,0.497203591,164
2026-01-11,AU,Fashion_Beauty,450,0.027959746,3.323210725,3.295250978,6.618461703,21.44246188,0.448682459,222
2026-01-18,AU,Fashion_Beauty,375,-0.51846116,3.160743388,3.679204548,6.839947935,22.15978082,0.496211646,201
2026-01-25,AU,Fashion_Beauty,352,0.55938601,3.562960521,3.003574511,6.566535032,20.92462956,0.551888498,227
2026-02-01,AU,Fashion_Beauty,396,0.772394417,3.358392045,2.585997628,5.944389672,22.39390757,0.717002791,221
2026-02-08,AU,Fashion_Beauty,430,0.452657525,3.567863121,3.115205596,6.683068716,21.18498706,0.513277776,278
2026-02-15,AU,Fashion_Beauty,487,-1.217705376,2.93595078,4.153656155,7.089606935,21.69098614,0.471268596,294
2026-02-22,AU,Fashion_Beauty,447,-0.332248244,3.252742743,3.584990987,6.83773373,21.52974096,0.587316295,284
2026-03-01,AU,Fashion_Beauty,386,0.320579793,3.372294855,3.051715062,6.424009917,21.61369291,0.621794191,251
2026-03-08,AU,Fashion_Beauty,646,-0.265610397,3.012903614,3.278514011,6.291417625,22.15340601,0.398465288,311
2026-03-15,AU,Fashion_Beauty,626,-0.683852281,2.989551209,3.67340349,6.6629547,23.07051649,0.485767968,310
2026-03-22,AU,Fashion_Beauty,602,-0.448655153,3.017435122,3.466090275,6.483525397,22.70690261,0.38192427,329
2026-03-29,AU,Fashion_Beauty,688,-0.852946119,2.776094159,3.629040278,6.405134437,23.3672614,0.39330352,350
2026-04-05,AU,Fashion_Beauty,319,-1.043803504,2.924708501,3.968512005,6.893220506,21.34877097,0.411497645,220
2026-04-12,AU,Fashion_Beauty,403,0.226357926,3.452944631,3.226586705,6.679531336,22.52915753,0.46284394,227
2026-04-19,AU,Fashion_Beauty,464,-0.772486577,2.917264362,3.68975094,6.607015302,21.6703536,0.570347152,313
2026-04-26,AU,Fashion_Beauty,394,-0.252405077,3.376190242,3.628595319,7.004785562,21.36861916,0.433720961,276
2026-05-03,AU,Fashion_Beauty,442,0.315517667,3.41973986,3.104222193,6.523962053,21.34386968,0.493257274,256
2026-05-10,AU,Fashion_Beauty,866,-0.467588707,2.989297358,3.456886066,6.446183424,21.34230046,0.492087096,516
2026-05-17,AU,Fashion_Beauty,625,-0.31040192,3.206763407,3.517165327,6.723928735,20.98223478,0.554643998,349
2026-05-24,AU,Fashion_Beauty,367,-0.929458445,3.161316022,4.090774467,7.25209049,21.87019746,0.407848184,237
2026-05-31,AU,Fashion_Beauty,335,0.087680284,3.442813635,3.355133351,6.797946986,20.74102786,0.394730366,223
2026-06-07,AU,Fashion_Beauty,360,0.426590099,3.402746755,2.976156656,6.378903411,21.37911292,0.44458636,239
2026-06-14,AU,Fashion_Beauty,449,0.681711023,3.567181722,2.885470699,6.452652421,21.35885321,0.435510241,294
2026-06-21,AU,Fashion_Beauty,503,0.493934333,3.291968296,2.798033963,6.090002259,21.94012472,0.511382417,279
2026-06-28,AU,Fashion_Beauty,633,0.278894063,3.438931648,3.160037584,6.598969232,21.72548203,0.36928339,358
2026-07-05,AU,Fashion_Beauty,418,0.382233897,3.637978373,3.255744476,6.89372285,21.38402064,0.489596244,258
2026-07-12,AU,Fashion_Beauty,355,0.60983509,3.596720814,2.986885723,6.583606537,21.22857076,0.430495465,231
2026-07-19,AU,Fashion_Beauty,295,-0.005487753,3.195637035,3.201124788,6.396761823,21.58399853,0.445455765,184
2026-07-26,AU,Fashion_Beauty,614,-1.612205343,2.725465499,4.337670841,7.06313634,20.8160099,0.542036703,429
2026-08-02,AU,Fashion_Beauty,558,-1.458014519,2.79447671,4.252491229,7.046967939,21.0909641,0.438560966,366
2026-08-09,AU,Fashion_Beauty,383,-0.857573611,2.828247151,3.685820762,6.514067913,22.20673313,0.404694531,225
2026-08-16,AU,Fashion_Beauty,305,-0.786374211,2.992571991,3.778946202,6.771518193,22.35650137,0.408607593,195
2026-08-23,AU,Fashion_Beauty,135,-0.000599909,3.064646475,3.065246384,6.129892859,22.01017828,0.523642128,115
2023-01-01,AU,Fitness_Wearables,13,0.996642081,3.453066521,2.45642444,5.909490961,21.07865747,0.929115254,13
2023-01-08,AU,Fitness_Wearables,28,0.869913157,3.042585346,2.172672189,5.215257536,22.70417143,0.772757223,19
2023-01-15,AU,Fitness_Wearables,71,0.514001356,2.668912338,2.154910982,4.82382332,24.17049786,0.750024321,54
2023-01-22,AU,Fitness_Wearables,75,-1.188248674,2.946253383,4.134502056,7.080755439,19.22034663,0.403172532,57
2023-01-29,AU,Fitness_Wearables,21,1.50958684,3.971107137,2.461520297,6.432627433,19.89746505,0.486287116,18
2023-02-05,AU,Fitness_Wearables,26,-0.748352321,2.814883447,3.563235767,6.378119214,20.99553722,0.636932356,22
2023-02-12,AU,Fitness_Wearables,26,0.229187979,3.097798326,2.868610347,5.966408673,22.14606371,0.612823915,21
2023-02-19,AU,Fitness_Wearables,19,1.061049664,2.91504849,1.853998826,4.769047315,22.04800864,0.551542457,14
2023-02-26,AU,Fitness_Wearables,30,0.087924398,3.061631246,2.973706848,6.035338095,22.90699884,0.69170834,22
2023-03-05,AU,Fitness_Wearables,29,1.848603828,3.573219386,1.724615558,5.297834944,21.19709906,0.728880086,21
2023-03-12,AU,Fitness_Wearables,32,1.713487763,3.484663537,1.771175774,5.255839311,22.93609598,0.674324065,30
2023-03-19,AU,Fitness_Wearables,43,2.393763249,4.311930092,1.918166843,6.230096934,20.95679009,1.339719191,32
2023-03-26,AU,Fitness_Wearables,53,0.606502332,3.121579476,2.515077144,5.636656621,20.9500978,0.872140985,40
2023-04-02,AU,Fitness_Wearables,32,1.000636357,3.288308989,2.287672632,5.57598162,22.18224947,0.909772865,25
2023-04-09,AU,Fitness_Wearables,54,0.906944457,3.589574703,2.682630247,6.27220495,21.04216439,0.608035021,39
2023-04-16,AU,Fitness_Wearables,59,1.639420702,3.641310368,2.001889666,5.643200035,19.50987453,0.671514322,42
2023-04-23,AU,Fitness_Wearables,129,0.254864572,2.928416948,2.673552376,5.601969324,22.72608041,0.519101007,90
2023-04-30,AU,Fitness_Wearables,44,1.280645342,3.509143987,2.228498645,5.737642631,21.98461176,0.611509348,33
2023-05-07,AU,Fitness_Wearables,51,1.226116888,3.473019327,2.246902439,5.719921767,20.60531445,1.04819843,37
2023-05-14,AU,Fitness_Wearables,62,0.17074593,3.376360398,3.205614468,6.581974866,20.91127416,0.760132753,35
2023-05-21,AU,Fitness_Wearables,30,2.023984323,3.573196862,1.549212539,5.122409401,22.03059379,0.821416578,25
2023-05-28,AU,Fitness_Wearables,34,0.745155241,3.284500089,2.539344848,5.823844937,20.5571446,0.386749134,25
2023-06-04,AU,Fitness_Wearables,47,2.354554098,4.225205848,1.87065175,6.095857598,20.33555397,0.71404573,37
2023-06-11,AU,Fitness_Wearables,52,2.249612533,4.067876702,1.818264169,5.886140871,21.54488485,0.809716194,33
2023-06-18,AU,Fitness_Wearables,58,1.234393493,3.697084299,2.462690806,6.159775105,21.87878137,0.790729991,42
2023-06-25,AU,Fitness_Wearables,39,1.598699176,3.663684278,2.064985102,5.72866938,21.91144661,0.980688945,30
2023-07-02,AU,Fitness_Wearables,44,0.189958988,2.976042435,2.786083447,5.762125883,22.55846077,0.749990326,35
2023-07-09,AU,Fitness_Wearables,40,1.553556399,3.377871859,1.82431546,5.202187319,21.60899922,0.911592425,33
2023-07-16,AU,Fitness_Wearables,238,-2.619052263,3.278238966,5.89729123,9.175530196,19.22165607,0.334477494,183
2023-07-23,AU,Fitness_Wearables,48,1.227978539,3.669020386,2.441041847,6.110062232,19.56240453,0.505517567,30
2023-07-30,AU,Fitness_Wearables,31,1.290003635,3.625554197,2.335550562,5.961104759,21.38811316,0.943700727,24
2023-08-06,AU,Fitness_Wearables,63,0.364915716,3.121729113,2.756813397,5.87854251,21.3384857,0.881899598,44
2023-08-13,AU,Fitness_Wearables,60,-1.784563511,3.025001773,4.809565284,7.834567057,21.24624434,0.575532598,44
2023-08-20,AU,Fitness_Wearables,30,2.110916853,3.862758774,1.751841921,5.614600695,21.0012739,1.011595798,20
2023-08-27,AU,Fitness_Wearables,48,1.105209397,3.005167189,1.899957792,4.905124981,21.88371549,0.572690357,34
2023-09-03,AU,Fitness_Wearables,64,0.876684922,3.671541504,2.794856582,6.466398086,21.65103032,0.496726885,38
2023-09-10,AU,Fitness_Wearables,58,1.299588594,3.798362184,2.498773591,6.297135775,21.14406447,0.792970957,45
2023-09-17,AU,Fitness_Wearables,47,1.241576804,3.786489276,2.544912472,6.331401748,21.96789677,0.555935292,38
2023-09-24,AU,Fitness_Wearables,76,0.933137033,3.228813172,2.295676139,5.524489311,22.64637971,1.030585853,41
2023-10-01,AU,Fitness_Wearables,59,1.798671023,3.428438307,1.629767284,5.05820559,21.26806637,0.828951353,38
2023-10-08,AU,Fitness_Wearables,73,-0.120041238,3.075949986,3.195991224,6.271941211,21.56678422,0.602680139,48
2023-10-15,AU,Fitness_Wearables,62,0.548645122,3.217762694,2.669117572,5.886880266,21.33361879,0.651557265,44
2023-10-22,AU,Fitness_Wearables,53,0.962104107,3.709331932,2.747227824,6.456559756,20.92278333,0.830545825,40
2023-10-29,AU,Fitness_Wearables,42,0.028453964,2.54608502,2.517631056,5.063716076,21.55331523,0.404015045,32
2023-11-05,AU,Fitness_Wearables,51,1.976983651,3.838151676,1.861168025,5.699319701,19.93792956,0.622172267,39
2023-11-12,AU,Fitness_Wearables,53,2.368604352,4.389004277,2.020399925,6.409404202,21.67966745,0.792677779,31
2023-11-19,AU,Fitness_Wearables,36,1.304182691,3.349343016,2.045160325,5.394503342,20.85499214,0.725041027,23
2023-11-26,AU,Fitness_Wearables,51,1.165704199,3.30643146,2.140727261,5.447158721,21.84640637,0.541291756,36
2023-12-03,AU,Fitness_Wearables,39,1.349411249,4.053962368,2.704551119,6.758513488,22.54852416,0.542830209,34
2023-12-10,AU,Fitness_Wearables,46,0.590553785,3.178469636,2.587915851,5.766385487,21.06306005,0.691897293,38
2023-12-17,AU,Fitness_Wearables,49,2.726062659,4.134938257,1.408875598,5.543813855,19.32674824,0.75900648,37
2023-12-24,AU,Fitness_Wearables,13,2.183756655,4.135875036,1.952118381,6.087993418,21.85822725,0.749619171,13
2023-12-31,AU,Fitness_Wearables,81,-0.508586466,2.918605363,3.427191829,6.345797191,20.18880722,0.647201891,58
2024-01-07,AU,Fitness_Wearables,83,0.10742881,2.873898934,2.766470124,5.640369057,21.83664977,0.704357503,62
2024-01-14,AU,Fitness_Wearables,121,0.037077341,2.827629806,2.790552464,5.61818227,21.56930496,0.70316774,101
2024-01-21,AU,Fitness_Wearables,63,1.24954405,3.56860236,2.31905831,5.88766067,21.38356901,1.01731857,43
2024-01-28,AU,Fitness_Wearables,72,1.171175162,3.199030308,2.027855146,5.226885454,21.46755314,0.898873237,44
2024-02-04,AU,Fitness_Wearables,73,-0.817238334,2.612090185,3.429328518,6.041418703,23.5304107,0.637771432,43
2024-02-11,AU,Fitness_Wearables,41,0.463798666,3.478748372,3.014949706,6.493698078,21.19029006,0.540538089,30
2024-02-18,AU,Fitness_Wearables,48,-0.013627259,3.188105813,3.201733072,6.389838885,22.46795364,0.466215407,36
2024-02-25,AU,Fitness_Wearables,56,0.707188703,3.149347931,2.442159227,5.591507158,20.73786565,0.620816211,43
2024-03-03,AU,Fitness_Wearables,45,1.818395758,3.758740143,1.940344385,5.699084528,21.60362366,1.010028292,28
2024-03-10,AU,Fitness_Wearables,189,-4.031059482,2.288395768,6.31945525,8.607851017,16.66660158,0.639838727,174
2024-03-17,AU,Fitness_Wearables,83,0.539630023,2.949659087,2.410029064,5.359688151,20.5345443,0.784224973,46
2024-03-24,AU,Fitness_Wearables,59,2.003935116,3.683937451,1.680002335,5.363939786,21.33746666,0.732795122,39
2024-03-31,AU,Fitness_Wearables,40,1.147686807,3.470609899,2.322923092,5.793532992,21.01233885,0.549879207,31
2024-04-07,AU,Fitness_Wearables,56,1.407928111,3.603458796,2.195530686,5.798989482,20.71856777,0.774224763,39
2024-04-14,AU,Fitness_Wearables,47,0.891108893,3.414839767,2.523730875,5.938570642,21.67984547,0.579380902,33
2024-04-21,AU,Fitness_Wearables,42,0.291253056,3.58596872,3.294715665,6.880684385,21.83134522,0.816155245,32
2024-04-28,AU,Fitness_Wearables,35,0.384430961,3.634889319,3.250458358,6.885347677,21.62168544,0.990922812,28
2024-05-05,AU,Fitness_Wearables,32,1.413745011,3.757913489,2.344168478,6.102081967,22.32356957,0.840526268,25
2024-05-12,AU,Fitness_Wearables,32,0.806967033,2.99808327,2.191116238,5.189199508,21.67932505,0.654277725,25
2024-05-19,AU,Fitness_Wearables,51,-0.130563454,3.417198808,3.547762262,6.964961071,20.63900736,0.49420421,40
2024-05-26,AU,Fitness_Wearables,26,2.166283129,4.119679691,1.953396561,6.073076252,22.01628927,0.476452713,21
2024-06-02,AU,Fitness_Wearables,45,1.431032949,3.426271121,1.995238171,5.421509292,21.36135792,1.104224834,35
2024-06-09,AU,Fitness_Wearables,39,0.340189183,3.287059392,2.946870209,6.233929601,21.64558397,0.821156584,28
2024-06-16,AU,Fitness_Wearables,112,1.833857684,3.026000606,1.192142922,4.218143528,22.53869446,0.391576626,41
2024-06-23,AU,Fitness_Wearables,62,0.97309928,3.17507836,2.201979079,5.377057439,21.33319914,0.598706257,40
2024-06-30,AU,Fitness_Wearables,34,1.115323292,3.608639072,2.49331578,6.101954852,22.42950156,0.670153891,23
2024-07-07,AU,Fitness_Wearables,51,0.930297738,3.182395968,2.25209823,5.434494197,22.56271609,0.488357408,37
2024-07-14,AU,Fitness_Wearables,41,2.268841101,4.133154263,1.864313162,5.997467426,21.61430162,0.577386457,29
2024-07-21,AU,Fitness_Wearables,40,0.162269235,3.305078474,3.142809239,6.447887713,21.03532271,1.056497586,34
2024-07-28,AU,Fitness_Wearables,26,0.850831852,3.785351929,2.934520077,6.719872006,23.00664806,0.884096116,19
2024-08-04,AU,Fitness_Wearables,32,0.781609924,3.992266881,3.210656957,7.202923838,22.19200068,0.441536216,29
2024-08-11,AU,Fitness_Wearables,24,1.690422091,4.067896299,2.377474208,6.445370506,21.37298707,0.588056601,22
2024-08-18,AU,Fitness_Wearables,34,2.066690716,4.184385826,2.11769511,6.302080935,21.40903995,0.707424154,24
2024-08-25,AU,Fitness_Wearables,57,-0.136382808,3.03591611,3.172298918,6.208215027,22.28610705,0.589604488,37
2024-09-01,AU,Fitness_Wearables,43,1.124615165,2.969813952,1.845198787,4.815012739,22.00579696,0.721581195,28
2024-09-08,AU,Fitness_Wearables,64,0.979080418,3.036678155,2.057597737,5.094275893,20.59332544,0.512774578,43
2024-09-15,AU,Fitness_Wearables,83,-2.481876146,3.940691444,6.42256759,10.36325903,23.73869502,0.312164369,60
2024-09-22,AU,Fitness_Wearables,60,0.260143403,3.185666169,2.925522766,6.111188935,21.4062186,0.526677085,42
2024-09-29,AU,Fitness_Wearables,71,-2.138060727,2.445486475,4.583547202,7.029033677,21.33945999,0.527884501,52
2024-10-06,AU,Fitness_Wearables,51,0.894972145,2.979131343,2.084159198,5.06329054,20.63205943,0.623427152,38
2024-10-13,AU,Fitness_Wearables,49,1.969173552,4.116887238,2.147713686,6.264600924,21.56377289,0.574576256,39
2024-10-20,AU,Fitness_Wearables,57,-0.586306295,3.14550313,3.731809425,6.877312555,22.68933991,0.574989762,40
2024-10-27,AU,Fitness_Wearables,59,-1.982524315,2.944763509,4.927287824,7.872051334,20.05416891,0.353809902,52
2024-11-03,AU,Fitness_Wearables,30,1.254609294,3.578429872,2.323820578,5.90225045,20.88347988,0.967042789,25
2024-11-10,AU,Fitness_Wearables,33,1.437639196,3.676577937,2.238938741,5.915516678,21.45746341,0.729224179,28
2024-11-17,AU,Fitness_Wearables,38,1.69575631,4.341322701,2.645566391,6.986889092,22.67050665,0.849691729,29
2024-11-24,AU,Fitness_Wearables,23,1.940860288,3.800240767,1.859380479,5.659621246,22.12792301,1.114056029,20
2024-12-01,AU,Fitness_Wearables,36,1.653069647,3.810151671,2.157082024,5.967233696,22.16104909,0.770382969,33
2024-12-08,AU,Fitness_Wearables,63,-0.73143329,3.173200138,3.904633427,7.077833565,21.03907325,0.512127604,53
2024-12-15,AU,Fitness_Wearables,41,-0.970081062,2.832021781,3.802102844,6.634124625,21.48662827,0.513662031,33
2024-12-22,AU,Fitness_Wearables,29,0.182342918,3.082928419,2.9005855,5.983513919,21.10604129,0.414150853,22
2024-12-29,AU,Fitness_Wearables,32,0.887998946,3.217460694,2.329461747,5.546922441,22.17072017,0.589661739,29
2025-01-05,AU,Fitness_Wearables,22,1.507739012,3.971362082,2.46362307,6.434985152,21.28561238,0.955719253,22
2025-01-12,AU,Fitness_Wearables,74,0.096350701,3.076615747,2.980265046,6.056880794,22.08264419,0.948006515,31
2025-01-19,AU,Fitness_Wearables,45,1.044186608,3.572763479,2.52857687,6.101340349,21.53866987,0.532248193,32
2025-01-26,AU,Fitness_Wearables,54,0.113507388,2.836398873,2.722891485,5.559290358,20.26203808,0.634770165,40
2025-02-02,AU,Fitness_Wearables,28,1.311499511,3.908316802,2.596817291,6.505134092,22.51044577,0.479880103,24
2025-02-09,AU,Fitness_Wearables,28,1.066198197,3.577835807,2.511637611,6.089473418,21.46733609,1.003826168,22
2025-02-16,AU,Fitness_Wearables,30,2.269303896,4.435302181,2.165998285,6.601300465,22.90520937,1.085603148,26
2025-02-23,AU,Fitness_Wearables,54,0.43206377,3.320291401,2.888227631,6.208519033,22.98640863,0.515376822,31
2025-03-02,AU,Fitness_Wearables,49,1.527252025,3.754333506,2.227081481,5.981414987,21.58082388,0.584043634,23
2025-03-09,AU,Fitness_Wearables,35,0.945664833,4.391606998,3.445942164,7.837549162,22.73604077,0.923162829,28
2025-03-16,AU,Fitness_Wearables,25,0.557970427,3.465446787,2.90747636,6.372923146,20.3598917,0.777267799,20
2025-03-23,AU,Fitness_Wearables,29,1.446988097,3.050912364,1.603924266,4.65483663,21.48022683,0.924169569,24
2025-03-30,AU,Fitness_Wearables,94,-1.519739029,3.194325428,4.714064457,7.908389886,23.2797021,0.716718026,81
2025-04-06,AU,Fitness_Wearables,45,1.224188564,3.363543679,2.139355116,5.502898795,22.69447544,0.635704107,28
2025-04-13,AU,Fitness_Wearables,44,-0.386763833,3.140174708,3.526938542,6.66711325,22.15039367,0.603503167,29
2025-04-20,AU,Fitness_Wearables,36,0.189874972,3.077927036,2.888052064,5.9659791,21.02722429,0.526207925,30
2025-04-27,AU,Fitness_Wearables,36,0.217447696,3.033138022,2.815690326,5.848828348,21.64874988,0.703603737,22
2025-05-04,AU,Fitness_Wearables,52,1.555464696,4.05112704,2.495662344,6.546789384,21.59618201,0.719037964,38
2025-05-11,AU,Fitness_Wearables,35,1.069563712,3.452924127,2.383360415,5.836284542,20.4766504,0.475386795,17
2025-05-18,AU,Fitness_Wearables,69,0.754181,3.774554838,3.020373838,6.794928676,22.11671792,0.417721464,53
2025-05-25,AU,Fitness_Wearables,52,0.89207041,3.824189188,2.932118777,6.756307965,22.58570323,1.022235421,41
2025-06-01,AU,Fitness_Wearables,52,1.875713852,4.174928868,2.299215016,6.474143884,21.9427456,0.966994206,44
2025-06-08,AU,Fitness_Wearables,108,-2.236862825,2.317931249,4.554794074,6.872725323,22.42546693,0.705224666,91
2025-06-29,AU,Fitness_Wearables,34,2.114025952,4.40010707,2.286081118,6.686188188,21.2779191,0.466894952,24
2025-07-06,AU,Fitness_Wearables,48,1.865197948,3.38721476,1.522016812,4.909231572,21.73178615,0.616700908,38
2025-07-13,AU,Fitness_Wearables,89,-1.027973352,3.220055295,4.248028647,7.468083942,20.93711034,0.424194871,71
2025-07-20,AU,Fitness_Wearables,40,1.776072447,3.874895467,2.09882302,5.973718487,21.91288751,0.552704639,32
2025-07-27,AU,Fitness_Wearables,28,-0.364532127,2.737452196,3.101984322,5.839436518,22.22217869,0.547985218,18
2025-08-03,AU,Fitness_Wearables,53,0.063949476,3.319506286,3.255556811,6.575063097,22.17730101,0.425332087,36
2025-08-10,AU,Fitness_Wearables,51,0.799454898,3.763936886,2.964481988,6.728418875,22.13519708,0.69963485,31
2025-08-17,AU,Fitness_Wearables,72,-1.998599361,2.328059725,4.326659086,6.654718811,25.11920594,0.307547192,62
2025-08-24,AU,Fitness_Wearables,34,0.372918623,2.985054036,2.612135413,5.597189449,22.36817176,0.257213074,22
2025-08-31,AU,Fitness_Wearables,47,0.998609197,3.176816373,2.178207176,5.355023549,20.61543104,0.830169027,36
2025-09-07,AU,Fitness_Wearables,40,1.232972745,3.25403951,2.021066765,5.275106275,20.54805212,0.58233995,33
2025-09-14,AU,Fitness_Wearables,53,1.34226182,4.082011848,2.739750028,6.821761877,20.88110353,0.730394698,35
2025-09-21,AU,Fitness_Wearables,64,2.05378188,3.920037647,1.866255768,5.786293415,21.7268046,0.65767343,37
2025-09-28,AU,Fitness_Wearables,43,2.0362971,3.731107744,1.694810644,5.425918389,21.85300177,0.849560816,31
2025-10-05,AU,Fitness_Wearables,58,0.67492865,3.015474092,2.340545441,5.356019533,21.48881351,0.585941757,43
2025-10-12,AU,Fitness_Wearables,53,1.218159925,3.766312883,2.548152958,6.314465841,21.30558451,0.871222376,37
2025-10-19,AU,Fitness_Wearables,42,1.650670489,3.793636501,2.142966012,5.936602514,21.68735577,0.593484116,27
2025-10-26,AU,Fitness_Wearables,34,2.91236964,4.482448831,1.570079191,6.052528022,21.22636366,0.586969642,27
2025-11-02,AU,Fitness_Wearables,39,2.054711384,3.707610923,1.652899539,5.360510462,20.85250187,0.752030872,21
2025-11-09,AU,Fitness_Wearables,53,1.751611763,3.950440891,2.198829128,6.149270018,20.91709667,0.548899492,42
2025-11-16,AU,Fitness_Wearables,45,1.699836732,3.637343033,1.937506301,5.574849334,21.80519011,0.709773269,33
2025-11-23,AU,Fitness_Wearables,42,1.188167388,3.886720614,2.698553226,6.58527384,21.67037337,0.808043881,33
2025-11-30,AU,Fitness_Wearables,44,1.277669357,3.893779656,2.616110299,6.509889955,20.50326671,0.734259972,36
2025-12-07,AU,Fitness_Wearables,25,2.602081357,4.307244856,1.705163499,6.012408355,21.49738886,1.047206058,14
2025-12-14,AU,Fitness_Wearables,45,2.441802237,4.136423371,1.694621134,5.831044505,21.6771678,0.993888819,30
2025-12-21,AU,Fitness_Wearables,28,1.994691959,4.474651442,2.479959483,6.954610924,22.40001355,1.440232403,26
2025-12-28,AU,Fitness_Wearables,20,0.582635596,4.127088958,3.544453363,7.671542321,21.7125146,0.551475664,17
2026-01-04,AU,Fitness_Wearables,53,1.333390474,4.101406668,2.768016195,6.869422863,21.15280933,0.947117954,34
2026-01-11,AU,Fitness_Wearables,108,-3.187433485,2.382402404,5.569835889,7.952238294,21.58039386,0.598826239,55
2026-01-18,AU,Fitness_Wearables,48,0.451574477,3.183932552,2.732358076,5.916290628,22.74895199,0.613120407,35
2026-01-25,AU,Fitness_Wearables,41,-0.259520472,3.214083797,3.473604269,6.687688066,23.63654219,0.521082763,28
2026-02-01,AU,Fitness_Wearables,29,1.458607167,3.924844066,2.466236899,6.391080965,22.2976056,0.720102481,22
2026-02-08,AU,Fitness_Wearables,43,1.167490568,3.623959215,2.456468647,6.080427862,22.58289991,0.672378421,33
2026-02-15,AU,Fitness_Wearables,49,0.809298909,3.252345936,2.443047027,5.695392963,22.26730043,0.503860831,32
2026-02-22,AU,Fitness_Wearables,49,0.838013513,3.022892208,2.184878694,5.207770902,20.85614942,0.606064253,33
2026-03-01,AU,Fitness_Wearables,50,-1.576654519,2.509898533,4.086553053,6.596451586,21.27483457,0.577036409,41
2026-03-08,AU,Fitness_Wearables,53,0.208858924,3.252356657,3.043497733,6.29585439,22.04928847,0.792136807,43
2026-03-15,AU,Fitness_Wearables,42,1.025986592,3.89595462,2.869968028,6.765922648,23.34145085,0.485855916,30
2026-03-22,AU,Fitness_Wearables,52,-0.331140495,3.215930394,3.547070889,6.763001283,22.06805625,0.724815313,40
2026-03-29,AU,Fitness_Wearables,37,0.315733596,3.958688217,3.642954621,7.601642839,21.04164591,0.349470226,34
2026-04-05,AU,Fitness_Wearables,30,0.97514908,3.470959446,2.495810366,5.966769812,23.77958363,0.706695453,25
2026-04-12,AU,Fitness_Wearables,39,1.416539546,3.527689803,2.111150257,5.63884006,21.71289979,0.887275054,30
2026-04-19,AU,Fitness_Wearables,25,0.815560576,4.283652092,3.468091516,7.751743609,23.01989405,0.224417546,18
2026-04-26,AU,Fitness_Wearables,47,1.44481143,3.959422413,2.514610983,6.474033397,22.55625291,0.709002302,38
2026-05-03,AU,Fitness_Wearables,32,1.958792262,4.321397843,2.362605582,6.684003425,21.2782458,0.569224798,28
2026-05-10,AU,Fitness_Wearables,68,0.022136629,3.351076119,3.328939489,6.680015608,21.2370918,0.374993654,43
2026-05-17,AU,Fitness_Wearables,33,2.596495568,4.502035117,1.905539548,6.407574665,23.66187045,0.597326137,23
2026-05-24,AU,Fitness_Wearables,37,0.27023738,3.643824762,3.373587383,7.017412145,21.60713205,0.533563975,31
2026-05-31,AU,Fitness_Wearables,44,0.226048468,3.126919949,2.900871481,6.02779143,23.0072273,0.68569776,33
2026-06-07,AU,Fitness_Wearables,43,2.111754577,4.472857304,2.361102727,6.833960031,23.69786669,0.428265109,38
2026-06-14,AU,Fitness_Wearables,34,2.252172597,4.228199952,1.976027355,6.204227307,22.63165919,0.433255434,20
2026-06-21,AU,Fitness_Wearables,39,1.555335119,4.509177216,2.953842097,7.463019314,21.7610438,0.510663814,30
2026-06-28,AU,Fitness_Wearables,39,1.513540892,3.720440794,2.206899902,5.927340696,21.47616242,0.599849075,25
2026-07-05,AU,Fitness_Wearables,41,2.6156231,4.333665154,1.718042054,6.051707208,21.39794448,0.66587949,27
2026-07-12,AU,Fitness_Wearables,37,0.923512016,3.495328299,2.571816283,6.067144583,22.17099906,0.570508394,23
2026-07-19,AU,Fitness_Wearables,29,1.138679624,3.47500779,2.336328166,5.811335956,22.69226401,0.531286629,22
2026-07-26,AU,Fitness_Wearables,26,1.851371131,4.049340229,2.197969098,6.247309327,22.47909756,0.472866945,21
2026-08-02,AU,Fitness_Wearables,23,-0.11403767,3.194906469,3.308944139,6.503850608,22.89084588,0.575594038,22
2026-08-09,AU,Fitness_Wearables,25,0.40557165,2.716374812,2.310803162,5.027177975,21.45952843,0.722688501,18
2026-08-16,AU,Fitness_Wearables,37,1.093025654,3.282333326,2.189307672,5.471640997,21.70314725,0.625101981,25
2026-08-23,AU,Fitness_Wearables,11,2.351701632,4.229882807,1.878181174,6.108063981,23.08188574,0.726150672,10
2023-01-01,AU,Nutrition_Diets,1625,-2.416488387,3.02719546,5.443683848,8.470879308,21.97137337,0.491576834,558
2023-01-08,AU,Nutrition_Diets,2116,-2.062470995,3.278694406,5.341165401,8.619859807,22.9687317,0.521835772,645
2023-01-15,AU,Nutrition_Diets,1866,-1.292415733,3.225670717,4.51808645,7.743757167,22.5757672,0.57419033,639
2023-01-22,AU,Nutrition_Diets,1529,-1.676330719,2.842415669,4.518746388,7.361162057,21.97570553,0.665387241,584
2023-01-29,AU,Nutrition_Diets,1884,-1.25104017,3.057990718,4.309030888,7.367021605,22.06860549,0.566648867,684
2023-02-05,AU,Nutrition_Diets,1556,-1.498962161,2.894710982,4.393673142,7.288384124,22.31794865,0.610039373,544
2023-02-12,AU,Nutrition_Diets,1668,-1.604815865,2.963015482,4.567831347,7.530846829,22.33457008,0.622998011,614
2023-02-19,AU,Nutrition_Diets,1950,-0.878251488,3.047935808,3.926187295,6.974123103,22.83421816,0.607493509,747
2023-02-26,AU,Nutrition_Diets,1817,-1.10964673,2.975470781,4.085117512,7.060588293,22.54006246,0.5661464,597
2023-03-05,AU,Nutrition_Diets,1756,-1.047406721,2.997844847,4.045251567,7.043096414,22.55236489,0.586756519,653
2023-03-12,AU,Nutrition_Diets,1851,-1.292103553,2.946434791,4.238538344,7.184973135,22.59054781,0.567269683,699
2023-03-19,AU,Nutrition_Diets,1970,-1.256036329,2.764759983,4.020796312,6.785556295,22.58068927,0.677935776,962
2023-03-26,AU,Nutrition_Diets,2632,-1.012853438,2.916147416,3.929000854,6.84514827,22.16260378,0.662246963,896
2023-04-02,AU,Nutrition_Diets,2399,-0.986446061,2.958046235,3.944492296,6.90253853,22.49512559,0.737589136,945
2023-04-09,AU,Nutrition_Diets,2282,-1.182684571,2.885649358,4.068333928,6.953983286,22.21291303,0.678061783,850
2023-04-16,AU,Nutrition_Diets,2673,-1.008965003,3.118394185,4.127359188,7.245753373,22.37335044,0.709769946,932
2023-04-23,AU,Nutrition_Diets,3173,-1.07043644,3.127599125,4.198035565,7.32563469,22.5028913,0.621087561,977
2023-04-30,AU,Nutrition_Diets,2716,-1.171736849,3.128216664,4.299953512,7.428170176,22.74597557,0.708261427,918
2023-05-07,AU,Nutrition_Diets,2890,-0.8588616,3.123942613,3.982804213,7.106746826,22.55821117,0.65679973,959
2023-05-14,AU,Nutrition_Diets,2569,-1.145874734,3.104536287,4.250411022,7.354947309,22.67996099,0.6440178,934
2023-05-21,AU,Nutrition_Diets,2747,-1.01498028,3.055869082,4.070849363,7.126718445,22.29662423,0.621502597,979
2023-05-28,AU,Nutrition_Diets,2993,-1.292507869,2.982412332,4.274920202,7.257332534,22.43098659,0.576591429,1019
2023-06-04,AU,Nutrition_Diets,2715,-1.571287911,2.834365891,4.405653801,7.240019692,23.17930034,0.509747855,1058
2023-06-11,AU,Nutrition_Diets,3089,-0.5493285,3.35993301,3.90926151,7.269194519,22.40493477,0.556599437,1088
2023-06-18,AU,Nutrition_Diets,2978,-1.022110013,3.158588005,4.180698018,7.339286023,22.01197467,0.566927819,1053
2023-06-25,AU,Nutrition_Diets,2966,-1.278163548,2.942757193,4.220920741,7.163677934,22.30189146,0.546750755,1119
2023-07-02,AU,Nutrition_Diets,2559,-1.095172189,2.974489393,4.069661582,7.044150975,22.29146601,0.553671807,955
2023-07-09,AU,Nutrition_Diets,2643,-1.724201206,2.758983243,4.483184448,7.242167691,23.11366571,0.561415251,1039
2023-07-16,AU,Nutrition_Diets,2321,-1.308239274,3.041284935,4.349524208,7.390809143,22.36146932,0.580956793,888
2023-07-23,AU,Nutrition_Diets,2567,-0.935086196,3.103539081,4.038625277,7.142164358,21.60081935,0.501556771,847
2023-07-30,AU,Nutrition_Diets,2312,-1.56134552,2.785020064,4.346365584,7.131385648,22.74400472,0.507780612,877
2023-08-06,AU,Nutrition_Diets,2503,-1.748828746,2.847548981,4.596377727,7.443926708,23.05467,0.546456457,891
2023-08-13,AU,Nutrition_Diets,2501,-2.447512362,2.73531089,5.182823253,7.918134143,22.90753371,0.548565337,902
2023-08-20,AU,Nutrition_Diets,2159,-1.578254012,2.987779881,4.566033893,7.553813774,22.88879194,0.581011448,728
2023-08-27,AU,Nutrition_Diets,2508,-1.622803241,2.820914371,4.443717613,7.264631984,22.20541825,0.524173566,876
2023-09-03,AU,Nutrition_Diets,2322,-1.168423462,2.940118593,4.108542055,7.048660648,22.34785223,0.581144685,890
2023-09-10,AU,Nutrition_Diets,3100,-1.827911014,2.753781917,4.581692931,7.335474849,22.3297274,0.568829465,1175
2023-09-17,AU,Nutrition_Diets,2853,-1.306983391,3.117282074,4.424265465,7.541547539,22.48766681,0.606177778,984
2023-09-24,AU,Nutrition_Diets,2732,-1.054291925,3.199954403,4.254246328,7.454200731,22.02659583,0.640225172,985
2023-10-01,AU,Nutrition_Diets,3056,-1.317050209,3.057867456,4.374917665,7.432785121,22.91292507,0.600758864,1083
2023-10-08,AU,Nutrition_Diets,2930,-1.570277363,2.811073586,4.381350949,7.192424535,22.30359943,0.550920593,1007
2023-10-15,AU,Nutrition_Diets,2663,-0.998582252,3.105434736,4.104016988,7.209451724,22.69896355,0.610646222,905
2023-10-22,AU,Nutrition_Diets,2916,-1.728644871,2.935338447,4.663983318,7.599321765,22.09946018,0.554181616,1109
2023-10-29,AU,Nutrition_Diets,2393,-0.838776118,3.248466521,4.087242639,7.335709159,22.84492027,0.602943546,998
2023-11-05,AU,Nutrition_Diets,2993,-1.497840882,2.994043597,4.49188448,7.485928077,22.11550745,0.601140153,1079
2023-11-12,AU,Nutrition_Diets,2494,-1.135453016,3.011326909,4.146779925,7.158106834,22.27306442,0.590874439,906
2023-11-19,AU,Nutrition_Diets,2787,-1.391701374,2.973395715,4.365097089,7.338492803,22.14656736,0.560771696,953
2023-11-26,AU,Nutrition_Diets,3182,-1.094249422,3.028105195,4.122354617,7.150459812,22.67885272,0.595622461,1008
2023-12-03,AU,Nutrition_Diets,3257,-1.582544259,2.833410121,4.41595438,7.249364501,22.51704768,0.55830222,1061
2023-12-10,AU,Nutrition_Diets,2991,-1.276787361,2.984581949,4.261369309,7.245951258,22.4267574,0.598264363,881
2023-12-17,AU,Nutrition_Diets,2718,-1.120799992,3.080136856,4.200936848,7.281073703,22.56731224,0.571114056,945
2023-12-24,AU,Nutrition_Diets,2041,-1.32982738,2.976194872,4.306022252,7.282217124,22.5787213,0.558563797,757
2023-12-31,AU,Nutrition_Diets,2338,-1.602634509,2.877836975,4.480471484,7.358308458,22.83108951,0.588858238,883
2024-01-07,AU,Nutrition_Diets,2605,-1.533533397,2.874174724,4.407708121,7.281882846,22.89870333,0.569998821,964
2024-01-14,AU,Nutrition_Diets,2636,-1.525492145,2.990334958,4.515827103,7.50616206,22.50999232,0.573764011,998
2024-01-21,AU,Nutrition_Diets,2973,-1.738120973,3.045607299,4.783728272,7.829335571,22.48802589,0.561858964,1100
2024-01-28,AU,Nutrition_Diets,2587,-1.840683566,2.841813201,4.682496767,7.524309968,22.25293525,0.545940452,801
2024-02-04,AU,Nutrition_Diets,2787,-1.642403916,3.037101631,4.679505547,7.716607178,22.34592017,0.569738427,828
2024-02-11,AU,Nutrition_Diets,2453,-1.578335993,2.982445765,4.560781758,7.543227524,22.25407475,0.575496963,811
2024-02-18,AU,Nutrition_Diets,2838,-2.294124327,2.79540977,5.089534096,7.884943866,22.53081966,0.560754275,893
2024-02-25,AU,Nutrition_Diets,2948,-1.85818795,2.91258583,4.77077378,7.68335961,22.50570458,0.537488724,880
2024-03-03,AU,Nutrition_Diets,3397,-1.800862308,2.80885948,4.609721788,7.418581269,22.22562757,0.517468066,1127
2024-03-10,AU,Nutrition_Diets,2983,-1.463004245,2.861209765,4.32421401,7.185423775,22.28860158,0.632726735,1010
2024-03-17,AU,Nutrition_Diets,3166,-1.384258122,2.944783731,4.329041852,7.273825583,22.05100176,0.569647927,1213
2024-03-24,AU,Nutrition_Diets,2678,-1.180451479,2.961862273,4.142313752,7.104176025,23.1180573,0.533509917,995
2024-03-31,AU,Nutrition_Diets,3080,-2.04933007,3.022439231,5.071769301,8.094208531,21.58108449,0.54266285,1271
2024-04-07,AU,Nutrition_Diets,2714,-1.452099657,2.981079556,4.433179213,7.414258769,22.54538339,0.547507946,962
2024-04-14,AU,Nutrition_Diets,2497,-1.431138361,3.033200008,4.464338369,7.497538378,22.63887808,0.57521797,805
2024-04-21,AU,Nutrition_Diets,2547,-1.138466512,3.12057565,4.259042163,7.379617813,22.6027159,0.598021482,825
2024-04-28,AU,Nutrition_Diets,2281,-1.064991219,3.11417938,4.179170599,7.293349978,22.44903117,0.707050504,813
2024-05-05,AU,Nutrition_Diets,2276,-1.302913616,2.991386539,4.294300155,7.285686694,22.47522567,0.652779371,821
2024-05-12,AU,Nutrition_Diets,2626,-1.323266886,3.064931907,4.388198793,7.453130701,22.11447441,0.642220643,907
2024-05-19,AU,Nutrition_Diets,2554,-1.343229999,2.95417232,4.297402319,7.251574639,22.02614727,0.529412751,927
2024-05-26,AU,Nutrition_Diets,3050,-0.530593224,3.496860048,4.027453272,7.52431332,21.91311732,0.628128249,1132
2024-06-02,AU,Nutrition_Diets,2516,-1.204424796,2.910196814,4.114621611,7.024818425,22.14777132,0.58652956,931
2024-06-09,AU,Nutrition_Diets,2711,-1.255315392,3.111349747,4.36666514,7.478014887,22.45517989,0.578758,987
2024-06-16,AU,Nutrition_Diets,2673,-1.210151143,3.225296208,4.435447351,7.660743559,22.59924596,0.607682259,867
2024-06-23,AU,Nutrition_Diets,2684,-1.521295146,2.950722384,4.472017531,7.422739915,22.35156286,0.561603538,947
2024-06-30,AU,Nutrition_Diets,2423,-0.874391372,3.150813358,4.02520473,7.176018088,22.50831187,0.608517049,912
2024-07-07,AU,Nutrition_Diets,2401,-1.467546254,3.0209397,4.488485954,7.509425654,22.71704398,0.492250239,867
2024-07-14,AU,Nutrition_Diets,2079,-1.454717113,3.084201292,4.538918405,7.623119696,22.67647941,0.576087955,716
2024-07-21,AU,Nutrition_Diets,2080,-1.64966932,2.900558275,4.550227595,7.45078587,22.78308582,0.547417838,775
2024-07-28,AU,Nutrition_Diets,2121,-1.499154845,2.934003041,4.433157886,7.367160927,22.87275878,0.549467574,829
2024-08-04,AU,Nutrition_Diets,1974,-1.721394253,2.997559447,4.7189537,7.716513147,23.031258,0.608736331,788
2024-08-11,AU,Nutrition_Diets,2062,-1.841866991,2.827070629,4.66893762,7.496008249,23.23858118,0.495277505,830
2024-08-18,AU,Nutrition_Diets,2367,-1.686098149,2.990921269,4.677019418,7.667940687,23.02089799,0.634072991,950
2024-08-25,AU,Nutrition_Diets,2211,-1.784291782,2.894243233,4.678535016,7.572778249,22.72484621,0.549725294,850
2024-09-01,AU,Nutrition_Diets,2855,-1.961913544,2.804043972,4.765957516,7.570001488,22.48825957,0.6513794,1041
2024-09-08,AU,Nutrition_Diets,2768,-1.777841253,2.924405955,4.702247208,7.626653162,22.41317944,0.579285639,971
2024-09-15,AU,Nutrition_Diets,3442,-2.115911482,2.778818882,4.894730364,7.673549246,22.67953378,0.566188548,1159
2024-09-22,AU,Nutrition_Diets,2791,-1.529315727,3.042685919,4.572001646,7.614687565,22.30022147,0.615630634,943
2024-09-29,AU,Nutrition_Diets,3265,-0.740012517,3.727088255,4.467100772,8.194189027,21.30451753,0.517182392,1359
2024-10-06,AU,Nutrition_Diets,2308,-1.273096502,3.140220211,4.413316713,7.553536924,22.46933455,0.585853274,805
2024-10-13,AU,Nutrition_Diets,2440,-1.115812837,3.245979222,4.36179206,7.607771282,22.31727072,0.626742814,896
2024-10-20,AU,Nutrition_Diets,2306,-1.273879279,3.168284855,4.442164134,7.610448989,22.3830121,0.655436278,855
2024-10-27,AU,Nutrition_Diets,2459,-1.963300762,2.913040338,4.8763411,7.789381438,22.23551984,0.47793996,913
2024-11-03,AU,Nutrition_Diets,2520,-1.810642381,2.953406514,4.764048895,7.717455409,21.96255543,0.564279346,803
2024-11-10,AU,Nutrition_Diets,2332,-1.567285833,3.065412603,4.632698436,7.698111038,22.46512104,0.497985919,796
2024-11-17,AU,Nutrition_Diets,2446,-1.312000737,3.016958412,4.328959149,7.345917561,22.64741688,0.598172939,825
2024-11-24,AU,Nutrition_Diets,2800,-1.351267236,3.019678925,4.370946162,7.390625087,22.40447871,0.586465086,917
2024-12-01,AU,Nutrition_Diets,2638,-1.36333338,3.105404463,4.468737842,7.574142305,22.382953,0.588129548,891
2024-12-08,AU,Nutrition_Diets,2463,-1.254511579,3.118693969,4.373205548,7.491899517,22.26209024,0.619482117,867
2024-12-15,AU,Nutrition_Diets,2398,-1.383617759,3.289721098,4.673338857,7.963059955,22.23578089,0.568089945,810
2024-12-22,AU,Nutrition_Diets,1719,-1.142672853,3.14339495,4.286067803,7.429462754,23.0251751,0.556345978,690
2024-12-29,AU,Nutrition_Diets,2108,-1.728066382,2.836602078,4.56466846,7.401270537,22.83966291,0.552542255,786
2025-01-05,AU,Nutrition_Diets,2206,-1.303342357,3.243752575,4.547094932,7.790847508,22.60658965,0.605285515,821
2025-01-12,AU,Nutrition_Diets,2449,-1.540310313,3.090635845,4.630946158,7.721582003,22.53175586,0.58912157,769
2025-01-19,AU,Nutrition_Diets,2489,-1.492418515,3.053981084,4.546399599,7.600380683,22.21137673,0.583798942,808
2025-01-26,AU,Nutrition_Diets,2792,-1.545629916,3.058213841,4.603843757,7.662057597,21.94882198,0.620762048,1148
2025-02-02,AU,Nutrition_Diets,1955,-1.484153219,3.037516666,4.521669885,7.55918655,22.57032013,0.61892119,720
2025-02-09,AU,Nutrition_Diets,2185,-1.994333571,2.895446555,4.889780126,7.785226681,22.28634436,0.640630709,866
2025-02-16,AU,Nutrition_Diets,3269,-3.018839095,2.668215117,5.687054212,8.355269329,22.28104655,0.62611662,1361
2025-02-23,AU,Nutrition_Diets,2340,-1.284821481,3.121269989,4.406091469,7.527361458,22.23664815,0.551936696,751
2025-03-02,AU,Nutrition_Diets,2184,-1.267130727,3.082168983,4.34929971,7.431468694,22.47775059,0.575441066,735
2025-03-09,AU,Nutrition_Diets,2515,-1.525281311,3.150355743,4.675637054,7.825992797,22.26375548,0.593151259,915
2025-03-16,AU,Nutrition_Diets,2815,-1.609769623,2.940681557,4.55045118,7.491132737,22.17470351,0.610297625,835
2025-03-23,AU,Nutrition_Diets,2768,-1.695256809,2.98273257,4.677989379,7.660721949,22.30752872,0.661293813,954
2025-03-30,AU,Nutrition_Diets,2836,-2.330912235,2.678343768,5.009256003,7.687599771,22.49311016,0.566992814,874
2025-04-06,AU,Nutrition_Diets,2934,-2.168809806,2.859342872,5.028152678,7.88749555,22.48903532,0.595280375,886
2025-04-13,AU,Nutrition_Diets,2638,-1.831080374,3.000890377,4.831970752,7.832861129,22.57043008,0.601252846,876
2025-04-20,AU,Nutrition_Diets,2080,-1.229547536,3.271871697,4.501419233,7.773290929,22.66291567,0.585070947,732
2025-04-27,AU,Nutrition_Diets,2133,-1.355295542,3.095126528,4.45042207,7.545548599,22.73186715,0.595582444,720
2025-05-04,AU,Nutrition_Diets,2380,-1.265373277,3.094385191,4.359758469,7.45414366,22.60061438,0.643230744,737
2025-05-11,AU,Nutrition_Diets,2498,-0.944266477,3.259924614,4.204191091,7.464115705,22.50438881,0.615754519,800
2025-05-18,AU,Nutrition_Diets,2760,-1.124027493,3.250757259,4.374784751,7.62554201,22.52520208,0.633661376,898
2025-05-25,AU,Nutrition_Diets,2336,-1.733305645,3.061800283,4.795105929,7.856906212,22.44314648,0.585959691,826
2025-06-01,AU,Nutrition_Diets,2588,-1.564634875,3.001911811,4.566546686,7.568458498,22.57096069,0.592387949,913
2025-06-08,AU,Nutrition_Diets,3437,-3.033562291,2.469623492,5.503185783,7.972809274,23.16791395,0.555873884,1367
2025-06-29,AU,Nutrition_Diets,1779,-2.47461028,2.782814442,5.257424722,8.040239164,22.70002655,0.501602068,659
2025-07-06,AU,Nutrition_Diets,2523,-1.740974589,3.062415981,4.80339057,7.865806551,22.33266703,0.525370081,853
2025-07-13,AU,Nutrition_Diets,2625,-1.819012261,3.071490349,4.89050261,7.961992959,23.08128386,0.558992845,917
2025-07-20,AU,Nutrition_Diets,2340,-1.813739591,3.03942601,4.853165601,7.892591611,22.94474305,0.5624509,756
2025-07-27,AU,Nutrition_Diets,2061,-1.599721739,2.987732713,4.587454451,7.575187164,23.10101527,0.539468678,722
2025-08-03,AU,Nutrition_Diets,2109,-2.082874745,2.931524814,5.014399559,7.945924373,22.97534072,0.59364091,691
2025-08-10,AU,Nutrition_Diets,2220,-1.825669817,3.095037954,4.920707771,8.015745725,22.86403335,0.533791165,714
2025-08-17,AU,Nutrition_Diets,2173,-1.772504824,2.968922982,4.741427805,7.710350787,22.95899333,0.565393935,705
2025-08-24,AU,Nutrition_Diets,2057,-1.128990773,3.273035758,4.402026531,7.67506229,22.62584723,0.598009921,729
2025-08-31,AU,Nutrition_Diets,2391,-1.401587714,3.251827363,4.653415077,7.90524244,22.51210467,0.603308603,772
2025-09-07,AU,Nutrition_Diets,2461,-1.443785187,3.157042819,4.600828006,7.757870824,22.62299981,0.575813278,737
2025-09-14,AU,Nutrition_Diets,3755,-0.934125134,3.164563699,4.098688833,7.263252532,23.09882077,0.517268894,1017
2025-09-21,AU,Nutrition_Diets,2745,-1.126844649,3.195272073,4.322116722,7.517388796,22.75555431,0.491760175,831
2025-09-28,AU,Nutrition_Diets,2523,-1.426775305,3.243036344,4.669811649,7.912847993,22.09824875,0.5514972,706
2025-10-05,AU,Nutrition_Diets,2369,-1.221646434,3.29733515,4.518981584,7.816316734,22.17975268,0.555813088,806
2025-10-12,AU,Nutrition_Diets,2461,-1.336240963,3.266478686,4.602719649,7.869198336,22.41102342,0.582554503,806
2025-10-19,AU,Nutrition_Diets,2459,-1.500374897,3.232887975,4.733262872,7.966150847,22.53330152,0.539997329,763
2025-10-26,AU,Nutrition_Diets,2320,-1.196672036,3.368205293,4.564877329,7.933082623,22.55845624,0.58662274,738
2025-11-02,AU,Nutrition_Diets,2427,-1.169496646,3.244902736,4.414399383,7.659302119,22.3764057,0.544026295,839
2025-11-09,AU,Nutrition_Diets,2473,-1.354048951,3.192078349,4.5461273,7.738205649,22.46579689,0.591163896,707
2025-11-16,AU,Nutrition_Diets,2465,-1.136468687,3.277253533,4.41372222,7.690975753,22.48320475,0.521875424,757
2025-11-23,AU,Nutrition_Diets,2386,-1.313202568,3.212309321,4.525511889,7.737821209,22.35682158,0.535391009,851
2025-11-30,AU,Nutrition_Diets,3041,-1.900346204,3.136270237,5.036616441,8.172886678,22.66862332,0.554137399,859
2025-12-07,AU,Nutrition_Diets,2717,-1.62640175,3.053143714,4.679545465,7.732689179,22.49109348,0.615002045,744
2025-12-14,AU,Nutrition_Diets,2347,-1.385243125,3.207283302,4.592526426,7.799809728,22.73466721,0.580154434,740
2025-12-21,AU,Nutrition_Diets,1543,-1.711597099,3.262327413,4.973924512,8.236251926,22.93851366,0.558024881,585
2025-12-28,AU,Nutrition_Diets,1600,-1.576094408,3.201720707,4.777815115,7.979535822,22.71986174,0.488159864,554
2026-01-04,AU,Nutrition_Diets,2181,-1.212368099,2.947151506,4.159519606,7.106671112,22.75156562,0.484881145,795
2026-01-11,AU,Nutrition_Diets,2228,-1.587662526,3.105736354,4.69339888,7.799135234,22.96007096,0.485991034,768
2026-01-18,AU,Nutrition_Diets,2167,-1.224084607,3.221856814,4.445941421,7.667798235,23.14767477,0.538693056,767
2026-01-25,AU,Nutrition_Diets,2567,-1.685857619,3.02445538,4.710312999,7.734768379,22.33315244,0.504599556,755
2026-02-01,AU,Nutrition_Diets,2035,-1.627409348,2.955818408,4.583227756,7.539046164,22.84786856,0.619833809,684
2026-02-08,AU,Nutrition_Diets,2103,-1.814140255,3.049948042,4.864088298,7.91403634,22.92566267,0.507429565,637
2026-02-15,AU,Nutrition_Diets,2509,-2.084763922,2.94562262,5.030386542,7.976009162,22.84129561,0.479733575,802
2026-02-22,AU,Nutrition_Diets,2332,-1.594479631,3.118047376,4.712527007,7.830574383,22.65358028,0.47978842,673
2026-03-01,AU,Nutrition_Diets,2282,-0.934721833,3.286101021,4.220822854,7.506923876,22.98110176,0.571948051,735
2026-03-08,AU,Nutrition_Diets,2932,-1.420101139,3.217872676,4.637973815,7.855846491,22.63868558,0.486925756,870
2026-03-15,AU,Nutrition_Diets,2906,-1.582103782,3.090444235,4.672548017,7.762992253,22.69096026,0.454770249,895
2026-03-22,AU,Nutrition_Diets,2516,-1.220907021,3.279214123,4.500121144,7.779335267,23.26353262,0.46164216,755
2026-03-29,AU,Nutrition_Diets,2121,-1.661793786,3.051720011,4.713513797,7.765233807,23.29764481,0.438509313,725
2026-04-05,AU,Nutrition_Diets,2010,-1.809966038,2.977620524,4.787586561,7.765207085,23.16887962,0.511458937,692
2026-04-12,AU,Nutrition_Diets,2204,-1.362724838,3.205267093,4.567991931,7.773259024,23.20429521,0.531956944,697
2026-04-19,AU,Nutrition_Diets,2339,-1.49975117,3.078838467,4.578589638,7.657428105,23.0442363,0.495206093,744
2026-04-26,AU,Nutrition_Diets,1997,-0.871261895,3.325531695,4.19679359,7.522325285,23.05262626,0.521514437,624
2026-05-03,AU,Nutrition_Diets,2258,-1.411574255,3.142216868,4.553791123,7.69600799,22.90543791,0.540288965,765
2026-05-10,AU,Nutrition_Diets,2372,-1.228985947,3.214305145,4.443291092,7.657596237,22.6701873,0.484264605,738
2026-05-17,AU,Nutrition_Diets,2656,-1.189217266,3.343839632,4.533056898,7.87689653,22.50959418,0.44943139,824
2026-05-24,AU,Nutrition_Diets,2470,-1.69847254,3.066294585,4.764767125,7.831061709,23.00050742,0.493552495,773
2026-05-31,AU,Nutrition_Diets,2178,-1.437736734,3.166037673,4.603774407,7.76981208,22.70981651,0.505092009,692
2026-06-07,AU,Nutrition_Diets,2264,-1.073129595,3.531659428,4.604789023,8.136448451,22.45890038,0.475612251,790
2026-06-14,AU,Nutrition_Diets,2240,-0.834996976,3.289556057,4.124553033,7.414109091,22.71617482,0.53869155,760
2026-06-21,AU,Nutrition_Diets,2407,-0.767512125,3.326234846,4.093746971,7.419981818,22.84114712,0.525745339,757
2026-06-28,AU,Nutrition_Diets,2319,-0.910806721,3.307664962,4.218471682,7.526136644,22.99059754,0.494799189,742
2026-07-05,AU,Nutrition_Diets,2221,-1.002310052,3.292147596,4.294457648,7.586605244,22.96667403,0.467081233,671
2026-07-12,AU,Nutrition_Diets,2149,-1.671990194,3.098761835,4.770752029,7.869513864,23.29542017,0.578656618,636
2026-07-19,AU,Nutrition_Diets,2253,-1.793729675,2.999446791,4.793176466,7.792623257,23.23518877,0.450095591,744
2026-07-26,AU,Nutrition_Diets,1864,-1.664167201,2.962228678,4.626395879,7.588624557,23.07736015,0.455145868,666
2026-08-02,AU,Nutrition_Diets,1661,-1.42876919,3.092285645,4.521054836,7.613340481,23.32831383,0.511304263,598
2026-08-09,AU,Nutrition_Diets,1741,-1.35990021,2.977016389,4.336916599,7.313932988,23.63350902,0.485083494,571
2026-08-16,AU,Nutrition_Diets,1951,-1.69293297,3.041358351,4.73429132,7.775649671,23.23403752,0.446585056,681
2026-08-23,AU,Nutrition_Diets,857,-1.781385841,2.914666159,4.696052,7.610718159,23.42536042,0.460336604,390
2023-01-01,BR,Fashion_Beauty,466,-0.123010455,2.913684824,3.036695278,5.950380102,23.55934476,0.536609518,170
2023-01-08,BR,Fashion_Beauty,1078,-2.78973968,2.940001925,5.729741606,8.669743531,21.86480785,0.559814191,613
2023-01-15,BR,Fashion_Beauty,602,-0.204518678,2.955013754,3.159532432,6.114546185,22.93034311,0.592219107,250
2023-01-22,BR,Fashion_Beauty,553,-0.638985441,2.885127403,3.524112844,6.409240247,22.78779323,0.593011951,266
2023-01-29,BR,Fashion_Beauty,566,-0.418822521,3.025903012,3.444725533,6.470628545,23.28132005,0.58544487,234
2023-02-05,BR,Fashion_Beauty,529,0.413614861,3.277276791,2.863661929,6.14093872,23.44020471,0.580035464,213
2023-02-12,BR,Fashion_Beauty,485,0.891817884,3.53299792,2.641180035,6.174177955,23.57308354,0.449346594,195
2023-02-19,BR,Fashion_Beauty,560,0.578815597,3.38431319,2.805497593,6.189810782,22.87791556,0.422856786,216
2023-02-26,BR,Fashion_Beauty,593,0.124582265,3.016612837,2.892030572,5.908643409,23.60902842,0.416028952,197
2023-03-05,BR,Fashion_Beauty,892,-0.817135015,2.539418366,3.356553381,5.895971747,22.7676844,0.327966774,252
2023-03-12,BR,Fashion_Beauty,629,-0.118758058,2.916841007,3.035599065,5.952440072,23.83751131,0.480233262,224
2023-03-19,BR,Fashion_Beauty,615,0.16207495,2.933135649,2.771060699,5.704196348,22.78616355,0.468045398,321
2023-03-26,BR,Fashion_Beauty,1057,-0.130131657,2.940673027,3.070804684,6.011477711,22.96378793,0.523881092,443
2023-04-02,BR,Fashion_Beauty,816,0.013919296,2.99888578,2.984966483,5.983852263,22.6191196,0.500069612,372
2023-04-09,BR,Fashion_Beauty,791,-0.205387264,2.850195257,3.055582521,5.905777778,22.80124461,0.493581112,365
2023-04-16,BR,Fashion_Beauty,1049,-0.14234267,3.025542929,3.167885599,6.193428528,22.5978251,0.475906194,520
2023-04-23,BR,Fashion_Beauty,1607,-0.165602955,3.02481166,3.190414614,6.215226274,22.64121037,0.462447767,519
2023-04-30,BR,Fashion_Beauty,1225,-0.026806793,3.161459593,3.188266386,6.349725979,23.24760354,0.462259883,427
2023-05-07,BR,Fashion_Beauty,1028,0.001419382,3.146343031,3.144923649,6.291266679,23.03568708,0.40659542,440
2023-05-14,BR,Fashion_Beauty,957,0.155636102,3.03345158,2.877815478,5.911267058,23.19900128,0.530228381,367
2023-05-21,BR,Fashion_Beauty,1116,-0.286340123,3.064252124,3.350592248,6.414844372,22.84209883,0.508331965,497
2023-05-28,BR,Fashion_Beauty,1056,0.362292334,3.252832371,2.890540037,6.143372408,22.79956852,0.549869009,440
2023-06-04,BR,Fashion_Beauty,885,0.112128737,3.065188648,2.953059911,6.018248559,23.16832258,0.480978958,424
2023-06-11,BR,Fashion_Beauty,856,0.366772452,3.189476662,2.822704211,6.012180873,22.81616626,0.456756298,416
2023-06-18,BR,Fashion_Beauty,925,0.366112024,3.199479065,2.833367041,6.032846106,22.6349871,0.454943051,442
2023-06-25,BR,Fashion_Beauty,867,-0.033162288,3.161388621,3.194550909,6.35593953,22.88896157,0.429229474,389
2023-07-02,BR,Fashion_Beauty,960,0.222855527,3.186979167,2.96412364,6.151102807,22.98394955,0.460788035,395
2023-07-09,BR,Fashion_Beauty,1150,-0.620709882,2.825612857,3.44632274,6.271935597,22.58995017,0.674797452,659
2023-07-16,BR,Fashion_Beauty,915,0.311159963,3.04082784,2.729667877,5.770495717,21.99048164,0.458462849,459
2023-07-23,BR,Fashion_Beauty,868,0.450820733,3.100455723,2.64963499,5.750090713,22.72615857,0.434911385,366
2023-07-30,BR,Fashion_Beauty,954,0.380126973,3.303559881,2.923432908,6.226992789,22.94803466,0.395134773,397
2023-08-06,BR,Fashion_Beauty,930,0.482144167,3.077709559,2.595565391,5.67327495,23.06167983,0.420989769,398
2023-08-13,BR,Fashion_Beauty,1107,0.065227209,2.994054998,2.928827789,5.922882787,22.60554157,0.389759615,496
2023-08-20,BR,Fashion_Beauty,1202,1.186316494,3.236504017,2.050187524,5.286691541,22.74540907,0.800826654,477
2023-08-27,BR,Fashion_Beauty,992,-0.07520283,3.054661307,3.129864138,6.184525445,23.02397446,0.466365825,428
2023-09-03,BR,Fashion_Beauty,810,0.358621938,3.285781638,2.927159701,6.212941339,22.83215234,0.475085463,355
2023-09-10,BR,Fashion_Beauty,1038,0.303619618,3.251639205,2.948019588,6.199658793,22.74728067,0.490774547,394
2023-09-17,BR,Fashion_Beauty,933,0.794339959,3.459884167,2.665544208,6.125428375,22.25281257,0.45887073,373
2023-09-24,BR,Fashion_Beauty,968,0.687031601,3.281311992,2.594280391,5.875592383,22.65625914,0.553782296,400
2023-10-01,BR,Fashion_Beauty,873,0.458601115,3.221076797,2.762475682,5.983552479,22.98361096,0.537221832,373
2023-10-08,BR,Fashion_Beauty,718,0.454597472,3.093782013,2.639184541,5.732966554,22.69582385,0.477244674,340
2023-10-15,BR,Fashion_Beauty,763,0.053383256,3.076897652,3.023514396,6.100412048,22.79476497,0.47616386,349
2023-10-22,BR,Fashion_Beauty,865,0.47152146,3.200297407,2.728775947,5.929073354,22.58143277,0.459197279,401
2023-10-29,BR,Fashion_Beauty,860,0.705140927,3.417193783,2.712052856,6.12924664,22.64855915,0.524088528,381
2023-11-05,BR,Fashion_Beauty,1386,0.30205883,3.234262112,2.932203282,6.166465395,22.76435196,0.51872224,552
2023-11-12,BR,Fashion_Beauty,1001,0.808280843,3.415142673,2.606861829,6.022004502,22.27087419,0.487175689,448
2023-11-19,BR,Fashion_Beauty,1057,-0.099861065,3.079135998,3.178997063,6.258133061,22.90020063,0.527071035,456
2023-11-26,BR,Fashion_Beauty,1137,0.289335635,3.211259261,2.921923626,6.133182887,22.50120234,0.45868748,517
2023-12-03,BR,Fashion_Beauty,1176,0.185000216,3.137205664,2.952205449,6.089411113,21.81675253,0.468486328,552
2023-12-10,BR,Fashion_Beauty,1089,0.358096988,3.258968575,2.900871588,6.159840163,22.6662885,0.552717913,485
2023-12-17,BR,Fashion_Beauty,964,-0.018672834,3.102446665,3.121119499,6.223566164,22.78959074,0.548086536,418
2023-12-24,BR,Fashion_Beauty,572,0.583934785,3.18735559,2.603420806,5.790776396,22.73572192,0.387625732,275
2023-12-31,BR,Fashion_Beauty,744,0.000547627,3.291684778,3.291137152,6.58282193,22.93672028,0.380372383,370
2024-01-07,BR,Fashion_Beauty,903,-0.138364571,2.829023637,2.967388209,5.796411846,22.64535461,0.383916199,413
2024-01-14,BR,Fashion_Beauty,722,0.162102659,3.019345343,2.857242684,5.876588027,23.0241115,0.333165148,323
2024-01-21,BR,Fashion_Beauty,842,0.570250676,3.258388668,2.688137993,5.946526661,22.92745602,0.430951486,381
2024-01-28,BR,Fashion_Beauty,941,-0.212239926,2.958568919,3.170808845,6.129377765,22.80580404,0.407816958,371
2024-02-04,BR,Fashion_Beauty,1238,-0.322501174,3.161165683,3.483666856,6.644832539,22.83267682,0.49971535,495
2024-02-11,BR,Fashion_Beauty,820,0.787112822,3.242853755,2.455740934,5.698594689,22.59466386,0.470556164,375
2024-02-18,BR,Fashion_Beauty,1246,0.465412697,3.694716041,3.229303344,6.924019385,22.44898811,0.444585622,527
2024-02-25,BR,Fashion_Beauty,1161,-0.067798939,3.256946374,3.324745314,6.581691688,23.05283783,0.461945102,486
2024-03-03,BR,Fashion_Beauty,1471,-0.902138592,2.801033254,3.703171846,6.5042051,23.04535518,0.515875289,521
2024-03-10,BR,Fashion_Beauty,980,0.238502671,3.24793405,3.009431379,6.257365429,22.30242798,0.405539262,446
2024-03-17,BR,Fashion_Beauty,1163,-0.744231867,2.969025787,3.713257654,6.682283441,22.94249778,0.399136163,530
2024-03-24,BR,Fashion_Beauty,1167,-1.110346792,2.95916389,4.069510682,7.028674572,22.28297236,0.390124274,547
2024-03-31,BR,Fashion_Beauty,1123,-0.018891365,2.905300915,2.924192279,5.829493194,23.087402,0.408596837,506
2024-04-07,BR,Fashion_Beauty,1305,-0.602355061,3.085417273,3.687772334,6.773189608,22.30745943,0.499166357,558
2024-04-14,BR,Fashion_Beauty,1034,0.002583562,3.093538119,3.090954557,6.184492675,22.51325107,0.426204425,402
2024-04-21,BR,Fashion_Beauty,991,0.481941924,3.32027759,2.838335665,6.158613255,22.86892965,0.511177154,389
2024-04-28,BR,Fashion_Beauty,870,-0.071418422,3.105626651,3.177045073,6.282671724,23.13411572,0.4871023,382
2024-05-05,BR,Fashion_Beauty,956,0.082654196,3.076843699,2.994189503,6.071033202,22.83417592,0.498876855,434
2024-05-12,BR,Fashion_Beauty,902,0.471363494,3.189482386,2.718118892,5.907601278,22.79079296,0.540145088,390
2024-05-19,BR,Fashion_Beauty,1062,-0.079038009,3.143737513,3.222775522,6.366513035,21.82433172,0.422885369,447
2024-05-26,BR,Fashion_Beauty,906,0.395251385,3.156414805,2.76116342,5.917578225,22.48704057,0.57375565,433
2024-06-02,BR,Fashion_Beauty,934,0.681305186,3.448036341,2.766731156,6.214767497,22.99676101,0.479815614,373
2024-06-09,BR,Fashion_Beauty,938,0.297483527,3.279269228,2.981785701,6.261054929,22.50973245,0.411268567,390
2024-06-16,BR,Fashion_Beauty,1053,0.461141079,3.329160375,2.868019296,6.197179671,22.8077771,0.441617586,384
2024-06-23,BR,Fashion_Beauty,1174,0.156173825,3.112429171,2.956255345,6.068684516,22.94532378,0.589308781,438
2024-06-30,BR,Fashion_Beauty,1064,-0.617385944,3.107927473,3.725313417,6.833240889,22.89663532,0.43943019,454
2024-07-07,BR,Fashion_Beauty,1074,0.66522349,3.673675656,3.008452166,6.682127822,22.7756509,0.396668369,415
2024-07-14,BR,Fashion_Beauty,833,0.31021027,3.177562396,2.867352126,6.044914523,22.51286404,0.446346844,354
2024-07-21,BR,Fashion_Beauty,943,0.297877097,3.232096196,2.934219099,6.166315295,22.72963182,0.446163151,433
2024-07-28,BR,Fashion_Beauty,2289,-0.741586701,2.813397443,3.554984144,6.368381587,21.57312347,0.457718351,708
2024-08-04,BR,Fashion_Beauty,1433,-0.913881317,2.891319023,3.80520034,6.696519363,21.58778968,0.426996659,673
2024-08-11,BR,Fashion_Beauty,1587,-0.437850034,2.941736489,3.379586523,6.321323011,21.79396361,0.371480698,513
2024-08-18,BR,Fashion_Beauty,1351,0.035749571,3.022287632,2.986538061,6.008825693,22.7734662,0.433850059,451
2024-08-25,BR,Fashion_Beauty,1596,-0.428855954,2.98750811,3.416364064,6.403872174,22.5076194,0.384443313,593
2024-09-01,BR,Fashion_Beauty,1101,-0.130344749,3.089798105,3.220142854,6.309940959,22.661092,0.389806963,461
2024-09-08,BR,Fashion_Beauty,1414,-0.833900124,3.053971279,3.887871403,6.941842682,21.91748627,0.38850262,590
2024-09-15,BR,Fashion_Beauty,1149,-0.336472251,2.975234146,3.311706397,6.286940543,22.51202092,0.448569635,470
2024-09-22,BR,Fashion_Beauty,1145,-0.264765642,3.053359395,3.318125037,6.371484432,22.37176802,0.446152172,527
2024-09-29,BR,Fashion_Beauty,947,0.621198216,3.308663764,2.687465548,5.996129312,22.33923197,0.500357732,386
2024-10-06,BR,Fashion_Beauty,947,0.656389259,3.386972016,2.730582757,6.117554774,22.53392899,0.468438333,395
2024-10-13,BR,Fashion_Beauty,921,0.207597558,3.09666827,2.889070712,5.985738982,22.76021547,0.436040687,380
2024-10-20,BR,Fashion_Beauty,1154,0.657439299,3.479171902,2.821732603,6.300904505,22.50566134,0.431460718,448
2024-10-27,BR,Fashion_Beauty,1538,0.251264987,3.234184822,2.982919834,6.217104656,22.34365095,0.435470421,577
2024-11-03,BR,Fashion_Beauty,1365,0.19052976,3.199553439,3.009023679,6.208577118,22.70963243,0.40025593,458
2024-11-10,BR,Fashion_Beauty,1318,0.333665878,3.279680801,2.946014923,6.225695724,22.23330672,0.48717382,552
2024-11-17,BR,Fashion_Beauty,1418,0.025918807,3.226148677,3.20022987,6.426378547,21.62485802,0.473751858,602
2024-11-24,BR,Fashion_Beauty,1266,0.474717135,3.436021736,2.961304602,6.397326338,22.62103313,0.574483962,544
2024-12-01,BR,Fashion_Beauty,1350,0.342892683,3.342402285,2.999509601,6.341911886,22.33550474,0.462711823,471
2024-12-08,BR,Fashion_Beauty,1356,-0.141968563,3.172884524,3.314853087,6.487737611,22.48483516,0.367678109,487
2024-12-15,BR,Fashion_Beauty,1056,0.237481205,3.38207854,3.144597335,6.526675876,22.33422345,0.441590273,413
2024-12-22,BR,Fashion_Beauty,977,-0.082517048,2.85941254,2.941929588,5.801342129,22.12454471,0.32309569,351
2024-12-29,BR,Fashion_Beauty,1002,0.008369401,3.126912274,3.118542872,6.245455146,22.42620411,0.358939363,389
2025-01-05,BR,Fashion_Beauty,1414,-0.495834301,3.117889822,3.613724122,6.731613944,22.6039982,0.448784899,636
2025-01-12,BR,Fashion_Beauty,1110,-0.051857606,3.065273703,3.117131309,6.182405012,22.63769764,0.415652996,446
2025-01-19,BR,Fashion_Beauty,1110,0.306965833,3.308291962,3.001326129,6.309618091,21.79242724,0.427277426,471
2025-01-26,BR,Fashion_Beauty,979,0.167647282,3.209124059,3.041476777,6.250600836,22.49197415,0.393388939,397
2025-02-02,BR,Fashion_Beauty,1096,-0.051370988,3.204193615,3.255564603,6.459758217,22.65021392,0.465876279,373
2025-02-09,BR,Fashion_Beauty,1033,-0.111870393,3.106842376,3.218712769,6.325555145,22.17287161,0.401885334,405
2025-02-16,BR,Fashion_Beauty,1170,0.32689242,3.396837185,3.069944765,6.46678195,22.86323793,0.39367397,423
2025-02-23,BR,Fashion_Beauty,1100,0.421945213,3.377909936,2.955964723,6.333874659,22.32689875,0.394084251,420
2025-03-02,BR,Fashion_Beauty,1008,1.033227234,3.948189636,2.914962402,6.863152038,22.51359832,0.481528854,436
2025-03-09,BR,Fashion_Beauty,1067,0.203449925,3.384322171,3.180872246,6.565194417,22.90900802,0.435344249,401
2025-03-16,BR,Fashion_Beauty,1068,0.269735962,3.266636011,2.99690005,6.263536061,22.89789164,0.366799921,379
2025-03-23,BR,Fashion_Beauty,1237,-0.487168399,3.334416917,3.821585316,7.156002233,22.31613215,0.434106147,683
2025-03-30,BR,Fashion_Beauty,982,0.4152299,3.411467721,2.996237821,6.407705543,22.71685313,0.416077736,387
2025-04-06,BR,Fashion_Beauty,1053,0.397088563,3.339685199,2.942596637,6.282281836,22.70466975,0.466808769,419
2025-04-13,BR,Fashion_Beauty,947,-0.254117275,3.174200524,3.4283178,6.602518324,22.06857301,0.422675815,445
2025-04-20,BR,Fashion_Beauty,919,0.180140563,3.314842218,3.134701655,6.449543874,22.54890372,0.37705522,415
2025-04-27,BR,Fashion_Beauty,997,0.265916992,3.340223439,3.074306448,6.414529887,22.72976094,0.358694876,427
2025-05-04,BR,Fashion_Beauty,1147,0.416438914,3.256079404,2.839640491,6.095719895,22.54781834,0.535775262,446
2025-05-11,BR,Fashion_Beauty,1019,0.231779612,3.227237635,2.995458023,6.222695659,22.80918822,0.382800661,389
2025-05-18,BR,Fashion_Beauty,1089,0.14855946,3.234146118,3.085586658,6.319732776,22.75872941,0.412375311,397
2025-05-25,BR,Fashion_Beauty,901,-0.111186702,3.167403476,3.278590178,6.445993653,22.84471396,0.410499981,364
2025-06-01,BR,Fashion_Beauty,1171,0.024010653,3.090917856,3.066907202,6.157825058,22.85220773,0.393462226,451
2025-06-08,BR,Fashion_Beauty,1137,-0.462713522,3.146852942,3.609566464,6.756419406,22.84836199,0.341887348,439
2025-06-29,BR,Fashion_Beauty,677,-0.099650186,3.25715864,3.356808826,6.613967465,22.4929451,0.426801555,310
2025-07-06,BR,Fashion_Beauty,1064,-0.030905185,3.244121646,3.275026831,6.519148476,22.52720461,0.430065822,455
2025-07-13,BR,Fashion_Beauty,967,-0.02012695,3.249601454,3.269728404,6.519329858,22.53265556,0.463010011,394
2025-07-20,BR,Fashion_Beauty,908,-0.136800956,3.16274712,3.299548076,6.462295196,22.16033581,0.386549407,406
2025-07-27,BR,Fashion_Beauty,951,-0.220706659,3.326281915,3.546988574,6.873270489,22.35871377,0.417080318,440
2025-08-03,BR,Fashion_Beauty,965,0.032698648,3.255226133,3.222527485,6.477753618,22.66674499,0.443725108,400
2025-08-10,BR,Fashion_Beauty,904,0.167865949,3.191533614,3.023667665,6.215201279,22.47358468,0.40506902,328
2025-08-17,BR,Fashion_Beauty,948,0.237875062,3.360616679,3.122741617,6.483358296,22.60348421,0.444458152,344
2025-08-24,BR,Fashion_Beauty,1080,0.045127244,3.166925373,3.121798129,6.288723503,22.44081096,0.46556212,381
2025-08-31,BR,Fashion_Beauty,1085,-0.069421416,3.262452291,3.331873706,6.594325997,22.90102569,0.389572368,442
2025-09-07,BR,Fashion_Beauty,1031,0.005904563,3.225171125,3.219266562,6.444437686,22.40500603,0.393440664,438
2025-09-14,BR,Fashion_Beauty,1387,-0.382897574,3.329247886,3.71214546,7.041393347,22.02789469,0.388549331,581
2025-09-21,BR,Fashion_Beauty,1148,0.403012552,3.367747075,2.964734523,6.332481599,22.55274116,0.399005496,431
2025-09-28,BR,Fashion_Beauty,1126,0.032284224,3.315616311,3.283332088,6.598948399,22.65658204,0.371395054,427
2025-10-05,BR,Fashion_Beauty,1067,0.154194535,3.426134542,3.271940007,6.698074549,22.50096819,0.351864079,403
2025-10-12,BR,Fashion_Beauty,1178,0.365494105,3.424402667,3.058908562,6.483311229,22.82818193,0.373741035,370
2025-10-19,BR,Fashion_Beauty,1207,0.612652863,3.331574648,2.718921785,6.050496432,22.89400734,0.380209242,390
2025-10-26,BR,Fashion_Beauty,1127,0.125548282,3.239520803,3.113972521,6.353493325,22.15793639,0.363759786,405
2025-11-02,BR,Fashion_Beauty,1518,0.284522755,3.243660842,2.959138086,6.202798928,22.46684861,0.423044507,569
2025-11-09,BR,Fashion_Beauty,1670,0.217937366,3.245330928,3.027393562,6.272724489,22.26257582,0.436672664,637
2025-11-16,BR,Fashion_Beauty,1445,-0.104835256,3.127503803,3.232339059,6.359842862,22.50381407,0.393538215,636
2025-11-23,BR,Fashion_Beauty,1360,-0.182857417,3.182043428,3.364900845,6.546944273,22.10147663,0.417454996,626
2025-11-30,BR,Fashion_Beauty,1252,0.690386385,3.414353906,2.723967521,6.138321427,23.19948396,0.530318397,470
2025-12-07,BR,Fashion_Beauty,1170,0.101234296,3.330147564,3.228913268,6.559060832,22.42392937,0.3133424,405
2025-12-14,BR,Fashion_Beauty,1056,0.556519104,3.422911656,2.866392552,6.289304207,22.81440432,0.371765071,375
2025-12-21,BR,Fashion_Beauty,718,0.134814515,3.066360707,2.931546192,5.9979069,22.64355212,0.289669856,272
2025-12-28,BR,Fashion_Beauty,735,0.059023818,3.358806669,3.299782851,6.658589521,22.25788166,0.29253747,343
2026-01-04,BR,Fashion_Beauty,1159,-0.338595195,3.219938646,3.558533842,6.778472488,21.84504009,0.365347559,456
2026-01-11,BR,Fashion_Beauty,1106,-0.029995062,3.225291173,3.255286234,6.480577407,22.76249099,0.313800222,376
2026-01-18,BR,Fashion_Beauty,1089,-0.225341621,3.23197164,3.457313261,6.689284901,22.17775384,0.304671513,448
2026-01-25,BR,Fashion_Beauty,1047,0.069969772,3.250315381,3.180345609,6.430660991,22.76290299,0.339772237,361
2026-02-01,BR,Fashion_Beauty,1313,-0.071794003,3.08760263,3.159396633,6.246999262,22.87597664,0.31091047,358
2026-02-08,BR,Fashion_Beauty,1213,-0.028928678,3.19158079,3.220509468,6.412090258,23.01312195,0.360847604,381
2026-02-15,BR,Fashion_Beauty,874,0.47939652,3.570795723,3.091399203,6.662194925,23.14859964,0.368354189,351
2026-02-22,BR,Fashion_Beauty,1154,-0.155079116,3.218483045,3.373562162,6.592045207,22.45510251,0.340711909,457
2026-03-01,BR,Fashion_Beauty,1085,0.123454216,3.091438747,2.967984531,6.059423278,23.02524162,0.323758823,388
2026-03-08,BR,Fashion_Beauty,1095,0.09492169,3.099160773,3.004239083,6.103399855,22.48398991,0.348420044,396
2026-03-15,BR,Fashion_Beauty,1238,0.346737666,3.364214908,3.017477242,6.381692149,23.21107753,0.319514363,412
2026-03-22,BR,Fashion_Beauty,1050,0.07010167,3.194885173,3.124783504,6.319668677,23.21076348,0.298733985,354
2026-03-29,BR,Fashion_Beauty,930,-0.010679693,3.134560689,3.145240382,6.27980107,22.44728368,0.342501096,329
2026-04-05,BR,Fashion_Beauty,956,0.209008179,3.109790245,2.900782065,6.01057231,23.07745683,0.334055216,333
2026-04-12,BR,Fashion_Beauty,1569,-0.032045286,3.138676996,3.170722283,6.309399279,21.45043476,0.540362563,646
2026-04-19,BR,Fashion_Beauty,1029,0.209780721,3.309964926,3.100184204,6.41014913,22.08108213,0.365522239,420
2026-04-26,BR,Fashion_Beauty,1284,-0.636617379,2.938247,3.574864379,6.513111379,22.40496046,0.338893076,481
2026-05-03,BR,Fashion_Beauty,1462,-1.209856066,2.782867434,3.9927235,6.775590935,21.96929209,0.332973329,578
2026-05-10,BR,Fashion_Beauty,1216,-0.799250193,2.860445091,3.659695283,6.520140374,22.60282686,0.380127581,436
2026-05-17,BR,Fashion_Beauty,1208,-0.590888453,3.016223276,3.607111729,6.623335005,22.68841181,0.385511236,467
2026-05-24,BR,Fashion_Beauty,1043,0.055755354,3.007965258,2.952209905,5.960175163,22.89825656,0.318026044,357
2026-05-31,BR,Fashion_Beauty,963,0.388575458,3.077477158,2.6889017,5.766378858,22.33366177,0.311357185,335
2026-06-07,BR,Fashion_Beauty,1125,-0.059104852,3.096865405,3.155970257,6.252835663,22.82426716,0.309100272,340
2026-06-14,BR,Fashion_Beauty,1136,-0.120363962,3.05973727,3.180101232,6.239838502,22.00061664,0.326259479,438
2026-06-21,BR,Fashion_Beauty,989,-0.324087851,3.019203763,3.343291614,6.362495377,22.008386,0.356060917,400
2026-06-28,BR,Fashion_Beauty,909,-0.042652615,3.206999692,3.249652308,6.456652,22.19313219,0.357701542,404
2026-07-05,BR,Fashion_Beauty,850,-0.280428758,3.03481165,3.315240408,6.350052057,22.73734704,0.336520974,334
2026-07-12,BR,Fashion_Beauty,837,0.184207774,3.178611861,2.994404088,6.173015949,22.55884308,0.339251389,280
2026-07-19,BR,Fashion_Beauty,870,0.145990853,3.254746263,3.10875541,6.363501674,22.20698629,0.354907988,376
2026-07-26,BR,Fashion_Beauty,1101,-0.141183054,3.042658474,3.183841528,6.226500002,22.05928844,0.332329066,398
2026-08-02,BR,Fashion_Beauty,1057,-0.044744237,2.985472677,3.030216914,6.015689592,22.62124293,0.247122038,333
2026-08-09,BR,Fashion_Beauty,1199,0.432667176,3.198610623,2.765943446,5.964554069,22.44087411,0.351016898,426
2026-08-16,BR,Fashion_Beauty,1046,0.550410767,3.100305865,2.549895098,5.650200963,22.22413835,0.302531615,309
2026-08-23,BR,Fashion_Beauty,478,-0.10030047,2.869433046,2.969733516,5.839166562,22.23050735,0.260636602,249
2023-01-01,BR,Fitness_Wearables,55,-1.454532698,2.59635585,4.050888548,6.647244398,20.66351948,1.09382028,48
2023-01-08,BR,Fitness_Wearables,103,-3.055839269,2.630275034,5.686114302,8.316389336,19.71949298,0.221424536,82
2023-01-15,BR,Fitness_Wearables,21,-1.414790068,2.821051551,4.235841619,7.05689317,21.70884627,0.377527243,18
2023-01-22,BR,Fitness_Wearables,49,-1.80245994,2.809250245,4.611710185,7.42096043,21.22150743,0.290350287,40
2023-01-29,BR,Fitness_Wearables,38,-2.438760926,2.780479325,5.219240251,7.999719577,20.7214024,0.444820544,33
2023-02-05,BR,Fitness_Wearables,30,0.630857379,3.365228057,2.734370678,6.099598735,24.46473404,0.612098069,18
2023-02-12,BR,Fitness_Wearables,21,-0.312861279,2.654804909,2.967666188,5.622471097,21.14408483,0.306657294,19
2023-02-19,BR,Fitness_Wearables,24,0.378087999,2.749716166,2.371628167,5.121344332,23.22567287,0.532158591,18
2023-02-26,BR,Fitness_Wearables,19,1.191341101,3.782655028,2.591313928,6.373968956,24.74901987,0.618823829,13
2023-03-05,BR,Fitness_Wearables,25,0.363940663,3.225135003,2.86119434,6.086329343,21.88034896,0.248034367,22
2023-03-12,BR,Fitness_Wearables,27,0.951564257,3.096349248,2.144784991,5.241134239,23.32538725,0.49241752,22
2023-03-19,BR,Fitness_Wearables,56,-0.442363262,2.639950798,3.082314061,5.722264859,24.36704623,0.462013536,41
2023-03-26,BR,Fitness_Wearables,45,0.767196352,3.556365334,2.789168981,6.345534315,23.07914112,0.756046692,37
2023-04-02,BR,Fitness_Wearables,35,-0.485264727,2.943615651,3.428880379,6.37249603,22.67383412,0.695249224,34
2023-04-09,BR,Fitness_Wearables,46,-0.098335399,2.558899404,2.657234804,5.216134208,22.05115524,0.324445056,39
2023-04-16,BR,Fitness_Wearables,60,0.081276876,2.904984519,2.823707643,5.728692162,21.62991268,0.687067897,57
2023-04-23,BR,Fitness_Wearables,45,0.989613882,3.215531297,2.225917414,5.441448711,22.46651336,0.406098003,36
2023-04-30,BR,Fitness_Wearables,47,-0.186167886,2.990207729,3.176375615,6.166583344,23.0238839,0.351059279,43
2023-05-07,BR,Fitness_Wearables,25,-0.889544183,2.69248565,3.582029834,6.274515484,23.63780179,0.366828946,21
2023-05-14,BR,Fitness_Wearables,59,1.528644919,3.976056236,2.447411317,6.423467553,23.00366302,0.512518393,44
2023-05-21,BR,Fitness_Wearables,75,0.680169431,3.786747636,3.106578205,6.893325841,22.75978636,0.423677188,64
2023-05-28,BR,Fitness_Wearables,56,0.985832097,3.511306134,2.525474037,6.036780171,23.09363551,0.390465911,44
2023-06-04,BR,Fitness_Wearables,58,1.037180718,3.534045627,2.496864909,6.030910537,21.95528503,0.436249702,56
2023-06-11,BR,Fitness_Wearables,87,0.011863437,3.177992173,3.166128736,6.344120908,22.33510968,0.422077,68
2023-06-18,BR,Fitness_Wearables,180,-1.989399678,2.108101506,4.097501183,6.205602689,20.31414368,0.448236308,129
2023-06-25,BR,Fitness_Wearables,82,-1.428594294,3.248454322,4.677048616,7.925502938,20.35664133,0.436283743,65
2023-07-02,BR,Fitness_Wearables,57,-1.572341958,2.823110139,4.395452097,7.218562235,21.24747064,0.365390915,51
2023-07-09,BR,Fitness_Wearables,53,0.682432766,3.802728153,3.120295387,6.92302354,21.88776598,0.371518905,39
2023-07-16,BR,Fitness_Wearables,48,0.309936355,3.341468733,3.031532378,6.37300111,21.77540032,0.672654827,40
2023-07-23,BR,Fitness_Wearables,55,-1.003898946,2.907648197,3.911547143,6.819195339,22.30174613,0.517811936,43
2023-07-30,BR,Fitness_Wearables,30,1.004032732,3.327296922,2.323264189,5.650561111,22.08073741,0.665269841,25
2023-08-06,BR,Fitness_Wearables,50,-0.281763641,2.827743447,3.109507088,5.937250535,21.85344084,0.432459438,44
2023-08-13,BR,Fitness_Wearables,65,1.096290009,3.331084768,2.234794759,5.565879527,24.64198579,0.304824657,42
2023-08-20,BR,Fitness_Wearables,76,0.015613402,3.105263385,3.089649983,6.194913368,22.30888536,0.317203471,58
2023-08-27,BR,Fitness_Wearables,155,0.811415973,3.023982253,2.21256628,5.236548533,23.44966877,0.348269242,84
2023-09-03,BR,Fitness_Wearables,47,-0.304506584,2.625677977,2.93018456,5.555862537,23.24991042,0.346774389,32
2023-09-10,BR,Fitness_Wearables,88,-0.003391657,3.183542073,3.18693373,6.370475803,21.44695315,0.440850872,69
2023-09-17,BR,Fitness_Wearables,92,0.414909182,3.062487445,2.647578263,5.710065708,22.63897837,1.260395238,63
2023-09-24,BR,Fitness_Wearables,139,-0.433498711,2.584643302,3.018142013,5.602785316,23.01823504,0.306358179,101
2023-10-01,BR,Fitness_Wearables,72,-0.898417275,2.713402516,3.611819792,6.325222308,22.31747701,0.372220324,48
2023-10-08,BR,Fitness_Wearables,101,-2.093066825,2.727137163,4.820203989,7.547341152,22.0775302,0.424303821,63
2023-10-15,BR,Fitness_Wearables,96,-1.335738032,2.662816368,3.9985544,6.661370768,22.4772987,0.437513188,75
2023-10-22,BR,Fitness_Wearables,53,-1.036565634,2.810819357,3.847384991,6.658204348,23.75200603,0.44393662,37
2023-10-29,BR,Fitness_Wearables,53,-0.205633954,3.24530375,3.450937704,6.696241455,22.57272514,0.336283995,44
2023-11-05,BR,Fitness_Wearables,163,-2.808230477,2.542460198,5.350690675,7.893150873,21.71657015,0.337358329,99
2023-11-12,BR,Fitness_Wearables,121,-2.476725226,2.401938787,4.878664012,7.280602799,22.56557056,0.510354926,86
2023-11-19,BR,Fitness_Wearables,110,0.921449585,3.732992642,2.811543057,6.544535699,22.23516695,0.549565777,69
2023-11-26,BR,Fitness_Wearables,28,2.300993295,4.243605977,1.942612682,6.18621866,21.75535693,0.775758524,22
2023-12-03,BR,Fitness_Wearables,51,0.342664327,2.889023526,2.546359198,5.435382724,22.3630121,0.48237309,40
2023-12-10,BR,Fitness_Wearables,64,-1.611586046,2.684668503,4.296254549,6.980923052,24.22973985,0.407014055,48
2023-12-17,BR,Fitness_Wearables,33,1.14011938,3.421098144,2.280978764,5.702076908,21.90173926,0.617173999,28
2023-12-24,BR,Fitness_Wearables,26,0.056103989,2.99554962,2.93944563,5.93499525,22.41750898,0.424855477,23
2023-12-31,BR,Fitness_Wearables,68,-1.101521343,2.718912372,3.820433715,6.539346086,24.00124751,0.561958446,44
2024-01-07,BR,Fitness_Wearables,33,-0.034255148,3.072197019,3.106452168,6.178649187,22.57615657,0.613364944,23
2024-01-14,BR,Fitness_Wearables,38,0.544718355,3.45239928,2.907680925,6.360080204,22.07169262,0.509357386,32
2024-01-21,BR,Fitness_Wearables,67,-1.020645504,2.798526798,3.819172302,6.617699101,23.10514015,0.480598823,49
2024-01-28,BR,Fitness_Wearables,41,-0.536724914,3.008237046,3.544961959,6.553199005,21.95115354,0.361495467,33
2024-02-04,BR,Fitness_Wearables,64,-1.411636668,2.787502386,4.199139054,6.98664144,22.80171983,0.396757958,53
2024-02-11,BR,Fitness_Wearables,44,0.986270959,3.342845228,2.356574269,5.699419497,22.08697952,0.602365536,31
2024-02-18,BR,Fitness_Wearables,114,0.163005921,3.272192915,3.109186994,6.38137991,21.88818438,0.197492163,85
2024-02-25,BR,Fitness_Wearables,58,-1.055142157,2.4645952,3.519737357,5.984332557,24.08894364,0.297739456,47
2024-03-03,BR,Fitness_Wearables,37,0.284590647,3.089259883,2.804669236,5.893929118,21.81122654,0.308464582,32
2024-03-10,BR,Fitness_Wearables,37,0.621918824,2.894449089,2.272530265,5.166979353,23.8189272,0.273326878,25
2024-03-17,BR,Fitness_Wearables,50,0.145133924,2.897243853,2.75210993,5.649353783,22.81974332,0.424814283,42
2024-03-24,BR,Fitness_Wearables,48,1.38096905,4.403123626,3.022154575,7.425278201,20.35759834,1.198988809,40
2024-03-31,BR,Fitness_Wearables,37,2.384932723,4.298632562,1.913699838,6.2123324,22.65531362,0.570806631,30
2024-04-07,BR,Fitness_Wearables,37,0.619775534,3.455416293,2.835640759,6.291057052,21.67596055,0.412506523,31
2024-04-14,BR,Fitness_Wearables,85,-0.744266877,2.699302372,3.443569249,6.142871622,20.67311366,0.425235276,63
2024-04-21,BR,Fitness_Wearables,52,2.557690669,4.265242909,1.70755224,5.972795149,21.8741901,0.569835749,41
2024-04-28,BR,Fitness_Wearables,54,0.873246768,3.899745321,3.026498553,6.926243875,22.54615695,0.520990968,44
2024-05-05,BR,Fitness_Wearables,102,-1.547038941,2.301319909,3.84835885,6.14967876,21.73652819,0.266111271,75
2024-05-12,BR,Fitness_Wearables,49,-0.999297321,2.844402331,3.843699651,6.688101982,22.41762797,0.515770994,39
2024-05-19,BR,Fitness_Wearables,59,0.141604939,3.184563979,3.04295904,6.227523019,22.96068197,0.360687264,43
2024-05-26,BR,Fitness_Wearables,43,1.018999358,3.732892844,2.713893485,6.446786329,21.62287838,0.58453616,27
2024-06-02,BR,Fitness_Wearables,51,0.62081049,3.282275593,2.661465103,5.943740696,22.81807336,0.408762899,39
2024-06-09,BR,Fitness_Wearables,52,1.09616633,3.424549895,2.328383565,5.75293346,21.64541164,0.416831195,37
2024-06-16,BR,Fitness_Wearables,121,-1.560199781,2.955000483,4.515200264,7.470200746,21.7926501,0.518488193,85
2024-06-23,BR,Fitness_Wearables,65,-0.443204026,2.953878959,3.397082985,6.350961944,22.6636534,0.302295525,51
2024-06-30,BR,Fitness_Wearables,37,1.042098791,3.948149557,2.906050766,6.854200323,22.37462177,0.426562648,31
2024-07-07,BR,Fitness_Wearables,31,0.970742135,3.591872751,2.621130616,6.213003368,22.30735647,0.594946376,23
2024-07-14,BR,Fitness_Wearables,56,0.352811107,3.05269446,2.699883353,5.752577814,23.53510863,0.333352213,37
2024-07-21,BR,Fitness_Wearables,49,0.430202662,3.390157369,2.959954706,6.350112075,22.6741882,0.43230963,36
2024-07-28,BR,Fitness_Wearables,72,-0.359731563,3.079699555,3.439431117,6.519130672,22.37856433,0.467804277,51
2024-08-04,BR,Fitness_Wearables,56,1.027505171,3.496512635,2.469007464,5.965520099,21.86408896,0.511263401,44
2024-08-11,BR,Fitness_Wearables,48,-0.188903238,3.234710505,3.423613743,6.658324247,22.45706809,0.502781878,42
2024-08-18,BR,Fitness_Wearables,55,0.84783681,3.529561579,2.681724769,6.211286348,22.31420091,0.675835707,43
2024-08-25,BR,Fitness_Wearables,68,-2.127827355,2.359165027,4.486992382,6.846157409,22.61683471,0.388573164,50
2024-09-01,BR,Fitness_Wearables,26,1.250144146,3.120642572,1.870498426,4.991140998,23.88364261,0.500981653,22
2024-09-08,BR,Fitness_Wearables,36,0.564554563,3.362038799,2.797484237,6.159523036,21.69792787,0.490665413,28
2024-09-15,BR,Fitness_Wearables,64,-0.740938376,3.045851818,3.786790194,6.832642011,21.14971083,0.549571923,47
2024-09-22,BR,Fitness_Wearables,127,-2.23629796,2.467325567,4.703623528,7.170949095,21.47222607,0.393965165,69
2024-09-29,BR,Fitness_Wearables,147,-2.499764193,2.034047169,4.533811362,6.567858531,21.48090146,0.414214369,72
2024-10-06,BR,Fitness_Wearables,106,-1.586053092,2.407693178,3.99374627,6.401439447,21.52557303,0.265093951,67
2024-10-13,BR,Fitness_Wearables,64,0.256698555,3.452788559,3.196090004,6.648878563,22.91052373,0.664022676,44
2024-10-20,BR,Fitness_Wearables,111,-0.605338726,2.818638338,3.423977064,6.242615403,23.34564084,0.402312064,91
2024-10-27,BR,Fitness_Wearables,87,0.04981054,3.048387121,2.998576581,6.046963701,22.13358391,0.469533205,58
2024-11-03,BR,Fitness_Wearables,54,0.360775999,3.471520453,3.110744454,6.582264907,21.82076432,0.643792661,40
2024-11-10,BR,Fitness_Wearables,33,0.135736429,3.166902519,3.03116609,6.198068609,22.84568078,0.695478672,28
2024-11-17,BR,Fitness_Wearables,321,-3.065056395,2.858158076,5.923214471,8.781372548,22.09628638,0.130304545,285
2024-11-24,BR,Fitness_Wearables,93,-0.302986985,3.464258372,3.767245356,7.231503728,21.58205154,0.538206857,65
2024-12-01,BR,Fitness_Wearables,49,0.006907918,3.608749614,3.601841697,7.210591311,23.14236329,0.344027356,40
2024-12-08,BR,Fitness_Wearables,409,-2.155094903,2.475003489,4.630098393,7.105101882,22.18748118,0.26673965,228
2024-12-15,BR,Fitness_Wearables,351,-2.809379227,2.011890564,4.82126979,6.833160354,22.90214596,0.687479196,284
2024-12-22,BR,Fitness_Wearables,17,-1.731857658,3.480551892,5.212409551,8.692961443,20.16343766,0.324952791,15
2024-12-29,BR,Fitness_Wearables,31,1.28781928,3.923161146,2.635341866,6.558503011,23.42482344,0.451717588,25
2025-01-05,BR,Fitness_Wearables,58,-0.5258932,2.474246088,3.000139288,5.474385375,22.03934215,0.337842023,41
2025-01-12,BR,Fitness_Wearables,63,-0.340596215,3.69663547,4.037231686,7.733867156,20.30121638,0.850391901,58
2025-01-19,BR,Fitness_Wearables,109,-2.102322597,2.937418034,5.039740631,7.977158665,24.18502562,0.456011777,94
2025-01-26,BR,Fitness_Wearables,35,1.608570244,4.177853773,2.569283529,6.747137301,21.77670914,0.79019945,28
2025-02-02,BR,Fitness_Wearables,36,1.952199728,4.409736417,2.457536689,6.867273107,22.8220418,0.427433184,28
2025-02-09,BR,Fitness_Wearables,47,-0.395381018,3.365250134,3.760631152,7.125881286,23.58143488,0.455322884,33
2025-02-16,BR,Fitness_Wearables,114,-4.196296094,2.442864619,6.639160713,9.082025332,22.4889285,0.470209418,98
2025-02-23,BR,Fitness_Wearables,41,0.360794458,3.108923282,2.748128823,5.857052105,22.23394493,0.565265028,32
2025-03-02,BR,Fitness_Wearables,37,0.3861757,3.415092496,3.028916796,6.444009292,22.29714817,0.631188294,31
2025-03-09,BR,Fitness_Wearables,68,-1.274453141,2.715844678,3.99029782,6.706142498,21.94083876,0.23685661,54
2025-03-16,BR,Fitness_Wearables,31,0.642302671,3.622004935,2.979702263,6.601707198,21.86726697,0.411481815,26
2025-03-23,BR,Fitness_Wearables,197,-4.932644237,2.869254312,7.801898549,10.67115286,21.77047336,0.264024172,178
2025-03-30,BR,Fitness_Wearables,44,-1.048432034,3.453179099,4.501611133,7.954790231,20.87518968,0.619236377,38
2025-04-06,BR,Fitness_Wearables,94,-2.393582105,2.922270742,5.315852847,8.238123588,20.43140166,0.185875184,79
2025-04-13,BR,Fitness_Wearables,238,-3.442455897,2.181856551,5.624312448,7.806168999,21.41051018,0.181584727,133
2025-04-20,BR,Fitness_Wearables,203,-3.051941161,3.198538888,6.250480048,9.449018936,21.53813398,0.110263164,187
2025-04-27,BR,Fitness_Wearables,99,-0.883691141,3.069036468,3.95272761,7.021764078,21.87397683,0.301325897,77
2025-05-04,BR,Fitness_Wearables,81,-2.114086441,2.915954973,5.030041414,7.945996386,21.47350433,0.234040204,74
2025-05-11,BR,Fitness_Wearables,51,1.640600728,4.021952184,2.381351456,6.40330364,21.56382657,0.480367273,44
2025-05-18,BR,Fitness_Wearables,57,0.307312605,3.332440525,3.025127919,6.357568444,22.15585976,0.532219579,40
2025-05-25,BR,Fitness_Wearables,89,1.258803086,3.905275723,2.646472636,6.551748359,22.16966369,0.643362775,63
2025-06-01,BR,Fitness_Wearables,46,-1.010802096,3.358460359,4.369262454,7.727722813,22.29567203,0.647939599,37
2025-06-08,BR,Fitness_Wearables,115,-4.256394126,2.328083462,6.584477588,8.91256105,22.83181982,0.274564686,112
2025-06-29,BR,Fitness_Wearables,43,-1.942211234,2.713102698,4.655313932,7.368416629,21.87130427,0.429436368,36
2025-07-06,BR,Fitness_Wearables,38,1.762755266,4.393173683,2.630418417,7.0235921,22.26097131,0.581695232,35
2025-07-13,BR,Fitness_Wearables,67,-0.022856407,3.837575252,3.860431659,7.698006912,21.35103615,0.452220411,50
2025-07-20,BR,Fitness_Wearables,54,-0.520705653,3.138035823,3.658741476,6.7967773,22.94881648,0.346990879,39
2025-07-27,BR,Fitness_Wearables,45,0.606959126,3.257717354,2.650758228,5.908475582,21.57017857,0.373450289,29
2025-08-03,BR,Fitness_Wearables,89,-0.307578066,3.17795655,3.485534616,6.663491166,22.20273375,0.62177628,62
2025-08-10,BR,Fitness_Wearables,48,1.063951897,3.699287042,2.635335145,6.334622186,21.54156847,0.44297253,35
2025-08-17,BR,Fitness_Wearables,49,1.012891731,3.309261291,2.296369559,5.60563085,22.62861867,0.487611212,42
2025-08-24,BR,Fitness_Wearables,68,-1.264208468,2.785821827,4.050030295,6.835852123,22.15675655,0.396326338,51
2025-08-31,BR,Fitness_Wearables,126,-4.446742562,2.758347861,7.205090423,9.963438283,21.42769471,0.323229233,89
2025-09-07,BR,Fitness_Wearables,130,-2.069400536,3.210208393,5.279608929,8.489817321,21.95029212,0.438268738,112
2025-09-14,BR,Fitness_Wearables,90,-2.269274465,2.54564689,4.814921355,7.360568245,23.25763922,0.301198179,76
2025-09-21,BR,Fitness_Wearables,58,0.051513106,3.599566477,3.548053371,7.147619848,22.03849281,0.813897688,40
2025-09-28,BR,Fitness_Wearables,103,-2.193548373,3.18650901,5.380057383,8.566566393,19.42041314,0.556342555,97
2025-10-05,BR,Fitness_Wearables,49,0.105187839,3.127836125,3.022648286,6.150484412,22.58360994,0.524985929,37
2025-10-12,BR,Fitness_Wearables,68,2.762881193,4.654828327,1.891947133,6.54677546,21.48563118,0.429578343,59
2025-10-19,BR,Fitness_Wearables,82,0.442696187,3.559878733,3.117182546,6.677061279,22.40761648,0.397446845,57
2025-10-26,BR,Fitness_Wearables,53,0.78442511,3.831612798,3.047187688,6.878800486,22.21947716,0.356190723,44
2025-11-02,BR,Fitness_Wearables,35,1.110008225,3.767609345,2.65760112,6.425210466,21.41611914,0.531857392,32
2025-11-09,BR,Fitness_Wearables,44,0.669131958,3.807166606,3.138034648,6.945201254,21.80836667,0.610811203,41
2025-11-16,BR,Fitness_Wearables,61,1.285354055,3.732076416,2.446722362,6.178798778,22.82924047,0.447965873,51
2025-11-23,BR,Fitness_Wearables,175,-2.569087826,3.339762795,5.908850621,9.248613416,20.15739528,0.829865886,169
2025-11-30,BR,Fitness_Wearables,51,-0.432653097,2.997690665,3.430343761,6.428034426,21.96703446,0.202875481,45
2025-12-07,BR,Fitness_Wearables,38,1.389565212,3.937195467,2.547630255,6.484825721,22.62388608,0.264497201,30
2025-12-14,BR,Fitness_Wearables,25,0.882534889,3.923379232,3.040844342,6.964223574,21.67713082,0.288873127,23
2025-12-21,BR,Fitness_Wearables,221,-3.935276678,2.335598774,6.270875452,8.606474226,22.32906033,0.498342196,136
2025-12-28,BR,Fitness_Wearables,183,-5.190376698,2.371965226,7.562341925,9.934307151,21.07927215,0.119961357,137
2026-01-04,BR,Fitness_Wearables,45,-2.379216837,2.673925067,5.053141904,7.72706697,23.12880032,0.297099169,39
2026-01-11,BR,Fitness_Wearables,44,-1.570120933,2.384534307,3.95465524,6.339189546,21.92525253,0.293376334,36
2026-01-18,BR,Fitness_Wearables,60,-1.399521429,2.524936828,3.924458256,6.449395084,22.91843876,0.23702598,40
2026-01-25,BR,Fitness_Wearables,55,-2.97740676,2.430280568,5.407687328,7.837967896,22.6365458,0.326201556,43
2026-02-01,BR,Fitness_Wearables,34,-1.047456779,3.116700232,4.164157011,7.280857243,22.21459853,0.277157696,24
2026-02-08,BR,Fitness_Wearables,52,-1.650406709,2.59559599,4.246002699,6.841598689,21.83940355,0.480646639,39
2026-02-15,BR,Fitness_Wearables,16,-0.190624653,3.260199775,3.450824427,6.711024202,22.9718057,1.436123322,14
2026-02-22,BR,Fitness_Wearables,62,-1.165383573,3.032202119,4.197585692,7.229787811,22.44722264,0.460549817,47
2026-03-01,BR,Fitness_Wearables,40,-0.392559024,3.410595375,3.803154399,7.213749774,22.26911075,0.5984665,34
2026-03-08,BR,Fitness_Wearables,302,-3.52735478,2.215255943,5.742610723,7.957866666,21.78028684,0.123956469,241
2026-03-15,BR,Fitness_Wearables,122,-2.50657991,2.027661074,4.534240984,6.561902059,21.81803192,0.249275077,84
2026-03-22,BR,Fitness_Wearables,192,-2.353900072,2.654150183,5.008050255,7.662200437,22.82834445,0.232220011,125
2026-03-29,BR,Fitness_Wearables,49,-0.594412374,2.441710254,3.036122627,5.477832881,22.82050699,0.516568382,34
2026-04-05,BR,Fitness_Wearables,44,-1.302680493,2.836029077,4.138709569,6.974738646,22.6658357,0.369878239,35
2026-04-12,BR,Fitness_Wearables,42,0.111248324,3.342141066,3.230892742,6.573033808,22.53287326,0.389171229,36
2026-04-19,BR,Fitness_Wearables,44,-0.158617509,2.83160105,2.990218559,5.821819609,21.83537235,0.167628916,38
2026-04-26,BR,Fitness_Wearables,78,-1.153369928,2.980857059,4.134226987,7.115084045,22.82267407,0.337714668,55
2026-05-03,BR,Fitness_Wearables,79,-1.518995443,2.729390648,4.248386091,6.977776739,23.16374956,0.289873847,56
2026-05-10,BR,Fitness_Wearables,20,-0.315101315,3.446356668,3.761457983,7.207814651,21.19735512,0.484147727,14
2026-05-17,BR,Fitness_Wearables,32,1.230320609,3.720446996,2.490126386,6.210573382,21.62121607,0.418960978,26
2026-05-24,BR,Fitness_Wearables,43,-0.267755734,3.003845349,3.271601083,6.275446432,21.18204842,0.42616641,33
2026-05-31,BR,Fitness_Wearables,55,-0.64099128,3.136854207,3.777845487,6.914699694,23.35451582,0.505527246,43
2026-06-07,BR,Fitness_Wearables,42,3.431837986,5.112866125,1.681028139,6.793894264,20.42007493,0.202922001,34
2026-06-14,BR,Fitness_Wearables,38,0.110813292,3.365922668,3.255109377,6.621032045,22.10785792,0.515013765,33
2026-06-21,BR,Fitness_Wearables,35,-0.121616576,3.214018621,3.335635197,6.549653817,22.09390599,0.493627099,31
2026-06-28,BR,Fitness_Wearables,53,0.748405432,3.743681992,2.99527656,6.738958553,22.39848434,0.407584733,39
2026-07-05,BR,Fitness_Wearables,39,0.050551935,3.236518947,3.185967012,6.422485959,21.87457656,0.289056675,33
2026-07-12,BR,Fitness_Wearables,41,1.328437452,4.276347444,2.947909991,7.224257435,24.04676772,0.332841751,35
2026-07-19,BR,Fitness_Wearables,64,-0.153940101,3.067940255,3.221880356,6.289820611,21.71047401,0.373764047,37
2026-07-26,BR,Fitness_Wearables,62,-0.310917705,3.031983738,3.342901443,6.374885182,21.6476151,0.373572531,45
2026-08-02,BR,Fitness_Wearables,112,0.156103976,3.238732592,3.082628615,6.321361207,22.91106688,0.37648386,63
2026-08-09,BR,Fitness_Wearables,40,0.213893808,3.050303537,2.836409729,5.886713266,22.56895293,0.271328168,29
2026-08-16,BR,Fitness_Wearables,42,-0.706918176,2.850811199,3.557729375,6.408540574,22.84987014,0.438225745,27
2026-08-23,BR,Fitness_Wearables,15,0.051873447,3.209075369,3.157201922,6.366277292,22.47905161,0.255594309,14
2023-01-01,BR,Nutrition_Diets,6166,-0.99073791,3.044647632,4.035385542,7.080033175,23.4535563,0.523630487,962
2023-01-08,BR,Nutrition_Diets,5826,-1.435785122,2.924262806,4.360047928,7.284310735,23.77771993,0.411185381,860
2023-01-15,BR,Nutrition_Diets,5288,-1.461994353,2.826432517,4.28842687,7.114859387,24.03541849,0.420811596,750
2023-01-22,BR,Nutrition_Diets,6195,-1.927244068,2.76717732,4.694421388,7.461598708,23.60490675,0.439546444,1067
2023-01-29,BR,Nutrition_Diets,6389,-1.472323441,2.945907373,4.418230814,7.364138188,23.95848606,0.443209098,835
2023-02-05,BR,Nutrition_Diets,5763,-1.447335007,2.837770753,4.28510576,7.122876513,23.71748545,0.458233476,876
2023-02-12,BR,Nutrition_Diets,6036,-1.235106356,2.930819529,4.165925885,7.096745414,23.96516969,0.443027399,829
2023-02-19,BR,Nutrition_Diets,5057,-1.32742226,2.979478477,4.306900737,7.286379214,23.80773786,0.453066045,805
2023-02-26,BR,Nutrition_Diets,5991,-1.504448585,2.786131962,4.290580548,7.07671251,24.17165186,0.41665798,707
2023-03-05,BR,Nutrition_Diets,5766,-1.346568257,2.885334301,4.231902557,7.117236858,24.0114933,0.473042447,938
2023-03-12,BR,Nutrition_Diets,4915,-1.751095285,2.71157712,4.462672405,7.174249525,24.04495045,0.458543411,676
2023-03-19,BR,Nutrition_Diets,5448,-1.554475439,2.736862887,4.291338326,7.028201212,23.96718645,0.45414229,986
2023-03-26,BR,Nutrition_Diets,9511,-1.77337839,2.718422842,4.491801232,7.210224074,24.07124427,0.421592882,1503
2023-04-02,BR,Nutrition_Diets,8193,-1.838656739,2.730189685,4.568846424,7.299036109,23.59348713,0.463514831,1468
2023-04-09,BR,Nutrition_Diets,7945,-1.385772131,2.753583685,4.139355816,6.892939501,23.78220533,0.463294685,1261
2023-04-16,BR,Nutrition_Diets,8037,-1.337677154,2.877271029,4.214948183,7.092219213,23.5509846,0.449683722,1310
2023-04-23,BR,Nutrition_Diets,9196,-1.26199871,2.900883644,4.162882354,7.063765998,23.90096008,0.389054471,1249
2023-04-30,BR,Nutrition_Diets,10808,-1.428559659,2.821580546,4.250140204,7.07172075,23.98060968,0.405863091,1534
2023-05-07,BR,Nutrition_Diets,9839,-1.2655875,2.977036946,4.242624446,7.219661392,23.93043111,0.426524109,1428
2023-05-14,BR,Nutrition_Diets,10379,-1.467803562,2.7599932,4.227796762,6.987789962,24.03389772,0.411885994,1416
2023-05-21,BR,Nutrition_Diets,9295,-1.37486887,2.848388469,4.223257339,7.071645809,23.98863854,0.405218406,1448
2023-05-28,BR,Nutrition_Diets,8813,-1.354154294,2.790587393,4.144741687,6.935329079,24.1573225,0.424731867,1204
2023-06-04,BR,Nutrition_Diets,7906,-1.096652604,2.922458529,4.019111133,6.941569662,24.06529482,0.449523781,1324
2023-06-11,BR,Nutrition_Diets,9720,-1.606997521,2.857037082,4.464034603,7.321071685,23.79681345,0.402010908,1232
2023-06-18,BR,Nutrition_Diets,7651,-1.617648079,2.836710091,4.454358169,7.29106826,23.95603439,0.408904045,1170
2023-06-25,BR,Nutrition_Diets,8816,-1.281432062,2.695204535,3.976636596,6.671841131,23.83557562,0.395818358,1204
2023-07-02,BR,Nutrition_Diets,7952,-1.237716129,2.857969293,4.095685423,6.953654716,23.97241801,0.420287331,1100
2023-07-09,BR,Nutrition_Diets,7996,-1.317334144,2.852660377,4.169994521,7.022654897,23.91342759,0.399361638,1254
2023-07-16,BR,Nutrition_Diets,8610,-1.413605763,2.841980636,4.255586399,7.097567034,24.09230073,0.385933118,1336
2023-07-23,BR,Nutrition_Diets,7936,-1.474032102,2.787119144,4.261151246,7.048270389,24.1662145,0.401863891,1237
2023-07-30,BR,Nutrition_Diets,9838,-1.65840616,2.788202279,4.446608438,7.234810717,23.84223739,0.396188825,1690
2023-08-06,BR,Nutrition_Diets,8635,-1.14034142,2.991286437,4.131627857,7.122914294,23.55614433,0.427040111,1440
2023-08-13,BR,Nutrition_Diets,7924,-1.360644194,2.827358504,4.188002698,7.015361202,23.68672003,0.42503711,1268
2023-08-20,BR,Nutrition_Diets,8326,-1.161114969,2.953718846,4.114833815,7.068552661,23.81888275,0.394743573,1136
2023-08-27,BR,Nutrition_Diets,8447,-1.379180019,2.845419199,4.224599218,7.070018416,23.87565305,0.403274411,1372
2023-09-03,BR,Nutrition_Diets,7200,-1.426950278,2.900423546,4.327373824,7.22779737,23.83243319,0.441405469,1243
2023-09-10,BR,Nutrition_Diets,8201,-1.332267777,2.923212534,4.255480311,7.178692845,23.84223452,0.413319188,1160
2023-09-17,BR,Nutrition_Diets,8471,-1.424193454,2.843038867,4.267232322,7.110271189,23.92899596,0.444778079,1288
2023-09-24,BR,Nutrition_Diets,8529,-1.182161544,2.968859038,4.151020582,7.11987962,23.86244542,0.434788233,1239
2023-10-01,BR,Nutrition_Diets,8305,-1.325866694,2.983359516,4.30922621,7.292585726,23.5417203,0.43705548,1129
2023-10-08,BR,Nutrition_Diets,7105,-1.702967764,2.819453042,4.522420806,7.341873848,23.73800594,0.434520136,1218
2023-10-15,BR,Nutrition_Diets,7944,-1.424064794,2.88482712,4.308891915,7.193719035,23.83505073,0.439074255,1276
2023-10-22,BR,Nutrition_Diets,8808,-1.646809078,2.75418739,4.400996468,7.155183858,23.5979454,0.425570019,1410
2023-10-29,BR,Nutrition_Diets,7471,-1.406990513,2.883146408,4.29013692,7.173283328,23.77029342,0.441243181,1213
2023-11-05,BR,Nutrition_Diets,8583,-1.421580445,2.807395278,4.228975723,7.036371001,23.78636965,0.427232054,1243
2023-11-12,BR,Nutrition_Diets,8556,-1.599025034,2.752116211,4.351141245,7.103257456,23.99720573,0.442047617,1661
2023-11-19,BR,Nutrition_Diets,9187,-1.754385202,2.809315711,4.563700913,7.373016624,24.01697942,0.436872629,1838
2023-11-26,BR,Nutrition_Diets,7805,-1.425123919,2.91779023,4.342914149,7.260704378,23.75154913,0.422277356,1152
2023-12-03,BR,Nutrition_Diets,8224,-1.477873186,2.831639191,4.309512377,7.141151568,23.8038468,0.416580023,1144
2023-12-10,BR,Nutrition_Diets,7648,-1.364066488,2.845593113,4.209659601,7.055252714,23.87717837,0.419800539,1150
2023-12-17,BR,Nutrition_Diets,7064,-1.358433532,2.93965601,4.298089542,7.237745551,23.72242255,0.380338609,1085
2023-12-24,BR,Nutrition_Diets,6568,-1.508171062,2.843404433,4.351575494,7.194979927,23.90734403,0.394667735,1420
2023-12-31,BR,Nutrition_Diets,5933,-1.318113106,2.903247391,4.221360497,7.124607888,23.94056157,0.376017537,1074
2024-01-07,BR,Nutrition_Diets,7083,-1.717761884,2.876399129,4.594161013,7.470560142,24.04578112,0.361724463,1181
2024-01-14,BR,Nutrition_Diets,7665,-1.607324128,2.872591112,4.47991524,7.352506352,23.58664414,0.377233061,1616
2024-01-21,BR,Nutrition_Diets,7438,-1.318159674,2.89011771,4.208277384,7.098395094,23.80297972,0.407227355,1141
2024-01-28,BR,Nutrition_Diets,7973,-1.443242658,2.900619844,4.343862502,7.244482345,23.71929608,0.471550017,1252
2024-02-04,BR,Nutrition_Diets,8241,-1.553319093,2.925983394,4.479302487,7.405285881,23.46368556,0.40353967,1265
2024-02-11,BR,Nutrition_Diets,6715,-1.857619848,2.879064689,4.736684537,7.615749227,23.35102219,0.38523705,1230
2024-02-18,BR,Nutrition_Diets,8596,-1.908802101,2.778686084,4.687488185,7.46617427,23.5599198,0.416115512,1307
2024-02-25,BR,Nutrition_Diets,9188,-1.9661892,2.719384348,4.685573548,7.404957896,23.57695655,0.390356905,1384
2024-03-03,BR,Nutrition_Diets,9245,-1.603230073,2.781273134,4.384503207,7.16577634,23.78589741,0.415295249,1234
2024-03-10,BR,Nutrition_Diets,8499,-1.579128908,2.873700306,4.452829214,7.32652952,23.89163045,0.38886352,1209
2024-03-17,BR,Nutrition_Diets,8387,-1.679586107,2.822902405,4.502488512,7.325390917,23.54671909,0.402313697,1356
2024-03-24,BR,Nutrition_Diets,7179,-1.729563933,2.831744599,4.561308531,7.39305313,23.41970704,0.401046974,1444
2024-03-31,BR,Nutrition_Diets,8024,-1.606542752,2.872838019,4.479380772,7.352218791,23.56318506,0.396366472,1151
2024-04-07,BR,Nutrition_Diets,7749,-1.636223721,2.823954189,4.46017791,7.284132099,23.52364125,0.401278782,1236
2024-04-14,BR,Nutrition_Diets,7665,-1.471415533,2.875393959,4.346809493,7.222203452,23.66912102,0.4069794,1226
2024-04-21,BR,Nutrition_Diets,8053,-1.357055107,2.994019476,4.351074584,7.34509406,23.95334853,0.405582473,1142
2024-04-28,BR,Nutrition_Diets,7359,-1.562140666,2.921582419,4.483723085,7.405305503,23.72632709,0.454077216,1348
2024-05-05,BR,Nutrition_Diets,7851,-1.721529578,2.842157962,4.563687539,7.405845501,23.5804239,0.422399762,1489
2024-05-12,BR,Nutrition_Diets,8094,-1.577037127,2.934099164,4.511136291,7.445235455,23.67414527,0.442316825,1229
2024-05-19,BR,Nutrition_Diets,8078,-1.475331536,2.948231735,4.423563271,7.371795005,23.62802515,0.4102485,1388
2024-05-26,BR,Nutrition_Diets,7037,-1.483106605,2.936830369,4.419936974,7.356767343,23.70795096,0.395116307,1129
2024-06-02,BR,Nutrition_Diets,7824,-1.38388176,2.957173727,4.341055487,7.298229214,23.55626556,0.389276101,1120
2024-06-09,BR,Nutrition_Diets,7123,-1.59867198,2.950876892,4.549548872,7.500425764,23.90698616,0.411959946,1092
2024-06-16,BR,Nutrition_Diets,8039,-1.860200099,2.852543936,4.712744036,7.565287972,23.77523048,0.387824799,1229
2024-06-23,BR,Nutrition_Diets,8356,-1.556947795,2.974660262,4.531608056,7.506268318,23.65921104,0.411152841,1301
2024-06-30,BR,Nutrition_Diets,7825,-1.996095313,2.833048099,4.829143412,7.66219151,23.7302173,0.405850505,1522
2024-07-07,BR,Nutrition_Diets,6772,-1.564748505,2.883829135,4.44857764,7.332406775,24.0425851,0.410410096,1064
2024-07-14,BR,Nutrition_Diets,7426,-1.750970863,2.756082914,4.507053777,7.263136691,23.72084803,0.427645088,1208
2024-07-21,BR,Nutrition_Diets,8126,-2.069296124,2.72021987,4.789515995,7.509735865,23.44691268,0.368459749,1640
2024-07-28,BR,Nutrition_Diets,6786,-1.640866084,2.884534076,4.52540016,7.409934236,23.74059061,0.392550636,1078
2024-08-04,BR,Nutrition_Diets,7057,-1.787953051,2.788261264,4.576214314,7.364475578,23.50955492,0.434899042,1335
2024-08-11,BR,Nutrition_Diets,7897,-1.896424067,2.767508553,4.66393262,7.431441174,23.66341208,0.412030343,1216
2024-08-18,BR,Nutrition_Diets,8268,-1.713527399,2.838608355,4.552135754,7.390744109,23.86280045,0.414708819,1214
2024-08-25,BR,Nutrition_Diets,7392,-1.641487016,2.830519761,4.472006777,7.302526538,23.91435793,0.408476314,1038
2024-09-01,BR,Nutrition_Diets,6871,-1.710452121,2.78305282,4.493504941,7.276557761,23.80535348,0.402295057,1038
2024-09-08,BR,Nutrition_Diets,7641,-1.514794215,2.8922478,4.407042015,7.299289815,23.88443961,0.412424636,1217
2024-09-15,BR,Nutrition_Diets,7792,-1.845917142,2.751550701,4.597467843,7.349018544,24.03173555,0.464916505,1159
2024-09-22,BR,Nutrition_Diets,7573,-1.521085503,2.937431213,4.458516716,7.39594793,23.73195999,0.457071046,1219
2024-09-29,BR,Nutrition_Diets,7238,-1.492780309,2.90364389,4.396424199,7.300068089,23.7946928,0.400334998,1135
2024-10-06,BR,Nutrition_Diets,7089,-1.328238138,2.899298954,4.227537093,7.126836047,23.75333557,0.415719398,1169
2024-10-13,BR,Nutrition_Diets,7070,-1.343463142,2.949041215,4.292504358,7.241545573,23.6182936,0.457165319,1163
2024-10-20,BR,Nutrition_Diets,8837,-1.592026119,2.931806495,4.523832614,7.455639109,23.52890515,0.382315827,1493
2024-10-27,BR,Nutrition_Diets,7772,-1.175223414,3.00711893,4.182342345,7.189461275,23.79639775,0.428281377,1275
2024-11-03,BR,Nutrition_Diets,7826,-1.416341212,3.00966281,4.426004022,7.435666832,23.73273349,0.370674741,1214
2024-11-10,BR,Nutrition_Diets,8125,-1.395977861,2.974393468,4.370371329,7.344764797,23.36439022,0.405633755,1680
2024-11-17,BR,Nutrition_Diets,9331,-0.895755973,3.272857427,4.1686134,7.441470827,23.21347044,0.429428664,1732
2024-11-24,BR,Nutrition_Diets,7658,-1.41864023,3.037177647,4.455817877,7.492995524,23.83687286,0.384973442,1303
2024-12-01,BR,Nutrition_Diets,7290,-1.646099382,2.881027309,4.527126691,7.408154,23.59268839,0.366501856,1179
2024-12-08,BR,Nutrition_Diets,8240,-1.820900281,2.878302432,4.699202713,7.577505144,23.58186875,0.35171261,1402
2024-12-15,BR,Nutrition_Diets,7437,-1.413838417,2.989569107,4.403407524,7.392976631,23.67264796,0.403534683,1263
2024-12-22,BR,Nutrition_Diets,5809,-1.949131692,2.826664526,4.775796218,7.602460745,23.92399356,0.360276302,1148
2024-12-29,BR,Nutrition_Diets,5865,-1.432242835,2.918569983,4.350812818,7.269382801,23.61252248,0.42528039,1123
2025-01-05,BR,Nutrition_Diets,7394,-1.945956957,2.785667947,4.731624903,7.51729285,23.79330018,0.366844191,1285
2025-01-12,BR,Nutrition_Diets,7220,-1.722627037,2.855514738,4.578141775,7.433656513,23.86511299,0.356425351,1118
2025-01-19,BR,Nutrition_Diets,6918,-1.773479014,2.847244507,4.62072352,7.467968027,23.93889171,0.353964403,1020
2025-01-26,BR,Nutrition_Diets,6555,-1.527902811,2.953773672,4.481676483,7.435450155,23.83241273,0.401819362,1008
2025-02-02,BR,Nutrition_Diets,7274,-1.925624933,2.783497788,4.709122721,7.49262051,24.1201332,0.350759562,979
2025-02-09,BR,Nutrition_Diets,7574,-1.829271155,2.873417349,4.702688504,7.576105853,23.8778735,0.36573237,1183
2025-02-16,BR,Nutrition_Diets,7449,-1.855117154,2.939739221,4.794856375,7.734595596,24.02249336,0.348815565,1163
2025-02-23,BR,Nutrition_Diets,7007,-1.400910006,3.102743002,4.503653008,7.60639601,23.94951103,0.371786956,987
2025-03-02,BR,Nutrition_Diets,6094,-1.435082805,3.11028104,4.545363846,7.655644886,24.07393373,0.362163939,1057
2025-03-09,BR,Nutrition_Diets,6994,-1.637669067,2.946344833,4.5840139,7.530358734,24.17159035,0.394840149,933
2025-03-16,BR,Nutrition_Diets,6980,-1.553222591,3.006823953,4.560046544,7.566870497,24.11508362,0.366056375,1053
2025-03-23,BR,Nutrition_Diets,6997,-1.528718569,3.032240991,4.56095956,7.593200551,23.86276634,0.371843541,985
2025-03-30,BR,Nutrition_Diets,7037,-1.517978602,3.014416979,4.532395581,7.546812561,23.89940336,0.382427029,1026
2025-04-06,BR,Nutrition_Diets,6583,-1.386490924,3.065288567,4.451779491,7.517068057,23.86978465,0.401695384,976
2025-04-13,BR,Nutrition_Diets,6259,-1.73023123,2.982492504,4.712723734,7.695216238,23.86311598,0.362154053,934
2025-04-20,BR,Nutrition_Diets,6480,-1.423024967,3.086947737,4.509972705,7.596920442,23.67949941,0.371032542,1044
2025-04-27,BR,Nutrition_Diets,6462,-1.511694321,3.031986418,4.543680739,7.575667158,23.81983973,0.364093551,997
2025-05-04,BR,Nutrition_Diets,7484,-1.891117776,2.847470458,4.738588234,7.586058692,23.62918437,0.405777121,1046
2025-05-11,BR,Nutrition_Diets,7628,-1.638128089,2.919005162,4.557133251,7.476138414,23.35854501,0.400935255,1079
2025-05-18,BR,Nutrition_Diets,7921,-1.500166696,2.942540025,4.442706721,7.385246746,23.40052641,0.356951511,1087
2025-05-25,BR,Nutrition_Diets,7090,-1.429008794,2.964517245,4.393526039,7.358043284,23.81369784,0.39418315,1093
2025-06-01,BR,Nutrition_Diets,6828,-1.500161213,3.071649929,4.571811142,7.643461071,23.98066852,0.381781318,971
2025-06-08,BR,Nutrition_Diets,6026,-1.374126481,3.043142214,4.417268695,7.46041091,23.87889555,0.367797509,893
2025-06-29,BR,Nutrition_Diets,4337,-1.405527248,3.08315336,4.488680608,7.571833968,23.69366691,0.352191494,852
2025-07-06,BR,Nutrition_Diets,7240,-1.458019549,3.125090247,4.583109796,7.708200043,23.54589568,0.376232537,1152
2025-07-13,BR,Nutrition_Diets,6522,-1.450892378,3.080415115,4.531307493,7.611722608,23.77307696,0.417269449,1139
2025-07-20,BR,Nutrition_Diets,7780,-1.440754791,3.08142616,4.522180952,7.603607112,23.85236438,0.42458081,1057
2025-07-27,BR,Nutrition_Diets,6493,-1.600092756,2.996221583,4.596314339,7.592535922,24.00097685,0.403511483,959
2025-08-03,BR,Nutrition_Diets,6521,-1.673811223,3.017848694,4.691659916,7.70950861,23.80391196,0.369884101,1005
2025-08-10,BR,Nutrition_Diets,6239,-1.538112454,3.104288092,4.642400546,7.746688638,23.91333196,0.406891087,1025
2025-08-17,BR,Nutrition_Diets,6894,-1.313783918,3.290049037,4.603832955,7.893881992,23.66508043,0.752716041,920
2025-08-24,BR,Nutrition_Diets,6987,-1.525919029,2.998310316,4.524229345,7.522539662,23.47179954,0.382841236,1170
2025-08-31,BR,Nutrition_Diets,7504,-1.947207153,2.956647134,4.903854287,7.86050142,23.46939853,0.336380888,1215
2025-09-07,BR,Nutrition_Diets,7073,-1.684265764,3.063136213,4.747401977,7.810538191,23.50610525,0.36763483,1269
2025-09-14,BR,Nutrition_Diets,8341,-2.271930005,2.878308069,5.150238074,8.028546144,23.68357894,0.315518646,1439
2025-09-21,BR,Nutrition_Diets,7238,-1.551883368,3.105998675,4.657882043,7.763880718,23.61402932,0.362192639,1106
2025-09-28,BR,Nutrition_Diets,7484,-1.721864121,3.015366613,4.737230734,7.752597347,23.57529229,0.36195749,1036
2025-10-05,BR,Nutrition_Diets,7313,-1.322466424,3.222628171,4.545094595,7.767722766,23.48419626,0.388290308,1129
2025-10-12,BR,Nutrition_Diets,7327,-1.279866875,3.18904468,4.468911555,7.657956235,23.64313538,0.361585686,1090
2025-10-19,BR,Nutrition_Diets,7652,-1.486246732,3.112216859,4.598463591,7.710680449,23.7513964,0.399403542,1178
2025-10-26,BR,Nutrition_Diets,10889,-3.064210857,2.606541742,5.670752599,8.277294342,23.36315461,0.3506744,1952
2025-11-02,BR,Nutrition_Diets,9062,-1.696475424,3.063475852,4.759951277,7.823427129,23.3090021,0.396609507,1609
2025-11-09,BR,Nutrition_Diets,8652,-1.45265059,3.119596736,4.572247326,7.691844062,23.34807392,0.396621551,1686
2025-11-16,BR,Nutrition_Diets,7948,-1.669666966,2.951970505,4.621637471,7.573607976,23.59253037,0.366968058,1635
2025-11-23,BR,Nutrition_Diets,9459,-1.622034475,3.147598179,4.769632653,7.917230832,23.21676195,0.420790441,1745
2025-11-30,BR,Nutrition_Diets,7436,-1.661573729,2.921366342,4.582940071,7.504306414,23.46613073,0.323725224,1091
2025-12-07,BR,Nutrition_Diets,6608,-1.60385696,2.99496565,4.59882261,7.59378826,23.62616964,0.33470963,951
2025-12-14,BR,Nutrition_Diets,6860,-1.692167102,3.027427631,4.719594732,7.747022363,23.68236775,0.371219707,1158
2025-12-21,BR,Nutrition_Diets,5445,-1.898432737,3.015743987,4.914176724,7.929920712,23.93661392,0.28905852,940
2025-12-28,BR,Nutrition_Diets,5325,-2.014943451,2.926077137,4.941020588,7.867097726,23.93738152,0.289531909,929
2026-01-04,BR,Nutrition_Diets,7229,-1.657480363,2.974276187,4.63175655,7.606032737,23.33774813,0.36696375,939
2026-01-11,BR,Nutrition_Diets,6969,-1.625345769,3.029863574,4.655209343,7.685072917,23.78682885,0.314613599,1077
2026-01-18,BR,Nutrition_Diets,7081,-1.562831065,3.077638228,4.640469293,7.718107521,23.6244779,0.295649157,978
2026-01-25,BR,Nutrition_Diets,7102,-1.770724143,2.951887697,4.72261184,7.674499536,23.81551848,0.299434336,1022
2026-02-01,BR,Nutrition_Diets,7310,-1.90098908,2.97575086,4.87673994,7.852490799,23.75299589,0.288081219,993
2026-02-08,BR,Nutrition_Diets,7034,-1.553170948,3.126345282,4.67951623,7.805861512,23.84641462,0.284760279,1013
2026-02-15,BR,Nutrition_Diets,5673,-1.833389211,3.025154517,4.858543729,7.883698246,23.88438237,0.295397557,1010
2026-02-22,BR,Nutrition_Diets,6640,-1.709691083,3.051013931,4.760705014,7.811718945,23.81410348,0.287972429,988
2026-03-01,BR,Nutrition_Diets,6275,-1.527122712,3.039160296,4.566283007,7.605443303,23.8727387,0.324816011,893
2026-03-08,BR,Nutrition_Diets,6260,-1.785608231,2.926854988,4.71246322,7.639318208,23.93604839,0.347383684,888
2026-03-15,BR,Nutrition_Diets,6396,-1.771208571,2.94929888,4.720507451,7.669806331,23.84828041,0.297338705,897
2026-03-22,BR,Nutrition_Diets,7774,-1.96350924,2.729615678,4.693124918,7.422740596,23.56615713,0.307574181,1088
2026-03-29,BR,Nutrition_Diets,6068,-1.741486198,2.896899552,4.63838575,7.535285302,23.87344992,0.306774115,903
2026-04-05,BR,Nutrition_Diets,6462,-1.662319568,2.991326413,4.653645981,7.644972394,23.82491764,0.283952913,935
2026-04-12,BR,Nutrition_Diets,6653,-1.474195279,3.032520984,4.506716263,7.539237248,23.7996665,0.327675426,1021
2026-04-19,BR,Nutrition_Diets,6306,-1.831024834,2.936304862,4.767329695,7.703634557,23.9041816,0.316667629,1051
2026-04-26,BR,Nutrition_Diets,6508,-1.811613873,2.936033221,4.747647093,7.683680314,23.89691281,0.320560836,1343
2026-05-03,BR,Nutrition_Diets,6273,-1.993744129,2.884834574,4.878578703,7.763413277,23.86065758,0.303550296,934
2026-05-10,BR,Nutrition_Diets,6588,-1.772301316,3.01437675,4.786678066,7.801054816,23.7425026,0.321404002,876
2026-05-17,BR,Nutrition_Diets,6239,-1.681281277,3.018145552,4.699426829,7.717572382,23.59986654,0.30139594,916
2026-05-24,BR,Nutrition_Diets,7250,-1.841660841,2.934613992,4.776274834,7.710888826,23.37136656,0.318872411,1024
2026-05-31,BR,Nutrition_Diets,6232,-1.949449846,2.919735023,4.86918487,7.788919893,23.47148288,0.312688941,1034
2026-06-07,BR,Nutrition_Diets,5965,-1.651840562,3.057893904,4.709734467,7.767628371,23.45333788,0.295386909,900
2026-06-14,BR,Nutrition_Diets,6019,-1.63318022,3.012117987,4.645298207,7.657416194,23.49669747,0.309591752,1035
2026-06-21,BR,Nutrition_Diets,6337,-1.517527625,3.069260571,4.586788197,7.656048768,23.3656598,0.340252796,1132
2026-06-28,BR,Nutrition_Diets,5650,-1.459018267,3.030526359,4.489544626,7.520070986,23.50779275,0.30260448,868
2026-07-05,BR,Nutrition_Diets,5475,-1.546227001,3.050977051,4.597204052,7.648181103,23.75641984,0.288676074,888
2026-07-12,BR,Nutrition_Diets,5332,-1.608320207,2.988086927,4.596407134,7.584494061,23.64256253,0.295080602,826
2026-07-19,BR,Nutrition_Diets,5371,-1.655950743,2.960197119,4.616147862,7.576344981,23.49237464,0.303046023,786
2026-07-26,BR,Nutrition_Diets,5754,-1.654697582,2.92886558,4.583563162,7.512428743,23.43405791,0.285160341,916
2026-08-02,BR,Nutrition_Diets,5568,-1.581821865,2.929717467,4.511539332,7.4412568,23.51072579,0.288782667,853
2026-08-09,BR,Nutrition_Diets,5534,-1.657676607,2.876649217,4.534325824,7.410975041,23.68286498,0.313705219,905
2026-08-16,BR,Nutrition_Diets,6231,-1.550911976,2.84879822,4.399710195,7.248508415,23.54374631,0.297296912,878
2026-08-23,BR,Nutrition_Diets,2490,-1.755293419,2.814888976,4.570182395,7.385071371,23.7388364,0.329879949,527
2023-01-01,CA,Fashion_Beauty,237,-0.106302827,3.055453365,3.161756192,6.217209557,21.95598879,0.838442692,166
2023-01-08,CA,Fashion_Beauty,449,-0.870186137,3.018981361,3.889167498,6.908148859,22.04279322,0.659588481,259
2023-01-15,CA,Fashion_Beauty,557,-0.21232589,2.903156799,3.11548269,6.018639489,22.09562565,0.771638064,390
2023-01-22,CA,Fashion_Beauty,763,-0.740708495,2.761001699,3.501710194,6.262711893,22.4090491,0.782734164,430
2023-01-29,CA,Fashion_Beauty,429,-0.336371558,2.878175059,3.214546617,6.092721675,21.9304755,0.787634976,307
2023-02-05,CA,Fashion_Beauty,706,-0.271281471,2.784685639,3.05596711,5.84065275,22.85774133,0.984814456,406
2023-02-12,CA,Fashion_Beauty,552,0.069243542,3.046971647,2.977728105,6.024699752,22.49087581,0.945068783,336
2023-02-19,CA,Fashion_Beauty,623,-1.069293047,2.790732196,3.860025243,6.650757439,21.62469267,0.797114669,360
2023-02-26,CA,Fashion_Beauty,718,-0.712696003,2.701512944,3.414208947,6.115721892,22.17986085,0.809833032,421
2023-03-05,CA,Fashion_Beauty,969,-1.115972267,2.573049904,3.689022171,6.262072075,22.03071989,0.66703254,405
2023-03-12,CA,Fashion_Beauty,793,-0.272352378,2.994057699,3.266410077,6.260467775,22.46848371,0.918261839,460
2023-03-19,CA,Fashion_Beauty,759,-0.594241501,2.776291174,3.370532675,6.14682385,22.25672111,0.915322144,415
2023-03-26,CA,Fashion_Beauty,1591,-0.090748554,3.078663008,3.169411562,6.24807457,21.70829591,0.857274389,827
2023-04-02,CA,Fashion_Beauty,1038,0.100803734,3.123055324,3.02225159,6.145306914,22.36258104,0.700220048,601
2023-04-09,CA,Fashion_Beauty,1071,-1.123546254,2.786392443,3.909938698,6.696331141,22.08882397,0.625014019,510
2023-04-16,CA,Fashion_Beauty,1480,-0.598536103,2.849774749,3.448310852,6.298085601,22.45929431,0.859715857,677
2023-04-23,CA,Fashion_Beauty,1368,-0.693161783,2.754349773,3.447511556,6.201861329,22.64177134,0.757162856,595
2023-04-30,CA,Fashion_Beauty,1231,0.121219382,3.0839627,2.962743318,6.046706019,21.1734895,0.848055407,659
2023-05-07,CA,Fashion_Beauty,1598,-0.794723117,2.630944907,3.425668024,6.056612931,22.63953514,0.905081787,696
2023-05-14,CA,Fashion_Beauty,1095,0.231100649,3.25773661,3.02663596,6.28437257,21.96001153,0.884935188,619
2023-05-21,CA,Fashion_Beauty,1321,-0.645342777,3.057855941,3.703198718,6.761054659,21.66755472,0.776775995,632
2023-05-28,CA,Fashion_Beauty,1358,0.262640051,3.340470892,3.077830841,6.418301733,22.05177064,0.725900908,697
2023-06-04,CA,Fashion_Beauty,1186,-0.342109424,2.938572271,3.280681695,6.219253966,22.70212515,0.842134481,622
2023-06-11,CA,Fashion_Beauty,1417,0.017049964,2.915842654,2.89879269,5.814635344,22.56375981,0.994346802,711
2023-06-18,CA,Fashion_Beauty,1341,-0.062747488,3.194904949,3.257652437,6.452557387,22.46822723,0.665279732,687
2023-06-25,CA,Fashion_Beauty,1178,-0.367909557,3.027777657,3.395687214,6.423464871,21.77960608,0.805746093,566
2023-07-02,CA,Fashion_Beauty,1270,-0.852932843,2.671714655,3.524647498,6.196362153,22.44624699,0.67761911,673
2023-07-09,CA,Fashion_Beauty,1061,-0.629504552,2.835618644,3.465123196,6.30074184,22.11607933,0.751796443,565
2023-07-16,CA,Fashion_Beauty,1385,0.394687941,3.293386149,2.898698209,6.192084358,21.36203649,0.713569994,730
2023-07-23,CA,Fashion_Beauty,1016,-0.107973507,3.097837061,3.205810568,6.303647629,22.30967488,0.718246505,537
2023-07-30,CA,Fashion_Beauty,966,-0.697024451,2.928239015,3.625263467,6.553502482,22.37953669,0.7943026,547
2023-08-06,CA,Fashion_Beauty,783,-0.333652668,3.085428178,3.419080846,6.504509025,21.57615573,0.86086006,520
2023-08-13,CA,Fashion_Beauty,1017,-0.817073946,2.712020464,3.52909441,6.241114874,21.77584457,0.664120471,535
2023-08-20,CA,Fashion_Beauty,1036,0.070246898,2.984044713,2.913797815,5.897842527,22.87015007,0.789037686,567
2023-08-27,CA,Fashion_Beauty,1184,-0.410102779,3.099501911,3.509604691,6.609106602,22.71495347,0.924024412,603
2023-09-03,CA,Fashion_Beauty,927,-0.164845066,3.027828821,3.192673887,6.220502708,22.52634446,0.869243885,504
2023-09-10,CA,Fashion_Beauty,1701,-1.592823316,2.614573859,4.207397175,6.821971034,21.52530504,0.530999061,882
2023-09-17,CA,Fashion_Beauty,1053,-0.127820327,2.895670413,3.023490741,5.919161154,22.09364299,1.008831778,612
2023-09-24,CA,Fashion_Beauty,1146,0.659028047,3.586687984,2.927659937,6.514347921,21.58549803,0.71909754,581
2023-10-01,CA,Fashion_Beauty,1035,-0.995199627,2.655069537,3.650269164,6.305338701,22.67404134,0.69078544,533
2023-10-08,CA,Fashion_Beauty,962,-0.008687787,2.922463707,2.931151494,5.853615201,21.56284806,0.710791054,516
2023-10-15,CA,Fashion_Beauty,1325,-0.670162892,2.676116274,3.346279167,6.022395441,22.48280096,0.932968034,742
2023-10-22,CA,Fashion_Beauty,1069,-0.224251375,3.009693813,3.233945188,6.243639001,22.12732822,0.844840834,527
2023-10-29,CA,Fashion_Beauty,966,-0.178232123,2.952464259,3.130696383,6.083160642,21.86640543,0.787115075,526
2023-11-05,CA,Fashion_Beauty,954,-0.388883027,2.973584918,3.362467944,6.336052862,22.11099395,0.834743586,510
2023-11-12,CA,Fashion_Beauty,903,-0.162512879,3.146463226,3.308976105,6.455439331,22.84842918,0.954201895,514
2023-11-19,CA,Fashion_Beauty,896,-0.31257074,2.839569997,3.152140736,5.991710733,21.87015303,0.753203775,476
2023-11-26,CA,Fashion_Beauty,896,-0.186564299,3.125646891,3.31221119,6.437858082,21.72310782,0.722685743,514
2023-12-03,CA,Fashion_Beauty,1116,-0.909754077,2.736544425,3.646298502,6.382842927,22.60154811,0.705010396,538
2023-12-10,CA,Fashion_Beauty,1045,-0.251576954,3.14981141,3.401388365,6.551199775,22.03614771,1.14707281,571
2023-12-17,CA,Fashion_Beauty,1143,-1.074148037,3.034312221,4.108460258,7.142772478,21.84405206,0.630799589,695
2023-12-24,CA,Fashion_Beauty,616,0.861613814,3.640611922,2.778998108,6.41961003,23.23538528,0.827709485,441
2023-12-31,CA,Fashion_Beauty,627,-0.584482512,3.008862369,3.593344881,6.60220725,22.16706754,0.760555528,374
2024-01-07,CA,Fashion_Beauty,880,-0.623837376,2.757051272,3.380888647,6.137939919,22.56668644,0.683870595,455
2024-01-14,CA,Fashion_Beauty,864,-0.717316514,2.681732948,3.399049462,6.080782411,21.8862007,0.746001925,466
2024-01-21,CA,Fashion_Beauty,977,-0.51336815,2.846661435,3.360029586,6.206691021,22.07321151,0.812281811,537
2024-01-28,CA,Fashion_Beauty,1201,-0.296996657,3.0868083,3.383804957,6.470613257,21.85179058,0.983032733,614
2024-02-04,CA,Fashion_Beauty,843,-0.485817375,2.973996841,3.459814217,6.433811058,22.19703323,0.822336399,498
2024-02-11,CA,Fashion_Beauty,830,-0.366355006,3.117176359,3.483531365,6.600707724,22.07142547,0.795168869,503
2024-02-18,CA,Fashion_Beauty,1051,-0.774656532,2.825451746,3.600108279,6.425560025,22.4658315,0.835093488,560
2024-02-25,CA,Fashion_Beauty,1079,-0.641951036,3.125092538,3.767043574,6.892136112,21.98721479,0.70112476,594
2024-03-03,CA,Fashion_Beauty,1195,-1.332084236,2.743744634,4.075828869,6.819573503,21.67538606,0.722861165,762
2024-03-10,CA,Fashion_Beauty,826,-0.470384498,2.812538383,3.282922881,6.095461263,22.25123623,0.773620843,520
2024-03-17,CA,Fashion_Beauty,1096,-0.141126765,3.003669327,3.144796092,6.148465418,22.23136572,0.770796741,528
2024-03-24,CA,Fashion_Beauty,941,-0.146834469,2.883203822,3.030038292,5.913242114,22.88273376,0.858216486,501
2024-03-31,CA,Fashion_Beauty,1484,-2.048244454,2.716458653,4.764703107,7.48116176,21.87962118,0.721379468,972
2024-04-07,CA,Fashion_Beauty,1056,0.134769054,3.027183486,2.892414432,5.919597918,22.21794932,1.062698508,610
2024-04-14,CA,Fashion_Beauty,1149,-0.442146284,2.883479513,3.325625797,6.20910531,21.96361683,0.747419228,587
2024-04-21,CA,Fashion_Beauty,1123,-0.586684043,2.863111029,3.449795072,6.312906101,22.15514917,0.866226949,509
2024-04-28,CA,Fashion_Beauty,1224,-0.457841504,2.893804485,3.351645989,6.245450474,22.5543435,0.740756276,552
2024-05-05,CA,Fashion_Beauty,1365,-0.589807105,3.21196758,3.801774685,7.013742265,21.78561005,0.928489857,648
2024-05-12,CA,Fashion_Beauty,1106,-0.401594339,3.051653761,3.4532481,6.504901861,22.170214,0.629724724,587
2024-05-19,CA,Fashion_Beauty,1027,-0.049947274,2.966588155,3.01653543,5.983123585,21.78625416,0.713154722,606
2024-05-26,CA,Fashion_Beauty,1071,-0.139792332,3.007187487,3.146979819,6.154167305,22.25335847,0.938887191,555
2024-06-02,CA,Fashion_Beauty,1050,-0.174551311,3.095363709,3.26991502,6.365278729,22.22305975,0.688027523,552
2024-06-09,CA,Fashion_Beauty,1223,-0.500002559,2.791515844,3.291518403,6.083034247,21.91581801,0.579378035,632
2024-06-16,CA,Fashion_Beauty,1048,-0.361338481,2.767409565,3.128748046,5.896157611,22.06011157,0.764042461,501
2024-06-23,CA,Fashion_Beauty,1421,-1.07046372,2.599579467,3.670043187,6.269622654,22.50970077,0.792591611,683
2024-06-30,CA,Fashion_Beauty,663,-0.703591768,2.823727206,3.527318974,6.35104618,22.06125959,0.765173157,406
2024-07-07,CA,Fashion_Beauty,792,-0.410495235,2.762299158,3.172794393,5.935093551,21.62541296,0.73471305,460
2024-07-14,CA,Fashion_Beauty,898,0.168752674,3.332530323,3.163777649,6.496307971,22.13920626,0.818975061,500
2024-07-21,CA,Fashion_Beauty,934,-0.878427295,2.8707671,3.749194394,6.619961494,22.58198601,0.839221408,506
2024-07-28,CA,Fashion_Beauty,705,-0.8579213,2.793701854,3.651623154,6.445325007,21.67255307,0.644027148,470
2024-08-04,CA,Fashion_Beauty,730,-0.240758807,3.122472597,3.363231404,6.485704002,22.05490285,1.057681212,494
2024-08-11,CA,Fashion_Beauty,984,0.351417547,3.533502413,3.182084866,6.715587279,20.78540914,0.768061737,551
2024-08-18,CA,Fashion_Beauty,1368,-1.408295052,2.138399301,3.546694353,5.685093653,22.34487273,0.707939484,570
2024-08-25,CA,Fashion_Beauty,863,-0.596200273,2.99742153,3.593621803,6.591043333,21.94606732,0.729774937,508
2024-09-01,CA,Fashion_Beauty,866,-0.696423895,2.897384866,3.593808761,6.491193627,21.91903281,0.869053659,501
2024-09-08,CA,Fashion_Beauty,1374,-0.674756576,2.801586838,3.476343414,6.277930251,21.712738,0.595274623,666
2024-09-15,CA,Fashion_Beauty,1445,-0.72846246,2.775905856,3.504368316,6.280274173,21.69025261,0.846405941,669
2024-09-22,CA,Fashion_Beauty,902,0.137819948,3.322494268,3.18467432,6.507168588,21.3081985,0.687066196,540
2024-09-29,CA,Fashion_Beauty,902,0.238891888,3.273311388,3.0344195,6.307730887,21.70532076,0.987054955,526
2024-10-06,CA,Fashion_Beauty,810,0.43121611,3.222666751,2.791450641,6.014117392,22.02267686,0.840640828,508
2024-10-13,CA,Fashion_Beauty,860,-0.031550835,3.255099319,3.286650153,6.541749472,21.48854423,0.779866376,508
2024-10-20,CA,Fashion_Beauty,925,0.51241484,3.557394129,3.044979289,6.602373417,21.85248134,0.987803971,533
2024-10-27,CA,Fashion_Beauty,1040,-0.287543174,3.328154242,3.615697416,6.943851658,21.52421398,0.755819761,502
2024-11-03,CA,Fashion_Beauty,828,-0.153478785,3.146743343,3.300222128,6.446965471,22.07509695,0.78163661,442
2024-11-10,CA,Fashion_Beauty,900,0.081810058,3.300605248,3.21879519,6.519400438,22.08889539,0.927530999,550
2024-11-17,CA,Fashion_Beauty,1028,-0.231412205,2.851263163,3.082675369,5.933938532,21.68201285,0.658536778,591
2024-11-24,CA,Fashion_Beauty,1385,-0.892852521,2.911296028,3.80414855,6.715444578,22.17077396,0.72953635,771
2024-12-01,CA,Fashion_Beauty,1152,0.165461797,3.157387445,2.991925648,6.149313093,21.30989753,0.913558122,645
2024-12-08,CA,Fashion_Beauty,1047,-0.213556768,3.346963719,3.560520487,6.907484206,21.9919785,0.871761881,666
2024-12-15,CA,Fashion_Beauty,1146,-0.032811605,3.206646681,3.239458286,6.446104967,22.39893478,0.743696305,644
2024-12-22,CA,Fashion_Beauty,562,-0.567826975,3.065652505,3.63347948,6.699131985,23.14107367,0.861118703,329
2024-12-29,CA,Fashion_Beauty,531,0.248488864,3.363317994,3.114829131,6.478147125,21.38680689,1.160514254,350
2025-01-05,CA,Fashion_Beauty,877,0.072591054,3.480487925,3.407896872,6.888384797,22.28022983,1.308051098,485
2025-01-12,CA,Fashion_Beauty,964,-0.878878693,3.003374942,3.882253635,6.885628578,22.4901299,0.947228021,546
2025-01-19,CA,Fashion_Beauty,804,-0.094455095,3.151937987,3.246393082,6.39833107,22.37813682,1.056709447,430
2025-01-26,CA,Fashion_Beauty,928,-0.083889787,3.110540882,3.194430669,6.304971551,21.98536712,0.799343424,445
2025-02-02,CA,Fashion_Beauty,1157,-0.113269168,3.258580217,3.371849385,6.630429602,22.0003559,1.382393841,571
2025-02-09,CA,Fashion_Beauty,906,-0.574389953,2.885107296,3.45949725,6.344604546,21.50149145,0.814251504,508
2025-02-16,CA,Fashion_Beauty,828,0.0427394,3.205307319,3.162567918,6.367875237,22.10016248,0.982502552,479
2025-02-23,CA,Fashion_Beauty,938,0.127524153,3.146731659,3.019207506,6.165939164,22.01726934,1.05861776,549
2025-03-02,CA,Fashion_Beauty,924,0.51284792,3.448717286,2.935869366,6.384586652,21.59448822,0.76068341,558
2025-03-09,CA,Fashion_Beauty,1016,-0.0711738,3.115166993,3.186340794,6.301507787,22.09742804,0.722527293,614
2025-03-16,CA,Fashion_Beauty,937,-1.482936669,2.955081792,4.438018461,7.393100253,22.80138889,0.679044103,650
2025-03-23,CA,Fashion_Beauty,852,-0.393547046,2.885191628,3.278738674,6.163930303,22.30907939,0.84884072,454
2025-03-30,CA,Fashion_Beauty,960,0.104017395,3.363557713,3.259540318,6.623098031,22.63138858,0.761398964,484
2025-04-06,CA,Fashion_Beauty,893,0.250336854,3.165245692,2.914908838,6.08015453,22.11009706,1.008175644,454
2025-04-13,CA,Fashion_Beauty,827,-0.300792892,3.377798314,3.678591206,7.05638952,21.98920067,0.953480609,516
2025-04-20,CA,Fashion_Beauty,1005,0.337913513,3.380598029,3.042684516,6.423282546,22.11822282,0.857188844,550
2025-04-27,CA,Fashion_Beauty,1517,-1.869829633,2.519529939,4.389359571,6.90888951,21.93040003,0.974762454,921
2025-05-04,CA,Fashion_Beauty,768,-0.086298274,3.254429346,3.34072762,6.595156967,21.78455375,0.925684611,467
2025-05-11,CA,Fashion_Beauty,997,0.469048025,3.560970183,3.091922158,6.652892342,21.40088948,0.642422891,526
2025-05-18,CA,Fashion_Beauty,1210,0.18472893,3.363595301,3.17886637,6.542461671,22.61956335,0.659600688,548
2025-05-25,CA,Fashion_Beauty,984,0.36529073,3.305697852,2.940407121,6.246104973,22.75665009,0.772075183,489
2025-06-01,CA,Fashion_Beauty,1172,0.526187454,3.342008781,2.815821328,6.157830109,22.33694147,1.016349762,521
2025-06-08,CA,Fashion_Beauty,1258,-0.139676395,3.159803073,3.299479468,6.459282541,22.35579733,0.755048478,599
2025-06-29,CA,Fashion_Beauty,618,0.581488724,3.474226636,2.892737912,6.366964548,22.31643916,1.056755311,373
2025-07-06,CA,Fashion_Beauty,1050,-0.552781786,3.194491845,3.747273631,6.941765477,22.60847764,0.876959508,534
2025-07-13,CA,Fashion_Beauty,1000,-0.355455377,3.142839691,3.498295069,6.64113476,23.08048683,0.93834674,597
2025-07-20,CA,Fashion_Beauty,687,0.04223027,3.355275772,3.313045502,6.668321274,21.54790328,0.834077414,462
2025-07-27,CA,Fashion_Beauty,770,-0.301656278,3.104210205,3.405866483,6.510076687,22.27976579,0.865536252,414
2025-08-03,CA,Fashion_Beauty,777,-0.034829049,3.43896847,3.473797519,6.912765989,20.82581162,0.665243393,521
2025-08-10,CA,Fashion_Beauty,835,0.017798643,3.306006072,3.28820743,6.594213502,22.25867177,0.825531179,484
2025-08-17,CA,Fashion_Beauty,764,-0.298477584,3.014455704,3.312933288,6.327388993,21.78530937,0.85381754,417
2025-08-24,CA,Fashion_Beauty,811,-0.510174669,3.068067514,3.578242183,6.646309697,22.44425888,0.819307611,452
2025-08-31,CA,Fashion_Beauty,922,0.19672396,3.177497222,2.980773261,6.158270483,22.68193591,0.911368763,500
2025-09-07,CA,Fashion_Beauty,991,-0.306535421,3.220662087,3.527197508,6.747859595,21.64443268,0.73340048,552
2025-09-14,CA,Fashion_Beauty,924,-0.510282478,3.268939754,3.779222232,7.048161986,22.18541247,0.900198273,522
2025-09-21,CA,Fashion_Beauty,1381,-0.371384431,3.110269417,3.481653849,6.591923266,21.72022852,0.939006875,807
2025-09-28,CA,Fashion_Beauty,1160,0.343168651,3.355276449,3.012107798,6.367384247,22.54266203,0.832659088,609
2025-10-05,CA,Fashion_Beauty,953,0.348024378,3.460356975,3.112332597,6.572689571,21.618805,0.87994047,511
2025-10-12,CA,Fashion_Beauty,900,0.826811062,3.828750162,3.001939101,6.830689263,21.88792418,0.780454867,533
2025-10-19,CA,Fashion_Beauty,898,-0.265864984,3.167560365,3.43342535,6.600985715,21.931449,0.758119279,517
2025-10-26,CA,Fashion_Beauty,917,0.19284277,3.335274615,3.142431845,6.47770646,22.25205307,0.781613528,449
2025-11-02,CA,Fashion_Beauty,970,0.360654839,3.376140222,3.015485383,6.391625606,22.02364813,0.731684515,521
2025-11-09,CA,Fashion_Beauty,1004,0.249372992,3.464769128,3.215396136,6.680165263,21.68048672,0.789063777,541
2025-11-16,CA,Fashion_Beauty,970,0.074074876,3.288646204,3.214571329,6.503217533,21.67956458,0.721254742,564
2025-11-23,CA,Fashion_Beauty,1120,0.034894723,3.380561918,3.345667195,6.726229113,22.45892846,0.683051094,514
2025-11-30,CA,Fashion_Beauty,1131,0.101724984,3.435608022,3.333883038,6.769491059,22.21903517,0.828685644,544
2025-12-07,CA,Fashion_Beauty,915,-0.297945003,3.199440567,3.49738557,6.696826136,22.1348657,0.821835392,459
2025-12-14,CA,Fashion_Beauty,992,0.029290776,3.527341354,3.498050578,7.025391932,22.94356378,0.853725474,431
2025-12-21,CA,Fashion_Beauty,451,-0.064490849,3.136881878,3.201372727,6.338254605,21.93533739,0.676412001,303
2025-12-28,CA,Fashion_Beauty,453,0.208953975,3.306393939,3.097439964,6.403833903,22.00899067,0.816537244,333
2026-01-04,CA,Fashion_Beauty,893,-0.512716619,2.963762655,3.476479274,6.440241929,22.21158014,0.910295549,445
2026-01-11,CA,Fashion_Beauty,1096,-0.749843299,2.958741656,3.708584955,6.667326611,22.70266145,0.789529848,659
2026-01-18,CA,Fashion_Beauty,960,-0.26311692,3.116833905,3.379950825,6.49678473,21.78496648,0.645927975,501
2026-01-25,CA,Fashion_Beauty,1050,0.706541274,3.62254637,2.916005096,6.538551466,21.52153,0.905340241,584
2026-02-01,CA,Fashion_Beauty,1129,-0.086784525,3.397240813,3.484025338,6.881266151,21.98875719,0.637711801,454
2026-02-08,CA,Fashion_Beauty,1163,-0.299036366,2.975489247,3.274525614,6.250014861,21.86196628,0.915707707,667
2026-02-15,CA,Fashion_Beauty,813,0.192839799,3.525631177,3.332791378,6.858422554,21.84318873,0.792225831,463
2026-02-22,CA,Fashion_Beauty,982,0.055167117,3.201478999,3.146311882,6.347790881,21.79338386,0.843588201,461
2026-03-01,CA,Fashion_Beauty,1003,0.133837877,3.074677762,2.940839886,6.015517648,22.275907,0.813645182,528
2026-03-08,CA,Fashion_Beauty,1121,0.187875608,3.128333734,2.940458126,6.06879186,22.06967407,0.790122002,474
2026-03-15,CA,Fashion_Beauty,975,0.202816419,3.235271151,3.032454733,6.267725884,22.91390355,0.901829911,458
2026-03-22,CA,Fashion_Beauty,942,0.080963417,3.122918065,3.041954647,6.164872712,22.2168044,0.756639409,460
2026-03-29,CA,Fashion_Beauty,964,-0.069267867,2.83203071,2.901298577,5.733329286,22.63106588,0.715452906,498
2026-04-05,CA,Fashion_Beauty,952,-0.199987093,2.930220992,3.130208086,6.060429078,22.81230691,0.834176786,449
2026-04-12,CA,Fashion_Beauty,890,-0.200184614,2.97048912,3.170673734,6.141162854,22.20947011,0.837981705,454
2026-04-19,CA,Fashion_Beauty,1033,0.119528324,3.175413569,3.055885245,6.231298814,22.49279856,0.917050931,527
2026-04-26,CA,Fashion_Beauty,1230,0.018466457,3.088891349,3.070424892,6.159316241,22.13291445,0.843421462,559
2026-05-03,CA,Fashion_Beauty,1187,0.195445892,3.289173095,3.093727203,6.382900297,22.11266348,0.845185852,504
2026-05-10,CA,Fashion_Beauty,992,0.093468857,3.144078337,3.05060948,6.194687817,21.57786147,0.720887087,478
2026-05-17,CA,Fashion_Beauty,1155,0.20994931,3.106286057,2.896336747,6.002622804,21.77128918,0.77732038,564
2026-05-24,CA,Fashion_Beauty,1178,0.092520783,2.97440658,2.881885797,5.856292378,22.20387058,0.809332975,500
2026-05-31,CA,Fashion_Beauty,1197,-0.410092893,2.941876825,3.351969717,6.293846542,22.06201029,0.678513989,607
2026-06-07,CA,Fashion_Beauty,860,-0.023583395,2.957380446,2.980963841,5.938344288,21.73896273,0.826382445,470
2026-06-14,CA,Fashion_Beauty,1089,-0.409350939,2.977553519,3.386904458,6.364457977,21.92871559,0.732620852,525
2026-06-21,CA,Fashion_Beauty,1081,-0.168946316,3.040838757,3.209785073,6.25062383,22.08702037,0.71271689,491
2026-06-28,CA,Fashion_Beauty,830,0.423962831,3.385644683,2.961681851,6.347326534,21.35701953,0.677098106,457
2026-07-05,CA,Fashion_Beauty,848,0.454498918,3.420719633,2.966220714,6.386940347,21.37702729,0.802136288,479
2026-07-12,CA,Fashion_Beauty,861,0.660265557,3.405250721,2.744985164,6.150235884,22.11285603,0.727305254,495
2026-07-19,CA,Fashion_Beauty,815,0.476193058,3.291727242,2.815534184,6.107261426,21.77621461,0.665122271,446
2026-07-26,CA,Fashion_Beauty,758,0.244286056,3.041156205,2.796870149,5.838026354,21.63432747,0.607367073,427
2026-08-02,CA,Fashion_Beauty,680,-0.125348387,3.260171919,3.385520307,6.645692226,22.0398845,0.708733385,424
2026-08-09,CA,Fashion_Beauty,973,0.298515423,3.371006336,3.072490913,6.443497248,23.1348839,0.977572693,442
2026-08-16,CA,Fashion_Beauty,739,-0.467879423,3.464080697,3.931960121,7.396040818,21.93174085,0.643031675,399
2026-08-23,CA,Fashion_Beauty,229,0.210772601,3.197450533,2.986677932,6.184128465,21.85428791,0.681617228,168
2023-01-01,CA,Fitness_Wearables,29,-0.341974986,2.957773378,3.299748364,6.257521742,22.48848808,0.452244756,24
2023-01-08,CA,Fitness_Wearables,85,0.532815545,2.646217248,2.113401703,4.759618951,23.02885994,1.138178637,65
2023-01-15,CA,Fitness_Wearables,47,0.952987162,2.977165223,2.024178062,5.001343285,22.48084082,1.001903477,31
2023-01-22,CA,Fitness_Wearables,71,1.904989869,3.669857521,1.764867652,5.434725172,21.5987292,0.916813884,50
2023-01-29,CA,Fitness_Wearables,70,0.394380775,3.576980843,3.182600068,6.759580911,20.8960475,1.145673826,47
2023-02-05,CA,Fitness_Wearables,95,1.928209801,3.45688381,1.528674009,4.98555782,23.28756773,0.743081524,80
2023-02-12,CA,Fitness_Wearables,89,0.850826299,3.369005503,2.518179204,5.887184707,22.60242198,1.208611947,70
2023-02-19,CA,Fitness_Wearables,116,-0.578983096,3.180793647,3.759776743,6.940570389,23.16982704,0.694948737,69
2023-02-26,CA,Fitness_Wearables,69,0.852777891,3.291759511,2.438981619,5.73074113,21.65158527,1.357713653,55
2023-03-05,CA,Fitness_Wearables,105,1.659512436,3.355268553,1.695756117,5.05102467,21.73661928,1.086082955,71
2023-03-12,CA,Fitness_Wearables,93,1.219798296,3.441207443,2.221409148,5.662616591,21.7899694,0.740667737,77
2023-03-19,CA,Fitness_Wearables,68,2.775760975,4.108027945,1.33226697,5.440294915,20.50849902,1.232592534,59
2023-03-26,CA,Fitness_Wearables,134,1.309154163,3.376652058,2.067497895,5.444149953,22.18524017,0.977306392,101
2023-04-02,CA,Fitness_Wearables,175,0.118069576,3.137084158,3.019014582,6.15609874,21.32367304,0.782931302,125
2023-04-09,CA,Fitness_Wearables,180,1.026878355,3.700445372,2.673567017,6.374012389,21.69807805,1.198770594,142
2023-04-16,CA,Fitness_Wearables,228,1.160459387,3.479819674,2.319360286,5.79917996,20.96673061,1.070964854,165
2023-04-23,CA,Fitness_Wearables,168,1.191275935,2.857262226,1.665986291,4.523248517,22.95778531,0.732962116,121
2023-04-30,CA,Fitness_Wearables,136,0.706132658,3.090399993,2.384267335,5.474667328,22.3689905,0.816063303,96
2023-05-07,CA,Fitness_Wearables,111,1.162834202,3.591095724,2.428261521,6.019357245,21.51712226,0.852530473,85
2023-05-14,CA,Fitness_Wearables,164,2.298892896,3.853784004,1.554891108,5.408675112,22.57035379,0.560762566,124
2023-05-21,CA,Fitness_Wearables,137,1.913718842,3.82709475,1.913375908,5.740470659,21.84796967,0.929123987,114
2023-05-28,CA,Fitness_Wearables,162,2.143337842,3.766768633,1.623430791,5.390199425,21.89662813,1.003924105,137
2023-06-04,CA,Fitness_Wearables,143,1.735478259,3.828712437,2.093234178,5.921946616,20.84392101,0.604624223,124
2023-06-11,CA,Fitness_Wearables,149,1.592750661,3.299996252,1.707245591,5.007241842,21.22757511,0.95835353,126
2023-06-18,CA,Fitness_Wearables,227,1.031284317,3.308436829,2.277152512,5.585589341,23.62686477,0.655038804,170
2023-06-25,CA,Fitness_Wearables,113,1.64417774,3.921842958,2.277665218,6.199508177,21.35386424,0.753927526,98
2023-07-02,CA,Fitness_Wearables,138,0.906439832,3.500159611,2.593719779,6.09387939,22.06216038,0.926222654,101
2023-07-09,CA,Fitness_Wearables,187,0.977051572,3.090329591,2.113278019,5.20360761,21.45459065,0.646648797,149
2023-07-16,CA,Fitness_Wearables,146,2.552783264,4.481615705,1.928832441,6.410448147,22.81614114,1.210782896,119
2023-07-23,CA,Fitness_Wearables,91,2.239966172,3.864530034,1.624563862,5.489093896,21.70664978,0.803430141,68
2023-07-30,CA,Fitness_Wearables,118,1.930182317,3.561508037,1.63132572,5.192833757,22.44141937,0.659805459,93
2023-08-06,CA,Fitness_Wearables,111,1.01719039,3.610126398,2.592936009,6.203062407,22.19556308,0.730499107,94
2023-08-13,CA,Fitness_Wearables,121,1.783255488,3.94867321,2.165417722,6.114090931,22.6998338,0.942522025,83
2023-08-20,CA,Fitness_Wearables,154,1.780395735,3.833417806,2.053022071,5.886439877,21.81270821,0.611676846,130
2023-08-27,CA,Fitness_Wearables,169,-0.248591928,2.90070868,3.149300608,6.050009288,20.72187979,1.021276807,132
2023-09-03,CA,Fitness_Wearables,113,1.374503663,3.55228014,2.177776477,5.730056616,21.86372531,0.948985954,86
2023-09-10,CA,Fitness_Wearables,107,1.945783007,3.924718132,1.978935126,5.903653258,22.27303535,1.119936972,84
2023-09-17,CA,Fitness_Wearables,140,1.621163052,3.774632374,2.153469321,5.928101695,22.94171038,0.735312893,107
2023-09-24,CA,Fitness_Wearables,159,1.661621084,3.862123164,2.20050208,6.062625244,23.002922,1.10911122,91
2023-10-01,CA,Fitness_Wearables,155,0.832922448,3.358919243,2.525996795,5.884916038,22.52202675,0.956667344,129
2023-10-08,CA,Fitness_Wearables,282,-0.847359252,3.094901368,3.942260619,7.037161987,21.91642193,0.746823226,208
2023-10-15,CA,Fitness_Wearables,145,1.534683918,3.685328733,2.150644816,5.835973549,22.00772018,1.053582884,105
2023-10-22,CA,Fitness_Wearables,133,1.537527218,3.45753449,1.920007272,5.377541762,21.85723637,1.410236693,97
2023-10-29,CA,Fitness_Wearables,137,1.420543483,3.377611772,1.957068289,5.334680061,21.79271958,1.13335707,93
2023-11-05,CA,Fitness_Wearables,120,0.822181779,3.035895639,2.213713859,5.249609498,21.33142138,1.011290546,94
2023-11-12,CA,Fitness_Wearables,132,1.525248987,3.591483053,2.066234066,5.657717119,21.40864692,0.832647192,103
2023-11-19,CA,Fitness_Wearables,96,2.106773275,4.153798588,2.047025313,6.200823901,22.5344781,0.784324078,83
2023-11-26,CA,Fitness_Wearables,77,0.8203964,3.231846515,2.411450115,5.64329663,22.06101576,0.96230748,63
2023-12-03,CA,Fitness_Wearables,116,0.994794102,3.354596104,2.359802002,5.714398106,21.79518207,1.005791486,88
2023-12-10,CA,Fitness_Wearables,101,1.967065953,3.993097586,2.026031632,6.019129218,20.73945347,0.809138114,89
2023-12-17,CA,Fitness_Wearables,86,1.24306742,3.448998577,2.205931157,5.654929733,20.34863391,0.947614129,77
2023-12-24,CA,Fitness_Wearables,64,1.409570166,3.252709989,1.843139822,5.095849811,25.05170524,1.155820484,48
2023-12-31,CA,Fitness_Wearables,73,-0.11206662,3.173660197,3.285726817,6.459387014,22.99509145,0.84746574,62
2024-01-07,CA,Fitness_Wearables,143,0.506295351,3.310682472,2.804387121,6.115069592,21.91476395,0.717719312,122
2024-01-14,CA,Fitness_Wearables,136,1.358368738,3.472956425,2.114587687,5.587544112,22.02170706,0.707274689,106
2024-01-21,CA,Fitness_Wearables,278,-2.135787296,2.664750378,4.800537673,7.465288051,21.19086512,1.129852476,233
2024-01-28,CA,Fitness_Wearables,229,-3.897124889,2.158636197,6.055761086,8.214397282,19.59919097,0.551118903,216
2024-02-04,CA,Fitness_Wearables,107,1.342195638,3.58511027,2.242914632,5.828024901,22.60750898,0.887402103,92
2024-02-11,CA,Fitness_Wearables,116,1.010860083,3.861167655,2.850307572,6.711475228,21.57972605,0.871220755,101
2024-02-18,CA,Fitness_Wearables,110,2.105988519,3.827048204,1.721059685,5.548107889,23.23106707,0.97953616,94
2024-02-25,CA,Fitness_Wearables,152,0.828569689,2.79510325,1.96653356,4.76163681,23.06628014,0.828140446,123
2024-03-03,CA,Fitness_Wearables,168,1.089942683,3.418269532,2.328326848,5.74659638,21.91720502,0.929314334,132
2024-03-10,CA,Fitness_Wearables,107,1.166255006,3.615211797,2.448956792,6.064168589,22.04696416,0.837769534,85
2024-03-17,CA,Fitness_Wearables,119,1.757991032,3.512268946,1.754277913,5.266546859,21.54317306,0.880981023,97
2024-03-24,CA,Fitness_Wearables,131,0.811279879,3.356276158,2.544996279,5.901272438,22.02368753,0.941532337,93
2024-03-31,CA,Fitness_Wearables,159,0.785926617,3.616221426,2.830294809,6.446516235,21.96904721,0.9047402,145
2024-04-07,CA,Fitness_Wearables,123,1.875993912,3.837908305,1.961914393,5.799822699,20.82220763,0.82890182,104
2024-04-14,CA,Fitness_Wearables,99,2.039334953,3.97043994,1.931104987,5.901544928,20.26400858,0.865750121,81
2024-04-21,CA,Fitness_Wearables,117,1.580354319,3.240676215,1.660321896,4.900998111,22.01498237,0.846186829,102
2024-04-28,CA,Fitness_Wearables,117,0.554801814,3.512790719,2.957988905,6.470779624,21.9554708,0.861300774,100
2024-05-05,CA,Fitness_Wearables,114,2.356838306,4.03524933,1.678411023,5.713660353,21.36300751,0.740238658,99
2024-05-12,CA,Fitness_Wearables,132,2.441378426,3.999409435,1.558031009,5.557440444,20.89398892,0.846259136,108
2024-05-19,CA,Fitness_Wearables,113,0.333015923,3.154919526,2.821903603,5.976823129,20.50766997,0.635904739,87
2024-05-26,CA,Fitness_Wearables,168,1.285339364,3.575903631,2.290564267,5.866467897,21.76785751,1.012847652,143
2024-06-02,CA,Fitness_Wearables,117,2.316076498,3.79065006,1.474573562,5.265223622,22.2410163,0.987875435,107
2024-06-09,CA,Fitness_Wearables,180,1.293145009,3.658735031,2.365590022,6.024325052,21.27915923,0.707100935,149
2024-06-16,CA,Fitness_Wearables,185,1.616175775,3.909539013,2.293363238,6.202902251,20.60833812,0.718892875,150
2024-06-23,CA,Fitness_Wearables,111,0.826427667,3.248581887,2.42215422,5.670736107,22.09477642,0.856265477,95
2024-06-30,CA,Fitness_Wearables,128,1.499149009,3.808643348,2.309494339,6.118137687,22.85673597,1.10856125,96
2024-07-07,CA,Fitness_Wearables,98,1.632199066,3.724991662,2.092792596,5.817784257,22.22654952,1.038381094,87
2024-07-14,CA,Fitness_Wearables,110,0.864384249,3.375349701,2.510965452,5.886315153,21.3826514,0.675015851,87
2024-07-21,CA,Fitness_Wearables,115,0.605992574,3.703549097,3.097556523,6.80110562,21.38657971,0.775514385,100
2024-07-28,CA,Fitness_Wearables,114,1.601067068,3.966927457,2.365860389,6.332787845,22.42744037,0.828333081,102
2024-08-04,CA,Fitness_Wearables,141,0.337010393,3.28993365,2.952923257,6.242856907,22.26443452,0.891583266,117
2024-08-11,CA,Fitness_Wearables,108,1.846472428,3.905422965,2.058950536,5.964373501,22.75684836,0.810132938,103
2024-08-18,CA,Fitness_Wearables,173,-0.569072715,2.376758166,2.94583088,5.322589046,22.3549161,0.700843356,140
2024-08-25,CA,Fitness_Wearables,152,0.937341181,3.030870001,2.09352882,5.124398822,21.34776235,0.714247792,132
2024-09-01,CA,Fitness_Wearables,109,1.713521535,3.658354896,1.94483336,5.603188256,23.34563764,1.36505562,83
2024-09-08,CA,Fitness_Wearables,111,2.156535304,3.838451911,1.681916607,5.520368518,21.76657438,1.096498098,101
2024-09-15,CA,Fitness_Wearables,154,2.021091003,3.728508404,1.7074174,5.435925804,21.76666097,1.02530074,130
2024-09-22,CA,Fitness_Wearables,174,1.01763436,3.396435241,2.37880088,5.775236121,21.10457611,0.883020132,147
2024-09-29,CA,Fitness_Wearables,138,0.791325229,3.187183088,2.395857859,5.583040947,21.05091928,0.982698552,111
2024-10-06,CA,Fitness_Wearables,159,1.214663956,3.069271815,1.854607858,4.923879673,22.25339121,0.736631892,113
2024-10-13,CA,Fitness_Wearables,77,2.243904514,4.180577457,1.936672943,6.117250401,21.01260466,0.547019733,72
2024-10-20,CA,Fitness_Wearables,108,0.162242276,3.299893162,3.137650886,6.437544048,22.9123735,0.700032586,98
2024-10-27,CA,Fitness_Wearables,97,0.2724672,3.559769146,3.287301945,6.847071091,20.71753764,0.737386591,87
2024-11-03,CA,Fitness_Wearables,71,2.534769829,4.085854436,1.551084606,5.636939042,21.35852929,1.289864398,63
2024-11-10,CA,Fitness_Wearables,94,1.787521514,3.244600219,1.457078705,4.701678924,21.89573655,0.92439684,78
2024-11-17,CA,Fitness_Wearables,194,0.61635008,3.397494625,2.781144545,6.178639169,23.76618874,1.122150135,163
2024-11-24,CA,Fitness_Wearables,120,1.983631128,3.968513643,1.984882515,5.953396158,21.68007932,0.805163086,107
2024-12-01,CA,Fitness_Wearables,222,2.890161589,4.726920769,1.836759179,6.563679948,22.19074219,0.909169212,188
2024-12-08,CA,Fitness_Wearables,81,1.915554501,3.740871676,1.825317176,5.566188852,19.48186221,0.66134231,74
2024-12-15,CA,Fitness_Wearables,100,1.424898845,3.975393073,2.550494229,6.525887302,20.94934673,0.600018911,93
2024-12-22,CA,Fitness_Wearables,49,1.087446553,3.543186164,2.455739611,5.998925775,21.75940296,0.87577798,47
2024-12-29,CA,Fitness_Wearables,73,1.997278249,4.073230282,2.075952033,6.149182315,22.7987655,1.485307791,67
2025-01-05,CA,Fitness_Wearables,95,-0.763627493,2.038594716,2.802222208,4.840816924,20.73047349,1.006156871,63
2025-01-12,CA,Fitness_Wearables,84,2.018507962,3.770896074,1.752388112,5.523284187,21.79482277,1.085447924,75
2025-01-19,CA,Fitness_Wearables,88,2.201609079,4.18192578,1.980316701,6.162242481,19.87364933,0.849020218,68
2025-01-26,CA,Fitness_Wearables,171,1.30101937,3.804607986,2.503588615,6.308196601,22.57715149,0.890791027,113
2025-02-02,CA,Fitness_Wearables,134,1.804667146,4.039705135,2.235037989,6.274743125,20.54128912,0.704641998,118
2025-02-09,CA,Fitness_Wearables,123,1.480218873,3.671396331,2.191177457,5.862573788,20.88950371,0.768997918,105
2025-02-16,CA,Fitness_Wearables,111,1.623446499,3.716216617,2.092770117,5.808986734,21.21086237,0.811248245,81
2025-02-23,CA,Fitness_Wearables,142,0.925901445,3.185552062,2.259650617,5.445202679,21.17369081,1.192882281,117
2025-03-02,CA,Fitness_Wearables,78,1.359554543,3.874482608,2.514928065,6.389410673,21.78653383,0.725504469,73
2025-03-09,CA,Fitness_Wearables,117,1.167116962,3.547522531,2.380405569,5.927928101,21.42927103,1.096562936,99
2025-03-16,CA,Fitness_Wearables,105,1.050771291,3.75640176,2.705630469,6.462032229,23.03349476,1.12335985,92
2025-03-23,CA,Fitness_Wearables,79,1.437194128,3.795367657,2.358173529,6.153541186,21.44608912,0.818005804,70
2025-03-30,CA,Fitness_Wearables,81,1.614645243,3.67723272,2.062587476,5.739820196,21.60596117,0.874064324,66
2025-04-06,CA,Fitness_Wearables,89,1.824127735,3.522309764,1.698182028,5.220491792,20.56793181,0.808944695,59
2025-04-13,CA,Fitness_Wearables,107,1.70926272,4.225561885,2.516299165,6.741861049,22.39831384,0.797473964,94
2025-04-20,CA,Fitness_Wearables,163,1.062619699,3.831622991,2.769003292,6.600626283,22.88657054,0.76907424,122
2025-04-27,CA,Fitness_Wearables,135,0.527875501,3.456408715,2.928533213,6.384941928,21.59922829,1.001623555,105
2025-05-04,CA,Fitness_Wearables,191,0.4736835,3.798088113,3.324404613,7.122492726,22.49697667,1.040551199,155
2025-05-11,CA,Fitness_Wearables,119,1.578383723,3.44439332,1.866009597,5.310402916,22.57747745,1.077977958,114
2025-05-18,CA,Fitness_Wearables,70,1.402360388,3.573788179,2.17142779,5.745215969,21.90817707,0.897459308,65
2025-05-25,CA,Fitness_Wearables,100,1.721412649,3.91103543,2.189622781,6.100658212,20.99640942,1.202819943,90
2025-06-01,CA,Fitness_Wearables,146,2.100072354,4.167630783,2.06755843,6.235189213,22.0631868,1.004995587,122
2025-06-08,CA,Fitness_Wearables,79,1.772844712,4.041958633,2.269113921,6.311072554,21.45312432,0.880717919,71
2025-06-29,CA,Fitness_Wearables,46,2.229722015,3.967512424,1.73779041,5.705302834,21.34501183,0.83578878,36
2025-07-06,CA,Fitness_Wearables,120,2.018822536,4.094103845,2.075281309,6.169385154,21.81783992,0.64869003,92
2025-07-13,CA,Fitness_Wearables,95,1.216914038,4.154048546,2.937134508,7.091183054,22.48690422,1.129265051,83
2025-07-20,CA,Fitness_Wearables,67,1.391911067,4.059563145,2.667652078,6.727215223,21.67159391,1.025623848,59
2025-07-27,CA,Fitness_Wearables,132,3.648772133,5.018331378,1.369559245,6.387890623,20.08212962,0.99363538,111
2025-08-03,CA,Fitness_Wearables,100,0.371850883,2.900898547,2.529047664,5.429946211,21.50375419,0.715135421,74
2025-08-10,CA,Fitness_Wearables,112,2.346925563,4.210231016,1.863305453,6.073536469,22.58720791,0.854916296,86
2025-08-17,CA,Fitness_Wearables,76,1.261868496,3.461829355,2.199960859,5.661790214,21.00781639,1.103852939,58
2025-08-24,CA,Fitness_Wearables,104,1.597117677,3.673578872,2.076461195,5.750040067,21.15790363,0.977255316,93
2025-08-31,CA,Fitness_Wearables,78,1.530327218,3.831932177,2.301604959,6.133537136,21.99683126,1.145829719,68
2025-09-07,CA,Fitness_Wearables,86,2.717753638,4.533785698,1.81603206,6.349817758,22.54437062,0.949015012,73
2025-09-14,CA,Fitness_Wearables,150,1.657016723,3.879987475,2.222970752,6.102958226,21.55563885,0.827843309,119
2025-09-21,CA,Fitness_Wearables,121,1.719854677,4.101045403,2.381190726,6.482236129,20.24193232,0.942448806,111
2025-09-28,CA,Fitness_Wearables,84,2.378405233,4.149968495,1.771563263,5.921531758,21.37760266,0.871124847,72
2025-10-05,CA,Fitness_Wearables,70,1.758585037,4.048884923,2.290299887,6.33918481,20.89012086,0.63741257,60
2025-10-12,CA,Fitness_Wearables,93,1.457584077,3.240687951,1.783103874,5.023791826,21.17262658,1.096694644,81
2025-10-19,CA,Fitness_Wearables,153,1.269397039,4.072085327,2.802688289,6.874773616,21.23341121,1.127032256,125
2025-10-26,CA,Fitness_Wearables,137,1.750074113,3.790826811,2.040752697,5.831579508,23.74590837,1.148899221,121
2025-11-02,CA,Fitness_Wearables,102,1.66578271,3.836187742,2.170405032,6.006592773,21.24117431,0.690976566,78
2025-11-09,CA,Fitness_Wearables,108,2.409257832,4.570378586,2.161120754,6.73149934,20.22672463,0.796880198,94
2025-11-16,CA,Fitness_Wearables,140,2.170694918,4.004964781,1.834269863,5.839234644,21.21027917,0.781072991,114
2025-11-23,CA,Fitness_Wearables,113,1.243242044,3.435188281,2.191946236,5.627134517,21.81377731,0.823760611,94
2025-11-30,CA,Fitness_Wearables,108,1.754275697,3.973629361,2.219353664,6.192983025,21.75932174,1.188088309,95
2025-12-07,CA,Fitness_Wearables,63,2.502414993,4.622771001,2.120356008,6.743127008,20.73303753,0.68698356,53
2025-12-14,CA,Fitness_Wearables,105,0.320551575,3.182380222,2.861828647,6.04420887,22.77726766,1.038458574,88
2025-12-21,CA,Fitness_Wearables,62,0.304620541,2.679990743,2.375370201,5.055360944,23.70618912,0.982913862,57
2025-12-28,CA,Fitness_Wearables,72,1.200947654,3.60316244,2.402214786,6.005377226,21.00769609,1.108044724,69
2026-01-04,CA,Fitness_Wearables,56,1.294520013,4.043273643,2.74875363,6.792027273,20.29382883,0.545503488,48
2026-01-11,CA,Fitness_Wearables,89,3.63218183,5.100018434,1.467836603,6.567855037,21.64244189,1.009735,85
2026-01-18,CA,Fitness_Wearables,137,2.712348912,4.334051747,1.621702835,5.955754583,21.54793161,0.907763794,126
2026-01-25,CA,Fitness_Wearables,98,1.796376303,3.799898254,2.003521951,5.803420205,22.11798001,1.128797019,92
2026-02-01,CA,Fitness_Wearables,115,0.882611862,3.631503835,2.748891973,6.380395808,21.45876119,0.944571816,97
2026-02-08,CA,Fitness_Wearables,86,1.356777613,3.410554613,2.053777,5.464331613,21.69273538,1.0255707,74
2026-02-15,CA,Fitness_Wearables,91,0.821020464,3.553341157,2.732320693,6.28566185,22.92390746,1.348250717,81
2026-02-22,CA,Fitness_Wearables,208,2.484533304,4.765675334,2.28114203,7.046817364,23.51573193,1.151802645,153
2026-03-01,CA,Fitness_Wearables,125,-0.021114669,3.282955823,3.304070492,6.587026316,22.68027689,0.658994712,100
2026-03-08,CA,Fitness_Wearables,148,2.512471942,4.559675789,2.047203846,6.606879635,22.43111929,0.865353545,126
2026-03-15,CA,Fitness_Wearables,109,1.910596256,4.179210766,2.268614509,6.447825275,20.83563935,1.045208913,95
2026-03-22,CA,Fitness_Wearables,90,1.53483613,3.659835955,2.124999825,5.784835779,21.9225371,0.843740119,67
2026-03-29,CA,Fitness_Wearables,100,1.155138449,3.561141811,2.406003362,5.967145174,21.54972279,0.50273654,87
2026-04-05,CA,Fitness_Wearables,117,-0.849970927,2.427985591,3.277956517,5.705942108,21.56724455,0.766419323,91
2026-04-12,CA,Fitness_Wearables,77,1.421123142,3.596781808,2.175658666,5.772440474,21.00666114,0.804712044,69
2026-04-19,CA,Fitness_Wearables,70,2.337237997,4.107557292,1.770319295,5.877876587,21.19228119,0.622231081,58
2026-04-26,CA,Fitness_Wearables,155,2.299656564,4.225067396,1.925410832,6.150478228,22.49519135,1.144450135,108
2026-05-03,CA,Fitness_Wearables,131,1.413704616,3.488260494,2.074555878,5.562816372,21.81468062,1.092571511,110
2026-05-10,CA,Fitness_Wearables,120,1.26620848,3.738358371,2.47214989,6.210508261,21.8781611,1.017954783,91
2026-05-17,CA,Fitness_Wearables,102,1.650184731,3.566936113,1.916751382,5.483687495,21.07910015,0.827655152,90
2026-05-24,CA,Fitness_Wearables,84,1.778981113,3.782608913,2.0036278,5.786236712,22.24383406,0.753982404,71
2026-05-31,CA,Fitness_Wearables,88,1.548707045,4.10050016,2.551793115,6.652293275,21.70182771,0.9370962,64
2026-06-07,CA,Fitness_Wearables,108,1.793768962,4.257241888,2.463472926,6.720714815,21.23732336,0.514834963,91
2026-06-14,CA,Fitness_Wearables,67,2.064937315,4.057032396,1.992095081,6.049127477,20.83436639,0.625633765,53
2026-06-21,CA,Fitness_Wearables,114,3.213043402,4.686990315,1.473946912,6.160937227,21.43774626,0.977477485,74
2026-06-28,CA,Fitness_Wearables,66,1.632825195,3.807474814,2.174649619,5.982124433,22.23698155,0.800292549,57
2026-07-05,CA,Fitness_Wearables,98,1.293595744,4.131326624,2.837730879,6.969057503,20.49096939,0.531597716,84
2026-07-12,CA,Fitness_Wearables,99,2.48385494,4.185621332,1.701766392,5.887387724,21.26283178,0.613158025,82
2026-07-19,CA,Fitness_Wearables,129,0.316178823,3.304519364,2.988340541,6.292859904,21.59551678,0.835348037,89
2026-07-26,CA,Fitness_Wearables,148,0.442456556,3.671922253,3.229465697,6.90138795,21.5260144,0.639575511,107
2026-08-02,CA,Fitness_Wearables,89,1.036518987,3.339597707,2.30307872,5.642676427,23.4106302,0.716919482,64
2026-08-09,CA,Fitness_Wearables,76,2.918169019,4.561631252,1.643462234,6.205093486,20.93255603,1.099372512,60
2026-08-16,CA,Fitness_Wearables,98,1.545059232,3.563559603,2.018500371,5.582059974,22.46637647,0.808217928,74
2026-08-23,CA,Fitness_Wearables,30,2.80668476,4.274520774,1.467836013,5.742356787,21.12012103,0.797330092,29
2023-01-01,CA,Nutrition_Diets,4742,-1.14715553,2.716269691,3.863425221,6.579694912,22.61085956,0.765239366,1261
2023-01-08,CA,Nutrition_Diets,6035,-1.276285542,2.817668122,4.093953664,6.911621786,22.53522337,0.70615777,1480
2023-01-15,CA,Nutrition_Diets,6430,-1.007432532,2.938264842,3.945697374,6.883962216,22.74363711,0.753587258,1480
2023-01-22,CA,Nutrition_Diets,7170,-1.242376827,2.736281879,3.978658706,6.714940585,22.83460612,0.731944893,1454
2023-01-29,CA,Nutrition_Diets,7757,-1.258699845,2.956854946,4.21555479,7.172409736,22.73416234,0.744329568,1648
2023-02-05,CA,Nutrition_Diets,8358,-1.370123878,2.705347848,4.075471726,6.780819573,23.03477998,0.706931918,1817
2023-02-12,CA,Nutrition_Diets,7455,-1.360992029,2.736591278,4.097583307,6.834174585,22.66339182,0.72172167,1606
2023-02-19,CA,Nutrition_Diets,6493,-0.788231242,2.899904169,3.688135411,6.58803958,23.01653588,0.755487251,1447
2023-02-26,CA,Nutrition_Diets,7603,-0.59743068,3.027768243,3.625198923,6.652967166,22.9094364,0.752166292,1501
2023-03-05,CA,Nutrition_Diets,7101,-0.991435389,2.921188378,3.912623767,6.833812145,22.92454169,0.804145663,1468
2023-03-12,CA,Nutrition_Diets,7092,-1.474351453,2.717199515,4.191550968,6.908750483,23.08795364,0.738631451,1636
2023-03-19,CA,Nutrition_Diets,7659,-0.988488328,2.783411192,3.771899521,6.555310713,22.6501831,0.752324684,1702
2023-03-26,CA,Nutrition_Diets,14477,-1.162253114,2.695901406,3.858154521,6.554055927,22.78496535,0.731853811,2297
2023-04-02,CA,Nutrition_Diets,12864,-1.096860219,2.732001313,3.828861532,6.560862846,22.67351834,0.716716901,2176
2023-04-09,CA,Nutrition_Diets,12259,-1.157351983,2.770360214,3.927712198,6.698072412,22.48910125,0.757106315,2045
2023-04-16,CA,Nutrition_Diets,13720,-0.836656229,2.754530212,3.591186441,6.345716654,22.67552983,0.774083913,2291
2023-04-23,CA,Nutrition_Diets,14274,-0.941908278,2.845730465,3.787638742,6.633369207,22.73138204,0.768315646,2283
2023-04-30,CA,Nutrition_Diets,14005,-0.88703522,2.831988772,3.719023993,6.551012765,22.6804719,0.782909702,2466
2023-05-07,CA,Nutrition_Diets,13250,-0.908343446,2.781428186,3.689771631,6.471199817,22.83649646,0.764902062,2127
2023-05-14,CA,Nutrition_Diets,12965,-1.070933593,2.799118547,3.87005214,6.669170688,22.83993637,0.755352436,2246
2023-05-21,CA,Nutrition_Diets,11717,-0.829915708,2.935743727,3.765659435,6.701403162,22.74599875,0.770913094,2342
2023-05-28,CA,Nutrition_Diets,13783,-1.126428156,2.860619868,3.987048024,6.847667892,22.74666349,0.715068597,2502
2023-06-04,CA,Nutrition_Diets,11933,-0.963227442,2.855292709,3.818520151,6.67381286,22.95895018,0.765546352,2440
2023-06-11,CA,Nutrition_Diets,13051,-1.571679808,2.612242941,4.183922749,6.79616569,23.03448342,0.709916925,2637
2023-06-18,CA,Nutrition_Diets,12371,-1.011486701,2.881511324,3.892998025,6.774509349,22.68618691,0.706080363,2348
2023-06-25,CA,Nutrition_Diets,13154,-1.221389169,2.801855267,4.023244436,6.825099704,22.91336035,0.742162281,2632
2023-07-02,CA,Nutrition_Diets,10825,-1.383020745,2.764293455,4.147314199,6.911607654,22.9052293,0.699835516,2317
2023-07-09,CA,Nutrition_Diets,11427,-1.462943776,2.625426586,4.088370362,6.713796947,22.86767592,0.715244242,2244
2023-07-16,CA,Nutrition_Diets,10952,-1.206294105,2.802168786,4.008462891,6.810631677,22.82942596,0.698977061,2268
2023-07-23,CA,Nutrition_Diets,10343,-1.366357106,2.717038259,4.083395366,6.800433625,22.93301918,0.648370723,2029
2023-07-30,CA,Nutrition_Diets,11097,-1.225817551,2.706835224,3.932652775,6.639487998,22.86908233,0.689714951,2352
2023-08-06,CA,Nutrition_Diets,9645,-1.322179141,2.775673564,4.097852705,6.87352627,22.6002903,0.737577491,2082
2023-08-13,CA,Nutrition_Diets,11164,-1.246449685,2.704952487,3.951402171,6.656354658,22.85793692,0.71863816,2237
2023-08-20,CA,Nutrition_Diets,10010,-1.108738167,2.804448356,3.913186523,6.717634878,22.87159403,0.736408839,1894
2023-08-27,CA,Nutrition_Diets,10931,-1.557099937,2.707658194,4.264758131,6.972416325,22.88779637,0.749212395,2018
2023-09-03,CA,Nutrition_Diets,11086,-1.452231424,2.683287952,4.135519375,6.818807327,23.03622737,0.765442068,2344
2023-09-10,CA,Nutrition_Diets,12424,-1.471307149,2.692144387,4.163451535,6.855595922,22.6546727,0.762776717,2199
2023-09-17,CA,Nutrition_Diets,11652,-1.223560683,2.797686385,4.021247068,6.818933452,22.66129594,0.782318932,2128
2023-09-24,CA,Nutrition_Diets,12348,-1.181382535,2.852032105,4.03341464,6.885446744,22.4827581,0.806094619,2208
2023-10-01,CA,Nutrition_Diets,11458,-1.089293069,2.843270246,3.932563315,6.775833561,22.58714865,0.720174441,2028
2023-10-08,CA,Nutrition_Diets,10784,-0.977861278,2.910363694,3.888224971,6.798588665,22.65507312,0.76884666,2196
2023-10-15,CA,Nutrition_Diets,10523,-1.271063735,2.783078795,4.054142529,6.837221324,22.88296531,0.917510384,2019
2023-10-22,CA,Nutrition_Diets,11416,-1.360378341,2.682696462,4.043074804,6.725771266,23.08734575,0.905210128,2186
2023-10-29,CA,Nutrition_Diets,11897,-1.264976435,2.836186656,4.101163091,6.937349748,22.91298343,0.899761648,2255
2023-11-05,CA,Nutrition_Diets,11830,-1.263716166,2.753166915,4.016883081,6.770049995,22.66839551,0.956749659,2182
2023-11-12,CA,Nutrition_Diets,10751,-1.160099483,2.770809601,3.930909084,6.701718685,22.80794291,0.90804651,2105
2023-11-19,CA,Nutrition_Diets,10527,-1.115241691,2.784659519,3.89990121,6.684560729,23.03216365,0.844241848,2017
2023-11-26,CA,Nutrition_Diets,10861,-1.533561549,2.689094521,4.22265607,6.91175059,22.75396649,0.722693888,1924
2023-12-03,CA,Nutrition_Diets,10764,-1.524699187,2.703142786,4.227841973,6.930984759,22.68327174,0.72718199,2191
2023-12-10,CA,Nutrition_Diets,10411,-1.096152821,2.796164124,3.892316945,6.688481069,22.63711274,0.743923835,1896
2023-12-17,CA,Nutrition_Diets,9949,-1.268161151,2.867900471,4.136061621,7.003962092,22.50720458,0.752054564,2123
2023-12-24,CA,Nutrition_Diets,6339,-1.478123134,2.577881742,4.056004876,6.633886619,22.77671517,0.660846969,1584
2023-12-31,CA,Nutrition_Diets,7317,-1.67823573,2.564249215,4.242484945,6.806734159,22.77639482,0.675214936,1498
2024-01-07,CA,Nutrition_Diets,9823,-1.582390719,2.6441551,4.226545819,6.87070092,22.7241508,0.669244872,1774
2024-01-14,CA,Nutrition_Diets,10571,-1.439444015,2.638756001,4.078200016,6.716956016,22.71395661,0.764914154,1840
2024-01-21,CA,Nutrition_Diets,10742,-1.498078904,2.628889461,4.126968365,6.755857826,22.78518266,0.675887997,2071
2024-01-28,CA,Nutrition_Diets,11098,-1.200223434,2.717584383,3.917807817,6.6353922,22.41966771,0.649333812,1978
2024-02-04,CA,Nutrition_Diets,11930,-1.017968687,2.812306231,3.830274918,6.642581149,22.77951513,0.717640515,2279
2024-02-11,CA,Nutrition_Diets,11830,-1.285407146,2.789662432,4.075069578,6.86473201,22.74118212,0.72205839,2313
2024-02-18,CA,Nutrition_Diets,11642,-1.562788707,2.675214261,4.238002968,6.913217228,22.82804162,0.697207631,2239
2024-02-25,CA,Nutrition_Diets,12980,-1.217083505,2.742782395,3.9598659,6.702648295,22.52297213,0.639258295,2377
2024-03-03,CA,Nutrition_Diets,12304,-1.165350565,2.775787313,3.941137878,6.716925192,22.68876418,0.673907945,2340
2024-03-10,CA,Nutrition_Diets,11010,-1.044439831,2.831472669,3.8759125,6.707385168,22.89056427,0.709932707,2106
2024-03-17,CA,Nutrition_Diets,11568,-1.146130018,2.803502745,3.949632762,6.753135507,22.74444825,0.68653205,2008
2024-03-24,CA,Nutrition_Diets,10296,-0.936685906,2.868604319,3.805290225,6.673894544,22.82477233,0.64175426,2093
2024-03-31,CA,Nutrition_Diets,10191,-1.086090795,2.866218871,3.952309665,6.818528536,22.86196332,0.660718054,2127
2024-04-07,CA,Nutrition_Diets,11713,-0.813771561,2.873878987,3.687650547,6.561529534,23.15417408,0.841655802,1999
2024-04-14,CA,Nutrition_Diets,10708,-0.925844391,2.844395272,3.770239662,6.614634934,22.66623663,0.747890278,1753
2024-04-21,CA,Nutrition_Diets,10315,-0.882675574,2.88430705,3.766982623,6.651289673,22.66624087,0.692916331,1842
2024-04-28,CA,Nutrition_Diets,11114,-1.073675916,2.712774392,3.786450307,6.499224699,22.75787021,0.784969854,1895
2024-05-05,CA,Nutrition_Diets,11141,-1.364140635,2.70337788,4.067518515,6.770896396,22.81690317,0.698779203,2041
2024-05-12,CA,Nutrition_Diets,10957,-1.423713703,2.703878191,4.127591895,6.831470086,22.94908225,0.756693157,1934
2024-05-19,CA,Nutrition_Diets,9352,-1.57559233,2.707530792,4.283123122,6.990653914,22.78994922,0.698737408,1887
2024-05-26,CA,Nutrition_Diets,9965,-1.548067495,2.713899071,4.261966566,6.975865637,22.77156949,0.694516321,1963
2024-06-02,CA,Nutrition_Diets,10245,-1.18327189,2.803446803,3.986718693,6.790165497,22.88591803,0.724558459,2100
2024-06-09,CA,Nutrition_Diets,10469,-1.373053309,2.801458724,4.174512033,6.975970757,23.12249829,0.799267919,2151
2024-06-16,CA,Nutrition_Diets,9994,-1.049597951,2.861472582,3.911070533,6.772543116,22.74716713,0.715389073,1927
2024-06-23,CA,Nutrition_Diets,10627,-0.848553119,3.031757871,3.88031099,6.912068861,22.50632303,0.670112177,2347
2024-06-30,CA,Nutrition_Diets,8848,-1.435231782,2.721062209,4.156293991,6.8773562,22.85204381,0.725262949,1775
2024-07-07,CA,Nutrition_Diets,9666,-1.305945312,2.851487753,4.157433065,7.008920818,23.03481762,0.714274474,1744
2024-07-14,CA,Nutrition_Diets,9440,-1.315185202,2.790781129,4.105966331,6.89674746,22.86095216,0.718004042,1694
2024-07-21,CA,Nutrition_Diets,9316,-1.532600236,2.739815131,4.272415368,7.012230499,22.85847222,0.700532608,1919
2024-07-28,CA,Nutrition_Diets,9196,-1.286566808,2.787437111,4.07400392,6.861441031,22.99167174,0.734397352,1911
2024-08-04,CA,Nutrition_Diets,8811,-1.422479358,2.735721395,4.158200753,6.893922148,22.97514526,0.716240689,1669
2024-08-11,CA,Nutrition_Diets,9705,-1.480181925,2.786580351,4.266762276,7.053342626,22.59254113,0.718194541,1728
2024-08-18,CA,Nutrition_Diets,9539,-1.476354825,2.781293042,4.257647867,7.038940909,22.98256184,0.688228328,1885
2024-08-25,CA,Nutrition_Diets,10662,-1.483902095,2.675068647,4.158970741,6.834039388,22.93080597,0.673611299,2205
2024-09-01,CA,Nutrition_Diets,10623,-1.008919822,2.747546305,3.756466127,6.504012432,22.77107933,0.722222969,1770
2024-09-08,CA,Nutrition_Diets,10875,-1.097603725,2.816104019,3.913707743,6.729811762,22.62200157,0.690104211,2006
2024-09-15,CA,Nutrition_Diets,11470,-1.026100142,2.855982792,3.882082934,6.738065726,22.51252845,0.731684312,1995
2024-09-22,CA,Nutrition_Diets,10803,-1.046176193,2.920927949,3.967104141,6.88803209,22.43959028,0.754645728,2005
2024-09-29,CA,Nutrition_Diets,9279,-0.937294806,2.965031393,3.902326199,6.867357592,22.5714766,0.801683624,1894
2024-10-06,CA,Nutrition_Diets,10420,-1.290470296,2.928056843,4.218527139,7.146583983,22.69294889,0.74597529,1949
2024-10-13,CA,Nutrition_Diets,10090,-1.111782283,2.840686144,3.952468427,6.793154572,22.49570205,0.687892365,2034
2024-10-20,CA,Nutrition_Diets,11211,-1.41140724,2.709984489,4.121391729,6.831376218,22.44152433,0.723644097,2219
2024-10-27,CA,Nutrition_Diets,10186,-1.150630462,2.870343158,4.02097362,6.891316778,22.71515629,0.739613139,1870
2024-11-03,CA,Nutrition_Diets,9790,-0.952604044,2.846577595,3.799181639,6.645759235,22.50307369,0.747205098,1631
2024-11-10,CA,Nutrition_Diets,10899,-1.195276814,2.824265632,4.019542446,6.843808079,22.44053923,0.768677213,2091
2024-11-17,CA,Nutrition_Diets,10700,-1.214728056,2.833111937,4.047839993,6.88095193,22.68800274,0.763164849,1872
2024-11-24,CA,Nutrition_Diets,11107,-1.592469252,2.763322106,4.355791358,7.119113464,22.86539408,0.796457229,2332
2024-12-01,CA,Nutrition_Diets,11896,-1.615801529,2.694217678,4.310019207,7.004236885,22.96235054,0.781143606,2096
2024-12-08,CA,Nutrition_Diets,9560,-1.190387207,2.8923186,4.082705808,6.975024408,22.74425988,0.797623119,1920
2024-12-15,CA,Nutrition_Diets,10377,-1.276247438,2.807826927,4.084074365,6.891901292,22.79025485,0.774388006,1825
2024-12-22,CA,Nutrition_Diets,6069,-1.524693685,2.719476593,4.244170277,6.96364687,22.84813407,0.752728323,1260
2024-12-29,CA,Nutrition_Diets,7017,-1.777595256,2.508817565,4.286412821,6.795230386,22.91596039,0.708260639,1432
2025-01-05,CA,Nutrition_Diets,9681,-1.480553273,2.781125644,4.261678917,7.04280456,22.86052677,0.769692389,2178
2025-01-12,CA,Nutrition_Diets,9139,-1.296363767,2.73693141,4.033295177,6.770226587,22.6551724,0.794620665,1798
2025-01-19,CA,Nutrition_Diets,9131,-1.075679627,2.863656771,3.939336398,6.802993169,22.6297439,0.758824903,1773
2025-01-26,CA,Nutrition_Diets,10144,-1.130091452,2.847443332,3.977534784,6.824978117,22.72000943,0.828932669,1697
2025-02-02,CA,Nutrition_Diets,10826,-1.332889492,2.831468668,4.16435816,6.995826828,22.45610028,0.882560017,2342
2025-02-09,CA,Nutrition_Diets,9330,-1.288841055,2.788565029,4.077406084,6.865971113,22.71283119,0.762503097,2153
2025-02-16,CA,Nutrition_Diets,11362,-1.488125766,2.719561674,4.20768744,6.927249114,22.94229828,0.75263966,2512
2025-02-23,CA,Nutrition_Diets,10242,-0.985837407,2.832431123,3.81826853,6.650699653,22.45427534,0.879582527,2090
2025-03-02,CA,Nutrition_Diets,10378,-1.215903828,2.844048299,4.059952126,6.904000425,22.53964869,0.841905367,2615
2025-03-09,CA,Nutrition_Diets,9506,-1.064203266,2.914009736,3.978213003,6.892222739,22.74472296,0.778190543,2088
2025-03-16,CA,Nutrition_Diets,9355,-1.089544692,2.91241891,4.001963602,6.914382511,22.78458168,0.699183515,1900
2025-03-23,CA,Nutrition_Diets,9187,-0.800502291,2.927076125,3.727578416,6.654654541,22.74480008,0.772151892,1986
2025-03-30,CA,Nutrition_Diets,8719,-0.810768698,2.948997646,3.759766345,6.708763991,22.71850641,0.767505808,1828
2025-04-06,CA,Nutrition_Diets,8635,-1.023080624,3.002192587,4.025273211,7.027465799,22.76860906,0.747897165,1792
2025-04-13,CA,Nutrition_Diets,8324,-0.891016291,3.066161451,3.957177742,7.023339193,22.88548736,0.830392432,1727
2025-04-20,CA,Nutrition_Diets,7649,-0.809663759,3.123788862,3.933452622,7.057241484,22.88285655,0.875926385,1426
2025-04-27,CA,Nutrition_Diets,11069,-2.066775945,2.818415759,4.885191705,7.703607464,22.79147564,0.808602021,2439
2025-05-04,CA,Nutrition_Diets,8274,-1.002630105,3.042544784,4.04517489,7.087719674,22.91564261,0.870856354,1571
2025-05-11,CA,Nutrition_Diets,9129,-1.022081776,3.023562325,4.045644102,7.069206427,23.03694905,0.78959827,1744
2025-05-18,CA,Nutrition_Diets,8467,-1.034607596,2.961471385,3.996078981,6.957550367,23.14294641,0.776125025,1773
2025-05-25,CA,Nutrition_Diets,9299,-0.950323772,3.036795366,3.987119137,7.023914503,23.17220128,0.824329794,1899
2025-06-01,CA,Nutrition_Diets,9063,-1.135022633,2.989389035,4.124411669,7.113800704,23.16181161,0.827623906,1875
2025-06-08,CA,Nutrition_Diets,8893,-1.140434133,2.9959119,4.136346033,7.132257933,23.09563754,0.792267192,1796
2025-06-29,CA,Nutrition_Diets,4524,-0.947262764,3.022236149,3.969498913,6.991735062,22.92438623,0.847424549,1174
2025-07-06,CA,Nutrition_Diets,8934,-1.29048919,3.014701894,4.305191084,7.319892978,22.73802903,0.810679085,1570
2025-07-13,CA,Nutrition_Diets,8243,-1.377729782,2.886347771,4.264077554,7.150425325,23.11321048,0.890168219,1646
2025-07-20,CA,Nutrition_Diets,8681,-1.595394919,2.896311089,4.491706008,7.388017098,23.05601271,0.824284233,1806
2025-07-27,CA,Nutrition_Diets,8830,-1.224287618,2.979536427,4.203824045,7.183360472,22.80637975,0.85424249,1983
2025-08-03,CA,Nutrition_Diets,7694,-1.452135074,2.855389727,4.307524801,7.162914528,23.05739348,0.818310361,1797
2025-08-10,CA,Nutrition_Diets,7970,-1.424863415,2.896451291,4.321314707,7.217765998,22.93196034,0.745959135,1762
2025-08-17,CA,Nutrition_Diets,7737,-1.184060734,2.982930543,4.166991277,7.149921821,22.86990214,0.811779567,1491
2025-08-24,CA,Nutrition_Diets,7665,-1.384489391,2.89596275,4.280452141,7.17641489,22.76447192,0.774747048,1770
2025-08-31,CA,Nutrition_Diets,7376,-1.371421124,2.961377439,4.332798563,7.294176001,22.95368768,0.829357621,1635
2025-09-07,CA,Nutrition_Diets,7614,-0.780224522,3.072628865,3.852853387,6.925482252,22.90696985,0.811567145,1629
2025-09-14,CA,Nutrition_Diets,7762,-0.79817903,3.046489547,3.844668577,6.891158124,22.66793585,0.785791127,1674
2025-09-21,CA,Nutrition_Diets,8048,-0.783787609,3.251862038,4.035649648,7.287511686,22.98509306,0.864306541,1616
2025-09-28,CA,Nutrition_Diets,7610,-0.794994395,3.103911303,3.898905698,7.002817001,22.9267188,0.855521691,1659
2025-10-05,CA,Nutrition_Diets,7799,-0.939889545,3.120626701,4.060516246,7.181142948,23.01568759,0.857901796,1623
2025-10-12,CA,Nutrition_Diets,7201,-0.907554233,3.152378628,4.059932861,7.212311489,22.89565137,0.855717269,1607
2025-10-19,CA,Nutrition_Diets,7730,-0.83251189,3.151008735,3.983520625,7.13452936,23.32306001,0.826883125,1450
2025-10-26,CA,Nutrition_Diets,7871,-0.880343161,3.205113957,4.085457118,7.290571075,22.86015902,0.806284901,1782
2025-11-02,CA,Nutrition_Diets,8955,-0.311243732,3.451078138,3.762321869,7.213400007,22.7762611,0.865000797,1910
2025-11-09,CA,Nutrition_Diets,7976,-0.568803632,3.251342457,3.820146088,7.071488545,22.58432085,0.855241513,1771
2025-11-16,CA,Nutrition_Diets,8700,-1.080379335,3.097971869,4.178351204,7.276323073,22.45845591,0.766436365,1679
2025-11-23,CA,Nutrition_Diets,7985,-0.618338715,3.209510556,3.827849271,7.037359828,22.78058362,0.843613108,1606
2025-11-30,CA,Nutrition_Diets,7975,-0.724192443,3.200309103,3.924501546,7.124810649,22.71063445,0.77577136,1517
2025-12-07,CA,Nutrition_Diets,7379,-0.881888744,3.056834639,3.938723383,6.995558022,22.8363357,0.813660732,1449
2025-12-14,CA,Nutrition_Diets,7441,-1.101758517,2.991095482,4.092853999,7.083949481,22.94319071,0.77543236,1441
2025-12-21,CA,Nutrition_Diets,5065,-0.609620765,3.205971447,3.815592213,7.02156366,22.96319677,0.79848236,1065
2025-12-28,CA,Nutrition_Diets,5385,-0.845430261,3.094541859,3.939972119,7.034513978,23.26354627,0.898385798,1248
2026-01-04,CA,Nutrition_Diets,7114,-1.208171786,2.852184435,4.060356221,6.912540656,23.07326705,0.801433748,1461
2026-01-11,CA,Nutrition_Diets,8481,-1.253324017,3.039467015,4.292791031,7.332258046,23.06123149,0.765772332,1480
2026-01-18,CA,Nutrition_Diets,8176,-1.330347189,2.90376343,4.234110619,7.137874049,22.86309539,0.851171335,1765
2026-01-25,CA,Nutrition_Diets,8065,-0.801808309,3.111580918,3.913389227,7.024970145,22.72844662,0.751838125,1756
2026-02-01,CA,Nutrition_Diets,7502,-0.973402799,3.010951689,3.984354488,6.995306176,22.78582918,0.734351897,1474
2026-02-08,CA,Nutrition_Diets,10828,-2.511145015,2.719482257,5.230627272,7.950109529,23.4124942,0.767824453,2791
2026-02-15,CA,Nutrition_Diets,7043,-1.114660044,2.98355726,4.098217304,7.081774565,22.63290971,0.780144578,1716
2026-02-22,CA,Nutrition_Diets,7975,-1.049541376,2.985589155,4.035130532,7.020719687,22.70702104,0.720810191,1652
2026-03-01,CA,Nutrition_Diets,7914,-0.837869636,2.977158983,3.815028619,6.792187603,22.95445095,0.763328253,1761
2026-03-08,CA,Nutrition_Diets,7145,-1.062156005,2.992414618,4.054570623,7.046985242,23.03327622,0.762307829,1581
2026-03-15,CA,Nutrition_Diets,6553,-0.839306801,3.043180586,3.882487387,6.925667973,23.01702876,0.79504399,1475
2026-03-22,CA,Nutrition_Diets,7182,-1.10888917,2.960619501,4.069508671,7.030128172,22.92946199,0.73682779,1653
2026-03-29,CA,Nutrition_Diets,7133,-0.828673842,3.035866478,3.86454032,6.900406798,23.11642433,0.761102736,1589
2026-04-05,CA,Nutrition_Diets,6722,-1.127943398,2.950851532,4.07879493,7.029646462,23.18261924,0.870181566,1421
2026-04-12,CA,Nutrition_Diets,7197,-1.077417908,3.10743308,4.184850988,7.292284068,22.95312181,0.819821426,1484
2026-04-19,CA,Nutrition_Diets,7279,-1.148204888,3.013218152,4.16142304,7.174641192,23.12228297,0.738816791,1807
2026-04-26,CA,Nutrition_Diets,7356,-0.830452584,3.18967798,4.020130564,7.209808544,22.93734094,0.818602984,1430
2026-05-03,CA,Nutrition_Diets,8138,-0.909144671,3.028229757,3.937374429,6.965604186,23.22617005,0.836015354,1457
2026-05-10,CA,Nutrition_Diets,8181,-1.017074883,3.119446079,4.136520962,7.255967041,23.15075644,0.717205771,1481
2026-05-17,CA,Nutrition_Diets,7212,-1.06548845,3.062094544,4.127582994,7.189677539,23.01866892,0.734233918,1575
2026-05-24,CA,Nutrition_Diets,7643,-1.255990363,2.930646707,4.18663707,7.117283778,23.00557199,0.782981093,1675
2026-05-31,CA,Nutrition_Diets,7307,-0.852075331,3.116086922,3.968162253,7.084249175,23.11489505,0.778447916,1391
2026-06-07,CA,Nutrition_Diets,7790,-0.974703183,3.084227357,4.05893054,7.143157897,23.12308894,0.763106295,1672
2026-06-14,CA,Nutrition_Diets,7550,-0.994328417,3.007522335,4.001850752,7.009373088,22.92735942,0.75082793,1507
2026-06-21,CA,Nutrition_Diets,7348,-1.183991304,3.053129267,4.237120571,7.290249838,22.9681357,0.766927914,1615
2026-06-28,CA,Nutrition_Diets,6075,-1.384160144,2.992630928,4.376791072,7.369422001,23.10616466,0.684784572,1458
2026-07-05,CA,Nutrition_Diets,6538,-0.852903152,3.140143656,3.993046808,7.133190464,23.07868717,0.732478705,1342
2026-07-12,CA,Nutrition_Diets,6452,-1.05865437,3.105919822,4.164574192,7.270494014,23.2299138,0.790849976,1528
2026-07-19,CA,Nutrition_Diets,6046,-1.111903416,3.053055251,4.164958667,7.218013918,22.80476587,0.754393,1348
2026-07-26,CA,Nutrition_Diets,6012,-1.161783143,2.968435504,4.130218646,7.09865415,22.90123802,0.732174403,1244
2026-08-02,CA,Nutrition_Diets,6205,-1.313270993,2.857938329,4.171209322,7.029147651,23.00535712,0.668769503,1297
2026-08-09,CA,Nutrition_Diets,6358,-0.989455991,2.969247334,3.958703325,6.927950659,23.40647452,0.802783295,1323
2026-08-16,CA,Nutrition_Diets,5824,-0.876036514,2.99148464,3.867521154,6.859005795,23.08705344,0.773962214,1303
2026-08-23,CA,Nutrition_Diets,1791,-0.881566969,3.036901064,3.918468033,6.955369097,22.92764694,0.71485465,664
2023-01-01,CN,Fashion_Beauty,2,3.407314464,4.135469804,0.72815534,4.863625144,18.39517854,1.273243377,1
2023-01-08,CN,Fashion_Beauty,1,0.819672131,1.639344262,0.819672131,2.459016393,21.72131148,0,1
2023-01-22,CN,Fashion_Beauty,1,-3.614457831,2.008032129,5.62248996,7.630522088,19.07630522,0,1
2023-01-29,CN,Fashion_Beauty,2,-0.244317491,2.645962481,2.890279972,5.536242454,19.45990843,0.577367206,2
2023-02-05,CN,Fashion_Beauty,1,3.398558187,4.531410917,1.132852729,5.664263646,22.65705458,1.956745623,1
2023-02-12,CN,Fashion_Beauty,3,0.075606498,3.163451682,3.087845184,6.251296866,19.15756013,1.260791683,3
2023-02-19,CN,Fashion_Beauty,2,0.639715346,4.424172071,3.784456726,8.208628797,20.56314017,1.519026029,2
2023-04-02,CN,Fashion_Beauty,1,0.594059406,3.366336634,2.772277228,6.138613861,21.38613861,2.376237624,1
2023-04-09,CN,Fashion_Beauty,3,-0.448375825,3.220763255,3.66913908,6.889902335,20.72907686,0.434873346,3
2023-04-23,CN,Fashion_Beauty,1,0.247320692,5.358615004,5.111294312,10.46990932,21.43446002,0.906842539,1
2023-04-30,CN,Fashion_Beauty,3,-1.309932544,3.315982579,4.625915123,7.941897702,22.12032226,1.381389826,3
2023-05-07,CN,Fashion_Beauty,2,3.691841549,5.43374817,1.741906621,7.175654791,18.48096633,0.292825769,2
2023-05-14,CN,Fashion_Beauty,2,-2.224700159,2.456579078,4.681279238,7.137858316,22.42040534,0.768730716,2
2023-05-21,CN,Fashion_Beauty,3,-0.936302156,2.214409531,3.150711687,5.365121219,18.61983935,0.045167118,3
2023-05-28,CN,Fashion_Beauty,2,0.564797438,1.642757933,1.077960495,2.720718428,20.95984817,0.473933649,2
2023-06-04,CN,Fashion_Beauty,3,1.672691847,4.194580083,2.521888237,6.71646832,18.34938242,1.042088845,3
2023-06-25,CN,Fashion_Beauty,1,0.724637681,3.623188406,2.898550725,6.52173913,14.85507246,1.086956522,1
2023-07-02,CN,Fashion_Beauty,5,-5.651250214,1.421506795,7.072757009,8.494263804,21.6645332,0.166932359,5
2023-07-09,CN,Fashion_Beauty,1,1.485148515,2.475247525,0.99009901,3.465346535,16.33663366,0,1
2023-07-16,CN,Fashion_Beauty,1,1.055408971,5.013192612,3.957783641,8.970976253,16.88654354,1.055408971,1
2023-07-23,CN,Fashion_Beauty,9,-1.4955791,2.016775328,3.512354428,5.529129757,19.98587389,0.731205223,5
2023-08-27,CN,Fashion_Beauty,1,-3.525264395,2.820211516,6.345475911,9.165687427,21.97414806,0.352526439,1
2023-09-10,CN,Fashion_Beauty,4,-0.108045753,3.320751377,3.42879713,6.749548507,18.29156225,1.299072271,4
2023-09-17,CN,Fashion_Beauty,3,1.126737742,3.392179497,2.265441755,5.657621252,22.19623423,0.816469412,3
2023-09-24,CN,Fashion_Beauty,1,-1.984126984,2.182539683,4.166666667,6.349206349,20.23809524,0,1
2023-10-01,CN,Fashion_Beauty,3,-0.589929567,3.790571365,4.380500931,8.171072296,19.58331086,0.846898416,2
2023-10-08,CN,Fashion_Beauty,2,-0.393784363,3.593945698,3.987730061,7.581675759,19.75608721,3.130108052,2
2023-10-15,CN,Fashion_Beauty,2,1.406623978,5.597743309,4.191119331,9.78886264,19.70656803,2.180379845,2
2023-10-22,CN,Fashion_Beauty,9,0.262144569,2.725664098,2.463519528,5.189183626,18.94907457,0.07195474,9
2023-10-29,CN,Fashion_Beauty,8,1.065581285,5.219539871,4.153958586,9.373498457,18.46989244,0.722746423,7
2023-11-12,CN,Fashion_Beauty,8,-2.389980646,1.949242443,4.339223089,6.288465532,23.79675161,0.37977656,7
2023-11-19,CN,Fashion_Beauty,9,-5.430830913,1.88881537,7.319646283,9.208461653,19.79041205,0.554242949,8
2023-11-26,CN,Fashion_Beauty,6,-1.623369666,2.425265343,4.048635009,6.473900353,19.79696904,0.326253684,6
2023-12-03,CN,Fashion_Beauty,6,-4.319873213,2.765550766,7.085423979,9.850974745,18.22504493,0.16252243,5
2023-12-10,CN,Fashion_Beauty,1,1.5625,2.901785714,1.339285714,4.241071429,19.86607143,1.5625,1
2023-12-31,CN,Fashion_Beauty,2,-1.822410124,1.344853429,3.167263553,4.512116982,22.51481727,1.358869768,1
2024-01-07,CN,Fashion_Beauty,6,-4.982504577,2.216651681,7.199156258,9.415807939,18.8113723,0.366312102,5
2024-01-14,CN,Fashion_Beauty,18,-2.561549254,2.529845647,5.091394901,7.621240548,19.15627522,0.483564242,17
2024-01-21,CN,Fashion_Beauty,2,-5.270317751,2.95385544,8.224173191,11.17802863,20.021802,0,2
2024-01-28,CN,Fashion_Beauty,3,-3.112959431,1.146286661,4.259246092,5.405532753,15.14282448,0,2
2024-02-04,CN,Fashion_Beauty,1,-3,5,8,13,20,0.333333333,1
2024-02-11,CN,Fashion_Beauty,2,-6.25,2.678571429,8.928571429,11.60714286,22.32142857,1.607142857,2
2024-02-18,CN,Fashion_Beauty,3,-1.686159353,3.640697338,5.326856692,8.96755403,21.1135757,0.083989254,3
2024-02-25,CN,Fashion_Beauty,2,1.880131915,3.307140934,1.427009019,4.734149953,20.42754745,0,2
2024-03-03,CN,Fashion_Beauty,1,-4.466501241,1.736972705,6.203473945,7.94044665,18.36228288,0,1
2024-03-31,CN,Fashion_Beauty,1,-1.428571429,4.285714286,5.714285714,10,20.71428571,0,1
2024-04-07,CN,Fashion_Beauty,1,-6.96347032,1.255707763,8.219178082,9.474885845,14.49771689,0,1
2024-04-14,CN,Fashion_Beauty,1,-2.923976608,1.169590643,4.093567251,5.263157895,18.12865497,1.169590643,1
2024-04-21,CN,Fashion_Beauty,2,-9.980804203,1.821580117,11.80238432,13.62396444,23.55290631,0.440044004,2
2024-04-28,CN,Fashion_Beauty,3,-0.182505119,2.804404057,2.986909176,5.791313233,18.19504502,0.27027027,3
2024-05-19,CN,Fashion_Beauty,13,-6.906940192,1.182026578,8.08896677,9.270993348,20.58989868,0.417430358,11
2024-05-26,CN,Fashion_Beauty,5,1.447295604,4.50258824,3.055292635,7.557880875,17.5507238,0.241760673,5
2024-06-02,CN,Fashion_Beauty,3,-2.132075068,3.856202115,5.988277183,9.844479299,16.65066324,0.69751332,3
2024-06-09,CN,Fashion_Beauty,5,1.309353923,4.298720467,2.989366544,7.288087012,17.0840934,0.315082921,5
2024-06-23,CN,Fashion_Beauty,2,-0.165562914,2.74150736,2.907070274,5.648577634,13.92806392,0.607287449,2
2024-06-30,CN,Fashion_Beauty,2,-0.216450216,2.715705347,2.932155564,5.647860911,13.1876895,1.256638099,2
2024-07-07,CN,Fashion_Beauty,2,-1.566734417,1.507452575,3.074186992,4.581639566,21.0450542,0,2
2024-07-21,CN,Fashion_Beauty,1,1.728110599,4.493087558,2.764976959,7.258064516,15.89861751,0.115207373,1
2024-07-28,CN,Fashion_Beauty,1,-3.567508233,3.183315038,6.750823271,9.93413831,20.96597146,0.219538968,1
2024-08-04,CN,Fashion_Beauty,1,1.287553648,3.862660944,2.575107296,6.43776824,21.03004292,1.716738197,1
2024-08-11,CN,Fashion_Beauty,3,-1.942544079,5.180117545,7.122661624,12.30277917,12.22939108,1.079191155,3
2024-08-18,CN,Fashion_Beauty,1,-0.095328885,2.478551001,2.573879886,5.052430887,21.06768351,0.285986654,1
2024-08-25,CN,Fashion_Beauty,5,5.091738606,7.812335393,2.720596787,10.53293218,17.74317535,1.372622562,5
2024-09-15,CN,Fashion_Beauty,6,-2.634065304,3.026267514,5.660332818,8.686600332,22.41909934,0.286282768,5
2024-09-22,CN,Fashion_Beauty,1,4.824561404,6.578947368,1.754385965,8.333333333,18.20175439,1.754385965,1
2024-09-29,CN,Fashion_Beauty,6,2.517929646,2.807795192,0.289865545,3.097660737,17.26096727,0.058072009,6
2024-10-06,CN,Fashion_Beauty,1,3.674540682,3.674540682,0,3.674540682,19.68503937,0.524934383,1
2024-10-13,CN,Fashion_Beauty,1,-5.665024631,1.724137931,7.389162562,9.113300493,17.24137931,0,1
2024-10-20,CN,Fashion_Beauty,2,0.991501416,3.619385756,2.627884339,6.247270095,14.98046948,0,2
2024-11-10,CN,Fashion_Beauty,3,-2.277432712,3.3126294,5.590062112,8.902691511,15.32091097,0,1
2024-11-17,CN,Fashion_Beauty,5,-0.137014235,3.684725009,3.821739244,7.506464254,18.79353791,0.836144943,4
2024-11-24,CN,Fashion_Beauty,1,7.331042383,8.018327606,0.687285223,8.705612829,25.20045819,0.687285223,1
2024-12-08,CN,Fashion_Beauty,1,3.333333333,3.333333333,0,3.333333333,15.33333333,0,1
2024-12-29,CN,Fashion_Beauty,1,-1.867219917,4.149377593,6.01659751,10.1659751,13.90041494,0,1
2025-01-12,CN,Fashion_Beauty,7,-4.090060855,1.503554195,5.59361505,7.097169245,21.05451894,0.161943323,7
2025-01-26,CN,Fashion_Beauty,5,0.705875641,3.789279168,3.083403527,6.872682695,17.95029539,0.485981308,4
2025-02-02,CN,Fashion_Beauty,2,-1.772139303,4.847263682,6.619402985,11.46666667,18.06069652,1.399502488,2
2025-02-23,CN,Fashion_Beauty,2,-0.577625571,2.125570776,2.703196347,4.828767123,18.81506849,1.369863014,2
2025-03-02,CN,Fashion_Beauty,2,-2.745169968,2.787967718,5.533137686,8.321105405,21.86965028,0,2
2025-03-09,CN,Fashion_Beauty,2,2.9055709,5.8111418,2.9055709,8.7167127,15.49637813,0.645682422,2
2025-04-06,CN,Fashion_Beauty,1,-0.411522634,3.29218107,3.703703704,6.995884774,16.46090535,0.411522634,1
2025-04-27,CN,Fashion_Beauty,1,1.36425648,2.796725784,1.432469304,4.229195089,19.44065484,0,1
2025-05-04,CN,Fashion_Beauty,1,4.87804878,5.609756098,0.731707317,6.341463415,12.92682927,0.243902439,1
2025-05-11,CN,Fashion_Beauty,3,-1.623977846,2.07929188,3.703269726,5.782561606,21.665057,0.167084378,3
2025-05-18,CN,Fashion_Beauty,4,4.182358722,5.251866049,1.069507327,6.321373376,17.89572674,1.495687487,3
2025-05-25,CN,Fashion_Beauty,1,1.048951049,2.447552448,1.398601399,3.846153846,17.13286713,0,1
2025-06-01,CN,Fashion_Beauty,1,4.221635884,6.860158311,2.638522427,9.498680739,18.46965699,0,1
2025-06-08,CN,Fashion_Beauty,1,-1.483050847,3.813559322,5.296610169,9.110169492,16.94915254,0,1
2025-07-13,CN,Fashion_Beauty,2,-7.409002206,1.283514339,8.692516545,9.976030884,18.28843543,0.449473952,2
2025-07-20,CN,Fashion_Beauty,3,0.677564238,2.910785964,2.233221725,5.144007689,16.78477049,0.581275346,2
2025-08-03,CN,Fashion_Beauty,1,1.923076923,6.275303644,4.352226721,10.62753036,22.77327935,1.923076923,1
2025-08-10,CN,Fashion_Beauty,1,1.282051282,4.700854701,3.418803419,8.11965812,17.66381766,0.142450142,1
2025-08-17,CN,Fashion_Beauty,8,0.323863005,3.676917771,3.353054766,7.029972537,15.86556656,0.130230862,7
2025-08-24,CN,Fashion_Beauty,1,-5.011933174,0.954653938,5.966587112,6.92124105,13.8424821,0,1
2025-08-31,CN,Fashion_Beauty,1,-6.042296073,0.906344411,6.948640483,7.854984894,12.99093656,0,1
2025-09-14,CN,Fashion_Beauty,2,-5.526649746,2.819125112,8.345774858,11.16489997,15.84950732,0.38071066,2
2025-09-21,CN,Fashion_Beauty,3,-0.885031296,3.633853974,4.518885269,8.152739243,17.80079625,0.253807107,3
2025-09-28,CN,Fashion_Beauty,4,-3.859229455,1.530251825,5.389481281,6.919733106,15.7450874,0.119239502,4
2025-10-05,CN,Fashion_Beauty,3,-1.559863134,3.080774464,4.640637599,7.721412063,16.75090749,0.282959348,3
2025-10-12,CN,Fashion_Beauty,1,0.829875519,1.659751037,0.829875519,2.489626556,17.01244813,0,1
2025-10-26,CN,Fashion_Beauty,3,-0.897933762,3.97754732,4.875481081,8.853028401,17.75380044,0.446877596,3
2025-11-02,CN,Fashion_Beauty,1,-3.015075377,0.753768844,3.768844221,4.522613065,13.81909548,0,1
2025-11-09,CN,Fashion_Beauty,2,-3.863639644,0.676894656,4.540534299,5.217428955,15.49352692,0.259067358,2
2025-11-16,CN,Fashion_Beauty,1,-0.17699115,2.123893805,2.300884956,4.424778761,21.23893805,0.17699115,1
2025-11-23,CN,Fashion_Beauty,2,2.562531563,3.291076256,0.728544693,4.019620949,22.62647417,0.255102041,2
2025-11-30,CN,Fashion_Beauty,2,4.800724638,5.945322793,1.144598155,7.089920949,19.40876153,0.329380764,2
2025-12-07,CN,Fashion_Beauty,2,1.242600856,4.43356707,3.190966214,7.624533285,19.22593571,0,2
2025-12-14,CN,Fashion_Beauty,1,3.921568627,4.411764706,0.490196078,4.901960784,20.95588235,0.490196078,1
2025-12-21,CN,Fashion_Beauty,1,3.896103896,5.194805195,1.298701299,6.493506494,14.28571429,0,1
2025-12-28,CN,Fashion_Beauty,2,-4.976677912,1.853347302,6.830025214,8.683372515,18.42548884,0.356586827,2
2026-01-25,CN,Fashion_Beauty,1,-4.376367615,0.218818381,4.595185996,4.814004376,18.59956236,0,1
2026-02-01,CN,Fashion_Beauty,2,-2.272482116,2.446838859,4.719320975,7.166159833,21.61230562,0.111251554,2
2026-02-08,CN,Fashion_Beauty,2,-1.970621624,3.90078703,5.871408654,9.772195683,20.7656206,0,2
2026-03-01,CN,Fashion_Beauty,1,-0.816993464,2.287581699,3.104575163,5.392156863,19.11764706,0,1
2026-03-22,CN,Fashion_Beauty,1,-3.969270166,3.072983355,7.042253521,10.11523688,19.33418694,0,1
2026-03-29,CN,Fashion_Beauty,1,1.464128843,2.342606149,0.878477306,3.221083455,22.69399707,1.02489019,1
2026-04-05,CN,Fashion_Beauty,8,8.587182323,9.28344035,0.696258026,9.979698376,15.31767658,0,8
2026-04-12,CN,Fashion_Beauty,5,-1.614267741,1.473207416,3.087475157,4.560682574,21.41442326,0,4
2026-04-26,CN,Fashion_Beauty,2,-1.607790495,2.874334699,4.482125194,7.356459894,20.47195139,0.455466064,2
2026-05-03,CN,Fashion_Beauty,8,-2.411308638,1.430222431,3.841531069,5.2717535,20.599746,0.348912754,5
2026-05-31,CN,Fashion_Beauty,6,0.460388808,3.893628759,3.433239951,7.32686871,19.84280414,0.10829169,5
2026-06-07,CN,Fashion_Beauty,10,1.788021257,5.18396799,3.395946734,8.579914724,16.85329256,0.259076306,10
2026-06-14,CN,Fashion_Beauty,1,0,2.72572402,2.72572402,5.451448041,14.13969336,0,1
2026-06-28,CN,Fashion_Beauty,5,0.404727996,3.426531191,3.021803195,6.448334385,15.26252542,1.077273751,5
2026-07-05,CN,Fashion_Beauty,1,-4.810126582,1.265822785,6.075949367,7.341772152,17.34177215,0,1
2026-07-12,CN,Fashion_Beauty,1,0.168634064,4.384485666,4.215851602,8.600337268,18.04384486,0.505902192,1
2026-07-19,CN,Fashion_Beauty,6,4.225924948,5.885558519,1.659633571,7.545192089,20.91927384,0.111833455,3
2026-08-02,CN,Fashion_Beauty,1,-2.950819672,1.639344262,4.590163934,6.229508197,22.95081967,2.295081967,1
2026-08-09,CN,Fashion_Beauty,1,-9.293193717,1.832460733,11.12565445,12.95811518,20.68062827,0.523560209,1
2026-08-16,CN,Fashion_Beauty,1,-1.082144614,3.443187408,4.525332022,7.968519429,19.13428431,0.590260698,1
2023-01-01,CN,Fitness_Wearables,1,4.128440367,4.816513761,0.688073394,5.504587156,22.93577982,1.834862385,1
2023-02-05,CN,Fitness_Wearables,2,3.415572071,4.554096094,1.138524024,5.692620118,14.80081231,0,2
2023-02-12,CN,Fitness_Wearables,1,0.848484848,3.272727273,2.424242424,5.696969697,16.12121212,0,1
2023-02-19,CN,Fitness_Wearables,2,-4.598829261,2.089978618,6.68880788,8.778786498,13.68826457,0.164744646,2
2023-02-26,CN,Fitness_Wearables,1,-5.363984674,2.107279693,7.471264368,9.578544061,15.70881226,0,1
2023-03-05,CN,Fitness_Wearables,1,-2.777777778,3.571428571,6.349206349,9.920634921,17.06349206,0,1
2023-03-12,CN,Fitness_Wearables,1,-1.376146789,3.822629969,5.198776758,9.021406728,14.98470948,0,1
2023-04-16,CN,Fitness_Wearables,1,4.444444444,4.888888889,0.444444444,5.333333333,12.88888889,0,1
2023-05-07,CN,Fitness_Wearables,1,2.2,2.6,0.4,3,17.4,0.6,1
2023-05-21,CN,Fitness_Wearables,1,0.518134715,2.590673575,2.07253886,4.663212435,16.58031088,1.03626943,1
2023-05-28,CN,Fitness_Wearables,1,0.72815534,1.699029126,0.970873786,2.669902913,15.77669903,2.427184466,1
2023-06-25,CN,Fitness_Wearables,1,2.432432432,5.315315315,2.882882883,8.198198198,18.46846847,0,1
2023-07-09,CN,Fitness_Wearables,1,1.544401544,3.088803089,1.544401544,4.633204633,24.32432432,0,1
2023-07-30,CN,Fitness_Wearables,3,2.961334961,3.556412399,0.595077437,4.151489836,18.91343744,1.374033374,1
2023-08-06,CN,Fitness_Wearables,2,2.22569576,3.754052461,1.528356701,5.282409162,19.34602754,0.213675214,1
2023-08-27,CN,Fitness_Wearables,1,2.602230483,4.832713755,2.230483271,7.063197026,20.07434944,1.486988848,1
2023-10-08,CN,Fitness_Wearables,2,0.990974626,2.799873798,1.808899172,4.60877297,19.9127101,0.887240186,1
2023-10-15,CN,Fitness_Wearables,8,3.056394967,3.518248265,0.461853298,3.980101562,15.74276074,0,7
2023-12-31,CN,Fitness_Wearables,3,-0.979487529,2.431397937,3.410885466,5.842283404,18.31341148,0.606060606,3
2024-01-21,CN,Fitness_Wearables,3,1.724137931,2.463054187,0.738916256,3.201970443,14.28571429,0,2
2024-02-11,CN,Fitness_Wearables,1,2.173913043,5.217391304,3.043478261,8.260869565,24.56521739,0,1
2024-02-25,CN,Fitness_Wearables,1,-0.490196078,1.960784314,2.450980392,4.411764706,19.60784314,0.980392157,1
2024-06-02,CN,Fitness_Wearables,3,-0.52246604,3.991640543,4.514106583,8.505747126,20.60606061,0.835945664,2
2024-07-14,CN,Fitness_Wearables,1,-3.797468354,5.063291139,8.860759494,13.92405063,11.39240506,0,1
2024-07-21,CN,Fitness_Wearables,2,-0.169082126,4.247757074,4.416839199,8.664596273,18.61628709,1.121463078,2
2024-08-18,CN,Fitness_Wearables,1,-1.119402985,1.865671642,2.985074627,4.850746269,16.79104478,0,1
2024-09-01,CN,Fitness_Wearables,1,2.008928571,3.571428571,1.5625,5.133928571,18.08035714,0.446428571,1
2024-09-08,CN,Fitness_Wearables,6,0.808147509,4.166138644,3.357991135,7.52412978,17.87116621,0.117606893,6
2024-09-15,CN,Fitness_Wearables,1,1.93236715,3.381642512,1.449275362,4.830917874,17.87439614,0.966183575,1
2024-10-13,CN,Fitness_Wearables,1,-5.747126437,2.75862069,8.505747126,11.26436782,18.16091954,0,1
2024-12-15,CN,Fitness_Wearables,38,-1.863034425,2.154133554,4.017167979,6.171301533,25.85258233,0.873297387,20
2025-01-12,CN,Fitness_Wearables,2,4.727423626,5.338225969,0.610802342,5.949028311,13.58825394,0,2
2025-01-19,CN,Fitness_Wearables,2,5.432812314,5.97809937,0.545287056,6.523386426,12.80087365,0,2
2025-01-26,CN,Fitness_Wearables,3,4.882245248,5.177721275,0.295476027,5.473197302,14.2332949,0.458676922,3
2025-02-09,CN,Fitness_Wearables,1,2.173913043,2.898550725,0.724637681,3.623188406,14.85507246,0,1
2025-03-23,CN,Fitness_Wearables,2,2.123583781,5.791592129,3.668008348,9.459600477,13.99597496,0,2
2025-04-27,CN,Fitness_Wearables,4,0.256977825,3.190412326,2.933434501,6.123846827,23.43875126,0,3
2025-07-13,CN,Fitness_Wearables,2,-1.595163457,3.253918495,4.849081953,8.103000448,16.00358262,0.285714286,2
2025-07-27,CN,Fitness_Wearables,1,-3.025601241,3.646237393,6.671838635,10.31807603,17.92086889,0.310318076,1
2025-08-10,CN,Fitness_Wearables,1,2.48447205,3.97515528,1.49068323,5.465838509,18.75776398,1.614906832,1
2025-09-14,CN,Fitness_Wearables,1,-2.097902098,4.545454545,6.643356643,11.18881119,16.08391608,0,1
2025-09-28,CN,Fitness_Wearables,1,3.664921466,4.537521815,0.872600349,5.410122164,17.97556719,0.698080279,1
2025-11-16,CN,Fitness_Wearables,2,1.458483755,4.660409146,3.201925391,7.862334537,17.10517449,0,2
2025-12-21,CN,Fitness_Wearables,2,-3.427172583,1.346389229,4.773561812,6.11995104,18.97184823,0,1
2026-02-01,CN,Fitness_Wearables,2,3.510574381,6.237983658,2.727409277,8.965392934,17.37322759,0.260003605,1
2026-02-08,CN,Fitness_Wearables,2,3.896467222,4.630219842,0.733752621,5.363972463,13.20896368,0.104821803,1
2026-03-08,CN,Fitness_Wearables,1,-1.669758813,2.41187384,4.081632653,6.493506494,23.74768089,0.742115028,1
2026-04-12,CN,Fitness_Wearables,2,2.217084818,4.92685515,2.709770333,7.636625483,17.52975063,0.246342758,2
2026-05-24,CN,Fitness_Wearables,2,1.372997712,2.973261026,1.600263315,4.573524341,17.94405609,0,2
2026-05-31,CN,Fitness_Wearables,1,5.239179954,5.239179954,0,5.239179954,13.8952164,0,1
2026-06-21,CN,Fitness_Wearables,1,3.036876356,4.338394794,1.301518438,5.639913232,20.60737527,0.21691974,1
2026-07-12,CN,Fitness_Wearables,1,-3.803131991,1.118568233,4.921700224,6.040268456,20.13422819,0.894854586,1
2026-07-26,CN,Fitness_Wearables,1,2.564102564,4.358974359,1.794871795,6.153846154,17.94871795,0,1
2026-08-02,CN,Fitness_Wearables,1,2.577319588,4.381443299,1.804123711,6.18556701,18.04123711,0,1
2026-08-09,CN,Fitness_Wearables,1,2.72479564,3.542234332,0.817438692,4.359673025,17.71117166,0,1
2023-01-01,CN,Nutrition_Diets,7,-0.736128201,2.923072987,3.659201188,6.582274175,19.79206192,1.178023609,4
2023-01-08,CN,Nutrition_Diets,9,-0.540029081,2.336715898,2.87674498,5.213460878,22.78436469,1.235757187,2
2023-01-15,CN,Nutrition_Diets,6,-0.811143426,3.647373167,4.458516593,8.10588976,19.47214774,0.988726004,6
2023-01-22,CN,Nutrition_Diets,6,-1.339983218,2.481431202,3.82141442,6.302845622,19.62553396,2.528460419,2
2023-01-29,CN,Nutrition_Diets,19,-1.499678286,2.407747165,3.907425451,6.315172616,18.00454279,0.643691743,14
2023-02-05,CN,Nutrition_Diets,18,-0.477885223,2.802299131,3.280184354,6.082483484,19.40449123,0.57031509,10
2023-02-12,CN,Nutrition_Diets,28,-1.296244074,2.981391488,4.277635561,7.259027049,19.03483953,0.846869538,16
2023-02-19,CN,Nutrition_Diets,27,-1.41984979,3.184358315,4.604208106,7.788566421,18.80661351,0.266919881,23
2023-02-26,CN,Nutrition_Diets,11,-1.003203114,2.690918058,3.694121172,6.38503923,21.02388677,1.214238706,7
2023-03-05,CN,Nutrition_Diets,15,0.024544977,4.1140886,4.089543623,8.203632223,20.10129509,0.594396451,12
2023-03-12,CN,Nutrition_Diets,11,-2.744782955,2.57703104,5.321813995,7.898845035,18.89931972,1.078564757,9
2023-03-19,CN,Nutrition_Diets,6,0.846734574,4.508876929,3.662142355,8.171019284,19.66342546,0.484039903,5
2023-03-26,CN,Nutrition_Diets,14,-1.513952312,3.112281474,4.626233786,7.738515261,22.17911946,0.650259194,12
2023-04-02,CN,Nutrition_Diets,22,-0.484617437,3.317162027,3.801779464,7.118941491,19.88478985,0.931024139,13
2023-04-09,CN,Nutrition_Diets,10,-1.744012763,2.804654753,4.548667516,7.353322269,21.05669245,0.874006808,7
2023-04-16,CN,Nutrition_Diets,15,-3.127568878,1.642825575,4.770394453,6.413220027,21.65032101,0.96403946,9
2023-04-23,CN,Nutrition_Diets,8,-0.568900936,3.559850584,4.12875152,7.688602104,22.30635579,1.118869173,6
2023-04-30,CN,Nutrition_Diets,7,-3.905521659,2.889861759,6.795383419,9.685245178,20.94327484,0.458503184,7
2023-05-07,CN,Nutrition_Diets,17,-1.911981916,2.641135709,4.553117624,7.194253333,20.31665095,0.326263325,11
2023-05-14,CN,Nutrition_Diets,21,0.803148737,3.261712437,2.458563701,5.720276138,17.13006108,0.254743895,17
2023-05-21,CN,Nutrition_Diets,40,-0.392167057,3.080423023,3.47259008,6.553013104,18.82013755,0.549349166,30
2023-05-28,CN,Nutrition_Diets,33,-3.313052899,2.246781799,5.559834698,7.806616496,17.04070653,0.198965431,26
2023-06-04,CN,Nutrition_Diets,13,-0.035098983,3.226519475,3.261618458,6.488137933,21.08059528,0.82902782,10
2023-06-11,CN,Nutrition_Diets,17,-1.571046305,3.215840129,4.786886434,8.002726564,20.86352415,0.942558102,13
2023-06-18,CN,Nutrition_Diets,12,0.901000132,3.464805415,2.563805283,6.028610698,19.83560936,1.153960696,8
2023-06-25,CN,Nutrition_Diets,18,1.957244295,4.795129264,2.837884969,7.633014233,18.87908171,0.189834732,15
2023-07-02,CN,Nutrition_Diets,6,0.995289131,3.224865315,2.229576184,5.454441498,21.37753124,0.874189218,4
2023-07-09,CN,Nutrition_Diets,21,-0.375975984,3.013819899,3.389795883,6.403615782,18.79161474,0.994897291,12
2023-07-16,CN,Nutrition_Diets,8,-1.377738885,2.627676184,4.005415069,6.633091253,18.10233743,0.568336426,5
2023-07-23,CN,Nutrition_Diets,30,-0.950370579,3.066277554,4.016648133,7.082925687,19.3520534,1.192553231,25
2023-07-30,CN,Nutrition_Diets,18,-0.556195623,3.028781238,3.584976861,6.6137581,19.2522685,0.552332433,14
2023-08-06,CN,Nutrition_Diets,12,-0.895437589,2.743186297,3.638623886,6.381810183,19.15312741,0.600700225,7
2023-08-13,CN,Nutrition_Diets,12,-0.180339183,2.635270596,2.815609779,5.450880374,20.99049163,0.586488929,6
2023-08-20,CN,Nutrition_Diets,9,0.911942924,4.761382157,3.849439233,8.61082139,18.7117898,1.038685897,7
2023-08-27,CN,Nutrition_Diets,23,-5.597576687,3.654694499,9.252271185,12.90696568,18.4351653,0.506836814,18
2023-09-03,CN,Nutrition_Diets,24,-0.85767566,3.140844945,3.998520605,7.13936555,17.83167371,0.654117458,20
2023-09-10,CN,Nutrition_Diets,16,1.059871623,3.695074603,2.63520298,6.330277583,18.3166284,0.32975107,12
2023-09-17,CN,Nutrition_Diets,21,0.847852022,3.024032374,2.176180352,5.200212727,17.61047717,0.509775013,11
2023-09-24,CN,Nutrition_Diets,21,3.689574878,5.00232889,1.312754011,6.315082901,16.10373435,0.231854764,17
2023-10-01,CN,Nutrition_Diets,18,0.467965416,2.865974507,2.398009091,5.263983599,19.94942227,0.412137234,11
2023-10-08,CN,Nutrition_Diets,28,-0.08681307,2.86363865,2.950451721,5.814090371,16.9851398,0.852572568,20
2023-10-15,CN,Nutrition_Diets,7,2.07692508,3.909544753,1.832619674,5.742164427,18.36997105,0.121657604,5
2023-10-22,CN,Nutrition_Diets,16,2.144571166,4.958788157,2.81421699,7.773005147,17.25417254,0.691460159,8
2023-10-29,CN,Nutrition_Diets,17,0.044341102,3.868260295,3.823919193,7.692179488,19.1652177,0.945146441,10
2023-11-05,CN,Nutrition_Diets,20,-0.350086655,2.893280768,3.243367423,6.136648191,18.6839413,0.624306426,14
2023-11-12,CN,Nutrition_Diets,41,-1.586281902,2.820385556,4.406667458,7.227053015,18.9707685,0.758524905,22
2023-11-19,CN,Nutrition_Diets,32,-2.386184069,2.787451618,5.173635687,7.961087305,19.78433112,0.472682568,24
2023-11-26,CN,Nutrition_Diets,35,-2.435052327,2.199631852,4.63468418,6.834316032,22.72757793,0.374730868,31
2023-12-03,CN,Nutrition_Diets,9,-1.286687031,2.571501292,3.858188323,6.429689615,19.75079736,0.388609739,8
2023-12-10,CN,Nutrition_Diets,15,-1.724423123,3.20014805,4.924571173,8.124719222,19.6967525,1.052856431,11
2023-12-17,CN,Nutrition_Diets,8,-1.833129319,2.264996254,4.098125573,6.363121827,20.26782016,0.544368628,8
2023-12-24,CN,Nutrition_Diets,9,0.222360469,4.445093497,4.222733028,8.667826524,20.48844536,1.502437851,9
2023-12-31,CN,Nutrition_Diets,5,-3.962243695,2.238582322,6.200826017,8.439408338,20.64346745,0.410892392,5
2024-01-07,CN,Nutrition_Diets,31,-2.642681964,2.854636029,5.497317993,8.351954022,19.64288023,0.652199312,26
2024-01-14,CN,Nutrition_Diets,14,-2.162997079,2.618460736,4.781457814,7.39991855,20.29966756,0.554870537,11
2024-01-21,CN,Nutrition_Diets,14,-3.255889215,2.753119153,6.009008368,8.762127522,20.00396327,0.640406426,13
2024-01-28,CN,Nutrition_Diets,11,-0.694571032,3.285010663,3.979581695,7.264592359,20.06392564,0.416183295,11
2024-02-04,CN,Nutrition_Diets,39,-1.877249738,2.810083353,4.687333091,7.497416444,18.68437736,0.525718598,19
2024-02-11,CN,Nutrition_Diets,42,2.767842799,4.898012122,2.130169324,7.028181446,15.41226528,0.060986285,34
2024-02-18,CN,Nutrition_Diets,36,-1.39927258,3.389294254,4.788566834,8.177861087,18.09734927,0.485462202,23
2024-02-25,CN,Nutrition_Diets,38,-2.341867781,2.322077211,4.663944992,6.986022203,22.58018567,0.516381437,28
2024-03-03,CN,Nutrition_Diets,10,-2.160493434,2.734635433,4.895128867,7.629764299,21.28236436,0.544987463,8
2024-03-10,CN,Nutrition_Diets,4,-2.615230544,3.713465008,6.328695552,10.04216056,16.46367432,0.419878369,4
2024-03-17,CN,Nutrition_Diets,20,-2.681336096,2.17267964,4.854015737,7.026695377,19.5846912,0.615206302,14
2024-03-24,CN,Nutrition_Diets,24,-0.636595498,3.643091444,4.279686942,7.922778386,18.92868819,1.163217647,20
2024-03-31,CN,Nutrition_Diets,14,-2.66459412,2.672764918,5.337359038,8.010123957,17.46471315,0.419234281,11
2024-04-07,CN,Nutrition_Diets,15,-2.920784455,2.44476974,5.365554196,7.810323936,19.65573383,0.228992378,12
2024-04-14,CN,Nutrition_Diets,31,-2.343111165,1.761847613,4.104958778,5.866806391,18.34117387,0.347486565,23
2024-04-21,CN,Nutrition_Diets,34,-2.298468359,2.075077211,4.37354557,6.448622781,21.08152471,0.557683788,28
2024-04-28,CN,Nutrition_Diets,26,-1.009286385,3.082972036,4.092258422,7.175230458,20.18273803,0.144016146,21
2024-05-05,CN,Nutrition_Diets,27,-3.121196604,2.305151714,5.426348318,7.731500032,20.64775486,0.456349818,20
2024-05-12,CN,Nutrition_Diets,30,-1.6005318,2.588784672,4.189316472,6.778101144,19.78290543,0.32904896,23
2024-05-19,CN,Nutrition_Diets,15,-1.456079588,3.333169746,4.789249334,8.12241908,18.47107802,0.589530199,12
2024-05-26,CN,Nutrition_Diets,13,-2.559229746,3.128934022,5.688163768,8.817097791,20.47718496,0.516391751,13
2024-06-02,CN,Nutrition_Diets,13,-1.202801395,2.778465136,3.981266531,6.759731667,21.15538798,0.241583984,11
2024-06-09,CN,Nutrition_Diets,14,0.396836699,3.437404977,3.040568278,6.477973255,20.27164329,0.481214118,12
2024-06-16,CN,Nutrition_Diets,5,-0.010594371,3.107981045,3.118575416,6.226556461,20.88380982,0.536277603,5
2024-06-23,CN,Nutrition_Diets,6,-0.823210779,3.474993647,4.298204426,7.773198073,22.18304923,0.545171751,5
2024-06-30,CN,Nutrition_Diets,9,-2.192499589,1.970711178,4.163210767,6.133921945,20.34532586,0.357798265,4
2024-07-07,CN,Nutrition_Diets,21,-2.521860912,2.099499716,4.621360628,6.720860344,20.06339554,0.255709724,15
2024-07-14,CN,Nutrition_Diets,23,-5.166935051,1.418514378,6.585449429,8.003963807,22.52053322,0.284992567,19
2024-07-21,CN,Nutrition_Diets,18,-5.435449825,1.870476188,7.305926013,9.176402202,22.15224035,0.48861145,16
2024-07-28,CN,Nutrition_Diets,9,-0.958023978,3.903813369,4.861837347,8.765650716,19.75425725,0.564535397,8
2024-08-04,CN,Nutrition_Diets,7,-0.967576947,3.468626156,4.436203103,7.904829259,17.69782598,0.953577398,7
2024-08-11,CN,Nutrition_Diets,9,-0.766472164,2.998701392,3.765173557,6.763874949,20.37232914,0.443433092,9
2024-08-18,CN,Nutrition_Diets,17,-1.903704596,2.011385312,3.915089908,5.92647522,23.05320189,0.24255645,15
2024-08-25,CN,Nutrition_Diets,19,1.546596285,3.594500413,2.047904128,5.64240454,17.96411629,0.105079663,13
2024-09-01,CN,Nutrition_Diets,28,2.127323074,4.280354522,2.153031448,6.43338597,17.54065322,0.42018068,21
2024-09-08,CN,Nutrition_Diets,112,-7.270524892,1.309293684,8.579818576,9.88911226,20.70218667,0.14510697,101
2024-09-15,CN,Nutrition_Diets,33,-3.912758766,3.251457963,7.16421673,10.41567469,17.3784269,0.081924768,26
2024-09-22,CN,Nutrition_Diets,13,-4.410632045,1.776311519,6.186943564,7.963255083,20.37524447,0.079565203,11
2024-09-29,CN,Nutrition_Diets,10,-3.01723996,2.519618922,5.536858882,8.056477804,20.21812046,0.155565818,8
2024-10-06,CN,Nutrition_Diets,5,-3.814106605,2.532446301,6.346552907,8.878999208,18.61874956,0.426245074,5
2024-10-13,CN,Nutrition_Diets,9,-1.055683256,2.714356427,3.770039683,6.484396111,19.34189962,0.78621366,9
2024-10-20,CN,Nutrition_Diets,18,-2.083489344,2.444330863,4.527820207,6.97215107,18.15216441,0.428282011,12
2024-10-27,CN,Nutrition_Diets,14,-0.915381321,3.241499301,4.156880623,7.398379924,20.60886639,0.508212422,11
2024-11-03,CN,Nutrition_Diets,5,-0.003563396,3.886105245,3.889668641,7.775773886,17.06207581,0.166813686,5
2024-11-10,CN,Nutrition_Diets,9,1.257773677,3.359131784,2.101358107,5.460489891,19.0208444,0.411612935,9
2024-11-17,CN,Nutrition_Diets,6,-4.7106658,2.235239861,6.945905661,9.181145523,22.65237351,0.184254606,6
2024-11-24,CN,Nutrition_Diets,21,-2.261290483,2.804336059,5.065626542,7.869962601,21.79573567,0.512281256,18
2024-12-01,CN,Nutrition_Diets,11,-5.346620964,2.696986256,8.043607219,10.74059348,23.10569535,0.193405288,10
2024-12-08,CN,Nutrition_Diets,15,-0.445629068,2.631135833,3.076764901,5.707900734,21.24583901,0.182048121,13
2024-12-15,CN,Nutrition_Diets,22,-4.669332876,2.276706649,6.946039525,9.222746174,22.42210142,0.574943893,19
2024-12-22,CN,Nutrition_Diets,11,-1.398657256,2.621841135,4.020498391,6.642339526,23.13087782,0.811526106,10
2024-12-29,CN,Nutrition_Diets,4,-5.500813674,1.971108048,7.471921723,9.443029771,12.98835052,0.109506003,3
2025-01-05,CN,Nutrition_Diets,2,2.472527473,4.765662015,2.293134543,7.058796558,21.34183619,1.208370906,2
2025-01-12,CN,Nutrition_Diets,6,-5.085877215,1.681771202,6.767648417,8.449419619,24.26824119,0.286513281,6
2025-01-19,CN,Nutrition_Diets,6,0.133304931,4.235656621,4.102351689,8.33800831,21.55859904,0.207275398,6
2025-01-26,CN,Nutrition_Diets,10,-4.052469394,2.367816882,6.420286276,8.788103157,18.74962853,0.461454508,6
2025-02-02,CN,Nutrition_Diets,6,0.980255363,3.893330275,2.913074912,6.806405188,18.36380852,0.826523371,6
2025-02-09,CN,Nutrition_Diets,5,-0.967854516,2.899864013,3.867718529,6.767582541,19.50155255,0.539272163,5
2025-02-16,CN,Nutrition_Diets,4,-5.322402455,2.248343218,7.570745673,9.819088891,17.54183449,1.361944796,4
2025-02-23,CN,Nutrition_Diets,6,-0.444405094,3.301231693,3.745636787,7.04686848,19.22518676,0.59688108,5
2025-03-02,CN,Nutrition_Diets,11,-1.241809192,2.891620839,4.133430032,7.025050871,20.37593023,0.380086657,9
2025-03-09,CN,Nutrition_Diets,9,0.249547182,4.260608885,4.011061703,8.271670588,18.16432914,0.297607705,6
2025-03-16,CN,Nutrition_Diets,7,1.912949234,4.254514664,2.34156543,6.596080094,17.22834523,0.427625019,6
2025-03-23,CN,Nutrition_Diets,4,-1.787641332,2.80017929,4.587820622,7.387999912,19.3478801,2.050511121,4
2025-03-30,CN,Nutrition_Diets,5,4.196137472,5.352750868,1.156613395,6.509364263,17.76971451,0.186195776,4
2025-04-06,CN,Nutrition_Diets,3,-3.151511772,2.560536965,5.712048737,8.272585702,21.24447842,1.223520513,3
2025-04-13,CN,Nutrition_Diets,9,-0.081124831,3.764348897,3.845473728,7.609822625,20.1265864,0.859239131,9
2025-04-20,CN,Nutrition_Diets,8,-1.020798691,2.668784164,3.689582855,6.35836702,19.76118629,0.919859305,8
2025-04-27,CN,Nutrition_Diets,5,1.494186369,5.080090491,3.585904122,8.665994613,16.83840041,0.168581419,5
2025-05-04,CN,Nutrition_Diets,3,1.149149917,4.004770759,2.855620842,6.860391601,21.55250986,0.275606778,3
2025-05-11,CN,Nutrition_Diets,3,-1.809122197,3.742463937,5.551586134,9.294050071,18.73753718,0.035958288,2
2025-05-18,CN,Nutrition_Diets,7,5.749125018,8.215757727,2.46663271,10.68239044,17.34329379,0.495458299,7
2025-05-25,CN,Nutrition_Diets,5,-0.126008719,4.053749926,4.179758646,8.233508572,19.24414713,0.55626716,5
2025-06-01,CN,Nutrition_Diets,3,1.474845187,3.889962226,2.415117039,6.305079266,19.87307885,0.32570751,3
2025-06-08,CN,Nutrition_Diets,3,-5.055095086,2.205051985,7.260147071,9.465199056,22.21375728,0,3
2025-06-29,CN,Nutrition_Diets,3,-0.907257513,3.659928707,4.56718622,8.227114927,17.98091991,0.782055246,3
2025-07-06,CN,Nutrition_Diets,11,1.250599895,3.774102798,2.523502903,6.297605702,19.17323607,0.629961177,10
2025-07-13,CN,Nutrition_Diets,11,1.602904883,4.096954812,2.494049929,6.591004741,19.95930606,0.502145224,11
2025-07-20,CN,Nutrition_Diets,12,-1.463081867,3.160936923,4.624018789,7.784955712,19.95344682,1.448057627,9
2025-07-27,CN,Nutrition_Diets,6,-1.00467042,3.803340655,4.808011075,8.61135173,18.91067455,0.39581406,6
2025-08-03,CN,Nutrition_Diets,3,-0.68881477,3.740769687,4.429584458,8.170354145,19.49769382,1.295567794,3
2025-08-10,CN,Nutrition_Diets,8,-3.429407166,2.909380075,6.338787241,9.248167316,18.53317872,0.146957435,7
2025-08-17,CN,Nutrition_Diets,4,-3.760105426,2.819390969,6.579496395,9.398887364,23.57664323,0.230905559,4
2025-08-24,CN,Nutrition_Diets,3,-1.300006219,4.445605935,5.745612154,10.19121809,14.40186579,0.73905842,3
2025-08-31,CN,Nutrition_Diets,2,-3.641490191,3.112964185,6.754454376,9.867418561,20.57231988,0.473933649,2
2025-09-07,CN,Nutrition_Diets,42,0.904433907,4.503327397,3.598893489,8.102220886,17.78561603,0.356923991,37
2025-09-14,CN,Nutrition_Diets,22,-2.418334965,3.031153814,5.449488779,8.480642593,19.52856227,0.023257229,21
2025-09-21,CN,Nutrition_Diets,16,0.630144668,3.620662736,2.990518068,6.611180805,20.05702885,0.184898171,14
2025-09-28,CN,Nutrition_Diets,3,2.575458248,4.238238475,1.662780227,5.901018702,21.37149126,0.265251989,3
2025-10-05,CN,Nutrition_Diets,9,1.344631095,4.08894765,2.744316555,6.833264205,18.86107102,0.761499458,5
2025-10-12,CN,Nutrition_Diets,8,-1.355028557,3.578620841,4.933649398,8.512270239,22.23384756,0.598673778,8
2025-10-19,CN,Nutrition_Diets,4,-3.605075187,1.567373061,5.172448248,6.73982131,16.58593527,0.10460251,4
2025-10-26,CN,Nutrition_Diets,6,2.268442493,4.79905169,2.530609196,7.329660886,19.52899371,0.308651956,6
2025-11-02,CN,Nutrition_Diets,7,4.056165639,6.004679734,1.948514095,7.953193829,19.34448127,0.154939863,5
2025-11-09,CN,Nutrition_Diets,5,-1.430892826,3.162922747,4.593815573,7.756738319,19.52638089,0.029239766,4
2025-11-16,CN,Nutrition_Diets,5,-1.694396091,3.806579819,5.50097591,9.30755573,17.42490921,0.172642996,5
2025-11-23,CN,Nutrition_Diets,15,2.599981831,3.962044892,1.362063061,5.324107953,18.49450622,0.982944562,11
2025-11-30,CN,Nutrition_Diets,6,0.143839193,4.02256951,3.878730317,7.901299827,18.85800969,0.81032084,6
2025-12-07,CN,Nutrition_Diets,12,-0.749229071,3.616954042,4.366183114,7.983137156,17.79840069,0.287705445,12
2025-12-14,CN,Nutrition_Diets,16,2.009228565,4.661919902,2.652691338,7.31461124,18.8143679,0.645769637,14
2025-12-21,CN,Nutrition_Diets,19,-0.057804076,3.939849346,3.997653421,7.937502767,20.54776823,0.298589228,18
2025-12-28,CN,Nutrition_Diets,3,-3.471655594,1.944942308,5.416597902,7.361540209,16.57362109,0.025043827,2
2026-01-04,CN,Nutrition_Diets,17,-1.94199239,1.582134434,3.524126824,5.106261257,17.30931494,0.070658894,16
2026-01-11,CN,Nutrition_Diets,4,3.0274251,3.672634271,0.645209171,4.317843442,18.15061351,0.176470588,3
2026-01-18,CN,Nutrition_Diets,8,-3.018148067,3.134041462,6.152189529,9.28623099,17.09239735,0.193134482,7
2026-01-25,CN,Nutrition_Diets,2,-0.161003491,2.966489319,3.12749281,6.093982129,20.99302562,0.10940919,2
2026-02-01,CN,Nutrition_Diets,9,-0.914271634,2.806284916,3.72055655,6.526841466,19.50058694,0.309234321,7
2026-02-08,CN,Nutrition_Diets,2,-2.005347594,3.442513369,5.447860963,8.890374332,23.4959893,0,2
2026-02-15,CN,Nutrition_Diets,6,-0.237177617,3.733552979,3.970730596,7.704283574,19.27560725,0.394113039,5
2026-02-22,CN,Nutrition_Diets,10,-2.893891723,2.836897253,5.730788976,8.567686229,21.12071013,0.129176406,10
2026-03-01,CN,Nutrition_Diets,23,-4.796537511,0.833871815,5.630409325,6.46428114,21.61204605,0.076053099,14
2026-03-08,CN,Nutrition_Diets,27,-4.119377111,1.34920896,5.468586071,6.817795031,19.96286642,0.20833351,15
2026-03-15,CN,Nutrition_Diets,29,-4.323925286,1.65955124,5.983476526,7.643027766,16.18629214,0.191674831,16
2026-03-22,CN,Nutrition_Diets,33,-5.385190104,1.73139263,7.116582734,8.847975364,13.68328539,0.180939752,13
2026-03-29,CN,Nutrition_Diets,25,-6.20025627,1.55025206,7.75050833,9.30076039,12.11727618,0.030703798,12
2026-04-05,CN,Nutrition_Diets,6,-2.698781978,2.750905654,5.449687632,8.200593286,13.5080555,0,5
2026-04-12,CN,Nutrition_Diets,3,-2.284891612,2.637301092,4.922192703,7.559493795,19.41943063,0.458715596,3
2026-04-19,CN,Nutrition_Diets,9,-3.91747844,2.269410151,6.186888591,8.456298742,20.91116469,0.493442111,6
2026-04-26,CN,Nutrition_Diets,7,-0.710759646,3.652060113,4.362819758,8.014879871,19.71529745,0.426451949,7
2026-05-03,CN,Nutrition_Diets,73,-2.670926557,1.338543724,4.009470281,5.348014005,21.37214953,0.097367995,63
2026-05-10,CN,Nutrition_Diets,22,-3.556759058,2.53699305,6.093752108,8.630745158,22.27117359,0.514291465,20
2026-05-17,CN,Nutrition_Diets,6,-1.268243578,2.79623145,4.064475028,6.860706478,21.79318689,0.513937278,5
2026-05-24,CN,Nutrition_Diets,4,-2.829988404,2.585045896,5.4150343,8.000080196,20.49694174,0.180815779,4
2026-05-31,CN,Nutrition_Diets,11,-0.650489161,2.931330835,3.581819996,6.51315083,20.35042698,0.551866311,7
2026-06-07,CN,Nutrition_Diets,4,-1.367549137,3.168833564,4.536382701,7.705216265,19.97318697,0.188571873,4
2026-06-14,CN,Nutrition_Diets,2,-2.518465415,1.830465763,4.348931178,6.179396941,20.76468544,0.437956204,2
2026-06-21,CN,Nutrition_Diets,65,2.591423988,3.523245117,0.931821129,4.455066245,19.09486377,0.639408071,65
2026-06-28,CN,Nutrition_Diets,9,1.141007398,4.024599975,2.883592577,6.908192553,18.03633224,0.354866377,8
2026-07-05,CN,Nutrition_Diets,1,-3.714799281,2.456560815,6.171360096,8.627920911,17.37567406,0,1
2026-07-12,CN,Nutrition_Diets,5,0.10365006,5.792945526,5.689295466,11.48224099,21.43600235,0.462188066,5
2026-07-26,CN,Nutrition_Diets,4,-1.884305749,3.021209133,4.905514881,7.926724014,18.89986196,0.119047619,4
2026-08-02,CN,Nutrition_Diets,3,-1.562296781,1.463999837,3.026296618,4.490296454,19.68444808,0.431994411,3
2026-08-09,CN,Nutrition_Diets,7,-2.314732145,2.55741979,4.872151935,7.429571725,20.96060336,0.210390057,6
2026-08-16,CN,Nutrition_Diets,9,0.980558735,3.30517742,2.324618685,5.629796105,19.2067694,0.616746074,8
2026-08-23,CN,Nutrition_Diets,3,-0.460213659,3.041442755,3.501656414,6.543099169,27.959692,0.817983734,3
2023-01-01,FR,Fashion_Beauty,1403,-0.547604808,2.866822402,3.41442721,6.281249612,21.06036664,0.640019411,862
2023-01-08,FR,Fashion_Beauty,1816,-0.337312644,3.015488532,3.352801177,6.368289709,20.77737807,0.517934771,902
2023-01-15,FR,Fashion_Beauty,2721,-0.080804199,3.077539518,3.158343716,6.235883234,20.78028178,0.504999552,1160
2023-01-22,FR,Fashion_Beauty,2676,0.040620961,3.236273005,3.195652044,6.431925048,20.97313747,0.528424603,1353
2023-01-29,FR,Fashion_Beauty,3115,0.001174774,3.138686509,3.137511736,6.276198245,21.23542564,0.518213283,1459
2023-02-05,FR,Fashion_Beauty,1976,0.024113035,3.23013126,3.206018224,6.436149484,21.24730888,0.641811907,1115
2023-02-12,FR,Fashion_Beauty,2019,0.637430365,3.453283252,2.815852887,6.269136139,20.99338686,0.601088587,1006
2023-02-19,FR,Fashion_Beauty,2259,-1.079125687,2.82676762,3.905893307,6.732660927,21.06025815,0.594189282,1097
2023-02-26,FR,Fashion_Beauty,2268,-0.079340479,3.18239956,3.261740039,6.444139598,20.91036239,0.518576181,1167
2023-03-05,FR,Fashion_Beauty,2379,0.547094317,3.384602803,2.837508486,6.222111289,21.79115355,0.55151743,1141
2023-03-12,FR,Fashion_Beauty,2076,0.011500742,3.107572843,3.096072101,6.203644944,21.59676476,0.526053894,989
2023-03-19,FR,Fashion_Beauty,2759,0.022264876,3.076299749,3.054034873,6.130334623,21.08104777,0.646385495,1435
2023-03-26,FR,Fashion_Beauty,4225,0.151785977,3.12869627,2.976910293,6.105606563,20.85445735,0.588537491,1930
2023-04-02,FR,Fashion_Beauty,3878,0.22403584,3.293605164,3.069569325,6.363174489,20.66555865,0.577348477,1808
2023-04-09,FR,Fashion_Beauty,3822,0.4447756,3.378016399,2.933240798,6.311257197,20.83347965,0.653344364,1777
2023-04-16,FR,Fashion_Beauty,4306,-0.334019407,2.997407613,3.33142702,6.328834633,20.98329083,0.573777069,1927
2023-04-23,FR,Fashion_Beauty,4942,0.046844048,3.091584849,3.044740801,6.13632565,21.47019522,0.573397404,2239
2023-04-30,FR,Fashion_Beauty,4375,0.647470296,3.462274209,2.814803913,6.277078123,21.70322283,0.539490413,2076
2023-05-07,FR,Fashion_Beauty,4371,0.343801267,3.275243941,2.931442674,6.206686614,21.25720855,0.55395825,1861
2023-05-14,FR,Fashion_Beauty,4269,0.108017329,3.17858934,3.070572011,6.249161351,21.17540941,0.519423911,1922
2023-05-21,FR,Fashion_Beauty,4054,0.193448571,3.316783027,3.123334456,6.440117483,21.12176289,0.561656392,1993
2023-05-28,FR,Fashion_Beauty,4907,0.407157603,3.339037124,2.931879522,6.270916646,21.38275019,0.585234824,2223
2023-06-04,FR,Fashion_Beauty,4652,0.288293074,3.268886556,2.980593482,6.249480038,20.95873229,0.505502914,2039
2023-06-11,FR,Fashion_Beauty,3878,0.539327332,3.264898235,2.725570903,5.990469138,21.07465892,0.526683323,1834
2023-06-18,FR,Fashion_Beauty,4923,0.533148738,3.32594723,2.792798492,6.118745722,20.90377101,0.62592673,2243
2023-06-25,FR,Fashion_Beauty,4666,0.024918388,3.218423385,3.193504997,6.411928382,21.04214723,0.540508501,2152
2023-07-02,FR,Fashion_Beauty,5246,-0.024484083,3.219210749,3.243694832,6.462905581,21.18972734,0.547511323,2315
2023-07-09,FR,Fashion_Beauty,4892,-0.084184165,3.170421154,3.254605318,6.425026472,21.04514639,0.580651454,2141
2023-07-16,FR,Fashion_Beauty,4603,0.299319882,3.28859667,2.989276789,6.277873459,20.91321469,0.564401916,2105
2023-07-23,FR,Fashion_Beauty,4448,0.189933131,3.132453279,2.942520148,6.074973427,20.80480528,0.468089494,2070
2023-07-30,FR,Fashion_Beauty,3872,-0.334364933,2.92681172,3.261176653,6.187988373,21.08173965,0.511924923,1838
2023-08-06,FR,Fashion_Beauty,3386,0.040980783,3.225860645,3.184879862,6.410740507,21.16954274,0.518597689,1581
2023-08-13,FR,Fashion_Beauty,3402,-0.585879389,2.907091404,3.492970793,6.400062197,21.2686897,0.537758396,1651
2023-08-20,FR,Fashion_Beauty,3435,-0.034987403,3.088174702,3.123162105,6.211336806,20.86982164,0.541688367,1788
2023-08-27,FR,Fashion_Beauty,4448,-0.553865141,2.842067511,3.395932652,6.238000163,20.80494795,0.512100132,2021
2023-09-03,FR,Fashion_Beauty,3820,0.025826026,3.286707804,3.260881779,6.547589583,20.99117309,0.539468831,1903
2023-09-10,FR,Fashion_Beauty,4892,-0.331237033,3.069884055,3.401121088,6.471005142,21.00135567,0.553856078,2229
2023-09-17,FR,Fashion_Beauty,4202,0.000178456,3.078401314,3.078222859,6.156624173,21.12139293,0.603362059,1884
2023-09-24,FR,Fashion_Beauty,4199,0.671989099,3.365403615,2.693414516,6.058818131,20.81358293,0.546910749,1931
2023-10-01,FR,Fashion_Beauty,5404,0.197654588,3.289744295,3.092089707,6.381834001,20.61448654,0.536226558,2276
2023-10-08,FR,Fashion_Beauty,3594,0.148626115,3.227340938,3.078714823,6.306055761,20.87808527,0.603978847,1752
2023-10-15,FR,Fashion_Beauty,4398,-0.593302643,3.010723749,3.604026392,6.614750141,20.7676699,0.507188867,1851
2023-10-22,FR,Fashion_Beauty,3601,0.104340254,3.177471627,3.073131373,6.250602999,20.52884621,0.553291872,1648
2023-10-29,FR,Fashion_Beauty,3732,-0.135202512,3.211610534,3.346813046,6.55842358,20.65637159,0.530284774,1761
2023-11-05,FR,Fashion_Beauty,3851,0.210308114,3.353448049,3.143139935,6.496587984,20.66702831,0.554106611,1839
2023-11-12,FR,Fashion_Beauty,3587,-0.021568732,3.25739209,3.278960822,6.536352912,20.71707099,0.545524105,1728
2023-11-19,FR,Fashion_Beauty,3915,0.280946073,3.263398846,2.982452774,6.24585162,20.52377188,0.58450593,1793
2023-11-26,FR,Fashion_Beauty,3947,0.370310333,3.222496175,2.852185842,6.074682017,20.7806402,0.537340331,1812
2023-12-03,FR,Fashion_Beauty,4872,0.195105603,3.257341015,3.062235412,6.319576426,20.73200451,0.570892971,2243
2023-12-10,FR,Fashion_Beauty,4456,0.178199624,3.300524025,3.122324401,6.422848425,20.66019742,0.5329172,1969
2023-12-17,FR,Fashion_Beauty,4558,-0.393435537,3.213588607,3.607024143,6.82061275,20.74710943,0.522175846,1963
2023-12-24,FR,Fashion_Beauty,2614,0.670059371,3.648379627,2.978320256,6.626699882,21.03047903,0.570931154,1307
2023-12-31,FR,Fashion_Beauty,2656,0.003800074,3.141474185,3.137674111,6.279148296,20.88214223,0.527071772,1335
2024-01-07,FR,Fashion_Beauty,3392,0.134245908,3.203589181,3.069343274,6.272932455,20.8703141,0.509362351,1672
2024-01-14,FR,Fashion_Beauty,3960,0.271139316,3.28131376,3.010174444,6.291488204,20.84768559,0.537246402,1815
2024-01-21,FR,Fashion_Beauty,4308,-0.099322957,3.147288621,3.246611578,6.393900198,20.94796176,0.525152464,1875
2024-01-28,FR,Fashion_Beauty,5494,-0.827811959,2.826765996,3.654577956,6.481343952,20.76504914,0.572644863,1977
2024-02-04,FR,Fashion_Beauty,4531,-0.727317973,2.879988352,3.607306325,6.487294677,20.84671813,0.541725803,1861
2024-02-11,FR,Fashion_Beauty,4479,-0.278405923,3.131947085,3.410353009,6.542300094,20.52172951,0.605365245,1940
2024-02-18,FR,Fashion_Beauty,4263,-0.075567365,3.174816283,3.250383648,6.425199931,20.68425233,0.55596672,1902
2024-02-25,FR,Fashion_Beauty,5274,-0.201689063,3.130536082,3.332225144,6.462761226,20.794804,0.532309379,2182
2024-03-03,FR,Fashion_Beauty,4712,0.159898837,3.166704937,3.006806099,6.173511036,20.91309036,0.53225106,1947
2024-03-10,FR,Fashion_Beauty,4334,0.33261847,3.345955101,3.013336631,6.359291733,20.77161404,0.541229316,1872
2024-03-17,FR,Fashion_Beauty,4466,0.000827324,3.087705585,3.086878261,6.174583846,20.99734888,0.577757806,1879
2024-03-24,FR,Fashion_Beauty,3710,0.391735705,3.157687573,2.765951869,5.923639442,20.65165911,0.574080127,1727
2024-03-31,FR,Fashion_Beauty,4207,0.062620571,3.120978389,3.058357818,6.179336208,20.57929032,0.526189,1843
2024-04-07,FR,Fashion_Beauty,4199,0.32271689,3.302938408,2.980221518,6.283159926,20.78303021,0.498318533,1789
2024-04-14,FR,Fashion_Beauty,4039,0.020190325,3.127526015,3.10733569,6.234861705,20.64357743,0.547676543,1665
2024-04-21,FR,Fashion_Beauty,4365,0.112219829,3.146138782,3.033918953,6.180057735,20.75103704,0.552332881,1807
2024-04-28,FR,Fashion_Beauty,4308,-0.152391511,3.153208098,3.305599608,6.458807706,20.77624093,0.485190106,1841
2024-05-05,FR,Fashion_Beauty,5302,0.465465728,3.343264624,2.877798896,6.22106352,20.66529675,0.504837605,2041
2024-05-12,FR,Fashion_Beauty,5581,0.189198589,3.303933881,3.114735292,6.418669173,20.74456292,0.473686936,2307
2024-05-19,FR,Fashion_Beauty,5276,-0.033521533,3.216500369,3.250021902,6.46652227,20.59581208,0.582740873,2035
2024-05-26,FR,Fashion_Beauty,5128,0.017658628,3.193054057,3.175395429,6.368449486,20.64467675,0.563564842,2011
2024-06-02,FR,Fashion_Beauty,5038,0.206764275,3.134506652,2.927742377,6.062249029,20.70708432,0.536965149,1901
2024-06-09,FR,Fashion_Beauty,5192,0.517729543,3.27818845,2.760458907,6.038647357,20.63879138,0.48557825,1922
2024-06-16,FR,Fashion_Beauty,4911,0.420078095,3.243099409,2.823021314,6.066120722,20.58373428,0.457302456,1865
2024-06-23,FR,Fashion_Beauty,5426,0.42095798,3.215717908,2.794759929,6.010477837,20.43297467,0.449389817,2112
2024-06-30,FR,Fashion_Beauty,4742,0.281657341,3.287782142,3.006124801,6.293906943,20.8607008,0.527213286,1834
2024-07-07,FR,Fashion_Beauty,5292,0.478924052,3.464979783,2.98605573,6.451035513,20.78252805,0.490816651,2012
2024-07-14,FR,Fashion_Beauty,4512,0.372114766,3.271665368,2.899550602,6.17121597,20.74527272,0.502353543,1807
2024-07-21,FR,Fashion_Beauty,4722,0.428304152,3.382501785,2.954197633,6.336699418,20.57546804,0.535909626,1832
2024-07-28,FR,Fashion_Beauty,6426,0.378208573,3.244697511,2.866488938,6.111186449,20.565512,0.453510331,1872
2024-08-04,FR,Fashion_Beauty,7039,0.008180531,3.114911371,3.10673084,6.221642211,20.93449662,0.454986104,1961
2024-08-11,FR,Fashion_Beauty,3558,0.242258074,3.261593018,3.019334945,6.280927963,20.80319257,0.585598076,1416
2024-08-18,FR,Fashion_Beauty,3248,0.078631515,3.217704697,3.139073182,6.35677788,21.18485855,0.514309397,1485
2024-08-25,FR,Fashion_Beauty,3534,0.325180774,3.305067407,2.979886633,6.28495404,20.99190485,0.582471534,1674
2024-09-01,FR,Fashion_Beauty,4609,0.136432881,3.232048369,3.095615488,6.327663857,20.7229182,0.527494521,1758
2024-09-08,FR,Fashion_Beauty,4010,0.442032717,3.307388059,2.865355342,6.172743401,20.90445694,0.557567524,1823
2024-09-15,FR,Fashion_Beauty,5008,-0.130704169,3.072406523,3.203110692,6.275517215,20.47235094,0.488199115,1991
2024-09-22,FR,Fashion_Beauty,4559,0.705377947,3.478768049,2.773390102,6.252158151,20.90160351,0.498691543,1817
2024-09-29,FR,Fashion_Beauty,4525,0.518823376,3.382823008,2.863999632,6.246822639,20.62342131,0.557781875,2020
2024-10-06,FR,Fashion_Beauty,4207,-0.338430038,3.141658083,3.480088121,6.621746204,20.28925193,0.545431711,1750
2024-10-13,FR,Fashion_Beauty,3830,-0.063322382,3.133363079,3.196685462,6.330048541,20.25581102,0.497880271,1629
2024-10-20,FR,Fashion_Beauty,3642,0.238862066,3.288785067,3.049923001,6.338708068,20.41149273,0.56220377,1641
2024-10-27,FR,Fashion_Beauty,4284,-0.941115084,3.007676444,3.948791529,6.956467973,20.83833316,0.493101035,1902
2024-11-03,FR,Fashion_Beauty,3544,0.01217861,3.331625249,3.319446638,6.651071887,20.49056902,0.499732161,1614
2024-11-10,FR,Fashion_Beauty,4207,0.229702187,3.368170491,3.138468305,6.506638796,20.35122456,0.564484994,1738
2024-11-17,FR,Fashion_Beauty,4100,-0.026564971,3.242556013,3.269120984,6.511676998,20.50177036,0.52906604,1695
2024-11-24,FR,Fashion_Beauty,3970,0.492446227,3.458144076,2.965697849,6.423841925,20.46988846,0.552039668,1766
2024-12-01,FR,Fashion_Beauty,4277,0.328573739,3.38003114,3.051457401,6.431488541,20.51169678,0.490274688,1748
2024-12-08,FR,Fashion_Beauty,4951,0.525551898,3.472782456,2.947230558,6.420013014,20.3693191,0.554898664,1918
2024-12-15,FR,Fashion_Beauty,3859,0.241861365,3.512831865,3.270970501,6.783802366,20.26760872,0.584412304,1765
2024-12-22,FR,Fashion_Beauty,2196,0.511941935,3.411039073,2.899097138,6.310136211,20.5394562,0.542087188,1121
2024-12-29,FR,Fashion_Beauty,2351,0.304452374,3.350773171,3.046320797,6.397093968,20.38473144,0.517010681,1111
2025-01-05,FR,Fashion_Beauty,3193,-0.042133568,3.301615194,3.343748762,6.645363956,20.33791952,0.528154004,1450
2025-01-12,FR,Fashion_Beauty,3718,-0.013937826,3.190066765,3.20400459,6.394071355,20.48147856,0.504142544,1618
2025-01-19,FR,Fashion_Beauty,4085,0.49903362,3.535561154,3.036527534,6.572088687,20.56601334,0.492665505,1729
2025-01-26,FR,Fashion_Beauty,4423,0.294032713,3.469418429,3.175385716,6.644804145,20.61419127,0.471687522,1611
2025-02-02,FR,Fashion_Beauty,3665,0.271620455,3.445044684,3.173424229,6.618468913,20.65237143,0.560725889,1557
2025-02-09,FR,Fashion_Beauty,3501,0.448353065,3.475640784,3.027287719,6.502928503,20.53977542,0.656172163,1587
2025-02-16,FR,Fashion_Beauty,3613,0.251473439,3.291414327,3.039940889,6.331355216,20.4998781,0.56190659,1568
2025-02-23,FR,Fashion_Beauty,3643,0.490712405,3.504443828,3.013731423,6.518175251,20.52101037,0.617055342,1608
2025-03-02,FR,Fashion_Beauty,4153,0.743871777,3.573916346,2.830044569,6.403960915,20.88023782,0.479715582,1607
2025-03-09,FR,Fashion_Beauty,3853,0.626715883,3.525181839,2.898465957,6.423647796,20.9092498,0.550927671,1688
2025-03-16,FR,Fashion_Beauty,3957,0.481494267,3.372649213,2.891154946,6.263804158,20.61296264,0.50711797,1622
2025-03-23,FR,Fashion_Beauty,4147,-0.531966567,3.188086626,3.720053193,6.908139819,20.66479561,0.522555639,1763
2025-03-30,FR,Fashion_Beauty,4243,-0.087242782,3.160319038,3.24756182,6.407880858,20.5097124,0.634522584,1996
2025-04-06,FR,Fashion_Beauty,3825,0.350604155,3.432086722,3.081482567,6.513569288,20.71783638,0.515193784,1728
2025-04-13,FR,Fashion_Beauty,3507,0.306906878,3.418735658,3.11182878,6.530564438,20.47043745,0.516586523,1545
2025-04-20,FR,Fashion_Beauty,4053,-0.027214546,3.068598387,3.095812932,6.164411319,20.84980354,0.521187918,1731
2025-04-27,FR,Fashion_Beauty,8668,-2.08412794,2.154860294,4.238988233,6.393848527,20.91896415,0.363438891,2741
2025-05-04,FR,Fashion_Beauty,4763,0.090352379,3.253329607,3.162977229,6.416306836,20.61913369,0.624163937,1990
2025-05-11,FR,Fashion_Beauty,4977,-0.574206202,3.125498864,3.699705066,6.82520393,20.98239381,0.50574047,2099
2025-05-18,FR,Fashion_Beauty,5780,-0.347611724,3.287319327,3.634931051,6.922250379,20.79409605,0.474970705,2218
2025-05-25,FR,Fashion_Beauty,4377,0.50068597,3.40674426,2.906058291,6.312802551,20.8397612,0.561368782,1679
2025-06-01,FR,Fashion_Beauty,4111,0.462618605,3.356486875,2.89386827,6.250355145,20.75448576,0.480036881,1669
2025-06-08,FR,Fashion_Beauty,4925,0.241030487,3.319430968,3.07840048,6.397831448,20.86320177,0.553854435,1953
2025-06-29,FR,Fashion_Beauty,2899,-0.59648813,3.097451333,3.693939463,6.791390796,20.87294981,0.544603815,1488
2025-07-06,FR,Fashion_Beauty,4968,0.346014921,3.541066519,3.195051598,6.736118117,21.02005438,0.497840537,2300
2025-07-13,FR,Fashion_Beauty,4166,-0.140046483,3.316672375,3.456718858,6.773391232,20.6407741,0.512020367,1754
2025-07-20,FR,Fashion_Beauty,4242,-0.394072174,3.186649582,3.580721756,6.767371338,20.84346632,0.524607743,1726
2025-07-27,FR,Fashion_Beauty,3530,-0.095817486,3.293417809,3.389235294,6.682653103,20.88277554,0.518202883,1608
2025-08-03,FR,Fashion_Beauty,3649,-0.653554531,2.969769739,3.623324271,6.59309401,21.15537464,0.473551362,1712
2025-08-10,FR,Fashion_Beauty,3301,-0.921765175,2.982371416,3.904136591,6.886508007,21.066154,0.516876945,1619
2025-08-17,FR,Fashion_Beauty,3576,-0.892349101,2.970536612,3.862885713,6.833422325,20.72377815,0.457912315,1577
2025-08-24,FR,Fashion_Beauty,3295,-0.318643124,3.148521284,3.467164408,6.615685692,20.82090081,0.493511796,1528
2025-08-31,FR,Fashion_Beauty,4656,-0.474180699,3.143427502,3.617608201,6.761035703,21.08402844,0.576561097,2071
2025-09-07,FR,Fashion_Beauty,4580,-0.68914078,3.135888934,3.825029714,6.960918648,20.85348972,0.472885442,1990
2025-09-14,FR,Fashion_Beauty,4555,0.199905942,3.390495256,3.190589313,6.581084569,20.68840632,0.495343303,1829
2025-09-21,FR,Fashion_Beauty,4185,-0.413710017,3.197988726,3.611698743,6.809687468,20.76176626,0.54604363,1814
2025-09-28,FR,Fashion_Beauty,5262,-0.223940777,3.241178671,3.465119448,6.70629812,20.74135389,0.495256035,2009
2025-10-05,FR,Fashion_Beauty,4542,0.152251511,3.505737515,3.353486004,6.859223519,20.74231061,0.542289065,1853
2025-10-12,FR,Fashion_Beauty,4064,0.137187913,3.314837899,3.177649986,6.492487885,20.85288632,0.506437009,1854
2025-10-19,FR,Fashion_Beauty,4663,-0.239196586,3.309366633,3.54856322,6.857929853,20.76541379,0.490411855,1979
2025-10-26,FR,Fashion_Beauty,4113,0.129415427,3.521997177,3.39258175,6.914578927,20.39301237,0.457426576,1558
2025-11-02,FR,Fashion_Beauty,4007,-0.026300001,3.376886477,3.403186478,6.780072954,20.50790061,0.537055598,1665
2025-11-09,FR,Fashion_Beauty,4006,-0.123499923,3.344463076,3.467962999,6.812426075,20.5659304,0.473224803,1656
2025-11-16,FR,Fashion_Beauty,4615,-0.055452936,3.335487201,3.390940137,6.726427338,20.67249719,0.546370961,1876
2025-11-23,FR,Fashion_Beauty,3585,0.114866393,3.490576535,3.375710142,6.866286677,20.50857125,0.498615896,1598
2025-11-30,FR,Fashion_Beauty,4001,0.169486818,3.448924714,3.279437896,6.728362609,20.90375533,0.535127634,1770
2025-12-07,FR,Fashion_Beauty,3615,-0.043954084,3.287068205,3.331022289,6.618090494,20.45002709,0.531085815,1563
2025-12-14,FR,Fashion_Beauty,3193,0.077796546,3.3843604,3.306563855,6.690924255,20.43392497,0.488711428,1381
2025-12-21,FR,Fashion_Beauty,2297,0.079887996,3.472024988,3.392136992,6.86416198,20.47032017,0.50313131,1203
2025-12-28,FR,Fashion_Beauty,2709,0.041522289,3.163325338,3.121803048,6.285128386,20.13816745,0.423481232,1273
2026-01-04,FR,Fashion_Beauty,2775,-0.141957952,3.223708039,3.365665991,6.58937403,20.48454431,0.530709617,1262
2026-01-11,FR,Fashion_Beauty,3300,0.164849395,3.330254625,3.16540523,6.495659856,20.56739779,0.508113786,1334
2026-01-18,FR,Fashion_Beauty,4844,0.205726997,3.491806075,3.286079078,6.777885153,20.8580036,0.482917473,2065
2026-01-25,FR,Fashion_Beauty,4198,0.262769503,3.509422972,3.24665347,6.756076442,20.71554223,0.494264465,1614
2026-02-01,FR,Fashion_Beauty,3966,-0.863486863,2.969355673,3.832842536,6.80219821,20.79373584,0.472786186,1759
2026-02-08,FR,Fashion_Beauty,3615,-0.494193741,3.180672688,3.674866429,6.855539118,20.64207698,0.472847577,1532
2026-02-15,FR,Fashion_Beauty,3635,-0.341383056,3.197847483,3.539230538,6.737078021,20.68249099,0.464631858,1541
2026-02-22,FR,Fashion_Beauty,3044,0.200596778,3.414548244,3.213951466,6.62849971,20.70969273,0.518096889,1377
2026-03-01,FR,Fashion_Beauty,4138,-0.12192685,3.221435715,3.343362566,6.564798281,20.84334796,0.651729787,1682
2026-03-08,FR,Fashion_Beauty,3888,0.284808823,3.361837364,3.07702854,6.438865904,20.98352299,0.508985225,1468
2026-03-15,FR,Fashion_Beauty,3324,0.291473604,3.376168345,3.084694742,6.460863087,20.93945965,0.535134145,1501
2026-03-22,FR,Fashion_Beauty,3333,0.338468517,3.390210641,3.051742124,6.441952765,20.61706346,0.482651884,1433
2026-03-29,FR,Fashion_Beauty,3012,-0.416098657,3.205177961,3.621276618,6.82645458,20.66223233,0.513265155,1342
2026-04-05,FR,Fashion_Beauty,3054,0.052933233,3.344244483,3.291311251,6.635555734,20.54253691,0.487854293,1228
2026-04-12,FR,Fashion_Beauty,3808,0.173153191,3.474160271,3.30100708,6.775167352,20.74914496,0.491362882,1672
2026-04-19,FR,Fashion_Beauty,3558,0.004005872,3.309868282,3.30586241,6.615730692,20.56251563,0.532504401,1511
2026-04-26,FR,Fashion_Beauty,3113,-0.109671883,3.216057911,3.325729794,6.541787705,20.85430444,0.478103319,1332
2026-05-03,FR,Fashion_Beauty,3741,-0.036425347,3.214707861,3.251133208,6.465841069,21.125005,0.490674891,1517
2026-05-10,FR,Fashion_Beauty,3971,-0.094092564,3.068635272,3.162727836,6.231363107,21.21100673,0.480330684,1687
2026-05-17,FR,Fashion_Beauty,4469,-0.222254737,3.242318449,3.464573186,6.706891635,20.69093991,0.447507122,1783
2026-05-24,FR,Fashion_Beauty,3849,-0.013108406,3.227736286,3.240844693,6.468580979,21.00562193,0.401386471,1498
2026-05-31,FR,Fashion_Beauty,3513,0.271781443,3.287470497,3.015689054,6.30315955,20.56839252,0.458674271,1472
2026-06-07,FR,Fashion_Beauty,3523,-0.365012897,3.055746635,3.420759532,6.476506168,20.79533337,0.421574411,1550
2026-06-14,FR,Fashion_Beauty,3184,0.07817546,3.243862147,3.165686687,6.409548833,20.61068385,0.494110919,1410
2026-06-21,FR,Fashion_Beauty,3855,-0.266685977,2.956292934,3.222978911,6.179271844,21.04235114,0.479428566,1676
2026-06-28,FR,Fashion_Beauty,3569,0.236888728,3.249929578,3.01304085,6.262970428,20.88726873,0.505459932,1490
2026-07-05,FR,Fashion_Beauty,4889,-0.353865862,3.031887287,3.385753149,6.417640436,21.28759414,0.430526052,2041
2026-07-12,FR,Fashion_Beauty,4605,-0.209176794,3.1962385,3.405415294,6.601653793,21.03124768,0.452906053,1763
2026-07-19,FR,Fashion_Beauty,4812,-1.702068452,2.488291951,4.190360402,6.678652353,21.32491154,0.425065836,1859
2026-07-26,FR,Fashion_Beauty,8443,-2.498250581,2.35058932,4.848839901,7.199429221,21.63504891,0.408541138,2437
2026-08-02,FR,Fashion_Beauty,4450,-1.182368818,2.817756109,4.000124928,6.817881037,21.00846405,0.449273499,1738
2026-08-09,FR,Fashion_Beauty,3462,-0.113376051,3.054164262,3.167540313,6.221704575,21.28963502,0.435951336,1596
2026-08-16,FR,Fashion_Beauty,3323,-0.475792266,2.979405682,3.455197948,6.434603631,20.92532539,0.444452467,1424
2026-08-23,FR,Fashion_Beauty,1121,-0.435278815,2.869049016,3.30432783,6.173376846,20.82821571,0.387685927,650
2023-01-01,FR,Fitness_Wearables,137,0.619927928,3.021950262,2.402022334,5.423972596,19.77040368,0.737340861,103
2023-01-08,FR,Fitness_Wearables,326,-0.980441296,2.862905282,3.843346578,6.706251859,19.38756633,0.574506621,209
2023-01-15,FR,Fitness_Wearables,271,-0.148423875,2.696760007,2.845183881,5.541943888,20.74306422,0.67388483,178
2023-01-22,FR,Fitness_Wearables,355,-0.682549442,2.898914974,3.581464416,6.48037939,20.13918161,0.606411115,227
2023-01-29,FR,Fitness_Wearables,292,0.303830837,2.886033049,2.582202212,5.468235261,20.65110404,0.840773416,158
2023-02-05,FR,Fitness_Wearables,347,-0.088219325,2.968985382,3.057204708,6.02619009,20.81827379,0.7793306,189
2023-02-12,FR,Fitness_Wearables,293,0.464146859,3.055798938,2.591652079,5.647451018,20.65055164,0.771015105,166
2023-02-19,FR,Fitness_Wearables,272,0.458312369,2.95148682,2.493174451,5.444661271,20.41571072,0.719689792,168
2023-02-26,FR,Fitness_Wearables,283,0.56904848,3.07856006,2.50951158,5.58807164,20.51097817,0.703013152,166
2023-03-05,FR,Fitness_Wearables,323,0.671886321,3.234466035,2.562579714,5.797045748,20.13178365,0.639494913,229
2023-03-12,FR,Fitness_Wearables,309,0.239863213,3.250795466,3.010932253,6.26172772,20.83178378,0.685355047,165
2023-03-19,FR,Fitness_Wearables,319,0.586931256,3.203953456,2.6170222,5.820975656,20.85178868,0.705523647,190
2023-03-26,FR,Fitness_Wearables,532,0.273083848,3.046547097,2.773463249,5.820010346,20.34946721,0.70635928,315
2023-04-02,FR,Fitness_Wearables,478,-0.013464649,2.953487877,2.966952527,5.920440404,19.87926816,0.611667786,286
2023-04-09,FR,Fitness_Wearables,497,0.118498868,3.101247892,2.982749024,6.083996916,20.07774096,0.621592525,289
2023-04-16,FR,Fitness_Wearables,492,0.158160646,3.037943493,2.879782847,5.91772634,20.48371935,0.742489348,298
2023-04-23,FR,Fitness_Wearables,530,-0.040645136,3.03058495,3.071230086,6.101815036,21.08774053,0.653948842,316
2023-04-30,FR,Fitness_Wearables,617,0.225362696,3.088459601,2.863096905,5.951556506,20.55587645,0.593234542,366
2023-05-07,FR,Fitness_Wearables,452,0.454473458,3.286021895,2.831548436,6.117570331,21.11625707,0.771436308,286
2023-05-14,FR,Fitness_Wearables,518,0.032706793,2.78879124,2.756084446,5.544875686,20.76264141,0.649482306,339
2023-05-21,FR,Fitness_Wearables,424,0.678153536,3.367555499,2.689401963,6.056957461,20.40135995,0.674644083,262
2023-05-28,FR,Fitness_Wearables,473,0.795305431,3.583530919,2.788225488,6.371756407,19.9055408,0.678110765,276
2023-06-04,FR,Fitness_Wearables,524,-0.196237381,3.085022819,3.281260199,6.366283018,20.10832034,0.536247747,317
2023-06-11,FR,Fitness_Wearables,464,0.191583572,3.069935516,2.878351944,5.948287459,20.74885383,0.743350276,306
2023-06-18,FR,Fitness_Wearables,678,0.751249288,3.368582744,2.617333457,5.985916201,21.2930249,0.698719866,395
2023-06-25,FR,Fitness_Wearables,539,0.322211956,3.194320386,2.87210843,6.066428816,21.1322614,0.621152518,308
2023-07-02,FR,Fitness_Wearables,582,-0.525828994,3.042120115,3.567949109,6.610069224,20.52760292,0.659728655,346
2023-07-09,FR,Fitness_Wearables,416,0.714047971,3.377784365,2.663736394,6.041520759,20.44402405,0.733360276,261
2023-07-16,FR,Fitness_Wearables,489,0.306744662,3.150594631,2.843849969,5.9944446,20.44174524,0.636600496,266
2023-07-23,FR,Fitness_Wearables,412,0.585438002,3.348040048,2.762602046,6.110642094,20.82507885,0.713621378,261
2023-07-30,FR,Fitness_Wearables,353,0.15906928,3.217634582,3.058565302,6.276199884,19.80188433,0.592805642,242
2023-08-06,FR,Fitness_Wearables,374,1.004327636,3.483135582,2.478807946,5.961943528,20.4342055,0.72691732,234
2023-08-13,FR,Fitness_Wearables,347,-0.506552747,3.29482974,3.801382487,7.096212227,20.09356505,0.641046196,243
2023-08-20,FR,Fitness_Wearables,389,0.49027705,3.291378277,2.801101227,6.092479504,20.35080257,0.657927057,245
2023-08-27,FR,Fitness_Wearables,561,0.339036453,2.974714235,2.635677782,5.610392017,20.2751191,0.638741174,316
2023-09-03,FR,Fitness_Wearables,494,-0.205464154,2.949322274,3.154786428,6.104108703,19.81931812,0.665303065,289
2023-09-10,FR,Fitness_Wearables,491,0.591002385,3.304033771,2.713031386,6.017065157,19.97060493,0.727360799,304
2023-09-17,FR,Fitness_Wearables,411,0.011141586,3.118915748,3.107774162,6.226689909,19.62600767,0.766188762,253
2023-09-24,FR,Fitness_Wearables,503,0.286284,2.854818666,2.568534666,5.423353332,20.26387355,0.626025248,285
2023-10-01,FR,Fitness_Wearables,665,-0.22876856,2.917827086,3.146595647,6.064422733,20.01920941,0.734130659,407
2023-10-08,FR,Fitness_Wearables,527,-0.889249079,2.855115401,3.74436448,6.59947988,20.36879055,0.725293859,356
2023-10-15,FR,Fitness_Wearables,625,-1.270071785,2.736422432,4.006494217,6.742916649,20.20101958,0.720385698,381
2023-10-22,FR,Fitness_Wearables,813,-1.876935952,2.49906748,4.376003432,6.875070912,20.20243777,0.592729518,469
2023-10-29,FR,Fitness_Wearables,512,-0.61452284,2.939997607,3.554520447,6.494518054,19.84672495,0.613508867,340
2023-11-05,FR,Fitness_Wearables,426,0.514433992,3.392864494,2.878430502,6.271294997,20.15170545,0.720808974,290
2023-11-12,FR,Fitness_Wearables,467,1.046612673,3.582860036,2.536247363,6.119107399,20.29514085,0.960604409,307
2023-11-19,FR,Fitness_Wearables,472,-0.74105674,2.841172471,3.582229211,6.423401683,20.400058,0.707536398,281
2023-11-26,FR,Fitness_Wearables,461,-0.418795287,2.978125646,3.396920933,6.375046579,20.38871784,0.678944211,267
2023-12-03,FR,Fitness_Wearables,561,0.12217737,3.247934176,3.125756806,6.373690982,20.96095751,0.731390329,352
2023-12-10,FR,Fitness_Wearables,684,-0.046885333,3.042247815,3.089133149,6.131380964,20.61688357,0.776160566,415
2023-12-17,FR,Fitness_Wearables,482,-0.418254113,2.842250281,3.260504394,6.102754675,20.72555658,0.68064326,331
2023-12-24,FR,Fitness_Wearables,312,0.037440808,3.034161352,2.996720545,6.030881897,20.4184077,0.703943624,211
2023-12-31,FR,Fitness_Wearables,458,-3.080401012,2.405980981,5.486381993,7.892362973,21.09226586,0.718765906,320
2024-01-07,FR,Fitness_Wearables,463,-0.854372982,2.808803448,3.66317643,6.471979879,20.15187782,0.634328058,279
2024-01-14,FR,Fitness_Wearables,506,-0.255952694,2.95864579,3.214598485,6.173244275,20.98619083,0.711112297,298
2024-01-21,FR,Fitness_Wearables,473,0.64344575,3.549435496,2.905989746,6.455425242,20.55545666,0.608100495,283
2024-01-28,FR,Fitness_Wearables,418,-0.147189833,2.892823032,3.040012864,5.932835896,20.7646933,0.802011154,263
2024-02-04,FR,Fitness_Wearables,629,0.218113867,3.331716005,3.113602138,6.445318142,20.19509879,0.742114772,334
2024-02-11,FR,Fitness_Wearables,496,-1.097700125,2.938147532,4.035847657,6.973995189,20.40204017,0.642533899,349
2024-02-18,FR,Fitness_Wearables,455,0.295013982,2.979159833,2.684145851,5.663305685,20.3492044,0.860637202,281
2024-02-25,FR,Fitness_Wearables,437,0.032623524,2.978988427,2.946364903,5.925353329,20.20757521,0.764454458,301
2024-03-03,FR,Fitness_Wearables,494,0.373157598,3.267112475,2.893954877,6.161067353,20.82669012,0.749878581,309
2024-03-10,FR,Fitness_Wearables,473,0.425371041,3.243634347,2.818263306,6.061897653,19.95755821,0.722695806,303
2024-03-17,FR,Fitness_Wearables,487,0.363289272,3.14927423,2.785984958,5.935259187,20.48631545,0.757768221,310
2024-03-24,FR,Fitness_Wearables,417,0.094713076,3.058723727,2.964010651,6.022734378,20.61547,0.822723977,258
2024-03-31,FR,Fitness_Wearables,382,-0.423834938,2.959570349,3.383405286,6.342975635,20.57231619,0.633202212,266
2024-04-07,FR,Fitness_Wearables,478,-0.346063297,2.918959038,3.265022335,6.183981373,20.33582189,0.69422743,291
2024-04-14,FR,Fitness_Wearables,547,0.171489008,3.281980929,3.110491921,6.392472849,19.70045673,0.699228015,341
2024-04-21,FR,Fitness_Wearables,458,-0.070764306,3.050273341,3.121037647,6.171310988,20.24308397,0.630319638,279
2024-04-28,FR,Fitness_Wearables,445,-0.212190116,2.98611531,3.198305426,6.184420736,20.74916277,0.62723231,284
2024-05-05,FR,Fitness_Wearables,389,-0.455310197,2.900384823,3.35569502,6.256079843,20.01444473,0.541720657,263
2024-05-12,FR,Fitness_Wearables,378,0.547442043,3.214531785,2.667089742,5.881621527,20.57729161,0.661606757,263
2024-05-19,FR,Fitness_Wearables,445,-0.590673286,2.952860349,3.543533635,6.496393984,19.99857938,0.711369251,288
2024-05-26,FR,Fitness_Wearables,535,0.308621325,2.89901405,2.590392725,5.489406776,21.44539908,0.680579598,320
2024-06-02,FR,Fitness_Wearables,501,0.288973525,3.121675687,2.832702162,5.954377848,20.71013774,0.809836517,336
2024-06-09,FR,Fitness_Wearables,445,0.069107027,3.137410292,3.068303264,6.205713556,20.02880523,0.641833385,252
2024-06-16,FR,Fitness_Wearables,586,-0.311382756,3.106957524,3.41834028,6.525297805,20.43374378,0.701343235,401
2024-06-23,FR,Fitness_Wearables,461,0.296713369,3.274402601,2.977689232,6.252091832,20.38166407,0.680162613,293
2024-06-30,FR,Fitness_Wearables,451,-0.289724945,2.871735599,3.161460545,6.033196144,19.90099365,0.695694438,277
2024-07-07,FR,Fitness_Wearables,400,0.804349103,3.351253193,2.54690409,5.898157283,20.46466337,0.681197103,249
2024-07-14,FR,Fitness_Wearables,435,0.045023192,3.178118494,3.133095302,6.311213795,20.33637929,0.722584835,286
2024-07-21,FR,Fitness_Wearables,350,1.203691266,3.532958505,2.329267239,5.862225745,20.74116293,0.87230917,249
2024-07-28,FR,Fitness_Wearables,459,-0.761707331,3.008548387,3.770255719,6.778804106,20.22214831,0.564179508,321
2024-08-04,FR,Fitness_Wearables,574,-1.209008313,2.989856431,4.198864743,7.188721174,20.81430119,0.637223991,374
2024-08-11,FR,Fitness_Wearables,436,-0.64522704,3.360949936,4.006176977,7.367126913,20.18363231,0.598371168,307
2024-08-18,FR,Fitness_Wearables,372,-0.382472067,3.070774327,3.453246394,6.524020721,20.5373197,0.565761066,256
2024-08-25,FR,Fitness_Wearables,398,-0.220194122,2.885981456,3.106175578,5.992157034,20.02110075,0.553382193,272
2024-09-01,FR,Fitness_Wearables,384,0.268945996,3.370566781,3.101620784,6.472187565,20.18527665,0.72491458,271
2024-09-08,FR,Fitness_Wearables,471,-0.901369386,2.930116243,3.831485629,6.761601873,20.10017801,0.629036185,338
2024-09-15,FR,Fitness_Wearables,491,-0.921831925,2.854768674,3.7766006,6.631369274,19.96176471,0.657928379,316
2024-09-22,FR,Fitness_Wearables,995,-2.377542161,2.456564945,4.834107106,7.290672051,19.86442411,0.601040699,542
2024-09-29,FR,Fitness_Wearables,1120,-2.263054659,2.517456064,4.780510723,7.297966788,19.67955342,0.584775801,608
2024-10-06,FR,Fitness_Wearables,784,-1.905513311,2.623311808,4.528825119,7.152136927,19.41124121,0.510898891,477
2024-10-13,FR,Fitness_Wearables,732,-1.480307893,2.738839897,4.21914779,6.957987688,19.94627394,0.572052933,448
2024-10-20,FR,Fitness_Wearables,651,-1.337724474,2.452997486,3.79072196,6.243719446,19.49273793,0.495767301,386
2024-10-27,FR,Fitness_Wearables,489,-0.676558335,2.746796799,3.423355133,6.170151932,19.32176502,0.581975049,328
2024-11-03,FR,Fitness_Wearables,402,-0.183093911,3.16446067,3.347554581,6.512015251,20.35020496,0.762854827,255
2024-11-10,FR,Fitness_Wearables,475,-0.05739211,2.935149443,2.992541553,5.927690996,20.29485468,0.567782695,294
2024-11-17,FR,Fitness_Wearables,505,-1.346707583,2.910335709,4.257043293,7.167379002,19.65713376,0.620360093,305
2024-11-24,FR,Fitness_Wearables,755,-1.111868292,3.225583924,4.337452216,7.56303614,19.39487251,0.613670181,468
2024-12-01,FR,Fitness_Wearables,639,-0.83802553,3.046103242,3.884128772,6.930232013,19.81020083,0.521363529,471
2024-12-08,FR,Fitness_Wearables,588,0.437896318,3.649508557,3.211612239,6.861120795,20.03310488,0.558523191,428
2024-12-15,FR,Fitness_Wearables,549,-0.472731568,3.049952235,3.522683802,6.572636037,20.15573561,0.58019037,335
2024-12-22,FR,Fitness_Wearables,271,-0.070632378,3.198100543,3.268732921,6.466833465,19.99236356,0.626863034,174
2024-12-29,FR,Fitness_Wearables,295,0.400238895,3.538456014,3.138217119,6.676673133,20.05928629,0.72377455,197
2025-01-05,FR,Fitness_Wearables,512,0.139590389,3.363746815,3.224156426,6.587903241,20.08556662,0.597533847,378
2025-01-12,FR,Fitness_Wearables,410,0.474049846,3.274636272,2.800586426,6.075222698,20.03583762,0.640739542,250
2025-01-19,FR,Fitness_Wearables,352,0.188223219,3.280607367,3.092384149,6.372991516,20.28341546,0.651155298,234
2025-01-26,FR,Fitness_Wearables,520,-0.25231607,3.039765891,3.292081961,6.331847851,19.72765049,0.548417998,328
2025-02-02,FR,Fitness_Wearables,484,0.472282018,3.33448915,2.862207132,6.196696282,19.44181322,0.609858774,323
2025-02-09,FR,Fitness_Wearables,399,0.801703548,3.580293122,2.778589575,6.358882697,19.74819561,0.617866645,252
2025-02-16,FR,Fitness_Wearables,404,-0.545471121,3.053963158,3.599434279,6.653397437,20.09863063,0.644697966,247
2025-02-23,FR,Fitness_Wearables,448,0.546646378,3.336256802,2.789610424,6.125867226,20.89580842,0.668164747,322
2025-03-02,FR,Fitness_Wearables,374,0.229318118,3.226475026,2.997156908,6.223631934,20.2165437,0.730819581,226
2025-03-09,FR,Fitness_Wearables,441,-0.464097886,3.076682616,3.540780502,6.617463117,19.76177561,0.599274159,273
2025-03-16,FR,Fitness_Wearables,416,0.538407508,3.585318019,3.046910511,6.63222853,20.59850674,0.62127274,284
2025-03-23,FR,Fitness_Wearables,375,-0.820518029,2.737214317,3.557732346,6.294946663,20.38086269,0.59701765,249
2025-03-30,FR,Fitness_Wearables,397,-0.047511069,3.256769859,3.304280928,6.561050786,20.02220524,0.651657298,236
2025-04-06,FR,Fitness_Wearables,344,1.513571408,3.740120315,2.226548908,5.966669223,19.3860476,0.667728841,230
2025-04-13,FR,Fitness_Wearables,346,0.613124414,3.496310417,2.883186003,6.37949642,20.11839677,0.621220108,215
2025-04-20,FR,Fitness_Wearables,352,0.627465959,3.40924076,2.781774801,6.191015562,20.08820348,0.649385466,231
2025-04-27,FR,Fitness_Wearables,353,0.799380788,3.505378545,2.705997756,6.211376301,20.26578992,0.643307587,241
2025-05-04,FR,Fitness_Wearables,321,0.433392433,3.173303642,2.739911209,5.913214851,20.35739736,0.697377204,220
2025-05-11,FR,Fitness_Wearables,352,0.562778893,3.310540044,2.747761152,6.058301196,19.93642659,0.616607504,229
2025-05-18,FR,Fitness_Wearables,369,0.634976256,3.390944497,2.755968241,6.146912738,20.47970717,0.662694716,240
2025-05-25,FR,Fitness_Wearables,395,1.045517103,3.610945007,2.565427904,6.176372911,20.27268376,0.515562037,276
2025-06-01,FR,Fitness_Wearables,420,1.184588183,3.859204182,2.674615999,6.53382018,20.49786434,0.567954319,292
2025-06-08,FR,Fitness_Wearables,345,0.311248214,3.306444361,2.995196148,6.301640509,20.9862178,0.676058914,248
2025-06-29,FR,Fitness_Wearables,258,1.147790925,3.654531138,2.506740213,6.161271352,20.30135356,0.699715343,172
2025-07-06,FR,Fitness_Wearables,375,1.103553317,3.696724193,2.593170876,6.28989507,20.43567202,0.499084301,240
2025-07-13,FR,Fitness_Wearables,381,-0.356021581,3.227454477,3.583476059,6.810930536,20.43326546,0.640908609,244
2025-07-20,FR,Fitness_Wearables,319,0.413698838,3.478919078,3.065220241,6.544139319,20.76442171,0.660273795,218
2025-07-27,FR,Fitness_Wearables,293,0.287078671,3.507200828,3.220122157,6.727322984,20.55611971,0.680480443,191
2025-08-03,FR,Fitness_Wearables,347,-0.965482125,3.263340273,4.228822399,7.492162672,20.58358243,0.545913555,249
2025-08-10,FR,Fitness_Wearables,256,0.42716142,3.584977584,3.157816164,6.742793748,20.90951075,0.785036787,189
2025-08-17,FR,Fitness_Wearables,254,1.492676881,3.768797974,2.276121092,6.044919066,20.59565323,0.594355483,157
2025-08-24,FR,Fitness_Wearables,344,0.101343592,3.230552699,3.129209107,6.359761806,20.46393791,0.636688734,232
2025-08-31,FR,Fitness_Wearables,351,0.328609178,3.309788033,2.981178854,6.290966887,21.03842337,0.6902792,212
2025-09-07,FR,Fitness_Wearables,344,0.674444607,3.183696326,2.50925172,5.692948046,20.80620062,0.791526959,191
2025-09-14,FR,Fitness_Wearables,404,0.669910388,3.403044021,2.733133633,6.136177655,20.74319118,0.66423654,236
2025-09-21,FR,Fitness_Wearables,341,0.286898451,3.342904171,3.05600572,6.398909892,19.98463191,0.668062168,206
2025-09-28,FR,Fitness_Wearables,316,1.260002903,3.614507164,2.354504261,5.969011425,20.0177298,0.79156423,195
2025-10-05,FR,Fitness_Wearables,330,-0.063988591,3.263980376,3.327968967,6.591949343,20.03047781,0.600988084,198
2025-10-12,FR,Fitness_Wearables,402,0.227574653,3.394339931,3.166765278,6.561105208,20.56336621,0.637579824,247
2025-10-19,FR,Fitness_Wearables,439,0.491615456,3.222810092,2.731194637,5.954004729,19.99673881,0.740965985,312
2025-10-26,FR,Fitness_Wearables,292,0.743832208,3.428133391,2.684301183,6.112434574,20.49765651,0.690392916,207
2025-11-02,FR,Fitness_Wearables,377,0.613076842,3.459980862,2.84690402,6.306884882,20.0363074,0.665348025,237
2025-11-09,FR,Fitness_Wearables,418,0.128984328,3.432606514,3.303622186,6.7362287,20.58042057,0.605124648,253
2025-11-16,FR,Fitness_Wearables,418,1.096261293,3.563762055,2.467500762,6.031262818,20.98141668,0.583186372,261
2025-11-23,FR,Fitness_Wearables,461,-0.344271972,3.188962697,3.533234669,6.722197366,20.90373325,0.689399526,283
2025-11-30,FR,Fitness_Wearables,605,-0.861477742,2.969965495,3.831443237,6.801408731,20.29732651,0.730119542,433
2025-12-07,FR,Fitness_Wearables,338,0.124894686,3.194590561,3.069695875,6.264286435,20.39614907,0.704252872,199
2025-12-14,FR,Fitness_Wearables,302,0.189202887,3.169676971,2.980474084,6.150151054,20.22525978,0.700357956,202
2025-12-21,FR,Fitness_Wearables,373,0.239151179,3.326736828,3.087585649,6.414322477,20.97381942,0.619613157,293
2025-12-28,FR,Fitness_Wearables,225,-0.263739,3.160831462,3.424570462,6.585401924,20.62602461,0.654193367,150
2026-01-04,FR,Fitness_Wearables,418,-1.782753947,2.730620288,4.513374235,7.243994523,21.02443914,0.748799129,246
2026-01-11,FR,Fitness_Wearables,427,0.303371039,3.088357611,2.784986572,5.873344183,20.60984129,0.64547059,227
2026-01-18,FR,Fitness_Wearables,435,0.200000507,3.132873968,2.932873461,6.065747429,20.35648579,0.613218421,227
2026-01-25,FR,Fitness_Wearables,447,0.054648389,3.313296375,3.258647986,6.571944362,20.35188057,0.706429151,222
2026-02-01,FR,Fitness_Wearables,495,0.093336937,3.027775675,2.934438738,5.962214412,20.38804492,0.683824763,229
2026-02-08,FR,Fitness_Wearables,472,0.085368096,3.021407519,2.936039423,5.957446942,20.61986054,0.769676247,234
2026-02-15,FR,Fitness_Wearables,505,0.072179055,3.142302153,3.070123099,6.212425252,20.62215556,0.884261927,240
2026-02-22,FR,Fitness_Wearables,587,0.108696592,3.043164743,2.934468151,5.977632894,20.5924067,0.764242807,207
2026-03-01,FR,Fitness_Wearables,927,-1.116202637,2.758623693,3.87482633,6.633450023,20.23508502,0.677357807,385
2026-03-08,FR,Fitness_Wearables,748,-1.248194132,2.722809773,3.971003904,6.693813677,20.34275984,0.77571933,326
2026-03-15,FR,Fitness_Wearables,918,-1.359831425,2.565047355,3.92487878,6.489926135,21.02276035,0.779642758,355
2026-03-22,FR,Fitness_Wearables,607,-0.318694354,3.003335694,3.322030048,6.325365742,21.04142297,0.739726415,246
2026-03-29,FR,Fitness_Wearables,367,-0.706997045,3.117875922,3.824872967,6.942748889,20.10112248,0.613349542,217
2026-04-05,FR,Fitness_Wearables,421,-0.070644455,3.150404147,3.221048603,6.37145275,19.99390765,0.577197134,268
2026-04-12,FR,Fitness_Wearables,333,-0.790442977,2.935803444,3.726246421,6.662049865,21.72261396,0.56127787,226
2026-04-19,FR,Fitness_Wearables,477,-0.65723764,3.11365756,3.770895199,6.884552759,19.41138558,0.60252465,279
2026-04-26,FR,Fitness_Wearables,328,-0.722397293,2.734285892,3.456683185,6.190969076,20.77225682,0.617517637,207
2026-05-03,FR,Fitness_Wearables,330,0.329962809,3.233049634,2.903086825,6.136136459,20.50956294,0.613170491,209
2026-05-10,FR,Fitness_Wearables,288,0.210723346,3.321570923,3.110847577,6.432418501,20.45444121,0.618932825,183
2026-05-17,FR,Fitness_Wearables,326,0.363602927,3.212732535,2.849129609,6.061862144,19.9994174,0.603063618,201
2026-05-24,FR,Fitness_Wearables,325,0.18710177,3.357741058,3.170639288,6.528380345,20.41117761,0.701050472,209
2026-05-31,FR,Fitness_Wearables,446,-0.108134655,3.263824816,3.371959471,6.635784286,20.23608365,0.543406106,273
2026-06-07,FR,Fitness_Wearables,383,0.648156744,3.407726942,2.759570198,6.16729714,20.19345948,0.675815045,216
2026-06-14,FR,Fitness_Wearables,345,0.313349837,3.608066721,3.294716885,6.902783606,20.50630021,0.740806367,209
2026-06-21,FR,Fitness_Wearables,373,0.759004029,3.408179996,2.649175967,6.057355962,20.76383447,0.582144741,216
2026-06-28,FR,Fitness_Wearables,319,0.399923019,3.315705467,2.915782447,6.231487914,20.66346011,0.624697487,178
2026-07-05,FR,Fitness_Wearables,325,-0.053896084,3.417928277,3.471824361,6.889752637,20.50228705,0.515037074,218
2026-07-12,FR,Fitness_Wearables,263,1.455973113,3.715700009,2.259726896,5.975426905,20.3998707,0.698662649,188
2026-07-19,FR,Fitness_Wearables,327,0.737099195,3.438860653,2.701761459,6.140622112,21.62898336,0.511125778,193
2026-07-26,FR,Fitness_Wearables,241,0.459866704,3.316692412,2.856825708,6.17351812,20.59223926,0.741557132,135
2026-08-02,FR,Fitness_Wearables,378,0.361319374,3.491417302,3.130097928,6.62151523,21.89526002,0.939035203,272
2026-08-09,FR,Fitness_Wearables,254,0.636722408,3.434596579,2.797874171,6.23247075,20.96905504,0.737703213,159
2026-08-16,FR,Fitness_Wearables,259,0.180891562,2.987302461,2.806410899,5.79371336,20.60696421,0.669713789,157
2026-08-23,FR,Fitness_Wearables,120,0.406261149,3.236725923,2.830464774,6.067190696,20.35847836,0.549501134,98
2023-01-01,FR,Nutrition_Diets,9817,-1.794664655,2.709853858,4.504518512,7.21437237,21.08671004,0.641521762,2520
2023-01-08,FR,Nutrition_Diets,10137,-1.553683872,2.784908689,4.338592561,7.12350125,21.53299722,0.657098739,2730
2023-01-15,FR,Nutrition_Diets,10655,-1.336472535,2.809585234,4.146057769,6.955643003,21.25486138,0.64318525,2918
2023-01-22,FR,Nutrition_Diets,9454,-1.298309146,2.868302444,4.16661159,7.034914034,21.24039793,0.705781691,2608
2023-01-29,FR,Nutrition_Diets,10514,-1.416443929,2.814752215,4.231196145,7.04594836,21.3988533,0.62260407,2758
2023-02-05,FR,Nutrition_Diets,9182,-1.193496878,2.94428509,4.137781967,7.082067057,21.33763928,0.639993077,2467
2023-02-12,FR,Nutrition_Diets,9825,-1.117709495,3.002111597,4.119821092,7.121932689,21.28836915,0.628952597,2601
2023-02-19,FR,Nutrition_Diets,9385,-1.44300275,2.940851972,4.383854722,7.324706693,21.62263224,0.653451002,2520
2023-02-26,FR,Nutrition_Diets,9879,-1.447627057,2.812421417,4.260048474,7.07246989,21.34057413,0.656760204,2613
2023-03-05,FR,Nutrition_Diets,11304,-0.988654114,2.95666127,3.945315384,6.901976654,22.34545452,0.587263251,2608
2023-03-12,FR,Nutrition_Diets,11828,-1.066737521,2.948837461,4.015574982,6.964412444,22.89300275,0.573000359,2768
2023-03-19,FR,Nutrition_Diets,12392,-1.43720599,2.892460818,4.329666808,7.222127626,22.00942655,0.644819809,3620
2023-03-26,FR,Nutrition_Diets,17716,-1.313574151,2.920653702,4.234227854,7.154881556,21.4416454,0.666155545,4337
2023-04-02,FR,Nutrition_Diets,16274,-1.297680122,2.901665009,4.199345131,7.10101014,21.33035457,0.687401015,4326
2023-04-09,FR,Nutrition_Diets,15783,-1.716821836,2.774651426,4.491473262,7.266124688,21.50992249,0.645367951,4246
2023-04-16,FR,Nutrition_Diets,15916,-0.958604501,2.992031985,3.950636485,6.94266847,21.44789086,0.652378904,4187
2023-04-23,FR,Nutrition_Diets,18773,-0.995787268,3.01483812,4.010625388,7.025463508,21.82740713,0.654075296,4332
2023-04-30,FR,Nutrition_Diets,16616,-1.318435279,2.923983924,4.242419203,7.166403128,22.00289924,0.632463428,4589
2023-05-07,FR,Nutrition_Diets,15183,-0.878415836,3.084002707,3.962418543,7.04642125,21.96815293,0.642525658,4001
2023-05-14,FR,Nutrition_Diets,15855,-0.798198486,3.087239276,3.885437761,6.972677037,21.83936205,0.661504364,4395
2023-05-21,FR,Nutrition_Diets,15684,-1.165922885,2.970319708,4.136242593,7.106562301,21.51676924,0.665945608,4316
2023-05-28,FR,Nutrition_Diets,15309,-0.901102244,3.111254699,4.012356943,7.123611641,21.49748346,0.679101609,4391
2023-06-04,FR,Nutrition_Diets,16617,-1.466363133,2.919392858,4.385755991,7.30514885,21.29434382,0.668082905,4508
2023-06-11,FR,Nutrition_Diets,15998,-1.152961126,2.948543057,4.101504183,7.05004724,21.30220023,0.629497667,4328
2023-06-18,FR,Nutrition_Diets,18207,-1.165869793,2.990996903,4.156866696,7.1478636,21.55028209,0.664396291,4571
2023-06-25,FR,Nutrition_Diets,18375,-1.83926307,2.815908568,4.655171638,7.471080205,21.82049245,0.608099205,4442
2023-07-02,FR,Nutrition_Diets,16984,-1.934997471,2.811348639,4.74634611,7.557694749,21.58799072,0.614263611,4364
2023-07-09,FR,Nutrition_Diets,15853,-1.031517123,3.039263131,4.070780254,7.110043385,21.34445274,0.677944943,4320
2023-07-16,FR,Nutrition_Diets,15233,-1.01740668,3.010983807,4.028390488,7.039374295,21.71446099,0.683357719,4148
2023-07-23,FR,Nutrition_Diets,14590,-1.21363502,2.925766976,4.139401997,7.065168973,21.49074052,0.620048178,3979
2023-07-30,FR,Nutrition_Diets,13401,-1.400837454,2.938296613,4.339134067,7.27743068,21.6012006,0.641842891,3829
2023-08-06,FR,Nutrition_Diets,15390,-2.078865692,2.865380648,4.94424634,7.809626988,22.4624459,0.625115945,4008
2023-08-13,FR,Nutrition_Diets,13113,-1.292797621,3.022689522,4.315487144,7.338176666,21.7364187,0.602005428,3675
2023-08-20,FR,Nutrition_Diets,12528,-1.357651216,2.945386246,4.303037462,7.248423708,21.66815647,0.69120994,3596
2023-08-27,FR,Nutrition_Diets,14414,-1.2907599,2.910875965,4.201635866,7.112511831,21.66136066,0.637954947,4068
2023-09-03,FR,Nutrition_Diets,13368,-1.203194742,2.959445196,4.162639938,7.122085134,21.42452214,0.65858446,3966
2023-09-10,FR,Nutrition_Diets,16875,-1.724296677,2.813662141,4.537958818,7.35162096,21.52287585,0.636410886,4512
2023-09-17,FR,Nutrition_Diets,14638,-1.286575763,2.985599838,4.272175601,7.257775439,21.32217568,0.69089277,4022
2023-09-24,FR,Nutrition_Diets,15262,-1.206171675,2.99099206,4.197163735,7.188155795,21.35898859,0.673636299,4070
2023-10-01,FR,Nutrition_Diets,17089,-1.156706667,3.115839969,4.272546636,7.388386604,21.3173525,0.701207277,4336
2023-10-08,FR,Nutrition_Diets,15918,-1.739854448,2.826529009,4.566383457,7.392912466,21.37757193,0.716567897,4195
2023-10-15,FR,Nutrition_Diets,15383,-1.56135302,2.928290671,4.489643691,7.417934363,21.38838936,0.696698233,4239
2023-10-22,FR,Nutrition_Diets,15703,-1.435001638,2.958530767,4.393532405,7.352063172,21.47727069,0.683268013,4116
2023-10-29,FR,Nutrition_Diets,16329,-1.612351512,2.89771172,4.510063232,7.407774952,21.60786987,0.668321951,4191
2023-11-05,FR,Nutrition_Diets,16896,-1.358013202,3.018474801,4.376488003,7.394962804,21.63353712,0.664854631,4113
2023-11-12,FR,Nutrition_Diets,15629,-1.45255041,2.978271763,4.430822174,7.409093937,21.37101089,0.67866134,4156
2023-11-19,FR,Nutrition_Diets,15686,-1.165401225,3.023979203,4.189380427,7.21335963,21.22456374,0.662081381,4005
2023-11-26,FR,Nutrition_Diets,16447,-1.221955942,3.009983226,4.231939167,7.241922393,21.29956051,0.689903105,4364
2023-12-03,FR,Nutrition_Diets,16720,-1.529754441,3.000896672,4.530651113,7.531547785,21.22209519,0.631530972,4244
2023-12-10,FR,Nutrition_Diets,15259,-1.046083729,3.121005615,4.167089345,7.28809496,21.37338083,0.666289511,4293
2023-12-17,FR,Nutrition_Diets,14740,-1.603966907,3.000626196,4.604593104,7.6052193,21.39213081,0.635949744,4133
2023-12-24,FR,Nutrition_Diets,11240,-1.558130011,2.999501889,4.5576319,7.557133788,21.64925603,0.645653003,3459
2023-12-31,FR,Nutrition_Diets,11636,-1.368702737,2.899092182,4.267794919,7.166887101,21.58332792,0.640482966,3600
2024-01-07,FR,Nutrition_Diets,13682,-1.272457595,2.931847637,4.204305232,7.13615287,21.47093972,0.65730288,4022
2024-01-14,FR,Nutrition_Diets,15650,-1.541118435,2.971718096,4.512836531,7.484554627,21.29557514,0.696951294,4219
2024-01-21,FR,Nutrition_Diets,14774,-1.426710931,2.900216312,4.326927243,7.227143555,21.24749469,0.653254427,3784
2024-01-28,FR,Nutrition_Diets,15820,-1.646298657,2.896482215,4.542780872,7.439263087,21.34609704,0.631250838,3917
2024-02-04,FR,Nutrition_Diets,14906,-1.378626932,3.024931189,4.403558121,7.428489311,21.26764657,0.671842943,3915
2024-02-11,FR,Nutrition_Diets,12856,-1.279405384,3.044806446,4.324211829,7.369018275,21.23244523,0.706629802,3727
2024-02-18,FR,Nutrition_Diets,13423,-1.443951269,2.941453986,4.385405256,7.326859242,21.30885577,0.658923509,3735
2024-02-25,FR,Nutrition_Diets,14888,-1.390817,2.989109904,4.379926904,7.369036807,21.3792593,0.660610879,3850
2024-03-03,FR,Nutrition_Diets,14973,-1.51559379,2.958950455,4.474544245,7.4334947,21.48601247,0.687829294,3865
2024-03-10,FR,Nutrition_Diets,15099,-1.367952193,3.024098866,4.392051059,7.416149925,21.50976666,0.653770377,3928
2024-03-17,FR,Nutrition_Diets,15130,-1.174391268,3.091165978,4.265557246,7.356723223,21.38307095,0.667722182,3913
2024-03-24,FR,Nutrition_Diets,13834,-1.392269075,2.980750663,4.373019738,7.3537704,21.60596899,0.692740291,3691
2024-03-31,FR,Nutrition_Diets,13972,-1.370033154,3.001590967,4.371624121,7.373215087,21.37582058,0.630963303,3762
2024-04-07,FR,Nutrition_Diets,15477,-1.132084366,3.108110103,4.240194468,7.348304571,21.70495797,0.617405857,3797
2024-04-14,FR,Nutrition_Diets,14594,-1.288800466,3.049378199,4.338178665,7.387556865,21.67716711,0.715580677,3919
2024-04-21,FR,Nutrition_Diets,16579,-1.181705075,3.021652188,4.203357263,7.22500945,21.48098999,0.722232121,4156
2024-04-28,FR,Nutrition_Diets,13769,-1.111088008,3.036563274,4.147651281,7.184214555,21.59661525,0.64264974,3745
2024-05-05,FR,Nutrition_Diets,13829,-0.805250817,3.269736828,4.074987644,7.344724472,21.40048407,0.668738676,3709
2024-05-12,FR,Nutrition_Diets,16544,-1.710899107,2.923777,4.634676106,7.558453106,21.29315027,0.611906012,4181
2024-05-19,FR,Nutrition_Diets,14726,-1.219556335,3.074195251,4.293751586,7.367946838,21.54897883,0.664994946,3852
2024-05-26,FR,Nutrition_Diets,15182,-1.257310093,3.047377261,4.304687354,7.352064615,21.49074377,0.67760337,3984
2024-06-02,FR,Nutrition_Diets,15912,-1.055144632,3.080391991,4.135536622,7.215928613,21.38481907,0.685351077,4115
2024-06-09,FR,Nutrition_Diets,15924,-0.829658599,3.133253746,3.962912345,7.096166091,21.30605348,0.59936076,4060
2024-06-16,FR,Nutrition_Diets,14599,-1.154694677,3.067739786,4.222434463,7.290174249,21.23245551,0.634529353,3918
2024-06-23,FR,Nutrition_Diets,14163,-1.077864492,3.091977649,4.169842141,7.26181979,21.51308477,0.67825497,3808
2024-06-30,FR,Nutrition_Diets,15021,-1.289124616,3.069700369,4.358824985,7.428525355,21.69256394,0.618695822,4014
2024-07-07,FR,Nutrition_Diets,13037,-1.00727214,3.092445128,4.099717268,7.192162396,21.71713808,0.6165518,3831
2024-07-14,FR,Nutrition_Diets,12555,-0.993822161,3.085745256,4.079567417,7.165312672,21.83853677,0.641823029,3596
2024-07-21,FR,Nutrition_Diets,11627,-0.731615845,3.208853965,3.94046981,7.149323775,21.62486848,0.677075329,3546
2024-07-28,FR,Nutrition_Diets,13033,-1.140421642,3.088183662,4.228605305,7.316788967,21.8803665,0.615255712,3808
2024-08-04,FR,Nutrition_Diets,13711,-1.235115393,3.110746959,4.345862353,7.456609312,21.82252119,0.683519025,3954
2024-08-11,FR,Nutrition_Diets,12075,-1.443024537,2.997434748,4.440459285,7.437894034,21.69619341,0.602491116,3784
2024-08-18,FR,Nutrition_Diets,12225,-1.34125294,3.139916246,4.481169186,7.621085432,21.4662059,0.645990061,3788
2024-08-25,FR,Nutrition_Diets,20510,-3.239792897,2.544802625,5.784595521,8.329398146,21.20614476,0.471039788,4541
2024-09-01,FR,Nutrition_Diets,15021,-1.852640938,2.820406361,4.673047299,7.49345366,21.56257138,0.614659625,4151
2024-09-08,FR,Nutrition_Diets,13767,-1.481964534,2.987274538,4.469239073,7.456513611,21.39423002,0.632591846,3846
2024-09-15,FR,Nutrition_Diets,15932,-1.849821896,2.81292394,4.662745835,7.475669775,21.45190564,0.637638289,4047
2024-09-22,FR,Nutrition_Diets,14272,-1.36021452,3.032049306,4.392263826,7.424313132,21.27601219,0.629706152,3849
2024-09-29,FR,Nutrition_Diets,14399,-1.164991372,3.068530894,4.233522267,7.302053161,21.15281725,0.65277315,3762
2024-10-06,FR,Nutrition_Diets,14987,-1.549335783,3.079065798,4.628401581,7.70746738,21.09559269,0.637261402,3869
2024-10-13,FR,Nutrition_Diets,13803,-1.33634808,3.035627482,4.371975563,7.407603045,21.35174682,0.665650047,3753
2024-10-20,FR,Nutrition_Diets,14162,-1.308603501,3.02601676,4.334620261,7.360637022,21.24376101,0.661158779,3733
2024-10-27,FR,Nutrition_Diets,13403,-1.368603902,3.075295122,4.443899024,7.519194146,21.39444087,0.622906029,3619
2024-11-03,FR,Nutrition_Diets,12291,-1.060845123,3.187371098,4.248216221,7.435587319,21.34095835,0.691072261,3419
2024-11-10,FR,Nutrition_Diets,13114,-0.814289746,3.20396327,4.018253016,7.222216286,21.11972165,0.659440066,3534
2024-11-17,FR,Nutrition_Diets,13895,-1.381722219,3.078980929,4.460703148,7.539684077,21.50080919,0.668153828,3690
2024-11-24,FR,Nutrition_Diets,14429,-1.496495661,3.096031337,4.592526998,7.688558335,21.34215128,0.636251092,3666
2024-12-01,FR,Nutrition_Diets,15053,-1.193220863,3.140128807,4.33334967,7.473478477,21.39145415,0.671458798,3904
2024-12-08,FR,Nutrition_Diets,13774,-1.056023014,3.230656101,4.286679115,7.517335215,21.34655902,0.652472414,3604
2024-12-15,FR,Nutrition_Diets,16847,-2.489701905,2.850893027,5.340594932,8.191487959,21.56233495,0.611626697,4151
2024-12-22,FR,Nutrition_Diets,9532,-1.32433822,3.172640251,4.496978471,7.669618722,21.44569224,0.661582612,3004
2024-12-29,FR,Nutrition_Diets,9802,-1.759949632,3.021657221,4.781606854,7.803264075,21.38593061,0.668542372,2938
2025-01-05,FR,Nutrition_Diets,12030,-1.438904019,3.101294051,4.540198071,7.641492122,21.18597329,0.643359937,3414
2025-01-12,FR,Nutrition_Diets,13314,-1.43686003,3.03292225,4.46978228,7.50270453,21.28783011,0.676214603,3563
2025-01-19,FR,Nutrition_Diets,12620,-1.309198223,3.204802758,4.514000981,7.718803739,21.35103409,0.631779558,3540
2025-01-26,FR,Nutrition_Diets,14395,-1.593761633,3.006907719,4.600669352,7.607577071,21.08647963,0.642805675,3585
2025-02-02,FR,Nutrition_Diets,13198,-1.47632421,3.019048169,4.495372379,7.514420549,21.29995616,0.642420421,3359
2025-02-09,FR,Nutrition_Diets,12411,-1.094334625,3.204189517,4.298524142,7.502713658,21.35318268,0.739271828,3231
2025-02-16,FR,Nutrition_Diets,11778,-1.427126105,3.059952064,4.487078169,7.547030233,21.27357157,0.641773354,3274
2025-02-23,FR,Nutrition_Diets,12584,-1.853151892,3.025369684,4.878521576,7.90389126,21.56925526,0.617629488,3372
2025-03-02,FR,Nutrition_Diets,12317,-1.164770794,3.16063416,4.325404954,7.486039114,21.45600553,0.675417028,3399
2025-03-09,FR,Nutrition_Diets,12418,-1.078587762,3.261332797,4.339920559,7.601253355,21.51712714,0.692295748,3247
2025-03-16,FR,Nutrition_Diets,13305,-1.433531591,3.111129357,4.544660949,7.655790306,21.45435146,0.661799111,3358
2025-03-23,FR,Nutrition_Diets,13501,-1.721828815,3.019055187,4.740884002,7.759939189,21.29769077,0.608494086,3550
2025-03-30,FR,Nutrition_Diets,11597,-1.197874227,3.143163374,4.341037602,7.484200976,21.1895512,0.659923738,3169
2025-04-06,FR,Nutrition_Diets,11678,-1.052813681,3.195623947,4.248437628,7.444061575,21.42039934,0.665876156,3231
2025-04-13,FR,Nutrition_Diets,11254,-1.606507626,3.142732602,4.749240228,7.89197283,21.23889749,0.660136338,3189
2025-04-20,FR,Nutrition_Diets,12291,-1.217335483,3.144740705,4.362076188,7.506816893,21.37547702,0.658190446,3622
2025-04-27,FR,Nutrition_Diets,13139,-1.523066785,2.974404987,4.497471772,7.471876759,21.23322543,0.617937297,3554
2025-05-04,FR,Nutrition_Diets,11251,-1.21538506,3.189336291,4.404721351,7.594057642,21.46643174,0.627726922,3251
2025-05-11,FR,Nutrition_Diets,13643,-1.195197171,3.139033834,4.334231005,7.473264839,21.55196535,0.701855882,3582
2025-05-18,FR,Nutrition_Diets,13842,-1.654080679,3.115452357,4.769533036,7.884985393,21.31837573,0.611704332,3434
2025-05-25,FR,Nutrition_Diets,13147,-1.375911779,3.217387757,4.593299535,7.810687292,21.63438153,0.61116786,3445
2025-06-01,FR,Nutrition_Diets,12539,-1.193170679,3.206484447,4.399655126,7.606139573,21.20669114,0.654512086,3252
2025-06-08,FR,Nutrition_Diets,13748,-1.586357558,3.037267844,4.623625402,7.660893246,21.51027468,0.630255696,3854
2025-06-29,FR,Nutrition_Diets,7854,-1.353458881,3.080700928,4.434159809,7.514860737,21.55736274,0.601744762,2586
2025-07-06,FR,Nutrition_Diets,14764,-1.67242521,3.077402472,4.749827682,7.827230154,21.48430973,0.556012723,3730
2025-07-13,FR,Nutrition_Diets,12316,-1.388871281,3.173488078,4.562359359,7.735847437,21.47026267,0.634650193,3213
2025-07-20,FR,Nutrition_Diets,13935,-2.175585246,2.927828883,5.103414129,8.031243012,21.3801487,0.611510868,3588
2025-07-27,FR,Nutrition_Diets,13702,-1.741993829,3.031824559,4.773818388,7.805642947,21.64453517,0.651207002,3681
2025-08-03,FR,Nutrition_Diets,10799,-2.018614217,3.002548082,5.021162298,8.02371038,21.68041218,0.572885595,3095
2025-08-10,FR,Nutrition_Diets,11117,-1.958958458,2.892332429,4.851290888,7.743623317,21.58867182,0.585636077,3265
2025-08-17,FR,Nutrition_Diets,10136,-1.689889825,3.051414319,4.741304144,7.792718463,21.60137842,0.61221354,3106
2025-08-24,FR,Nutrition_Diets,11208,-1.608132706,3.080133085,4.688265791,7.768398876,21.51650852,0.638449066,3168
2025-08-31,FR,Nutrition_Diets,12397,-1.65125244,3.077751637,4.729004077,7.806755715,21.43203946,0.631038558,3332
2025-09-07,FR,Nutrition_Diets,13016,-1.813785129,2.981205012,4.794990141,7.776195152,21.32364635,0.650955019,3519
2025-09-14,FR,Nutrition_Diets,13084,-1.712024185,2.989538649,4.701562834,7.691101484,21.63641988,0.620834758,3451
2025-09-21,FR,Nutrition_Diets,12203,-1.309809558,3.166254806,4.476064363,7.642319169,21.3145157,0.64612513,3310
2025-09-28,FR,Nutrition_Diets,12336,-1.427615893,3.169472156,4.597088049,7.766560205,21.28628352,0.631043395,3421
2025-10-05,FR,Nutrition_Diets,12861,-1.174967932,3.292949869,4.467917801,7.76086767,21.442674,0.614307732,3371
2025-10-12,FR,Nutrition_Diets,12544,-0.86178204,3.390938271,4.25272031,7.643658581,21.41193654,0.607335657,3250
2025-10-19,FR,Nutrition_Diets,14096,-1.827740903,3.067265971,4.895006875,7.962272846,21.28575108,0.565049386,3684
2025-10-26,FR,Nutrition_Diets,11472,-1.2516762,3.23683433,4.48851053,7.725344859,21.33980564,0.631437859,3269
2025-11-02,FR,Nutrition_Diets,12865,-1.363649876,3.126706262,4.490356138,7.617062399,21.46674021,0.611317291,3436
2025-11-09,FR,Nutrition_Diets,12142,-1.127219399,3.229343503,4.356562902,7.585906406,21.3064351,0.66672106,3210
2025-11-16,FR,Nutrition_Diets,12334,-1.350328801,3.153538955,4.503867756,7.65740671,21.21647497,0.656404342,3121
2025-11-23,FR,Nutrition_Diets,12446,-1.266637437,3.190290595,4.456928032,7.647218627,21.39925649,0.627616045,3308
2025-11-30,FR,Nutrition_Diets,12269,-1.091425642,3.230862425,4.322288068,7.553150493,21.51706072,0.565232022,3159
2025-12-07,FR,Nutrition_Diets,12541,-1.395934398,3.193544237,4.589478635,7.783022873,21.18258345,0.614984492,3142
2025-12-14,FR,Nutrition_Diets,12281,-1.811082053,3.031075709,4.842157763,7.873233472,21.15391409,0.576822166,3103
2025-12-21,FR,Nutrition_Diets,8506,-1.475059156,3.092356011,4.567415167,7.659771178,21.28131401,0.547759519,2648
2025-12-28,FR,Nutrition_Diets,10172,-1.960779939,2.984609428,4.945389367,7.929998796,21.85097549,0.541826005,2965
2026-01-04,FR,Nutrition_Diets,13692,-2.492020455,2.818150571,5.310171026,8.128321597,21.34309747,0.525696786,3149
2026-01-11,FR,Nutrition_Diets,10232,-1.423744731,3.07147469,4.495219421,7.56669411,21.53016067,0.664136301,2823
2026-01-18,FR,Nutrition_Diets,11696,-1.203173801,3.074360663,4.277534464,7.351895128,21.22039754,0.622155116,3044
2026-01-25,FR,Nutrition_Diets,12288,-1.481916078,3.093398924,4.575315002,7.668713926,21.27945338,0.577753192,3170
2026-02-01,FR,Nutrition_Diets,12483,-1.569203032,2.992453238,4.561656269,7.554109507,21.06010377,0.599504493,3184
2026-02-08,FR,Nutrition_Diets,11865,-1.672139322,3.034394253,4.706533575,7.740927828,21.55265871,0.631995406,2953
2026-02-15,FR,Nutrition_Diets,12195,-2.00894926,2.902757364,4.911706624,7.814463988,21.01523847,0.574669674,3068
2026-02-22,FR,Nutrition_Diets,11353,-1.492434369,3.097148522,4.589582891,7.686731413,21.30852616,0.645987146,3212
2026-03-01,FR,Nutrition_Diets,9765,-1.199404154,3.137036909,4.336441063,7.473477972,21.33447172,0.641312009,2763
2026-03-08,FR,Nutrition_Diets,11078,-1.276432295,3.052776817,4.329209112,7.381985929,21.35081959,0.598493021,2895
2026-03-15,FR,Nutrition_Diets,12089,-1.592190112,2.823437242,4.415627354,7.239064596,21.43717804,0.624241083,2923
2026-03-22,FR,Nutrition_Diets,10987,-1.403189724,3.071843495,4.475033219,7.546876714,21.55355189,0.592769182,2895
2026-03-29,FR,Nutrition_Diets,11654,-1.450021212,3.097046475,4.547067687,7.644114162,21.52657977,0.628097525,3005
2026-04-05,FR,Nutrition_Diets,9559,-1.302517954,3.173283867,4.475801821,7.649085688,21.40589892,0.614940807,2783
2026-04-12,FR,Nutrition_Diets,10551,-1.176977267,3.224990563,4.40196783,7.626958393,21.68863307,0.631204956,2923
2026-04-19,FR,Nutrition_Diets,10895,-1.194235602,3.175514696,4.369750298,7.545264994,21.44466836,0.607461114,2815
2026-04-26,FR,Nutrition_Diets,10345,-1.351535487,3.076800754,4.428336241,7.505136995,21.48807979,0.584116564,2725
2026-05-03,FR,Nutrition_Diets,11568,-1.372987235,3.05729645,4.430283685,7.487580135,21.63030485,0.553848807,3120
2026-05-10,FR,Nutrition_Diets,15585,-1.935490886,2.916585348,4.852076234,7.768661581,21.79319289,0.557062559,3420
2026-05-17,FR,Nutrition_Diets,12564,-1.373706827,3.139845923,4.51355275,7.653398673,21.32171639,0.604749445,3186
2026-05-24,FR,Nutrition_Diets,11357,-1.430713172,3.147319015,4.578032187,7.725351201,21.52157884,0.581521497,3065
2026-05-31,FR,Nutrition_Diets,10775,-1.278522867,3.107994209,4.386517076,7.494511284,21.37336061,0.593990794,2978
2026-06-07,FR,Nutrition_Diets,11330,-2.058084718,2.909987472,4.96807219,7.878059662,21.76812895,0.59343634,3059
2026-06-14,FR,Nutrition_Diets,11409,-1.055033304,3.237941925,4.292975229,7.530917153,21.58543402,0.587722806,3115
2026-06-21,FR,Nutrition_Diets,14859,-1.64975157,2.928307782,4.578059352,7.506367134,21.76730143,0.508074544,3498
2026-06-28,FR,Nutrition_Diets,14791,-2.208195697,2.81394527,5.022140967,7.836086237,21.81580495,0.465655327,3456
2026-07-05,FR,Nutrition_Diets,11487,-1.528102392,3.126925497,4.655027889,7.781953385,21.77861697,0.527358807,3234
2026-07-12,FR,Nutrition_Diets,10780,-1.410150972,3.074794804,4.484945776,7.55974058,21.86188436,0.53537038,3179
2026-07-19,FR,Nutrition_Diets,10594,-1.550994245,2.966471832,4.517466077,7.483937908,21.89542589,0.55961077,2942
2026-07-26,FR,Nutrition_Diets,12750,-2.24225909,2.731388838,4.973647928,7.705036765,22.2378887,0.542344226,3272
2026-08-02,FR,Nutrition_Diets,10112,-1.803365392,2.875073021,4.678438413,7.553511435,21.78015794,0.548278746,2772
2026-08-09,FR,Nutrition_Diets,9031,-1.412351915,2.942160757,4.354512672,7.296673429,22.0174136,0.549056429,2609
2026-08-16,FR,Nutrition_Diets,9809,-1.883354782,2.899603747,4.782958529,7.682562276,21.84846912,0.581589267,2732
2026-08-23,FR,Nutrition_Diets,3918,-1.652671396,2.931243669,4.583915065,7.515158733,21.69548245,0.599741303,1597
2023-01-01,GB,Fashion_Beauty,7,1.22591162,3.122899126,1.896987506,5.019886632,18.02626006,0.87381645,5
2023-01-08,GB,Fashion_Beauty,12,-0.362864425,2.402465698,2.765330123,5.167795821,19.58756162,0.41414497,12
2023-01-15,GB,Fashion_Beauty,5,-2.488594965,1.785460285,4.27405525,6.059515534,18.92418409,0.429897084,5
2023-01-22,GB,Fashion_Beauty,9,0.396804233,2.081609444,1.684805211,3.766414654,16.85812322,0.794507903,7
2023-01-29,GB,Fashion_Beauty,24,-1.154722656,2.668282448,3.823005104,6.491287552,19.88154855,0.606085356,17
2023-02-05,GB,Fashion_Beauty,18,-0.555973621,3.202476391,3.758450012,6.960926403,19.78914475,0.71149182,13
2023-02-12,GB,Fashion_Beauty,11,-1.419797352,2.281646035,3.701443388,5.983089423,20.76247006,0.621513943,6
2023-02-19,GB,Fashion_Beauty,15,-1.42356597,3.222345363,4.645911334,7.868256697,18.28399902,0.650909789,13
2023-02-26,GB,Fashion_Beauty,7,-0.781593847,1.584807203,2.36640105,3.951208252,21.11843323,1.027706913,7
2023-03-05,GB,Fashion_Beauty,4,-0.926864688,2.678981662,3.605846349,6.284828011,19.90627538,0.931113508,4
2023-03-12,GB,Fashion_Beauty,1,-1.219512195,2.134146341,3.353658537,5.487804878,18.90243902,1.117886179,1
2023-03-19,GB,Fashion_Beauty,3,0.85042682,2.861607593,2.011180773,4.872788366,20.40477399,0.069832402,3
2023-03-26,GB,Fashion_Beauty,8,0.063461001,3.249586183,3.186125182,6.435711365,20.54983579,0.798642434,8
2023-04-02,GB,Fashion_Beauty,12,-1.576086723,2.262351764,3.838438487,6.100790252,21.27747357,0.740867381,7
2023-04-09,GB,Fashion_Beauty,10,-1.233928439,3.471701387,4.705629826,8.177331213,19.4289174,0.849661813,10
2023-04-16,GB,Fashion_Beauty,15,-1.848791089,2.563491313,4.412282402,6.975773715,19.99269248,0.268840215,14
2023-04-23,GB,Fashion_Beauty,6,0.917818787,3.063897642,2.146078855,5.209976497,19.78654095,0.359396116,6
2023-04-30,GB,Fashion_Beauty,7,-0.275363439,3.252006936,3.527370375,6.779377312,20.85691236,0.463513309,6
2023-05-07,GB,Fashion_Beauty,7,-0.553550602,2.120551006,2.674101608,4.794652614,23.84788764,0.770900753,7
2023-05-14,GB,Fashion_Beauty,9,1.091031008,2.933217635,1.842186627,4.775404261,20.18927669,0.976291315,7
2023-05-21,GB,Fashion_Beauty,12,2.360600893,5.643137953,3.28253706,8.925675013,21.52845835,0.783963731,11
2023-05-28,GB,Fashion_Beauty,5,-0.562987996,3.717434563,4.28042256,7.997857123,18.8233463,0.631148925,5
2023-06-04,GB,Fashion_Beauty,18,-0.420659854,3.224894303,3.645554157,6.870448461,18.95745415,0.960483393,16
2023-06-11,GB,Fashion_Beauty,6,0.83683224,3.383753274,2.546921034,5.930674308,16.80067223,0.423111166,6
2023-06-18,GB,Fashion_Beauty,4,1.161323584,3.584915437,2.423591853,6.008507291,15.21579124,0,4
2023-06-25,GB,Fashion_Beauty,12,-0.834230743,2.259960239,3.094190981,5.35415122,19.37711499,0.163633021,10
2023-07-02,GB,Fashion_Beauty,15,-2.080878334,2.459502557,4.540380891,6.999883448,16.94728998,0.363388041,12
2023-07-09,GB,Fashion_Beauty,12,-0.654483371,2.247113003,2.901596374,5.148709377,20.72081871,0.174820346,11
2023-07-16,GB,Fashion_Beauty,15,-0.57741885,2.323299994,2.900718844,5.224018839,18.66561275,0.440740962,14
2023-07-23,GB,Fashion_Beauty,3,0.136654553,3.791007153,3.6543526,7.445359753,18.88231736,1.861879363,3
2023-07-30,GB,Fashion_Beauty,7,-0.874043529,2.772307128,3.646350657,6.418657784,18.91671769,0.01566416,6
2023-08-06,GB,Fashion_Beauty,17,-0.217531146,3.235232755,3.452763901,6.687996656,20.02849895,0.749172488,14
2023-08-13,GB,Fashion_Beauty,5,1.848821037,4.956797661,3.107976624,8.064774285,17.2751628,0.449926799,5
2023-08-20,GB,Fashion_Beauty,20,-1.728399453,2.362695418,4.091094871,6.45379029,19.00415063,0.937078364,14
2023-08-27,GB,Fashion_Beauty,229,-3.338365567,2.120336633,5.458702201,7.579038834,20.70046355,0.382823073,181
2023-09-03,GB,Fashion_Beauty,31,-0.394997489,3.022709976,3.417707466,6.440417442,19.83238743,0.609989727,30
2023-09-10,GB,Fashion_Beauty,12,-1.981883571,2.924668629,4.9065522,7.831220829,18.70822266,0.625247237,11
2023-09-17,GB,Fashion_Beauty,9,-1.657311179,2.931248959,4.588560138,7.519809097,21.0565405,0.637066907,9
2023-09-24,GB,Fashion_Beauty,9,0.412625701,2.895567141,2.48294144,5.378508581,18.42459007,0.43978754,8
2023-10-01,GB,Fashion_Beauty,17,0.881271581,3.176754642,2.29548306,5.472237702,20.21624949,0.312835276,14
2023-10-08,GB,Fashion_Beauty,26,0.110643278,3.666106183,3.555462906,7.221569089,19.9683322,0.716241587,18
2023-10-15,GB,Fashion_Beauty,11,1.088613722,3.324088827,2.235475105,5.559563931,20.6077461,0.529735202,9
2023-10-22,GB,Fashion_Beauty,17,-2.57528877,2.514290923,5.089579693,7.603870615,18.8345861,0.460544943,13
2023-10-29,GB,Fashion_Beauty,6,-0.735554803,2.678248353,3.413803156,6.092051509,22.00693606,0.595471127,6
2023-11-05,GB,Fashion_Beauty,5,0.051177883,3.45122334,3.400045456,6.851268796,21.62920768,0.273508812,5
2023-11-12,GB,Fashion_Beauty,7,0.677016394,3.227503941,2.550487548,5.777991489,18.73212112,0.831579801,5
2023-11-19,GB,Fashion_Beauty,2,-1.282259618,2.094467716,3.376727334,5.47119505,20.72740623,1.937081708,2
2023-11-26,GB,Fashion_Beauty,12,-0.560494775,2.38872074,2.949215516,5.337936256,19.04062195,0.971738499,10
2023-12-03,GB,Fashion_Beauty,10,-0.228000157,3.395610877,3.623611034,7.01922191,20.93818474,1.059545687,8
2023-12-10,GB,Fashion_Beauty,11,0.943608517,3.545590353,2.601981835,6.147572188,20.03900748,0.772522039,10
2023-12-17,GB,Fashion_Beauty,4,2.121418742,5.807793193,3.686374451,9.494167644,20.87652862,1.717399264,4
2023-12-24,GB,Fashion_Beauty,3,3.069686426,3.95844329,0.888756864,4.847200154,20.02355429,1.424592121,2
2023-12-31,GB,Fashion_Beauty,2,-1.899038462,1.598557692,3.497596154,5.096153846,22.11538462,1.923076923,2
2024-01-07,GB,Fashion_Beauty,4,1.17647552,2.904236212,1.727760692,4.631996904,19.5391559,0.391189204,3
2024-01-14,GB,Fashion_Beauty,7,1.209915463,2.855220135,1.645304672,4.500524807,16.11909935,1.540470817,6
2024-01-21,GB,Fashion_Beauty,3,1.448109029,3.913779749,2.46567072,6.379450469,20.8472228,0.166251039,3
2024-01-28,GB,Fashion_Beauty,14,-0.417531493,3.441974651,3.859506144,7.301480795,19.04351812,0.360126536,11
2024-02-04,GB,Fashion_Beauty,6,-0.416429064,2.442978634,2.859407698,5.302386332,19.88900691,0.634395638,6
2024-02-11,GB,Fashion_Beauty,12,0.994711817,3.516949464,2.522237648,6.039187112,19.57169367,0.932905068,8
2024-02-18,GB,Fashion_Beauty,12,0.04398282,2.800631045,2.756648225,5.55727927,20.85386002,0.24516204,10
2024-02-25,GB,Fashion_Beauty,18,-1.968014265,3.240493085,5.20850735,8.449000436,18.96318038,0.442886643,17
2024-03-03,GB,Fashion_Beauty,8,-0.975186134,3.152611278,4.127797412,7.28040869,19.58452306,0.533750533,8
2024-03-10,GB,Fashion_Beauty,18,-1.419874595,1.981804278,3.401678874,5.383483152,20.44906969,0.509911744,16
2024-03-17,GB,Fashion_Beauty,12,1.72995048,3.75439733,2.02444685,5.77884418,19.00270309,0.593206973,8
2024-03-24,GB,Fashion_Beauty,4,1.071852476,2.892712895,1.820860419,4.713573313,19.83836362,0.160346303,4
2024-03-31,GB,Fashion_Beauty,9,0.225258912,2.754897663,2.529638751,5.284536414,21.90093083,1.310203947,8
2024-04-07,GB,Fashion_Beauty,7,-2.419790872,2.911120603,5.330911474,8.242032077,18.90223157,1.039063319,7
2024-04-14,GB,Fashion_Beauty,6,0.564030308,2.187318177,1.623287869,3.810606046,19.68266482,0.177693039,4
2024-04-21,GB,Fashion_Beauty,10,0.224494413,3.189240781,2.964746368,6.153987149,17.52659911,0.236356706,9
2024-04-28,GB,Fashion_Beauty,12,0.580627713,3.76402256,3.183394847,6.947417407,18.4679369,0.463992634,11
2024-05-05,GB,Fashion_Beauty,33,-2.334009628,2.183932754,4.517942382,6.701875136,17.85724621,0.384255107,32
2024-05-12,GB,Fashion_Beauty,15,-0.746927995,2.110098843,2.857026839,4.967125682,16.89103445,0.157295246,12
2024-05-19,GB,Fashion_Beauty,29,-1.462949713,2.141676456,3.604626169,5.746302624,18.50524814,0.549041798,27
2024-05-26,GB,Fashion_Beauty,3,2.157297276,5.594167675,3.436870399,9.031038074,16.76712429,0.291937115,3
2024-06-02,GB,Fashion_Beauty,28,-0.08533585,3.218566846,3.303902696,6.522469542,18.09945997,0.484685315,24
2024-06-09,GB,Fashion_Beauty,11,-0.033821,2.937661931,2.971482931,5.909144862,19.70564948,0.202323524,8
2024-06-16,GB,Fashion_Beauty,8,-0.332607747,3.761391224,4.093998971,7.855390195,17.96088531,0.085369784,7
2024-06-23,GB,Fashion_Beauty,5,1.698205843,3.019566478,1.321360636,4.340927114,14.80076575,0.717485773,5
2024-06-30,GB,Fashion_Beauty,7,0.478442146,3.981259012,3.502816866,7.484075878,17.69111966,0.596613406,7
2024-07-07,GB,Fashion_Beauty,8,0.227385734,2.312040462,2.084654728,4.39669519,19.89041396,0.12757925,8
2024-07-14,GB,Fashion_Beauty,14,0.732102392,2.402355706,1.670253313,4.072609019,18.49931423,0.12276865,11
2024-07-21,GB,Fashion_Beauty,11,0.833018133,3.206680945,2.373662812,5.580343757,17.31353412,0.289419457,10
2024-07-28,GB,Fashion_Beauty,1,0.757575758,3.333333333,2.575757576,5.909090909,18.18181818,0,1
2024-08-04,GB,Fashion_Beauty,8,-4.165185353,2.57847986,6.743665213,9.322145074,19.58208527,0.19688734,7
2024-08-11,GB,Fashion_Beauty,7,-2.401723382,2.092953289,4.49467667,6.587629959,19.25598433,0,6
2024-08-18,GB,Fashion_Beauty,4,0.32984327,3.480344898,3.150501628,6.630846527,18.0772812,0.651128706,4
2024-08-25,GB,Fashion_Beauty,15,-0.00859994,3.997361459,4.005961399,8.003322858,17.9589173,0.893439475,13
2024-09-01,GB,Fashion_Beauty,11,-3.719907902,2.064555838,5.784463741,7.849019579,18.18688817,0.396190934,9
2024-09-08,GB,Fashion_Beauty,13,0.909539577,3.891470693,2.981931116,6.873401809,17.82805872,0.09726933,8
2024-09-15,GB,Fashion_Beauty,9,0.068721499,3.656110627,3.587389129,7.243499756,18.87518543,0.411934013,6
2024-09-22,GB,Fashion_Beauty,5,1.749973262,2.851446204,1.101472943,3.952919147,19.82198035,0.621380309,4
2024-09-29,GB,Fashion_Beauty,6,-0.815029771,2.933328733,3.748358504,6.681687237,16.93270046,0.246121593,5
2024-10-06,GB,Fashion_Beauty,12,0.223285509,3.150012463,2.926726954,6.076739417,18.07451059,0.315365527,8
2024-10-13,GB,Fashion_Beauty,11,0.819841665,3.965152315,3.14531065,7.110462965,19.62410645,0.063023604,6
2024-10-20,GB,Fashion_Beauty,9,0.177327068,2.759921425,2.582594356,5.342515781,18.31110011,0.290564192,6
2024-10-27,GB,Fashion_Beauty,18,1.436388553,3.48847072,2.052082167,5.540552887,17.91303082,0.460249229,12
2024-11-03,GB,Fashion_Beauty,20,2.01734467,4.015190979,1.997846309,6.013037289,19.28346261,0.247167841,11
2024-11-10,GB,Fashion_Beauty,40,0.901369496,3.772780745,2.871411248,6.644191993,19.13666917,0.51629577,24
2024-11-17,GB,Fashion_Beauty,40,1.178673583,4.196387245,3.017713662,7.214100906,19.3543392,0.429512199,27
2024-11-24,GB,Fashion_Beauty,9,0.320376675,3.726168291,3.405791616,7.131959907,19.2175008,0.287999268,6
2024-12-01,GB,Fashion_Beauty,10,2.13595223,4.083442291,1.947490061,6.030932352,18.41286358,1.818688851,8
2024-12-08,GB,Fashion_Beauty,26,1.872093483,4.439632477,2.567538994,7.007171471,17.8354939,0.367535519,16
2024-12-15,GB,Fashion_Beauty,12,1.169405416,3.382717286,2.213311871,5.596029157,17.9960342,0.513477726,11
2024-12-22,GB,Fashion_Beauty,37,-4.452740132,2.322210916,6.774951048,9.097161964,18.46752651,0.096500234,31
2024-12-29,GB,Fashion_Beauty,28,1.359815134,4.271720277,2.911905143,7.18362542,18.65477054,0.582383841,14
2025-01-05,GB,Fashion_Beauty,19,1.619749301,4.219770767,2.600021465,6.819792232,19.59020958,0.538214615,13
2025-01-12,GB,Fashion_Beauty,31,-0.378350668,4.379535935,4.757886603,9.137422538,21.6527698,0.460218023,27
2025-01-19,GB,Fashion_Beauty,34,0.515095372,3.75460167,3.239506298,6.994107968,18.22144855,0.195171608,20
2025-01-26,GB,Fashion_Beauty,6,1.2280358,3.555619702,2.327583901,5.883203603,17.68623016,0.476416253,3
2025-02-02,GB,Fashion_Beauty,17,0.797907156,3.266283819,2.468376663,5.734660482,18.65963546,0.414407474,11
2025-02-09,GB,Fashion_Beauty,16,-1.844187614,2.241503824,4.085691438,6.327195262,20.30888741,0.532877775,10
2025-02-16,GB,Fashion_Beauty,13,-0.409882117,3.058830799,3.468712916,6.527543715,18.20664592,0.281921259,11
2025-02-23,GB,Fashion_Beauty,20,0.517349222,3.520516863,3.00316764,6.523684503,18.91848514,0.51004351,10
2025-03-02,GB,Fashion_Beauty,16,-1.196637878,2.681424733,3.878062611,6.559487343,19.31289175,0.334497613,10
2025-03-09,GB,Fashion_Beauty,16,0.819481986,3.797023645,2.977541659,6.774565304,18.88490435,0.693734131,7
2025-03-16,GB,Fashion_Beauty,5,1.063597832,2.873551364,1.809953532,4.683504896,19.57686455,0.287631325,4
2025-03-23,GB,Fashion_Beauty,18,0.083695208,3.278067305,3.194372097,6.472439402,20.22726094,0.457369184,12
2025-03-30,GB,Fashion_Beauty,16,1.591768944,4.067005542,2.475236598,6.54224214,19.48215372,0.404562672,7
2025-04-06,GB,Fashion_Beauty,30,0.256508945,2.745698048,2.489189104,5.234887152,18.19990853,0.434562605,15
2025-04-13,GB,Fashion_Beauty,209,0.201931021,2.679832381,2.477901361,5.157733742,18.63248456,0.438379177,197
2025-04-20,GB,Fashion_Beauty,18,1.433706101,4.35086987,2.917163768,7.268033638,19.0762756,0.822287402,8
2025-04-27,GB,Fashion_Beauty,22,1.22470197,4.073387633,2.848685663,6.922073297,18.23001384,0.147701886,15
2025-05-04,GB,Fashion_Beauty,22,0.559482256,3.457636255,2.898154,6.355790255,19.59588319,0.358297483,18
2025-05-11,GB,Fashion_Beauty,31,0.91121416,3.506479406,2.595265246,6.101744651,19.17535608,0.374968508,21
2025-05-18,GB,Fashion_Beauty,15,-0.178992011,2.74981813,2.92881014,5.67862827,20.54581719,0.603501368,11
2025-05-25,GB,Fashion_Beauty,19,2.650158088,4.581371515,1.931213427,6.512584941,20.13640183,0.637180143,15
2025-06-01,GB,Fashion_Beauty,21,0.580027239,3.676190087,3.096162848,6.772352934,19.6510519,0.552217429,11
2025-06-08,GB,Fashion_Beauty,17,0.303751524,3.621944368,3.318192845,6.940137213,20.03287091,0.519839541,12
2025-06-29,GB,Fashion_Beauty,5,3.124024108,5.424208995,2.300184887,7.724393882,18.78656659,1.017088447,5
2025-07-06,GB,Fashion_Beauty,12,0.048988077,3.849137949,3.800149872,7.649287821,20.55642348,0.315523233,8
2025-07-13,GB,Fashion_Beauty,23,2.23347333,4.094757877,1.861284547,5.956042425,18.02419376,0.808990973,10
2025-07-20,GB,Fashion_Beauty,22,1.476883377,3.670431091,2.193547714,5.863978804,17.50414464,0.295228991,11
2025-07-27,GB,Fashion_Beauty,17,2.119757022,4.461719074,2.341962053,6.803681127,17.90348117,0.667770205,12
2025-08-03,GB,Fashion_Beauty,10,-0.292077212,3.027107377,3.31918459,6.346291967,18.43441747,0.353091985,5
2025-08-10,GB,Fashion_Beauty,18,0.593084449,3.536865949,2.9437815,6.48064745,18.94972726,0.539199686,13
2025-08-17,GB,Fashion_Beauty,16,-0.645748595,2.59213426,3.237882855,5.830017115,19.56922925,0.202274753,11
2025-08-24,GB,Fashion_Beauty,21,-1.5693199,2.67149497,4.24081487,6.91230984,20.1383365,0.417770974,14
2025-08-31,GB,Fashion_Beauty,17,1.128451754,3.77547629,2.647024535,6.422500825,19.49605458,0.841530517,11
2025-09-07,GB,Fashion_Beauty,12,1.961170729,4.485106328,2.523935599,7.009041927,20.15835281,0.336817943,9
2025-09-14,GB,Fashion_Beauty,21,0.222065782,2.295379936,2.073314153,4.368694089,18.34391946,0.547105067,14
2025-09-21,GB,Fashion_Beauty,19,1.212444422,3.604978327,2.392533904,5.997512231,18.9215523,0.761803692,11
2025-09-28,GB,Fashion_Beauty,28,0.122987201,3.871862376,3.748875175,7.620737551,19.94534329,0.445989143,10
2025-10-05,GB,Fashion_Beauty,35,0.575870805,3.599386508,3.023515703,6.622902211,19.73654022,0.801514345,16
2025-10-12,GB,Fashion_Beauty,30,0.571973449,3.857483284,3.285509835,7.142993119,19.59110365,0.734815906,17
2025-10-19,GB,Fashion_Beauty,27,1.617186817,3.904645402,2.287458585,6.192103987,18.42492411,0.526497659,10
2025-10-26,GB,Fashion_Beauty,24,2.152176636,4.558798946,2.406622309,6.965421255,16.50217082,0.865173143,11
2025-11-02,GB,Fashion_Beauty,34,2.152161681,3.801588408,1.649426727,5.451015134,17.29867476,0.560074091,11
2025-11-09,GB,Fashion_Beauty,27,-1.526275574,3.605953551,5.132229125,8.738182676,19.2667978,0.234414111,17
2025-11-16,GB,Fashion_Beauty,38,0.583916533,3.578191388,2.994274855,6.572466243,19.21250007,0.316008383,23
2025-11-23,GB,Fashion_Beauty,10,-0.282078477,2.831323911,3.113402387,5.944726298,19.58133419,0.634239775,8
2025-11-30,GB,Fashion_Beauty,21,2.96432697,4.554514168,1.590187198,6.144701366,18.24872095,0.354510266,8
2025-12-07,GB,Fashion_Beauty,22,-0.473844334,3.750853876,4.224698209,7.975552085,18.73857837,0.397360054,17
2025-12-14,GB,Fashion_Beauty,25,-0.372916303,3.113229997,3.4861463,6.599376297,18.50230196,0.116980903,11
2025-12-21,GB,Fashion_Beauty,17,0.255985081,3.951684267,3.695699186,7.647383452,18.53940474,0.195992498,6
2025-12-28,GB,Fashion_Beauty,15,-0.231437292,2.838101367,3.069538659,5.907640026,18.6889546,0.07963459,12
2026-01-04,GB,Fashion_Beauty,22,-3.11042685,2.220222649,5.330649499,7.550872148,20.34966751,0.133796611,18
2026-01-11,GB,Fashion_Beauty,12,-0.087088443,2.915425413,3.002513856,5.917939269,17.31883903,0.399840869,5
2026-01-18,GB,Fashion_Beauty,27,0.272389849,3.085391027,2.813001178,5.898392205,19.2057755,0.294085969,11
2026-01-25,GB,Fashion_Beauty,15,2.173369085,4.126245032,1.952875947,6.07912098,19.1387065,0.810736424,12
2026-02-01,GB,Fashion_Beauty,26,-0.087714233,2.91556396,3.003278193,5.918842153,17.52019733,0.406337011,9
2026-02-08,GB,Fashion_Beauty,22,0.653615992,4.198245953,3.544629962,7.742875915,18.56377357,0.362495673,15
2026-02-15,GB,Fashion_Beauty,22,-2.378972134,2.74169887,5.120671004,7.862369874,18.41716003,1.013846411,13
2026-02-22,GB,Fashion_Beauty,20,0.34905613,3.264802191,2.915746061,6.180548252,18.80219621,0.815733901,7
2026-03-01,GB,Fashion_Beauty,8,-0.327170382,3.251635198,3.578805579,6.830440777,18.39667991,0.530192266,4
2026-03-08,GB,Fashion_Beauty,14,-0.249887017,2.661113577,2.911000593,5.57211417,21.05029849,0.395810172,10
2026-03-15,GB,Fashion_Beauty,13,-0.091364791,3.08879364,3.18015843,6.26895207,18.66290691,0.60611201,9
2026-03-22,GB,Fashion_Beauty,8,1.496721304,4.037436897,2.540715592,6.578152489,19.67886552,0.173114503,6
2026-03-29,GB,Fashion_Beauty,21,0.761891025,3.917239828,3.155348802,7.07258863,18.96836462,0.267987275,9
2026-04-05,GB,Fashion_Beauty,17,1.572395163,3.94633466,2.373939496,6.320274156,19.88652406,0.755412161,11
2026-04-12,GB,Fashion_Beauty,7,-4.623379122,2.111257215,6.734636337,8.845893552,22.54770706,0.193832167,6
2026-04-19,GB,Fashion_Beauty,63,-0.893487182,3.79163092,4.685118102,8.476749022,18.43508129,0.485186423,49
2026-04-26,GB,Fashion_Beauty,26,0.758084617,3.70707069,2.948986073,6.656056763,18.61669285,0.072997249,19
2026-05-03,GB,Fashion_Beauty,34,2.290343123,4.073627238,1.783284115,5.856911353,18.19472321,0.130874525,22
2026-05-10,GB,Fashion_Beauty,32,-1.454111853,2.554281127,4.00839298,6.562674107,18.86480477,0.312736307,22
2026-05-17,GB,Fashion_Beauty,20,1.607898335,3.354139102,1.746240767,5.100379869,17.29355973,0.17995008,11
2026-05-24,GB,Fashion_Beauty,6,0.075148175,3.157518094,3.082369919,6.239888012,18.38002119,0.157099035,5
2026-05-31,GB,Fashion_Beauty,14,1.320396703,3.516441685,2.196044983,5.712486668,19.66346011,0.225641571,9
2026-06-07,GB,Fashion_Beauty,12,-0.492683371,3.065560219,3.55824359,6.623803809,18.92507109,0.650753734,10
2026-06-14,GB,Fashion_Beauty,23,1.113062761,3.456279378,2.343216617,5.799495995,18.51997274,0.325926556,10
2026-06-21,GB,Fashion_Beauty,20,0.564682425,3.371841571,2.807159146,6.179000717,19.51592243,0.501955746,13
2026-06-28,GB,Fashion_Beauty,27,0.93320198,3.141430487,2.208228507,5.349658995,20.19715199,0.096322274,11
2026-07-05,GB,Fashion_Beauty,24,1.809542482,3.969330437,2.159787955,6.129118392,17.48300811,0.245739318,15
2026-07-12,GB,Fashion_Beauty,19,1.351981827,2.942427789,1.590445962,4.532873752,19.03734636,0.397523393,12
2026-07-19,GB,Fashion_Beauty,17,0.556440494,3.173296177,2.616855682,5.790151859,19.15693647,1.189344417,8
2026-07-26,GB,Fashion_Beauty,15,0.584144427,3.914668235,3.330523808,7.245192044,19.30584307,0.326852935,11
2026-08-02,GB,Fashion_Beauty,10,2.221518371,4.575836962,2.35431859,6.930155552,19.65295983,0.940077996,6
2026-08-09,GB,Fashion_Beauty,9,1.274278956,3.25635004,1.982071084,5.238421124,18.8815091,0.454232937,4
2026-08-16,GB,Fashion_Beauty,10,0.940724427,3.721789168,2.78106474,6.502853908,20.67286599,1.425736653,7
2026-08-23,GB,Fashion_Beauty,4,1.582765539,3.306813046,1.724047508,5.030860554,14.37073652,0.046992481,4
2023-01-08,GB,Fitness_Wearables,5,0.497942739,2.029202445,1.531259705,3.56046215,20.53208168,0.598290598,4
2023-01-15,GB,Fitness_Wearables,1,0.862068966,1.724137931,0.862068966,2.586206897,22.4137931,1.149425287,1
2023-01-22,GB,Fitness_Wearables,3,-1.794305569,2.928277014,4.722582583,7.650859596,19.38654727,0.511032378,3
2023-01-29,GB,Fitness_Wearables,7,0.890266595,3.349757138,2.459490543,5.809247681,18.22263154,0.090525437,3
2023-02-12,GB,Fitness_Wearables,2,0,3.557312253,3.557312253,7.114624506,20.55335968,1.185770751,1
2023-02-19,GB,Fitness_Wearables,9,1.211590201,2.818946909,1.607356708,4.426303617,17.09018168,0.240220903,7
2023-03-05,GB,Fitness_Wearables,6,3.595362127,4.326751003,0.731388876,5.058139879,16.93421984,0.523009168,5
2023-03-12,GB,Fitness_Wearables,1,4.564489112,4.983249581,0.418760469,5.40201005,22.69681742,1.75879397,1
2023-03-26,GB,Fitness_Wearables,2,0.836820084,2.510460251,1.673640167,4.184100418,17.15481172,0,1
2023-04-09,GB,Fitness_Wearables,1,2.747252747,5.494505495,2.747252747,8.241758242,14.83516484,2.747252747,1
2023-04-23,GB,Fitness_Wearables,2,-0.485830278,1.61943426,2.105264538,3.724698798,21.53847566,0,1
2023-04-30,GB,Fitness_Wearables,2,1.588401913,2.312200407,0.723798494,3.035998902,16.09511458,0.749914935,2
2023-05-07,GB,Fitness_Wearables,7,0.496437341,3.191814401,2.695377059,5.88719146,21.04493207,0.271040104,7
2023-05-14,GB,Fitness_Wearables,2,2.795293841,4.568611256,1.773317416,6.341928672,17.78863488,0.403538817,2
2023-05-21,GB,Fitness_Wearables,2,1.543059613,1.701287461,0.158227848,1.859515309,21.07135129,2.326084605,2
2023-05-28,GB,Fitness_Wearables,2,1.414231527,3.945434664,2.531203137,6.476637801,17.21244763,0.584866375,2
2023-06-18,GB,Fitness_Wearables,1,2.189781022,3.010948905,0.821167883,3.832116788,20.4379562,0.273722628,1
2023-06-25,GB,Fitness_Wearables,2,1.297253551,3.297392788,2.000139237,5.297532025,22.80693052,2.378167641,2
2023-07-02,GB,Fitness_Wearables,2,2.597683002,2.857451302,0.2597683,3.117219602,18.31231572,0,2
2023-07-09,GB,Fitness_Wearables,5,0.983786419,3.540709402,2.556922984,6.097632386,19.45394589,0.50200224,4
2023-07-16,GB,Fitness_Wearables,5,0.504279293,3.102724467,2.598445173,5.70116964,20.12705043,0.4734428,5
2023-07-23,GB,Fitness_Wearables,11,3.965964272,5.658721685,1.692757412,7.351479097,19.36212131,1.611566212,8
2023-07-30,GB,Fitness_Wearables,2,1.717287289,3.543790306,1.826503016,5.370293322,15.56896193,0,2
2023-08-06,GB,Fitness_Wearables,2,3.136964845,4.780136907,1.643172062,6.423308969,20.46206056,2.240689175,2
2023-08-13,GB,Fitness_Wearables,3,0.275712769,4.189834592,3.914121823,8.103956415,20.27180644,3.26361951,3
2023-08-20,GB,Fitness_Wearables,24,2.549001426,3.766416061,1.217414635,4.983830696,20.01801896,0.674696869,9
2023-08-27,GB,Fitness_Wearables,9,4.141990874,5.41895276,1.276961886,6.695914647,18.33481095,0.111564414,5
2023-09-03,GB,Fitness_Wearables,6,0.371763347,3.293517652,2.921754305,6.215271956,19.4811623,0.343469623,5
2023-09-10,GB,Fitness_Wearables,4,1.193311336,3.095316544,1.902005208,4.997321752,17.25822971,0.136446218,4
2023-09-17,GB,Fitness_Wearables,1,0.998003992,3.393213573,2.395209581,5.788423154,19.96007984,0,1
2023-09-24,GB,Fitness_Wearables,6,1.243483878,2.63601468,1.392530802,4.028545482,15.84258323,0.15503876,5
2023-10-01,GB,Fitness_Wearables,5,2.913323324,3.938318422,1.024995098,4.96331352,19.61054282,0.187597369,5
2023-10-08,GB,Fitness_Wearables,13,0.948755203,3.382628804,2.433873601,5.816502406,16.90113728,0.591201757,12
2023-10-15,GB,Fitness_Wearables,3,2.067551666,3.353229392,1.285677726,4.638907118,15.97281901,0.642838863,3
2023-10-22,GB,Fitness_Wearables,5,1.995865814,3.36629291,1.370427096,4.736720007,19.72058197,1.355968725,3
2023-11-05,GB,Fitness_Wearables,1,1.205699671,2.228717574,1.023017903,3.251735477,12.16660577,0.073072707,1
2023-11-19,GB,Fitness_Wearables,1,2.739726027,2.739726027,0,2.739726027,11.64383562,0,1
2023-11-26,GB,Fitness_Wearables,1,3.846153846,5.769230769,1.923076923,7.692307692,19.71153846,0,1
2023-12-10,GB,Fitness_Wearables,3,-0.693234611,3.235560172,3.928794782,7.164354954,15.71583058,0.679181929,3
2023-12-17,GB,Fitness_Wearables,2,-0.444444444,2.222222222,2.666666667,4.888888889,17.07936508,0,2
2023-12-24,GB,Fitness_Wearables,11,-0.873222614,2.350141172,3.223363787,5.573504959,18.02942229,0.045228403,10
2023-12-31,GB,Fitness_Wearables,1,0.508905852,3.435114504,2.926208651,6.361323155,24.42748092,0.381679389,1
2024-01-07,GB,Fitness_Wearables,6,1.252227797,3.059675458,1.807447661,4.867123119,21.43504117,1.567609011,4
2024-01-14,GB,Fitness_Wearables,10,3.114843702,3.796734734,0.681891032,4.478625766,18.84737367,0.256643963,10
2024-01-21,GB,Fitness_Wearables,4,3.009749716,4.815419056,1.80566934,6.621088396,21.80865796,1.523079289,4
2024-01-28,GB,Fitness_Wearables,3,2.471834948,2.954844825,0.483009878,3.437854703,12.49589815,0,3
2024-02-04,GB,Fitness_Wearables,1,4.383561644,6.301369863,1.917808219,8.219178082,15.61643836,0,1
2024-02-11,GB,Fitness_Wearables,5,1.631476469,2.967950327,1.336473859,4.304424186,17.05782433,0.332900443,5
2024-02-18,GB,Fitness_Wearables,8,3.039555982,4.731859606,1.692303624,6.42416323,19.69139361,0.456334309,4
2024-02-25,GB,Fitness_Wearables,2,-1.673270082,2.574006838,4.247276919,6.821283757,14.54297299,0.772202051,2
2024-03-03,GB,Fitness_Wearables,3,3.806891167,5.257808013,1.450916846,6.708724859,17.15590821,0.244200244,3
2024-03-10,GB,Fitness_Wearables,5,2.145859826,3.79417439,1.648314565,5.442488955,20.10677054,0.679807364,4
2024-03-17,GB,Fitness_Wearables,1,-0.055463117,2.939545202,2.995008319,5.934553522,21.29783694,0.166389351,1
2024-03-24,GB,Fitness_Wearables,3,1.79361429,3.186389959,1.392775669,4.579165628,18.12178475,1.058435621,1
2024-04-07,GB,Fitness_Wearables,2,0,1.123595506,1.123595506,2.247191011,17.22846442,1.123595506,1
2024-04-14,GB,Fitness_Wearables,1,2.414486922,2.414486922,0,2.414486922,17.90744467,0.60362173,1
2024-04-21,GB,Fitness_Wearables,8,0.737321727,2.948426766,2.211105039,5.159531805,16.86249026,0.485586452,5
2024-04-28,GB,Fitness_Wearables,4,1.310128314,3.263446666,1.953318353,5.216765019,17.52976138,0.550327499,4
2024-05-05,GB,Fitness_Wearables,9,1.145981143,2.761664231,1.615683089,4.37734732,18.08977935,0.660271252,8
2024-05-12,GB,Fitness_Wearables,2,-0.084339659,1.072455434,1.156795093,2.229250527,16.97335634,0.540540541,2
2024-05-19,GB,Fitness_Wearables,3,1.42307144,3.7115995,2.28852806,6.000127559,20.30337045,0.907354346,3
2024-05-26,GB,Fitness_Wearables,2,3.651999807,5.324697255,1.672697448,6.997394703,16.4121677,0.106382979,1
2024-06-02,GB,Fitness_Wearables,1,0,0.581395349,0.581395349,1.162790698,12.79069767,2.325581395,1
2024-06-09,GB,Fitness_Wearables,1,-1.518987342,5.82278481,7.341772152,13.16455696,16.20253165,0.759493671,1
2024-06-16,GB,Fitness_Wearables,1,2.027027027,3.378378378,1.351351351,4.72972973,11.48648649,3.378378378,1
2024-06-23,GB,Fitness_Wearables,5,2.245433077,3.958953319,1.713520242,5.672473561,17.31740557,0.381959545,4
2024-06-30,GB,Fitness_Wearables,2,1.858736059,2.928001892,1.069265832,3.997267724,20.1078461,0,2
2024-07-07,GB,Fitness_Wearables,2,-0.34382336,1.708043584,2.051866944,3.759910528,17.39436152,1.235770917,2
2024-07-14,GB,Fitness_Wearables,3,3.034336725,3.285593006,0.251256281,3.536849288,18.57978225,0.673015547,2
2024-07-21,GB,Fitness_Wearables,2,1.173878889,3.49226408,2.318385191,5.810649271,18.89955258,2.313262065,1
2024-07-28,GB,Fitness_Wearables,5,1.399741378,4.818644157,3.418902779,8.237546937,15.56224447,0.425506268,5
2024-08-04,GB,Fitness_Wearables,1,-1.461988304,1.461988304,2.923976608,4.385964912,23.39181287,0,1
2024-08-11,GB,Fitness_Wearables,2,3.374989479,4.320422239,0.94543276,5.265854999,16.08708676,0.315144253,2
2024-08-18,GB,Fitness_Wearables,3,1.99239947,4.243940437,2.251540967,6.495481405,17.00619155,0,3
2024-08-25,GB,Fitness_Wearables,3,2.439791234,4.288784849,1.848993615,6.137778464,19.05408071,0.596657006,3
2024-09-01,GB,Fitness_Wearables,13,5.005684169,5.567771387,0.562087218,6.129858604,16.42672091,0.123494122,8
2024-09-08,GB,Fitness_Wearables,9,1.033214091,2.936902024,1.903687933,4.840589957,17.43569716,0.270039452,4
2024-09-15,GB,Fitness_Wearables,4,0.487399133,2.223330423,1.73593129,3.959261713,17.60071661,0.871258882,2
2024-09-22,GB,Fitness_Wearables,4,2.618024973,4.344274438,1.726249464,6.070523902,19.07252708,2.582914873,3
2024-09-29,GB,Fitness_Wearables,6,1.074049262,3.105202049,2.031152788,5.136354837,17.42467094,0.449061054,3
2024-10-06,GB,Fitness_Wearables,3,1.202654975,2.026245281,0.823590306,2.849835586,20.37967361,0.370691755,2
2024-10-13,GB,Fitness_Wearables,3,3.061843891,4.752870417,1.691026526,6.443896943,18.94217553,0.393504743,3
2024-10-20,GB,Fitness_Wearables,1,6.312399356,6.892109501,0.579710145,7.471819646,23.96135266,3.252818035,1
2024-10-27,GB,Fitness_Wearables,2,3.800305597,5.169314428,1.369008831,6.538323259,16.49270836,0,2
2024-11-03,GB,Fitness_Wearables,2,5.470164609,6.08744856,0.617283951,6.70473251,14.95164609,1.117283951,2
2024-11-10,GB,Fitness_Wearables,2,3.657988343,4.630849193,0.97286085,5.603710043,13.73677942,0.121065375,2
2024-11-17,GB,Fitness_Wearables,2,5.99078341,6.728110599,0.737327189,7.465437788,12.25806452,0,1
2024-11-24,GB,Fitness_Wearables,4,2.656249506,5.537870968,2.881621462,8.41949243,17.86683509,0.227272727,4
2024-12-01,GB,Fitness_Wearables,6,1.443676813,3.18582538,1.742148567,4.927973948,19.85478623,1.72624508,6
2024-12-08,GB,Fitness_Wearables,4,3.388351537,4.720548093,1.332196557,6.05274465,20.11712582,1.016405866,4
2024-12-15,GB,Fitness_Wearables,4,2.326676074,4.119493787,1.792817713,5.9123115,17.83100106,0.503018109,3
2024-12-22,GB,Fitness_Wearables,2,6.285699627,7.163012621,0.877312994,8.040325615,19.5899032,0,2
2024-12-29,GB,Fitness_Wearables,5,1.534445182,2.346827627,0.812382445,3.159210072,15.68396424,0,3
2025-01-05,GB,Fitness_Wearables,4,1.688132324,3.907537645,2.219405321,6.126942965,18.57355818,0.528730996,4
2025-01-12,GB,Fitness_Wearables,8,0.237896791,3.022982571,2.78508578,5.80806835,17.88868221,0.960695508,5
2025-01-19,GB,Fitness_Wearables,8,2.674617983,3.211856096,0.537238114,3.74909421,16.58547621,0.054841441,7
2025-01-26,GB,Fitness_Wearables,4,1.340254947,3.771007583,2.430752636,6.201760218,19.58499924,0.503847198,4
2025-02-02,GB,Fitness_Wearables,10,3.916869857,6.27001605,2.353146193,8.623162243,18.41470612,0.696476861,7
2025-02-09,GB,Fitness_Wearables,2,2.441398246,3.743545611,1.302147365,5.045692976,19.44410294,0.981476928,2
2025-02-16,GB,Fitness_Wearables,4,2.292192522,3.554608914,1.262416391,4.817025305,18.8929826,0.241160279,4
2025-02-23,GB,Fitness_Wearables,6,2.637858573,3.958753145,1.320894572,5.279647717,17.15061326,0.578685633,2
2025-03-02,GB,Fitness_Wearables,4,1.006381361,2.643297134,1.636915773,4.280212907,20.47044889,0.511638382,4
2025-03-09,GB,Fitness_Wearables,7,1.283912348,3.447145853,2.163233505,5.610379358,18.74081855,0.84863336,4
2025-03-16,GB,Fitness_Wearables,5,2.510010435,4.019012508,1.509002073,5.528014581,18.58716475,0.700093687,5
2025-03-23,GB,Fitness_Wearables,3,3.140052555,4.477813944,1.337761388,5.815575332,18.72368058,0.27100271,3
2025-03-30,GB,Fitness_Wearables,3,-0.532475148,2.177700659,2.710175807,4.887876466,18.48254013,0.620847503,2
2025-04-06,GB,Fitness_Wearables,4,2.00884514,4.613271546,2.604426407,7.217697953,18.16409363,1.225060826,3
2025-04-13,GB,Fitness_Wearables,8,5.356479404,5.9513167,0.594837296,6.546153996,17.23253024,0.47441884,8
2025-04-20,GB,Fitness_Wearables,1,5.263157895,5.741626794,0.4784689,6.220095694,18.66028708,0,1
2025-04-27,GB,Fitness_Wearables,3,2.705451519,4.685393258,1.979941739,6.665334998,17.52417811,0.595921764,3
2025-05-04,GB,Fitness_Wearables,13,2.233729206,3.503633716,1.269904509,4.773538225,17.77592803,1.042408004,10
2025-05-11,GB,Fitness_Wearables,8,2.684594781,4.415686186,1.731091406,6.146777592,18.06187922,0.273775985,6
2025-05-18,GB,Fitness_Wearables,1,-1.215805471,0.607902736,1.823708207,2.431610942,20.36474164,0.303951368,1
2025-05-25,GB,Fitness_Wearables,6,0.681984873,3.717084215,3.035099342,6.752183556,19.65186996,0.216460934,4
2025-06-01,GB,Fitness_Wearables,7,4.358783062,5.413183041,1.054399979,6.46758302,15.90133887,0.172762973,6
2025-06-08,GB,Fitness_Wearables,6,1.457285117,3.282066786,1.824781669,5.106848455,17.70311486,0.123512664,5
2025-06-29,GB,Fitness_Wearables,7,4.630671959,5.544974566,0.914302607,6.459277173,17.23213197,0.231243577,5
2025-07-06,GB,Fitness_Wearables,2,1.89596559,2.890250886,0.994285297,3.884536183,16.2768524,1.912415163,2
2025-07-13,GB,Fitness_Wearables,4,2.938688587,4.300498289,1.361809703,5.662307992,19.79137674,1.86034605,3
2025-07-20,GB,Fitness_Wearables,8,0.698852749,2.657022068,1.958169319,4.615191386,14.0113105,0.172630242,6
2025-07-27,GB,Fitness_Wearables,18,2.437214012,3.678194509,1.240980497,4.919175007,17.04783496,0.099163977,10
2025-08-03,GB,Fitness_Wearables,9,1.983160812,3.791231874,1.808071062,5.599302936,17.16373006,0.073099415,5
2025-08-10,GB,Fitness_Wearables,2,3.843324164,5.862548781,2.019224618,7.881773399,17.7060009,0.980423517,2
2025-08-17,GB,Fitness_Wearables,4,-0.607601151,2.043962592,2.651563743,4.695526336,19.833658,0.595238095,2
2025-08-24,GB,Fitness_Wearables,4,3.439255279,4.402500661,0.963245383,5.365746044,16.9041537,0.9064939,4
2025-08-31,GB,Fitness_Wearables,3,-1.858350392,2.891618276,4.749968668,7.641586944,18.39968807,0.751973932,2
2025-09-07,GB,Fitness_Wearables,13,1.988110991,3.16006197,1.171950979,4.332012948,16.30840959,0.335368894,8
2025-09-14,GB,Fitness_Wearables,5,1.849351686,4.418449566,2.56909788,6.987547446,20.6154583,1.506324987,2
2025-09-21,GB,Fitness_Wearables,12,2.312635664,4.354075321,2.041439657,6.395514978,19.06335333,0.992418657,4
2025-09-28,GB,Fitness_Wearables,4,4.169706013,5.549203511,1.379497497,6.928701008,16.57048362,0.349090528,4
2025-10-05,GB,Fitness_Wearables,5,2.933559214,4.065248334,1.13168912,5.196937454,16.3844219,0,4
2025-10-12,GB,Fitness_Wearables,6,4.862846698,6.211416807,1.348570108,7.559986915,16.86167398,1.382781893,4
2025-10-19,GB,Fitness_Wearables,1,5.23255814,5.813953488,0.581395349,6.395348837,15.69767442,1.744186047,1
2025-10-26,GB,Fitness_Wearables,9,2.427405463,3.644781452,1.217375989,4.86215744,19.6231052,0.292299397,5
2025-11-02,GB,Fitness_Wearables,5,2.025475253,4.672457876,2.646982622,7.319440498,16.64323768,0.37037037,5
2025-11-09,GB,Fitness_Wearables,13,1.024150403,2.38099895,1.356848547,3.737847498,17.41109624,0.290688833,7
2025-11-16,GB,Fitness_Wearables,2,5.092684542,5.513075141,0.420390599,5.93346574,15.54783184,0.526315789,2
2025-11-23,GB,Fitness_Wearables,3,4.277805304,5.172772294,0.89496699,6.067739284,17.96425391,0.439049359,2
2025-11-30,GB,Fitness_Wearables,3,2.91045991,4.643467643,1.733007733,6.376475376,17.3013838,0.806878307,2
2025-12-07,GB,Fitness_Wearables,14,2.787885984,3.938289722,1.150403739,5.088693461,18.33973283,0.076616993,5
2025-12-14,GB,Fitness_Wearables,3,2.866030341,4.744569834,1.878539492,6.623109326,16.72717223,0,3
2025-12-21,GB,Fitness_Wearables,2,3.204835766,3.793013556,0.588177789,4.381191345,17.80826382,0.223214286,2
2025-12-28,GB,Fitness_Wearables,12,1.105017464,3.153912554,2.04889509,5.202807644,18.48155355,0.134936914,10
2026-01-04,GB,Fitness_Wearables,2,-0.277034062,2.084262978,2.36129704,4.445560018,17.86404879,0,2
2026-01-11,GB,Fitness_Wearables,12,0.56811556,3.14584939,2.57773383,5.72358322,18.47559363,0.222133442,6
2026-01-18,GB,Fitness_Wearables,1,0,1.834862385,1.834862385,3.669724771,27.06422018,0.458715596,1
2026-01-25,GB,Fitness_Wearables,5,2.502596841,3.972308424,1.469711582,5.442020006,15.68599003,0.206633992,4
2026-02-01,GB,Fitness_Wearables,3,3.33967944,4.557481084,1.217801643,5.775282727,16.96493369,0,2
2026-02-08,GB,Fitness_Wearables,9,-0.375280376,3.528218802,3.903499178,7.431717979,19.89036396,0.182820109,5
2026-02-15,GB,Fitness_Wearables,8,2.314975604,4.448788729,2.133813125,6.582601855,17.0809342,0.275727492,8
2026-02-22,GB,Fitness_Wearables,2,1.428571429,3.49025974,2.061688312,5.551948052,19.87012987,0,2
2026-03-01,GB,Fitness_Wearables,12,2.041709394,4.20809581,2.166386416,6.374482226,19.66058817,0.918162106,10
2026-03-08,GB,Fitness_Wearables,9,2.526439383,3.604566959,1.078127576,4.682694535,17.72020313,0.168856746,7
2026-03-15,GB,Fitness_Wearables,3,2.295067973,4.347286513,2.05221854,6.399505054,18.00034549,0,2
2026-03-22,GB,Fitness_Wearables,1,2.535211268,4.225352113,1.690140845,5.915492958,17.74647887,0,1
2026-03-29,GB,Fitness_Wearables,2,4.283239056,5.352562469,1.069323413,6.421885882,18.97688087,0,2
2026-04-05,GB,Fitness_Wearables,1,2.813299233,4.092071611,1.278772379,5.37084399,18.9258312,1.79028133,1
2026-04-12,GB,Fitness_Wearables,2,1.45265873,2.800831114,1.348172385,4.149003499,18.53826588,0.650800664,2
2026-04-19,GB,Fitness_Wearables,7,6.773969777,7.619444119,0.845474342,8.464918461,20.19731074,1.730355942,7
2026-04-26,GB,Fitness_Wearables,8,1.089157546,3.731426956,2.64226941,6.373696367,19.67278512,0.292942506,4
2026-05-03,GB,Fitness_Wearables,5,0.964987724,3.153080651,2.188092927,5.341173578,19.27318203,0.363281647,3
2026-05-10,GB,Fitness_Wearables,2,3.172976449,4.037456796,0.864480347,4.901937143,19.03102644,0.229885057,2
2026-05-17,GB,Fitness_Wearables,2,0.569697614,1.963118457,1.393420843,3.3565393,18.15485997,0,2
2026-05-24,GB,Fitness_Wearables,3,1.620513515,3.843573805,2.22306029,6.066634095,19.2498433,0.526696534,3
2026-05-31,GB,Fitness_Wearables,3,5.32042642,6.387193712,1.066767292,7.453961004,16.07485109,0.533383646,3
2026-06-07,GB,Fitness_Wearables,4,0.845626512,2.139065841,1.293439329,3.432505171,16.83549881,0,4
2026-06-14,GB,Fitness_Wearables,9,3.295055877,4.799887938,1.504832061,6.304719999,17.45924528,0.719423278,8
2026-06-21,GB,Fitness_Wearables,4,1.114072539,2.789417832,1.675345293,4.464763125,18.02263908,0.985302313,4
2026-06-28,GB,Fitness_Wearables,3,1.646294144,3.290230869,1.643936725,4.934167595,16.56597716,2.475784728,3
2026-07-05,GB,Fitness_Wearables,1,2.079395085,2.646502836,0.56710775,3.213610586,19.84877127,1.134215501,1
2026-07-12,GB,Fitness_Wearables,2,2.810635932,3.604286725,0.793650794,4.397937519,17.37943585,0.318471338,2
2026-07-19,GB,Fitness_Wearables,2,2.552685187,4.335598781,1.782913594,6.118512376,20.68468209,0.651691875,1
2026-07-26,GB,Fitness_Wearables,9,3.650849997,4.752054065,1.101204068,5.853258134,16.98639098,0.31564423,6
2026-08-02,GB,Fitness_Wearables,1,6.289308176,6.289308176,0,6.289308176,15.72327044,1.257861635,1
2026-08-09,GB,Fitness_Wearables,4,1.674459917,2.062886684,0.388426767,2.45131345,22.72865107,0.076923077,3
2026-08-16,GB,Fitness_Wearables,19,4.653023834,5.230169053,0.577145219,5.807314272,18.28498121,0.672198102,8
2023-01-01,GB,Nutrition_Diets,24,-1.385801913,2.639828011,4.025629924,6.665457935,19.86084937,0.785477386,15
2023-01-08,GB,Nutrition_Diets,109,0.862238602,3.51677504,2.654536438,6.171311479,18.85111351,0.569590665,79
2023-01-15,GB,Nutrition_Diets,75,0.011292267,3.462164946,3.450872679,6.913037625,19.51951428,0.229331266,53
2023-01-22,GB,Nutrition_Diets,35,0.189042097,3.229706533,3.040664436,6.270370969,21.73801786,0.850301133,22
2023-01-29,GB,Nutrition_Diets,52,-0.203596948,2.997881202,3.20147815,6.199359352,19.88218317,0.877395421,33
2023-02-05,GB,Nutrition_Diets,28,-2.123717919,3.136453906,5.260171825,8.396625731,20.2971409,0.555139466,26
2023-02-12,GB,Nutrition_Diets,189,-6.71396217,2.124169779,8.838131949,10.96230173,19.75588996,0.301315044,133
2023-02-19,GB,Nutrition_Diets,72,-4.360252344,2.35690581,6.717158154,9.074063964,18.42840735,0.369474055,46
2023-02-26,GB,Nutrition_Diets,101,-3.667020858,2.306515082,5.973535941,8.280051023,19.06984656,0.331338736,76
2023-03-05,GB,Nutrition_Diets,38,-0.528446179,3.196552912,3.724999091,6.921552002,22.67583486,0.471886399,27
2023-03-12,GB,Nutrition_Diets,63,-0.612516201,3.014246638,3.62676284,6.641009478,19.56181975,0.665715063,45
2023-03-19,GB,Nutrition_Diets,197,-5.307574608,2.129810556,7.437385164,9.567195719,18.92458995,0.286877084,150
2023-03-26,GB,Nutrition_Diets,114,-3.401904825,2.600440216,6.002345041,8.602785256,20.61812481,0.444454391,85
2023-04-02,GB,Nutrition_Diets,199,-3.962578999,2.315892453,6.278471453,8.594363906,21.9435414,0.53608628,114
2023-04-09,GB,Nutrition_Diets,114,-2.024127829,2.487807481,4.51193531,6.999742791,19.96765742,0.721306481,85
2023-04-16,GB,Nutrition_Diets,178,-0.183951981,4.061961931,4.245913912,8.307875842,21.5896111,0.380966106,130
2023-04-23,GB,Nutrition_Diets,90,-0.998890159,3.088663826,4.087553986,7.176217812,19.29557599,0.404969327,67
2023-04-30,GB,Nutrition_Diets,65,0.597284564,3.254873046,2.657588482,5.912461528,19.20538999,0.431283736,52
2023-05-07,GB,Nutrition_Diets,106,-0.414548598,3.184199974,3.598748572,6.782948546,21.20778424,1.130699239,61
2023-05-14,GB,Nutrition_Diets,55,0.573606124,3.698799561,3.125193437,6.823992997,20.6322623,0.926164882,38
2023-05-21,GB,Nutrition_Diets,68,-2.369977078,2.675423911,5.045400989,7.7208249,20.82083803,0.883572417,46
2023-05-28,GB,Nutrition_Diets,57,-1.132433492,3.011313542,4.143747034,7.155060575,18.63834959,0.184160317,42
2023-06-04,GB,Nutrition_Diets,63,-1.342970572,3.130657035,4.473627607,7.604284643,18.88186605,0.548431684,49
2023-06-11,GB,Nutrition_Diets,47,-1.005355154,3.648321047,4.653676202,8.301997249,20.07730744,0.892120571,36
2023-06-18,GB,Nutrition_Diets,60,-0.287362403,3.363552805,3.650915208,7.014468013,19.72078344,0.691044738,45
2023-06-25,GB,Nutrition_Diets,33,-0.514426013,2.774765699,3.289191712,6.063957411,19.47699184,0.732652822,25
2023-07-02,GB,Nutrition_Diets,34,0.129456516,2.871868257,2.74241174,5.614279997,19.15002246,0.549090118,27
2023-07-09,GB,Nutrition_Diets,57,0.141679169,3.323167967,3.181488798,6.504656766,19.92714832,0.674337862,35
2023-07-16,GB,Nutrition_Diets,53,-0.722842849,2.694077415,3.416920264,6.110997678,20.16192504,0.355155156,35
2023-07-23,GB,Nutrition_Diets,70,-0.857741736,3.255254164,4.1129959,7.368250064,19.39338701,0.540429117,49
2023-07-30,GB,Nutrition_Diets,33,0.367652913,3.551913518,3.184260605,6.736174124,19.80963143,0.574014499,24
2023-08-06,GB,Nutrition_Diets,57,0.053234728,3.067872847,3.014638118,6.082510965,19.57374748,0.642748717,41
2023-08-13,GB,Nutrition_Diets,72,-1.036667205,3.161519838,4.198187044,7.359706882,20.50047101,0.677601542,36
2023-08-20,GB,Nutrition_Diets,73,-1.268086257,3.068132961,4.336219218,7.404352179,20.19920634,0.587069086,63
2023-08-27,GB,Nutrition_Diets,311,-2.992163684,2.396196163,5.388359847,7.78455601,20.15130251,0.425767825,233
2023-09-03,GB,Nutrition_Diets,132,-0.647033184,3.417469982,4.064503166,7.481973148,20.78495836,0.578693025,98
2023-09-10,GB,Nutrition_Diets,60,-0.228388646,3.174060848,3.402449495,6.576510343,21.1266387,0.718704758,47
2023-09-17,GB,Nutrition_Diets,44,-3.178733306,2.572839984,5.75157329,8.324413274,21.01601918,0.538794099,32
2023-09-24,GB,Nutrition_Diets,82,-0.623162993,3.435329146,4.058492139,7.493821286,18.85954315,0.585906006,63
2023-10-01,GB,Nutrition_Diets,58,-0.382826932,3.349262088,3.73208902,7.081351109,18.72220764,0.776584688,36
2023-10-08,GB,Nutrition_Diets,35,-0.285949974,4.12346067,4.409410644,8.532871314,19.82583037,0.495135125,20
2023-10-15,GB,Nutrition_Diets,50,-0.701512046,3.318956646,4.020468692,7.339425338,20.60481907,0.658521935,38
2023-10-22,GB,Nutrition_Diets,48,-0.246319925,3.582877915,3.82919784,7.412075756,20.0962764,0.826825917,32
2023-10-29,GB,Nutrition_Diets,62,-3.273079312,2.284066986,5.557146298,7.841213285,22.16330224,0.345278506,47
2023-11-05,GB,Nutrition_Diets,61,-1.425423582,2.507862139,3.933285721,6.441147861,21.47890857,0.963001715,38
2023-11-12,GB,Nutrition_Diets,88,-0.186157972,3.074688049,3.260846021,6.335534069,20.17961508,1.397585969,75
2023-11-19,GB,Nutrition_Diets,48,-0.114713824,3.255811612,3.370525436,6.626337048,18.85290364,0.874472451,32
2023-11-26,GB,Nutrition_Diets,78,-1.25774302,2.614304833,3.872047854,6.486352687,20.10609544,0.611431813,46
2023-12-03,GB,Nutrition_Diets,57,-0.877921144,3.177507233,4.055428377,7.232935609,20.5539044,0.528300388,31
2023-12-10,GB,Nutrition_Diets,80,-0.424753091,3.092024176,3.516777268,6.608801444,19.48551848,0.469649418,41
2023-12-17,GB,Nutrition_Diets,47,-0.244121452,3.555729711,3.799851163,7.355580875,19.37640437,0.570049055,29
2023-12-24,GB,Nutrition_Diets,31,-2.305220308,2.283426617,4.588646925,6.872073542,21.86421779,0.788554502,22
2023-12-31,GB,Nutrition_Diets,27,-0.21040365,3.974447256,4.184850906,8.159298162,20.34656479,1.105873898,19
2024-01-07,GB,Nutrition_Diets,40,-0.905088725,3.453682769,4.358771494,7.812454263,18.36163808,0.32870027,28
2024-01-14,GB,Nutrition_Diets,39,0.413879245,3.515385099,3.101505853,6.616890952,18.99830451,0.599036993,28
2024-01-21,GB,Nutrition_Diets,42,-1.713502936,2.784003747,4.497506683,7.28151043,21.10306124,0.929155367,34
2024-01-28,GB,Nutrition_Diets,48,-1.533116484,3.266848224,4.799964707,8.066812931,19.34753534,0.33010888,33
2024-02-04,GB,Nutrition_Diets,48,-0.628128365,2.870061273,3.498189638,6.368250911,18.10177626,0.741400831,34
2024-02-11,GB,Nutrition_Diets,30,-1.181078156,2.871757345,4.052835501,6.924592845,19.50939103,0.67743435,23
2024-02-18,GB,Nutrition_Diets,43,0.887298227,3.75402184,2.866723613,6.620745453,19.06051367,0.796327652,35
2024-02-25,GB,Nutrition_Diets,52,-1.583999469,2.951631341,4.53563081,7.48726215,18.87837948,0.605921346,42
2024-03-03,GB,Nutrition_Diets,68,-1.698278476,3.028902827,4.727181304,7.756084131,19.55320658,0.760945737,46
2024-03-10,GB,Nutrition_Diets,46,0.077578893,4.073094665,3.995515772,8.068610437,20.32369533,0.410944758,30
2024-03-17,GB,Nutrition_Diets,46,-0.369211946,3.612051617,3.981263563,7.593315179,20.08920932,1.343788863,32
2024-03-24,GB,Nutrition_Diets,39,-0.143054212,3.484378129,3.627432342,7.111810471,19.05519448,0.405506734,21
2024-03-31,GB,Nutrition_Diets,40,-0.524069825,2.886047769,3.410117594,6.296165363,20.10677785,0.689275212,25
2024-04-07,GB,Nutrition_Diets,47,0.147646736,3.479600223,3.331953487,6.81155371,19.22757029,0.713938519,31
2024-04-14,GB,Nutrition_Diets,32,-0.672023388,3.217008364,3.889031752,7.106040115,19.67776169,0.606133864,23
2024-04-21,GB,Nutrition_Diets,38,-0.378649371,3.045509048,3.424158419,6.469667467,19.26397,0.334057673,31
2024-04-28,GB,Nutrition_Diets,185,-2.132349324,2.753722387,4.88607171,7.639794097,20.89422983,0.215747385,152
2024-05-05,GB,Nutrition_Diets,58,-0.974522158,2.850423946,3.824946104,6.67537005,19.38863766,0.422855862,37
2024-05-12,GB,Nutrition_Diets,42,-0.038758948,3.497402669,3.536161617,7.033564285,19.89256729,1.005279408,29
2024-05-19,GB,Nutrition_Diets,44,0.048899918,3.957083582,3.908183664,7.865267247,19.41754106,0.965196914,27
2024-05-26,GB,Nutrition_Diets,54,0.431208414,3.508455782,3.077247368,6.585703151,19.07977425,0.531011315,33
2024-06-02,GB,Nutrition_Diets,34,0.821248699,3.571002404,2.749753705,6.320756108,19.76004545,0.375977792,25
2024-06-09,GB,Nutrition_Diets,47,-1.617870778,3.588286155,5.206156933,8.794443088,19.5892706,0.541295241,25
2024-06-16,GB,Nutrition_Diets,67,-0.744813257,3.24312116,3.987934418,7.231055578,19.25137074,0.580276727,38
2024-06-23,GB,Nutrition_Diets,41,-0.919972701,3.017419667,3.937392368,6.954812034,18.83617412,0.344259156,28
2024-06-30,GB,Nutrition_Diets,78,0.441262281,3.617309699,3.176047418,6.793357117,20.81661578,0.768021409,34
2024-07-07,GB,Nutrition_Diets,83,1.061627889,3.422879032,2.361251142,5.784130174,19.45604897,0.584792652,50
2024-07-14,GB,Nutrition_Diets,46,0.138978524,3.333550013,3.194571489,6.528121502,20.22060576,0.565190062,26
2024-07-21,GB,Nutrition_Diets,40,0.377975587,3.560834766,3.182859179,6.743693944,19.41830554,0.516804481,21
2024-07-28,GB,Nutrition_Diets,54,-0.162330893,3.135759212,3.298090105,6.433849317,19.82437974,0.496151241,37
2024-08-04,GB,Nutrition_Diets,45,0.11352684,3.585644326,3.472117486,7.057761812,20.12065663,0.768608707,20
2024-08-11,GB,Nutrition_Diets,66,-2.696557252,2.966252363,5.662809615,8.629061978,19.7162166,0.34765493,48
2024-08-18,GB,Nutrition_Diets,104,-2.447487422,2.947648905,5.395136327,8.342785232,19.02656888,0.353344901,69
2024-08-25,GB,Nutrition_Diets,138,-2.270281909,2.742712421,5.012994331,7.755706752,19.71429738,0.535721945,80
2024-09-01,GB,Nutrition_Diets,85,1.011601609,3.901998686,2.890397076,6.792395762,18.60852678,0.58158095,46
2024-09-08,GB,Nutrition_Diets,160,0.252661056,3.690184846,3.43752379,7.127708636,19.96585347,0.350515774,112
2024-09-15,GB,Nutrition_Diets,84,-2.155712818,2.760362783,4.916075601,7.676438383,17.84804175,0.307800428,62
2024-09-22,GB,Nutrition_Diets,66,-1.565829564,2.625953433,4.191782997,6.81773643,19.05695429,0.450012574,38
2024-09-29,GB,Nutrition_Diets,64,-0.224440226,3.533802738,3.758242964,7.292045701,18.8860543,0.286410391,27
2024-10-06,GB,Nutrition_Diets,66,-2.189574656,3.209424047,5.398998703,8.60842275,18.93374216,0.585433445,41
2024-10-13,GB,Nutrition_Diets,65,-1.154299708,2.986792889,4.141092597,7.127885486,21.02787661,0.78393394,42
2024-10-20,GB,Nutrition_Diets,80,-1.487298275,2.745321474,4.232619748,6.977941222,18.07878085,0.29807138,57
2024-10-27,GB,Nutrition_Diets,69,0.12591501,3.513324854,3.387409844,6.900734698,19.3537082,0.632304587,36
2024-11-03,GB,Nutrition_Diets,54,0.004597235,3.477857963,3.473260728,6.951118691,18.84936242,0.963638936,36
2024-11-10,GB,Nutrition_Diets,76,-1.519838993,2.770289534,4.290128527,7.060418061,19.49604042,0.503471638,51
2024-11-17,GB,Nutrition_Diets,53,-0.133978912,3.565306695,3.699285607,7.264592302,18.85869125,0.461787399,28
2024-11-24,GB,Nutrition_Diets,97,-0.668032673,3.652166516,4.320199189,7.972365705,18.78077256,0.476741781,66
2024-12-01,GB,Nutrition_Diets,73,-0.262583157,3.486607371,3.749190528,7.235797899,18.68456175,0.470181653,47
2024-12-08,GB,Nutrition_Diets,57,-0.224499887,3.731829892,3.956329779,7.688159672,18.97105429,0.470585738,29
2024-12-15,GB,Nutrition_Diets,65,-1.157338877,3.146605096,4.303943972,7.450549068,18.01894104,0.665991612,45
2024-12-22,GB,Nutrition_Diets,47,-1.331749676,3.449127969,4.780877645,8.230005614,18.71279839,0.429359823,25
2024-12-29,GB,Nutrition_Diets,48,-0.398219082,3.549942312,3.948161394,7.498103707,18.56662523,0.697930057,17
2025-01-05,GB,Nutrition_Diets,54,-1.000315771,3.386968167,4.387283938,7.774252105,19.37368104,0.415013971,28
2025-01-12,GB,Nutrition_Diets,57,-0.447364526,3.652047218,4.099411744,7.751458962,20.21414314,0.609106102,37
2025-01-19,GB,Nutrition_Diets,68,-1.352878026,3.57375886,4.926636886,8.500395745,19.40621683,0.460423327,35
2025-01-26,GB,Nutrition_Diets,95,-0.629712715,3.066329786,3.696042502,6.762372288,19.41063099,0.648029553,67
2025-02-02,GB,Nutrition_Diets,71,-1.114376871,3.095448326,4.209825198,7.305273524,20.72917195,0.505626302,24
2025-02-09,GB,Nutrition_Diets,41,-0.984240545,2.954288217,3.938528761,6.892816978,19.14995798,0.530974645,25
2025-02-16,GB,Nutrition_Diets,59,0.151722041,3.589210138,3.437488096,7.026698234,19.53690625,0.813892685,29
2025-02-23,GB,Nutrition_Diets,30,-0.440248135,3.391748245,3.83199638,7.223744625,20.14300767,0.506201325,12
2025-03-02,GB,Nutrition_Diets,45,0.62200902,3.881112043,3.259103022,7.140215065,19.32183344,0.635121603,24
2025-03-09,GB,Nutrition_Diets,47,-0.011409254,3.754454706,3.76586396,7.520318666,20.29434801,0.563689123,23
2025-03-16,GB,Nutrition_Diets,50,0.702242167,4.185950508,3.483708342,7.66965885,19.51516184,0.59644471,27
2025-03-23,GB,Nutrition_Diets,61,0.164317039,3.455419111,3.291102072,6.746521183,20.46235294,0.646728574,31
2025-03-30,GB,Nutrition_Diets,43,0.218824405,3.642287865,3.42346346,7.065751325,20.12425774,0.666591467,23
2025-04-06,GB,Nutrition_Diets,95,-2.063355097,2.800223785,4.863578882,7.663802667,19.76068143,0.723797325,65
2025-04-13,GB,Nutrition_Diets,64,0.171721596,3.326096156,3.15437456,6.480470716,19.6992963,0.446304068,41
2025-04-20,GB,Nutrition_Diets,32,0.751445532,3.822120227,3.070674695,6.892794922,19.39464922,0.820479333,18
2025-04-27,GB,Nutrition_Diets,62,-0.501046507,3.66343624,4.164482747,7.827918987,20.20329223,0.48561823,32
2025-05-04,GB,Nutrition_Diets,81,0.488549943,3.522554115,3.034004172,6.556558287,20.70820466,0.915930211,38
2025-05-11,GB,Nutrition_Diets,76,-0.790620278,3.177409594,3.968029872,7.145439466,20.55874895,0.765590027,41
2025-05-18,GB,Nutrition_Diets,53,-0.040639289,3.758747753,3.799387041,7.558134794,19.65922956,0.440170828,20
2025-05-25,GB,Nutrition_Diets,43,0.37108397,3.884625763,3.513541794,7.398167557,19.18371654,0.462751349,17
2025-06-01,GB,Nutrition_Diets,63,-0.682390243,3.684132114,4.366522357,8.050654471,19.95391927,0.391949387,33
2025-06-08,GB,Nutrition_Diets,55,-0.771220001,3.22622995,3.997449951,7.223679901,19.38226007,0.587828459,31
2025-06-29,GB,Nutrition_Diets,49,-0.132531561,3.456096078,3.588627639,7.044723718,19.04557155,0.534218246,24
2025-07-06,GB,Nutrition_Diets,53,0.570706348,4.153562355,3.582856007,7.736418362,18.99368215,0.518354257,26
2025-07-13,GB,Nutrition_Diets,51,0.020668395,4.106975668,4.086307273,8.193282941,18.22275454,0.56793619,27
2025-07-20,GB,Nutrition_Diets,70,0.79668235,3.785607492,2.988925142,6.774532634,18.18955534,0.510027173,30
2025-07-27,GB,Nutrition_Diets,49,0.555054629,3.894874708,3.33982008,7.234694788,19.87273835,0.561412089,26
2025-08-03,GB,Nutrition_Diets,38,-0.453749155,3.422300615,3.87604977,7.298350385,18.36817463,0.6659745,26
2025-08-10,GB,Nutrition_Diets,66,-0.023029057,3.672154986,3.695184042,7.367339028,19.97840306,0.540380181,39
2025-08-17,GB,Nutrition_Diets,65,-1.668290725,2.82878866,4.497079385,7.325868044,18.53286953,0.959013024,38
2025-08-24,GB,Nutrition_Diets,42,0.100564874,3.965359294,3.86479442,7.830153714,17.91368184,0.287574555,24
2025-08-31,GB,Nutrition_Diets,45,-1.672646332,3.480127511,5.152773843,8.632901354,18.58852587,0.298298889,25
2025-09-07,GB,Nutrition_Diets,49,0.238533688,3.725297237,3.486763548,7.212060785,19.41598661,0.522533769,32
2025-09-14,GB,Nutrition_Diets,67,0.950525329,3.881932734,2.931407404,6.813340138,19.76974588,0.639996115,32
2025-09-21,GB,Nutrition_Diets,57,0.298698318,3.637570638,3.33887232,6.976442958,19.56875419,0.817018457,37
2025-09-28,GB,Nutrition_Diets,56,0.457088038,3.869952102,3.412864064,7.282816166,19.00478376,0.699974352,29
2025-10-05,GB,Nutrition_Diets,57,0.826398916,4.281967207,3.455568291,7.737535498,19.42063498,0.285625428,21
2025-10-12,GB,Nutrition_Diets,69,-0.502901232,3.596305882,4.099207114,7.695512996,19.86032976,0.935862666,37
2025-10-19,GB,Nutrition_Diets,54,0.410015286,3.71033217,3.300316884,7.010649054,19.58168174,0.511415474,26
2025-10-26,GB,Nutrition_Diets,80,-0.379202212,3.707834347,4.087036559,7.794870906,19.28460063,0.489817007,28
2025-11-02,GB,Nutrition_Diets,52,-1.884462569,3.294922857,5.179385426,8.474308284,19.42863596,0.83522204,29
2025-11-09,GB,Nutrition_Diets,95,-1.438699046,3.429225357,4.867924403,8.297149761,19.71686801,0.354200856,49
2025-11-16,GB,Nutrition_Diets,44,-0.968454961,3.257146342,4.225601304,7.482747646,18.09800224,0.570482935,21
2025-11-23,GB,Nutrition_Diets,72,-1.872763538,2.846418496,4.719182033,7.565600529,18.98678346,0.353496826,50
2025-11-30,GB,Nutrition_Diets,79,0.825258428,4.025360015,3.200101588,7.225461603,18.71635713,0.561572486,27
2025-12-07,GB,Nutrition_Diets,57,-0.204452789,3.467814718,3.672267507,7.140082225,18.93103412,0.454524675,29
2025-12-14,GB,Nutrition_Diets,63,-1.196626286,3.217091792,4.413718078,7.63080987,19.83400173,0.416677591,35
2025-12-21,GB,Nutrition_Diets,24,0.12899257,3.814747792,3.685755221,7.500503013,18.97227283,0.166150616,16
2025-12-28,GB,Nutrition_Diets,27,-1.58702341,3.128019639,4.715043049,7.843062688,19.58512782,0.615469731,18
2026-01-04,GB,Nutrition_Diets,29,0.081989128,4.224303979,4.14231485,8.366618829,19.69095372,0.384583834,15
2026-01-11,GB,Nutrition_Diets,48,0.683034293,4.3973472,3.714312907,8.111660106,19.25055357,0.713512816,22
2026-01-18,GB,Nutrition_Diets,38,-0.937944055,3.123839451,4.061783506,7.185622956,19.82034747,0.340535134,19
2026-01-25,GB,Nutrition_Diets,48,0.310743769,3.713045637,3.402301868,7.115347505,19.66525156,0.304480085,22
2026-02-01,GB,Nutrition_Diets,40,0.141460123,3.840759806,3.699299682,7.540059488,18.37304722,0.389560196,17
2026-02-08,GB,Nutrition_Diets,63,0.075401951,3.905220656,3.829818705,7.735039361,18.82445493,0.273372168,35
2026-02-15,GB,Nutrition_Diets,108,0.288161477,3.993383152,3.705221675,7.698604827,18.51764144,0.472970933,60
2026-02-22,GB,Nutrition_Diets,57,-0.626828133,3.801454671,4.428282804,8.229737474,19.06743712,0.496181292,32
2026-03-01,GB,Nutrition_Diets,39,-1.345740146,2.845026009,4.190766156,7.035792165,20.10356113,0.589535924,17
2026-03-08,GB,Nutrition_Diets,58,-0.023824415,3.568097902,3.591922317,7.160020219,19.78019564,0.570289768,33
2026-03-15,GB,Nutrition_Diets,42,-0.948276277,3.309714145,4.257990422,7.567704566,19.05771756,0.485162934,21
2026-03-22,GB,Nutrition_Diets,47,-0.333839873,3.521039969,3.854879842,7.375919811,18.93036494,0.35884474,23
2026-03-29,GB,Nutrition_Diets,63,-0.166936683,3.724714558,3.891651242,7.6163658,18.89881244,0.463137458,32
2026-04-05,GB,Nutrition_Diets,46,-0.928834618,3.081041437,4.009876056,7.090917493,19.2912885,0.325754704,19
2026-04-12,GB,Nutrition_Diets,55,0.985219156,4.285043836,3.299824679,7.584868515,19.11883619,0.488009317,24
2026-04-19,GB,Nutrition_Diets,70,-0.768321152,3.410492507,4.178813658,7.589306165,19.24985741,0.544220544,39
2026-04-26,GB,Nutrition_Diets,78,-0.477872968,3.215779377,3.693652345,6.909431722,19.02960035,0.294450346,42
2026-05-03,GB,Nutrition_Diets,59,0.106188467,3.403889507,3.29770104,6.701590548,19.47844465,0.316828599,24
2026-05-10,GB,Nutrition_Diets,35,-0.469934019,2.845279849,3.315213867,6.160493716,19.92158735,0.512266245,17
2026-05-17,GB,Nutrition_Diets,61,-1.160628081,4.146634039,5.30726212,9.453896159,19.3520917,0.159651263,27
2026-05-24,GB,Nutrition_Diets,63,-1.11092773,3.618513118,4.729440848,8.347953966,19.67733348,0.427314976,34
2026-05-31,GB,Nutrition_Diets,158,-1.980708601,2.732873398,4.713581999,7.446455396,18.46650751,1.309715628,122
2026-06-07,GB,Nutrition_Diets,49,-0.19804688,4.007557212,4.205604092,8.213161303,19.62326561,0.379780324,25
2026-06-14,GB,Nutrition_Diets,62,-0.380709573,3.358017813,3.738727386,7.0967452,19.98866855,0.414251616,28
2026-06-21,GB,Nutrition_Diets,70,0.391756662,4.073878584,3.682121922,7.756000506,19.07403851,0.388538802,24
2026-06-28,GB,Nutrition_Diets,93,0.403069579,4.040012398,3.636942819,7.676955218,19.23035863,0.333894423,36
2026-07-05,GB,Nutrition_Diets,51,-0.592909373,3.288285574,3.881194946,7.16948052,19.65894656,0.210120782,27
2026-07-12,GB,Nutrition_Diets,51,0.372001962,3.438537846,3.066535885,6.505073731,18.83952112,0.487528684,17
2026-07-19,GB,Nutrition_Diets,27,0.421127234,3.901732433,3.480605199,7.382337632,19.82239152,0.359490687,10
2026-07-26,GB,Nutrition_Diets,57,0.777370027,3.774275826,2.996905799,6.771181624,19.02886448,0.184412707,19
2026-08-02,GB,Nutrition_Diets,63,0.869265457,3.981300044,3.112034588,7.093334632,19.06773638,0.509536469,29
2026-08-09,GB,Nutrition_Diets,60,0.763183395,3.579049118,2.815865722,6.39491484,20.26903137,0.61028119,19
2026-08-16,GB,Nutrition_Diets,62,-0.823115015,3.356718021,4.179833036,7.536551057,20.60642636,0.567474363,30
2026-08-23,GB,Nutrition_Diets,11,-1.559478251,3.332761442,4.892239693,8.225001135,19.84184167,0.504328371,8
2023-01-01,IN,Fashion_Beauty,818,-0.210552088,2.896508832,3.10706092,6.003569751,21.75083802,0.421016822,340
2023-01-08,IN,Fashion_Beauty,669,-0.459600439,3.035696479,3.495296918,6.530993397,22.16814582,0.593635265,300
2023-01-15,IN,Fashion_Beauty,1060,-0.275407137,3.101010961,3.376418097,6.477429058,22.18528772,0.480036033,386
2023-01-22,IN,Fashion_Beauty,971,0.503661475,3.578844323,3.075182848,6.654027171,21.85595169,0.55978353,355
2023-01-29,IN,Fashion_Beauty,961,0.072061174,3.24894754,3.176886367,6.425833907,22.34136728,0.5187527,375
2023-02-05,IN,Fashion_Beauty,911,0.447788188,3.478591967,3.030803779,6.509395746,22.52138642,0.64070899,341
2023-02-12,IN,Fashion_Beauty,957,0.502299412,3.476368374,2.974068961,6.450437335,22.80825807,0.710507317,337
2023-02-19,IN,Fashion_Beauty,970,0.130496958,3.433727159,3.303230201,6.73695736,22.15976926,0.669823195,386
2023-02-26,IN,Fashion_Beauty,1133,0.271967737,3.437378081,3.165410344,6.602788425,22.50403425,0.581675605,412
2023-03-05,IN,Fashion_Beauty,847,0.675939858,3.711908484,3.035968626,6.74787711,22.42931979,0.591768418,342
2023-03-12,IN,Fashion_Beauty,1102,0.557948073,3.595799552,3.037851479,6.633651031,22.77174708,0.64582354,356
2023-03-19,IN,Fashion_Beauty,1142,-0.107216877,3.241678892,3.348895769,6.590574661,21.84693769,0.622788077,492
2023-03-26,IN,Fashion_Beauty,1650,0.109510425,3.330732011,3.221221585,6.551953596,22.06811225,0.554556329,562
2023-04-02,IN,Fashion_Beauty,1688,0.022772259,3.424371698,3.401599439,6.825971137,21.93309473,0.54853585,543
2023-04-09,IN,Fashion_Beauty,1529,0.0025003,3.270952238,3.268451938,6.539404175,22.08593584,0.655710745,513
2023-04-16,IN,Fashion_Beauty,1444,-0.21988995,3.243732206,3.463622156,6.707354361,22.30033519,0.602519246,532
2023-04-23,IN,Fashion_Beauty,1898,0.781086464,3.491493015,2.710406551,6.201899566,21.80113955,0.634717081,801
2023-04-30,IN,Fashion_Beauty,1408,0.535296797,3.58776241,3.052465614,6.640228024,22.35284886,0.586244966,515
2023-05-07,IN,Fashion_Beauty,1815,-0.104000346,3.261151947,3.365152293,6.62630424,22.30596429,0.492238592,523
2023-05-14,IN,Fashion_Beauty,1769,0.272627661,3.355447435,3.082819774,6.438267209,21.99721997,0.741015146,699
2023-05-21,IN,Fashion_Beauty,1428,0.31290863,3.617887463,3.304978833,6.922866296,22.13515441,0.584236609,489
2023-05-28,IN,Fashion_Beauty,1387,0.379907296,3.547828089,3.167920793,6.715748882,22.26187505,0.544557535,523
2023-06-04,IN,Fashion_Beauty,1696,-0.892910015,3.09720153,3.990111546,7.087313076,22.56304085,0.573633434,579
2023-06-11,IN,Fashion_Beauty,1628,-0.353360502,3.36108256,3.714443061,7.075525621,21.80652475,0.569932909,617
2023-06-18,IN,Fashion_Beauty,1358,0.253572325,3.560753308,3.307180983,6.867934291,21.76767521,0.581698123,469
2023-06-25,IN,Fashion_Beauty,1334,0.194930861,3.58779534,3.392864479,6.98065982,21.73656724,0.544505807,487
2023-07-02,IN,Fashion_Beauty,1380,0.180071591,3.511501588,3.331429996,6.842931584,22.39073465,0.590564351,501
2023-07-09,IN,Fashion_Beauty,1458,0.320700119,3.564063322,3.243363203,6.807426525,21.79135714,0.559956876,556
2023-07-16,IN,Fashion_Beauty,1578,-0.335059828,3.506254338,3.841314166,7.347568504,22.08374079,0.539328781,609
2023-07-23,IN,Fashion_Beauty,1785,0.134985955,3.627026877,3.492040921,7.119067798,21.9229512,0.551886567,529
2023-07-30,IN,Fashion_Beauty,1653,0.271361475,3.708706151,3.437344675,7.146050826,21.98151558,0.518423404,529
2023-08-06,IN,Fashion_Beauty,1697,-0.778526396,3.211631273,3.990157669,7.201788942,21.86296308,0.489971611,570
2023-08-13,IN,Fashion_Beauty,1401,-0.093601567,3.452149325,3.545750891,6.997900216,22.14934756,0.560787451,525
2023-08-20,IN,Fashion_Beauty,1969,0.208279241,3.421746846,3.213467605,6.635214451,22.28253349,0.474486322,760
2023-08-27,IN,Fashion_Beauty,1454,0.366352417,3.540604723,3.174252306,6.714857029,21.86783607,0.500382976,605
2023-09-03,IN,Fashion_Beauty,1819,-0.282985992,3.341347259,3.62433325,6.965680509,21.64217047,0.618853775,762
2023-09-10,IN,Fashion_Beauty,2019,-0.131263583,3.508971147,3.64023473,7.149205878,21.56628135,0.662117341,854
2023-09-17,IN,Fashion_Beauty,2293,-0.679041805,3.138075353,3.817117158,6.95519251,21.57637263,0.748614646,899
2023-09-24,IN,Fashion_Beauty,1956,0.627723089,3.534763786,2.907040697,6.441804484,21.42748658,0.644585193,614
2023-10-01,IN,Fashion_Beauty,1408,0.161418613,3.446593345,3.285174732,6.731768077,21.42174746,0.479783659,484
2023-10-08,IN,Fashion_Beauty,1514,0.365339412,3.530389767,3.165050355,6.695440122,21.83456271,0.531226524,487
2023-10-15,IN,Fashion_Beauty,1389,0.332145589,3.754376384,3.422230795,7.17660718,21.75461221,0.581992649,491
2023-10-22,IN,Fashion_Beauty,1348,0.097133712,3.447743662,3.35060995,6.798353612,21.77677951,0.64282119,555
2023-10-29,IN,Fashion_Beauty,1532,0.459080343,3.784734221,3.325653878,7.110388099,21.86240011,0.613115847,515
2023-11-05,IN,Fashion_Beauty,1596,0.69970084,3.843940464,3.144239625,6.988180089,21.82180661,0.558382194,526
2023-11-12,IN,Fashion_Beauty,1166,0.25103157,3.680007255,3.428975685,7.10898294,21.65023254,0.598661961,487
2023-11-19,IN,Fashion_Beauty,1362,0.630568228,3.823584834,3.193016606,7.01660144,21.61397974,0.624336437,491
2023-11-26,IN,Fashion_Beauty,1406,0.734191225,3.74753676,3.013345536,6.760882296,21.53689052,0.682746266,577
2023-12-03,IN,Fashion_Beauty,1555,0.464119589,3.962143968,3.498024379,7.460168346,21.28524389,0.505761985,598
2023-12-10,IN,Fashion_Beauty,1589,0.407758749,3.904414824,3.496656074,7.401070898,21.34535062,0.631896422,538
2023-12-17,IN,Fashion_Beauty,1653,-0.943330082,3.248740445,4.192070527,7.440810973,22.11617919,0.547440414,532
2023-12-24,IN,Fashion_Beauty,1184,-0.182988167,3.537627691,3.720615858,7.258243549,21.5934043,0.496741831,414
2023-12-31,IN,Fashion_Beauty,1210,-0.458192951,3.311621847,3.769814798,7.081436644,22.30865439,0.54122365,468
2024-01-07,IN,Fashion_Beauty,1703,-2.164716351,3.078535764,5.243252114,8.321787878,21.58521626,0.500670446,734
2024-01-14,IN,Fashion_Beauty,1426,-0.261986632,3.450231398,3.71221803,7.162449428,21.9404934,0.539100035,467
2024-01-21,IN,Fashion_Beauty,1354,0.046375758,3.748987803,3.702612046,7.451599849,21.74409929,0.655509795,520
2024-01-28,IN,Fashion_Beauty,1623,0.073776903,3.558165178,3.484388275,7.042553452,21.33452325,0.542597706,542
2024-02-04,IN,Fashion_Beauty,1585,-0.234029381,3.281425374,3.515454755,6.796880128,21.79541354,0.527034658,510
2024-02-11,IN,Fashion_Beauty,2085,0.278749144,3.498763334,3.220014189,6.718777523,22.1124394,0.416768449,541
2024-02-18,IN,Fashion_Beauty,1803,-0.252548235,3.375414938,3.627963174,7.003378112,21.99036666,0.626204773,509
2024-02-25,IN,Fashion_Beauty,1763,-0.081200996,3.458047402,3.539248398,6.997295801,21.84682326,0.538266598,631
2024-03-03,IN,Fashion_Beauty,2558,-1.789528661,2.851220198,4.640748859,7.491969057,22.7057856,0.60213313,839
2024-03-10,IN,Fashion_Beauty,2032,0.518362169,3.467135326,2.948773157,6.415908482,21.84482007,0.539480756,566
2024-03-17,IN,Fashion_Beauty,1712,0.132429235,3.584005217,3.451575982,7.035581199,21.84445019,0.598978932,520
2024-03-24,IN,Fashion_Beauty,1392,-0.293426597,3.555295914,3.848722511,7.404018425,21.48152788,0.565965611,491
2024-03-31,IN,Fashion_Beauty,1674,-0.817248542,3.218517858,4.0357664,7.254284258,21.76911425,0.558871934,536
2024-04-07,IN,Fashion_Beauty,1182,-0.264238121,3.398943952,3.663182072,7.062126024,21.6821669,0.499529338,443
2024-04-14,IN,Fashion_Beauty,1349,-0.100950687,3.574569042,3.675519729,7.25008877,22.1688092,0.590280611,433
2024-04-21,IN,Fashion_Beauty,1368,-0.140021736,3.433896213,3.573917949,7.007814162,21.75396797,0.544236889,457
2024-04-28,IN,Fashion_Beauty,1262,-0.216413256,3.582680451,3.799093707,7.381774158,21.69606721,0.57849038,430
2024-05-05,IN,Fashion_Beauty,1589,0.278210541,3.427456621,3.149246079,6.5767027,21.85831355,0.590914996,531
2024-05-12,IN,Fashion_Beauty,1487,-0.345369996,3.308782077,3.654152073,6.96293415,22.40260143,0.487885204,536
2024-05-19,IN,Fashion_Beauty,1480,-0.225280498,3.509835254,3.735115752,7.244951005,22.2404371,0.619391862,554
2024-05-26,IN,Fashion_Beauty,1507,0.216895905,3.704916875,3.48802097,7.192937845,22.22294051,0.526948756,539
2024-06-02,IN,Fashion_Beauty,1538,-0.009671213,3.537412361,3.547083574,7.084495936,21.56039066,0.675537893,579
2024-06-09,IN,Fashion_Beauty,1483,0.024650164,3.552611525,3.527961362,7.080572887,21.88176929,0.460317348,484
2024-06-16,IN,Fashion_Beauty,2253,-1.569376276,2.965345851,4.534722128,7.500067979,22.45108617,0.573637507,659
2024-06-23,IN,Fashion_Beauty,1859,-1.1880511,3.164644868,4.352695967,7.517340835,21.63801271,0.477467781,551
2024-06-30,IN,Fashion_Beauty,1730,-1.012769818,3.224275117,4.237044934,7.461320051,22.00111008,0.475174642,522
2024-07-07,IN,Fashion_Beauty,1551,-0.168193286,3.624024282,3.792217568,7.41624185,21.80526757,0.519009343,509
2024-07-14,IN,Fashion_Beauty,1489,-0.049219095,3.771279306,3.820498401,7.591777707,22.13729152,0.543559521,487
2024-07-21,IN,Fashion_Beauty,1577,0.066216908,3.679015006,3.612798098,7.291813104,21.81381552,0.471119401,479
2024-07-28,IN,Fashion_Beauty,1910,-1.033097728,3.2212874,4.254385128,7.475672527,21.8948543,0.524978885,507
2024-08-04,IN,Fashion_Beauty,1679,-1.151135449,3.151581855,4.302717304,7.45429916,21.83457453,0.460447963,578
2024-08-11,IN,Fashion_Beauty,1632,-1.49126972,3.149191555,4.640461274,7.789652829,22.12712075,0.595568798,509
2024-08-18,IN,Fashion_Beauty,1469,-0.707685713,3.380324167,4.088009881,7.468334048,21.9193122,0.512124947,459
2024-08-25,IN,Fashion_Beauty,1900,-2.010692091,3.033888814,5.044580905,8.078469718,21.95110281,0.508218457,597
2024-09-01,IN,Fashion_Beauty,1443,-0.36605242,3.519062484,3.885114904,7.404177388,21.80879513,0.488178184,443
2024-09-08,IN,Fashion_Beauty,1444,-0.642230877,3.38396708,4.026197957,7.410165036,22.128013,0.612239625,457
2024-09-15,IN,Fashion_Beauty,1825,-0.28877923,3.478635663,3.767414893,7.246050556,21.59406391,0.521093517,653
2024-09-22,IN,Fashion_Beauty,1923,0.022376216,3.473397797,3.45102158,6.924419377,21.54410942,0.610930681,582
2024-09-29,IN,Fashion_Beauty,1584,-0.094745424,3.637125669,3.731871093,7.368996762,21.78881884,0.62109711,541
2024-10-06,IN,Fashion_Beauty,1584,0.216464436,3.885868349,3.669403913,7.555272262,21.76461989,0.61372825,460
2024-10-13,IN,Fashion_Beauty,1828,-0.510372601,3.601160735,4.111533337,7.712694072,21.61317434,0.612471466,599
2024-10-20,IN,Fashion_Beauty,1854,0.519703625,3.949531782,3.429828156,7.379359938,21.62077294,0.473637659,571
2024-10-27,IN,Fashion_Beauty,2083,0.686350951,3.940758693,3.254407742,7.195166436,20.9796727,0.492849449,722
2024-11-03,IN,Fashion_Beauty,1627,-0.075021635,3.792342441,3.867364077,7.659706518,21.27224902,0.531640295,470
2024-11-10,IN,Fashion_Beauty,1792,-0.192169962,3.605085145,3.797255107,7.402340251,21.86676002,0.437423755,549
2024-11-17,IN,Fashion_Beauty,1879,-0.710971176,3.505363639,4.216334815,7.721698453,21.54830882,0.579210373,518
2024-11-24,IN,Fashion_Beauty,1770,-0.336260597,3.582769024,3.919029621,7.501798645,21.50294577,0.65428878,523
2024-12-01,IN,Fashion_Beauty,1730,-0.376394151,3.633944907,4.010339058,7.644283965,21.51510113,0.523852508,483
2024-12-08,IN,Fashion_Beauty,1845,-0.542227757,3.619710479,4.161938236,7.781648715,21.27792783,0.51998317,514
2024-12-15,IN,Fashion_Beauty,1753,-0.603511849,3.511220082,4.114731931,7.625952013,21.20489256,0.4748812,487
2024-12-22,IN,Fashion_Beauty,1930,-0.311303031,3.379622632,3.690925663,7.070548296,21.01458978,0.388086315,412
2024-12-29,IN,Fashion_Beauty,1436,-0.59327196,3.396155877,3.989427837,7.385583715,21.56939585,0.477093414,379
2025-01-05,IN,Fashion_Beauty,1595,-0.543452738,3.463516855,4.006969592,7.470486447,21.5577304,0.504377174,443
2025-01-12,IN,Fashion_Beauty,1604,-0.29743947,3.576416224,3.873855695,7.450271919,21.64784926,0.514559974,460
2025-01-19,IN,Fashion_Beauty,1659,-0.362868454,3.570701671,3.933570125,7.504271796,21.7310192,0.61182666,449
2025-01-26,IN,Fashion_Beauty,1572,0.073441995,3.888672518,3.815230523,7.703903041,21.69113029,0.5140198,511
2025-02-02,IN,Fashion_Beauty,1775,-0.527195132,3.457564943,3.984760075,7.442325018,21.46703718,0.572605143,603
2025-02-09,IN,Fashion_Beauty,1778,-0.580692971,3.545139876,4.125832847,7.670972723,21.99880607,0.54188025,475
2025-02-16,IN,Fashion_Beauty,1568,-0.253945496,3.474012822,3.727958318,7.20197114,22.09155108,0.478374058,427
2025-02-23,IN,Fashion_Beauty,1669,-0.188256763,3.597511341,3.785768104,7.383279446,21.81180617,0.532481837,516
2025-03-02,IN,Fashion_Beauty,1604,0.046680536,3.631469691,3.584789155,7.216258846,22.04442042,0.500959767,462
2025-03-09,IN,Fashion_Beauty,1491,-0.618212653,3.391641599,4.009854252,7.401495851,22.35825895,0.527106949,421
2025-03-16,IN,Fashion_Beauty,1808,-0.479453194,3.352304092,3.831757286,7.184061378,22.40918678,0.482357477,417
2025-03-23,IN,Fashion_Beauty,1941,-0.439252419,3.534087162,3.97333958,7.507426742,22.27571539,0.467192623,418
2025-03-30,IN,Fashion_Beauty,2514,-0.453911197,3.429403845,3.883315042,7.312718886,22.42925413,0.494813166,548
2025-04-06,IN,Fashion_Beauty,1790,-0.364650646,3.456830807,3.821481453,7.278312261,22.14652588,0.540817416,455
2025-04-13,IN,Fashion_Beauty,1802,-0.580478863,3.385523133,3.966001997,7.35152513,21.9313512,0.524842377,395
2025-04-20,IN,Fashion_Beauty,2400,-1.785006646,3.404923067,5.189929713,8.59485278,21.58974529,0.50458314,762
2025-04-27,IN,Fashion_Beauty,2363,-1.696484101,3.138844437,4.835328538,7.974172976,21.87022247,0.537181069,650
2025-05-04,IN,Fashion_Beauty,2858,-2.664377063,2.814260358,5.478637422,8.29289778,21.33594647,0.527331745,851
2025-05-11,IN,Fashion_Beauty,1857,-0.715547479,3.549543356,4.265090834,7.81463419,22.07932018,0.607275039,501
2025-05-18,IN,Fashion_Beauty,2330,-0.417838895,3.593166145,4.01100504,7.604171185,21.97134581,0.500310272,534
2025-05-25,IN,Fashion_Beauty,1973,-0.261910437,3.619257509,3.881167946,7.500425455,22.18478966,0.515504915,580
2025-06-01,IN,Fashion_Beauty,1949,-0.761572278,3.501795188,4.263367467,7.765162655,21.51783721,0.506895333,489
2025-06-08,IN,Fashion_Beauty,2211,-0.906351788,3.369741318,4.276093106,7.645834425,21.94971686,0.49683115,673
2025-06-29,IN,Fashion_Beauty,1220,-0.722217561,3.522404415,4.244621977,7.767026392,22.08381373,0.474902915,387
2025-07-06,IN,Fashion_Beauty,2250,-0.87458546,3.347380267,4.221965727,7.569345994,22.12132069,0.509218829,661
2025-07-13,IN,Fashion_Beauty,2162,-1.301751567,3.310136134,4.611887701,7.922023835,21.79701008,0.517784424,551
2025-07-20,IN,Fashion_Beauty,2357,-0.969356765,3.426251974,4.395608739,7.821860713,21.72699971,0.485361063,577
2025-07-27,IN,Fashion_Beauty,2342,-1.174053541,3.445387061,4.619440602,8.064827662,22.02579012,0.550543494,556
2025-08-03,IN,Fashion_Beauty,2352,-1.345469321,3.228053057,4.573522379,7.801575436,21.71245575,0.511272123,622
2025-08-10,IN,Fashion_Beauty,1972,-0.648675183,3.444929986,4.093605169,7.538535155,22.21769415,0.528260031,530
2025-08-17,IN,Fashion_Beauty,2158,-0.681359054,3.471415762,4.152774817,7.624190579,22.00977545,0.429047265,476
2025-08-24,IN,Fashion_Beauty,2063,-0.039748076,3.678696264,3.71844434,7.397140604,21.67650824,0.464783505,531
2025-08-31,IN,Fashion_Beauty,2007,0.19659109,4.008932949,3.812341859,7.821274808,21.53577699,0.470437916,518
2025-09-07,IN,Fashion_Beauty,2650,-1.17830786,3.498352709,4.67666057,8.175013279,21.39699845,0.485828535,766
2025-09-14,IN,Fashion_Beauty,2109,-0.131522025,3.823558178,3.955080203,7.778638381,21.75596477,0.457084904,498
2025-09-21,IN,Fashion_Beauty,2253,0.102930494,3.986244841,3.883314347,7.869559187,21.80054496,0.529165914,569
2025-09-28,IN,Fashion_Beauty,2202,-0.85434216,3.636397067,4.490739227,8.127136294,22.04255623,0.579908675,567
2025-10-05,IN,Fashion_Beauty,2581,0.261130723,3.862809366,3.601678643,7.464488009,21.60440494,0.492641188,524
2025-10-12,IN,Fashion_Beauty,2508,0.584777422,4.139609916,3.554832494,7.69444241,21.44222017,0.467235465,523
2025-10-19,IN,Fashion_Beauty,2053,0.113823614,3.799776045,3.685952431,7.485728475,21.49045828,0.436075672,610
2025-10-26,IN,Fashion_Beauty,2426,0.444799342,3.911203117,3.466403775,7.377606891,21.67681447,0.455386563,531
2025-11-02,IN,Fashion_Beauty,2401,0.207416214,3.963899376,3.756483163,7.720382539,21.73104573,0.437816387,549
2025-11-09,IN,Fashion_Beauty,2776,-0.123800083,3.726790667,3.85059075,7.577381418,21.51765148,0.44733458,571
2025-11-16,IN,Fashion_Beauty,2725,-0.57771202,3.728054888,4.305766908,8.033821796,21.63803992,0.385668828,618
2025-11-23,IN,Fashion_Beauty,2623,0.135732296,3.934678923,3.798946627,7.733625551,21.776274,0.432275647,507
2025-11-30,IN,Fashion_Beauty,2773,-0.441412573,3.578625846,4.020038419,7.598664265,21.86579776,0.415310572,577
2025-12-07,IN,Fashion_Beauty,2791,-0.865133071,3.311191499,4.17632457,7.487516069,22.02768539,0.391717246,605
2025-12-14,IN,Fashion_Beauty,2806,-0.660901982,3.534384195,4.195286177,7.729670372,22.13140467,0.397226841,542
2025-12-21,IN,Fashion_Beauty,2545,-0.376061322,3.82118318,4.197244502,8.018427682,21.38198271,0.379176584,504
2025-12-28,IN,Fashion_Beauty,2166,-0.77027491,3.5759807,4.34625561,7.922236311,21.88182699,0.342773985,404
2026-01-04,IN,Fashion_Beauty,2321,-0.552434053,3.495417017,4.04785107,7.543268087,22.36535618,0.401256154,530
2026-01-11,IN,Fashion_Beauty,2496,-0.323955839,3.624622498,3.948578337,7.573200835,21.87630085,0.450057402,579
2026-01-18,IN,Fashion_Beauty,2545,-0.271767436,3.657769228,3.929536664,7.587305892,21.43763996,0.370118949,482
2026-01-25,IN,Fashion_Beauty,2520,0.303583096,4.010864362,3.707281267,7.718145629,21.3255292,0.386720174,524
2026-02-01,IN,Fashion_Beauty,2311,-0.600529183,3.56177702,4.162306203,7.724083223,22.34302773,0.4378355,533
2026-02-08,IN,Fashion_Beauty,3018,-0.063777499,3.598477841,3.66225534,7.260733181,21.8782024,0.448209273,587
2026-02-15,IN,Fashion_Beauty,3543,0.375126021,3.765464344,3.390338324,7.155802668,21.30134239,0.502934098,660
2026-02-22,IN,Fashion_Beauty,2857,-0.031739804,3.705737915,3.73747772,7.443215635,21.69739404,0.409163385,629
2026-03-01,IN,Fashion_Beauty,1878,0.571012426,4.02581363,3.454801204,7.480614833,21.74012695,0.485607108,596
2026-03-08,IN,Fashion_Beauty,1902,0.044377472,3.661984673,3.617607201,7.279591873,21.66571917,0.437518491,504
2026-03-15,IN,Fashion_Beauty,2200,0.114390109,3.755120527,3.640730418,7.395850945,22.12612531,0.361013036,428
2026-03-22,IN,Fashion_Beauty,2296,-0.441689178,3.591959413,4.033648591,7.625608005,22.15272901,0.380515174,478
2026-03-29,IN,Fashion_Beauty,2493,-0.522480766,3.490705169,4.013185935,7.503891104,22.27614491,0.373042899,497
2026-04-05,IN,Fashion_Beauty,2448,-0.895573459,3.274971974,4.170545432,7.445517406,22.20940759,0.339963237,582
2026-04-12,IN,Fashion_Beauty,2093,-0.577452309,3.488665186,4.066117494,7.55478268,22.15117714,0.335760712,492
2026-04-19,IN,Fashion_Beauty,2392,-0.578298149,3.449055644,4.027353793,7.476409437,22.23616297,0.362310874,508
2026-04-26,IN,Fashion_Beauty,2325,-0.363314762,3.516254074,3.879568836,7.39582291,22.18114383,0.348143295,464
2026-05-03,IN,Fashion_Beauty,2464,-0.318599515,3.656837811,3.975437326,7.632275137,22.0661143,0.337975331,491
2026-05-10,IN,Fashion_Beauty,2891,-0.951923926,3.29671811,4.248642036,7.545360147,22.19220756,0.343942101,547
2026-05-17,IN,Fashion_Beauty,2630,-0.518751161,3.425716746,3.944467908,7.370184654,22.03235472,0.466156398,601
2026-05-24,IN,Fashion_Beauty,2664,-0.696437608,3.504909942,4.20134755,7.706257492,22.04539528,0.324209413,504
2026-05-31,IN,Fashion_Beauty,2806,-0.976797866,3.341211037,4.318008903,7.65921994,22.04191211,0.369366931,575
2026-06-07,IN,Fashion_Beauty,3275,-1.209574536,3.45218828,4.661762816,8.113951096,21.57756683,0.390225976,671
2026-06-14,IN,Fashion_Beauty,3097,-0.906872779,3.397458786,4.304331566,7.701790352,22.02218394,0.323495094,543
2026-06-21,IN,Fashion_Beauty,3070,-1.101561078,3.377165984,4.478727063,7.855893047,22.27002401,0.289564241,523
2026-06-28,IN,Fashion_Beauty,3247,-1.180695208,3.488290138,4.668985346,8.157275484,22.05368694,0.348201299,484
2026-07-05,IN,Fashion_Beauty,2988,-1.028998009,3.471521858,4.500519866,7.972041724,22.10213858,0.34024359,543
2026-07-12,IN,Fashion_Beauty,3124,-1.087795379,3.532052968,4.619848347,8.151901315,22.26978982,0.338885931,555
2026-07-19,IN,Fashion_Beauty,6380,-3.248988328,3.062753502,6.31174183,9.374495333,22.09219063,0.515870259,949
2026-07-26,IN,Fashion_Beauty,4205,-2.063043117,3.12232224,5.185365357,8.307687597,21.9723718,0.377544961,567
2026-08-02,IN,Fashion_Beauty,3853,-1.086255451,3.265953951,4.352209402,7.618163353,21.7931634,0.370531852,593
2026-08-09,IN,Fashion_Beauty,2914,-1.244985801,3.085753128,4.330738929,7.416492057,22.05621943,0.454859325,468
2026-08-16,IN,Fashion_Beauty,2396,-0.832005943,3.184144526,4.016150469,7.200294996,22.14387798,0.37376509,418
2026-08-23,IN,Fashion_Beauty,992,-1.091787543,3.041213716,4.133001259,7.174214974,21.92574301,0.425882149,248
2023-01-01,IN,Fitness_Wearables,114,1.686974817,3.491627838,1.804653021,5.29628086,20.79996814,0.463296566,64
2023-01-08,IN,Fitness_Wearables,157,0.62182447,3.317067453,2.695242984,6.012310437,21.70281372,0.64286541,91
2023-01-15,IN,Fitness_Wearables,186,0.059326627,2.92284671,2.863520084,5.786366794,20.73125321,0.579030412,95
2023-01-22,IN,Fitness_Wearables,158,0.658220555,3.153892793,2.495672238,5.649565031,20.83609495,0.640266934,86
2023-01-29,IN,Fitness_Wearables,227,2.129892485,3.832883793,1.702991308,5.535875101,21.27700352,0.601110043,98
2023-02-05,IN,Fitness_Wearables,214,2.054223126,3.769557774,1.715334648,5.484892422,19.949672,0.497847365,108
2023-02-12,IN,Fitness_Wearables,175,1.874986715,4.0471253,2.172138585,6.219263885,20.29693872,0.694877978,112
2023-02-19,IN,Fitness_Wearables,210,1.232362533,3.15196549,1.919602957,5.071568448,21.14018504,0.574808397,109
2023-02-26,IN,Fitness_Wearables,241,1.759878221,3.95465107,2.194772849,6.149423918,20.86680046,0.64918572,114
2023-03-05,IN,Fitness_Wearables,204,1.950479288,4.08206572,2.131586432,6.213652151,21.52659261,0.714368865,111
2023-03-12,IN,Fitness_Wearables,204,2.34423554,4.227848907,1.883613367,6.111462273,21.01551752,0.623014582,107
2023-03-19,IN,Fitness_Wearables,159,1.89999487,3.809463828,1.909468957,5.718932785,21.05922458,0.461508039,98
2023-03-26,IN,Fitness_Wearables,349,1.983093829,3.803049369,1.81995554,5.623004908,20.23216483,0.489920893,185
2023-04-02,IN,Fitness_Wearables,292,1.884464574,3.873290348,1.988825775,5.862116123,20.13966961,0.452930782,152
2023-04-09,IN,Fitness_Wearables,256,1.509928055,3.738995074,2.229067019,5.968062092,21.09588594,0.480907988,139
2023-04-16,IN,Fitness_Wearables,268,2.530176556,4.21231991,1.682143354,5.894463264,20.33181504,0.642535219,123
2023-04-23,IN,Fitness_Wearables,395,2.333132514,4.012755401,1.679622887,5.692378288,20.06982305,0.55047625,203
2023-04-30,IN,Fitness_Wearables,261,2.922854376,4.613105283,1.690250908,6.303356191,20.50958489,0.878828896,119
2023-05-07,IN,Fitness_Wearables,245,1.769979475,3.846344741,2.076365266,5.922710007,20.63635694,0.650390383,140
2023-05-14,IN,Fitness_Wearables,298,2.264045782,3.978490653,1.71444487,5.692935523,20.983978,0.554348811,150
2023-05-21,IN,Fitness_Wearables,266,2.962273619,4.663845466,1.701571847,6.365417313,20.64583427,0.514054769,145
2023-05-28,IN,Fitness_Wearables,315,3.491907829,4.868972595,1.377064766,6.246037361,19.58774081,0.523657809,145
2023-06-04,IN,Fitness_Wearables,335,2.701880579,4.55188937,1.850008791,6.401898161,20.1874077,0.573846102,161
2023-06-11,IN,Fitness_Wearables,327,1.810056682,4.050397203,2.240340521,6.290737724,20.53531443,0.549734441,176
2023-06-18,IN,Fitness_Wearables,362,2.702439275,4.310269372,1.607830097,5.918099469,20.02407881,0.635254879,170
2023-06-25,IN,Fitness_Wearables,317,1.916351846,4.088382836,2.172030991,6.260413827,20.78512841,0.801573426,140
2023-07-02,IN,Fitness_Wearables,445,2.276728415,3.99616901,1.719440595,5.715609606,20.06423784,0.396248493,204
2023-07-09,IN,Fitness_Wearables,264,2.226319008,4.205086803,1.978767795,6.183854598,20.95013575,0.72359866,157
2023-07-16,IN,Fitness_Wearables,296,2.371707802,4.594613127,2.222905325,6.817518452,20.69981928,0.648783611,162
2023-07-23,IN,Fitness_Wearables,371,1.543482215,4.096734964,2.553252749,6.649987713,20.09730779,0.449626452,204
2023-07-30,IN,Fitness_Wearables,321,2.278279314,4.262657955,1.984378641,6.247036596,19.94718903,0.472087034,160
2023-08-06,IN,Fitness_Wearables,302,1.736158027,3.661078475,1.924920448,5.585998922,19.98143194,0.470085876,155
2023-08-13,IN,Fitness_Wearables,338,2.443297445,4.264368051,1.821070606,6.085438657,20.28670104,0.451255194,174
2023-08-20,IN,Fitness_Wearables,280,2.041479395,4.034947357,1.993467962,6.02841532,20.14605617,0.708363392,181
2023-08-27,IN,Fitness_Wearables,284,2.496330835,4.317481647,1.821150811,6.138632458,20.66966368,0.629592183,156
2023-09-03,IN,Fitness_Wearables,334,2.737460706,4.442649963,1.705189257,6.147839219,20.17942978,0.723727443,182
2023-09-10,IN,Fitness_Wearables,361,2.452225925,4.240547179,1.788321254,6.028868434,19.87093759,0.58300432,194
2023-09-17,IN,Fitness_Wearables,274,2.443122706,4.319950298,1.876827592,6.196777891,20.45309401,0.545089453,131
2023-09-24,IN,Fitness_Wearables,257,2.162702366,4.283745914,2.121043548,6.404789461,20.1523338,0.614530423,135
2023-10-01,IN,Fitness_Wearables,224,2.153322497,4.196660322,2.043337825,6.239998147,20.48188919,0.528645412,153
2023-10-08,IN,Fitness_Wearables,398,2.292534079,4.128856287,1.836322207,5.965178494,20.19607796,0.593528889,220
2023-10-15,IN,Fitness_Wearables,289,1.999825813,3.986243902,1.986418089,5.97266199,20.29322284,0.552212201,151
2023-10-22,IN,Fitness_Wearables,245,1.890516646,3.926027404,2.035510757,5.961538161,21.47149143,0.664817856,149
2023-10-29,IN,Fitness_Wearables,311,2.285621438,4.314029868,2.02840843,6.342438297,20.54436542,0.795472151,173
2023-11-05,IN,Fitness_Wearables,249,2.046485933,4.085666464,2.03918053,6.124846994,20.33267213,0.570822221,129
2023-11-12,IN,Fitness_Wearables,172,2.74653678,4.632235714,1.885698935,6.517934649,20.91631294,0.679976985,113
2023-11-19,IN,Fitness_Wearables,413,2.232386814,4.384830328,2.152443514,6.537273842,19.95123984,0.546149656,214
2023-11-26,IN,Fitness_Wearables,287,2.217687575,4.246870958,2.029183383,6.276054342,20.47171359,0.550498453,151
2023-12-03,IN,Fitness_Wearables,289,2.339570343,4.27352252,1.933952177,6.207474698,19.91331467,0.46996274,149
2023-12-10,IN,Fitness_Wearables,285,1.933459829,4.153782688,2.220322858,6.374105546,20.43314352,0.716362146,157
2023-12-17,IN,Fitness_Wearables,244,2.684668874,4.540591044,1.85592217,6.396513215,20.27209774,0.472916417,133
2023-12-24,IN,Fitness_Wearables,230,1.59069371,3.920369586,2.329675875,6.250045461,20.93286258,0.502710228,120
2023-12-31,IN,Fitness_Wearables,232,1.461462115,4.071600482,2.610138367,6.681738849,20.45815912,0.474578113,135
2024-01-07,IN,Fitness_Wearables,343,1.211109798,4.071292149,2.860182351,6.9314745,21.17248951,0.58808601,207
2024-01-14,IN,Fitness_Wearables,337,0.951439431,3.601926549,2.650487118,6.252413667,20.67289583,0.464653052,173
2024-01-21,IN,Fitness_Wearables,265,2.119555851,4.55296877,2.433412918,6.986381688,19.9210417,0.482173609,151
2024-01-28,IN,Fitness_Wearables,262,1.939588321,4.209211657,2.269623337,6.478834994,20.75970097,0.468080107,152
2024-02-04,IN,Fitness_Wearables,309,2.378355202,4.209765779,1.831410577,6.041176356,20.44942554,0.429828236,135
2024-02-11,IN,Fitness_Wearables,378,1.045822534,3.772669899,2.726847365,6.499517264,19.90779084,0.387318403,186
2024-02-18,IN,Fitness_Wearables,325,2.688991476,4.751577611,2.062586135,6.814163745,20.44914575,0.501064406,132
2024-02-25,IN,Fitness_Wearables,292,1.897809167,4.189736129,2.291926962,6.481663091,20.67853175,0.489628057,146
2024-03-03,IN,Fitness_Wearables,379,1.958150103,4.243921232,2.285771129,6.529692361,20.44365208,0.52412147,164
2024-03-10,IN,Fitness_Wearables,286,1.959793065,4.266078536,2.306285471,6.572364007,20.84687541,0.481780121,144
2024-03-17,IN,Fitness_Wearables,280,2.327737318,4.423547833,2.095810514,6.519358347,20.6021065,0.682378305,132
2024-03-24,IN,Fitness_Wearables,284,1.722819289,4.024052436,2.301233148,6.325285584,21.35148328,0.599967877,156
2024-03-31,IN,Fitness_Wearables,343,1.963082632,4.023380687,2.060298055,6.083678742,19.91977235,0.530688068,162
2024-04-07,IN,Fitness_Wearables,245,0.82817258,3.925199244,3.097026664,7.022225908,20.51561948,0.541605035,127
2024-04-14,IN,Fitness_Wearables,262,2.004804271,4.274397906,2.269593635,6.543991541,20.5663658,0.712261902,154
2024-04-21,IN,Fitness_Wearables,336,2.049856521,4.206791343,2.156934822,6.363726166,19.85086589,0.515488137,157
2024-04-28,IN,Fitness_Wearables,243,1.486257567,4.144718519,2.658460952,6.803179471,20.48021686,0.525999005,138
2024-05-05,IN,Fitness_Wearables,252,1.697833877,3.741994173,2.044160297,5.78615447,21.34904317,0.544776792,132
2024-05-12,IN,Fitness_Wearables,273,2.520676407,4.570110084,2.049433677,6.619543762,20.46929166,0.661059876,135
2024-05-19,IN,Fitness_Wearables,416,-0.882424019,3.407634981,4.290059,7.697693981,19.53027482,0.463424562,270
2024-05-26,IN,Fitness_Wearables,325,2.698880732,4.688887572,1.990006839,6.678894411,20.59343463,0.627988343,146
2024-06-02,IN,Fitness_Wearables,283,2.068338778,4.137441814,2.069103036,6.20654485,20.13683236,0.566214005,157
2024-06-09,IN,Fitness_Wearables,276,2.244648738,4.26054568,2.015896943,6.276442623,20.96845352,0.702956177,154
2024-06-16,IN,Fitness_Wearables,291,1.652440956,3.657584321,2.005143365,5.662727685,20.6963546,0.80686119,150
2024-06-23,IN,Fitness_Wearables,262,2.578216206,4.711989161,2.133772955,6.845762115,20.06518936,0.590548046,152
2024-06-30,IN,Fitness_Wearables,259,1.726292407,4.015834039,2.289541632,6.305375672,20.90688556,0.421124348,135
2024-07-07,IN,Fitness_Wearables,301,2.267986804,4.202292393,1.934305589,6.136597982,20.43221209,0.454147655,145
2024-07-14,IN,Fitness_Wearables,387,1.296881452,3.982165262,2.68528381,6.667449073,20.53779892,0.605112049,183
2024-07-21,IN,Fitness_Wearables,832,1.646957718,3.914940673,2.267982955,6.182923628,22.37673088,0.351135164,239
2024-07-28,IN,Fitness_Wearables,348,0.871106141,3.657539002,2.786432861,6.443971863,21.84750484,0.647946319,157
2024-08-04,IN,Fitness_Wearables,284,1.877001358,3.988458293,2.111456935,6.099915228,19.96722563,0.382017452,153
2024-08-11,IN,Fitness_Wearables,271,1.507583403,4.205186389,2.697602986,6.902789376,20.93833984,0.545039372,142
2024-08-18,IN,Fitness_Wearables,295,0.728921601,3.833159448,3.104237847,6.937397294,21.668921,0.456699389,164
2024-08-25,IN,Fitness_Wearables,480,-1.220255259,3.092723062,4.312978322,7.405701384,20.44799985,0.356102883,308
2024-09-01,IN,Fitness_Wearables,351,2.15452735,4.210691386,2.056164036,6.266855423,20.56418611,0.510888898,141
2024-09-08,IN,Fitness_Wearables,292,2.092935935,4.195198235,2.1022623,6.297460535,19.81939987,0.622596963,152
2024-09-15,IN,Fitness_Wearables,379,1.836233436,4.286441382,2.450207946,6.736649328,20.71616421,0.626395442,170
2024-09-22,IN,Fitness_Wearables,298,1.656310114,3.977669286,2.321359172,6.299028458,20.59626484,0.521086088,170
2024-09-29,IN,Fitness_Wearables,492,1.522159311,3.956482365,2.434323054,6.39080542,21.71991414,0.461762478,233
2024-10-06,IN,Fitness_Wearables,350,1.890681801,4.008394975,2.117713174,6.126108149,21.28047418,0.37781875,164
2024-10-13,IN,Fitness_Wearables,350,1.863183669,4.000614077,2.137430408,6.138044485,20.63962408,0.480049127,196
2024-10-20,IN,Fitness_Wearables,377,2.331884092,4.170293874,1.838409781,6.008703655,20.07721223,0.504932019,198
2024-10-27,IN,Fitness_Wearables,245,2.477551176,4.34235424,1.864803063,6.207157303,20.55834861,0.548200001,133
2024-11-03,IN,Fitness_Wearables,282,0.896212609,3.768531752,2.872319144,6.640850896,20.07404818,0.457424468,131
2024-11-10,IN,Fitness_Wearables,399,2.264440804,4.184367771,1.919926966,6.104294737,19.8507655,0.55186937,164
2024-11-17,IN,Fitness_Wearables,306,1.640278432,4.250378142,2.61009971,6.860477852,20.06573331,0.411324252,152
2024-11-24,IN,Fitness_Wearables,344,2.401375451,4.302373735,1.900998285,6.20337202,19.96479879,0.400939576,152
2024-12-01,IN,Fitness_Wearables,322,2.120785551,4.230407279,2.109621728,6.340029007,20.54998991,0.431848338,153
2024-12-08,IN,Fitness_Wearables,337,2.855689133,4.750427536,1.894738403,6.645165939,20.04165457,0.495797358,179
2024-12-15,IN,Fitness_Wearables,308,2.652438898,4.758249334,2.105810436,6.86405977,19.74607134,0.427435996,147
2024-12-22,IN,Fitness_Wearables,270,1.97348506,4.280213828,2.306728768,6.586942596,20.23154124,0.40602331,123
2024-12-29,IN,Fitness_Wearables,217,2.760588408,4.714809016,1.954220608,6.669029625,20.41707156,0.531105775,104
2025-01-05,IN,Fitness_Wearables,277,1.780423667,4.134435436,2.354011769,6.488447205,21.0062843,0.57058592,140
2025-01-12,IN,Fitness_Wearables,267,2.720370317,4.671253231,1.950882914,6.622136145,20.45439829,0.457426835,132
2025-01-19,IN,Fitness_Wearables,503,2.213975335,4.311557828,2.097582493,6.409140321,20.8723215,0.478586775,214
2025-01-26,IN,Fitness_Wearables,311,2.626669043,4.764768308,2.138099265,6.902867572,20.6672942,0.497638938,132
2025-02-02,IN,Fitness_Wearables,322,2.456166831,4.275202628,1.819035797,6.094238425,20.79558254,0.385602676,159
2025-02-09,IN,Fitness_Wearables,269,3.044590667,4.893389648,1.848798981,6.742188629,20.32029203,0.473539313,132
2025-02-16,IN,Fitness_Wearables,326,4.102725654,6.025045262,1.922319608,7.94736487,19.14194339,0.427979237,147
2025-02-23,IN,Fitness_Wearables,277,2.194676809,4.430778785,2.236101976,6.666880762,20.70295234,0.432104033,138
2025-03-02,IN,Fitness_Wearables,340,2.452491334,4.40924513,1.956753796,6.365998927,21.08422557,0.429916792,143
2025-03-09,IN,Fitness_Wearables,296,2.162297845,4.23855837,2.076260525,6.314818895,21.4071794,0.547255476,149
2025-03-16,IN,Fitness_Wearables,301,2.31774511,4.30832198,1.99057687,6.298898851,21.0758861,0.518891186,145
2025-03-23,IN,Fitness_Wearables,291,2.071840632,4.429093718,2.357253086,6.786346804,20.38690124,0.477381436,135
2025-03-30,IN,Fitness_Wearables,227,1.825879395,4.381381008,2.555501612,6.93688262,21.20821618,0.487668441,111
2025-04-06,IN,Fitness_Wearables,314,0.367909698,3.568179728,3.20027003,6.768449758,21.34989029,0.43366841,155
2025-04-13,IN,Fitness_Wearables,308,1.73863477,3.867900321,2.129265551,5.997165872,21.32452356,0.555829,112
2025-04-20,IN,Fitness_Wearables,305,2.027682673,3.948282313,1.92059964,5.868881953,20.34776323,0.510874328,127
2025-04-27,IN,Fitness_Wearables,271,2.479375887,4.680331055,2.200955168,6.881286223,20.96157656,0.525207328,131
2025-05-04,IN,Fitness_Wearables,237,1.375280022,3.929134897,2.553854875,6.482989772,20.41494996,0.546345996,135
2025-05-11,IN,Fitness_Wearables,284,1.860413151,4.290324001,2.429910851,6.720234852,20.90075219,0.43143141,123
2025-05-18,IN,Fitness_Wearables,333,2.285320702,4.282772301,1.9974516,6.280223901,21.03731833,0.659143252,154
2025-05-25,IN,Fitness_Wearables,314,2.048752016,4.170475707,2.121723691,6.292199398,20.83416078,0.646291961,149
2025-06-01,IN,Fitness_Wearables,239,1.852429321,4.036189812,2.183760491,6.219950304,21.52382262,0.451327633,128
2025-06-08,IN,Fitness_Wearables,276,2.188151237,4.348239148,2.160087911,6.508327059,20.98325349,0.489984642,138
2025-06-29,IN,Fitness_Wearables,206,2.273778406,4.505194876,2.23141647,6.736611345,20.78401723,0.525353087,90
2025-07-06,IN,Fitness_Wearables,334,2.196293005,4.252706807,2.056413802,6.309120609,21.19011485,0.448354993,168
2025-07-13,IN,Fitness_Wearables,289,2.416033896,4.302872078,1.886838182,6.18971026,20.37218394,0.482921579,132
2025-07-20,IN,Fitness_Wearables,373,1.903164762,4.108833988,2.205669226,6.314503214,20.53574026,0.76772696,158
2025-07-27,IN,Fitness_Wearables,293,2.685509829,4.542674803,1.857164974,6.399839776,19.79120238,0.520275189,128
2025-08-03,IN,Fitness_Wearables,312,2.680594638,4.67891451,1.998319872,6.677234381,20.23253459,0.5995508,163
2025-08-10,IN,Fitness_Wearables,272,1.4831471,4.08043958,2.59729248,6.67773206,20.3099992,0.337871478,149
2025-08-17,IN,Fitness_Wearables,333,3.029969811,5.007709879,1.977740068,6.985449947,20.12116069,0.453595023,143
2025-08-24,IN,Fitness_Wearables,281,2.935760428,4.818578163,1.882817734,6.701395897,20.01266939,0.525162458,138
2025-08-31,IN,Fitness_Wearables,268,3.083049963,4.799341417,1.716291454,6.51563287,19.78013018,0.462992823,122
2025-09-07,IN,Fitness_Wearables,301,2.154715977,4.204663838,2.049947861,6.254611699,20.57138512,0.463800209,145
2025-09-14,IN,Fitness_Wearables,337,2.158027297,4.502104079,2.344076781,6.84618086,20.65729748,0.495208899,161
2025-09-21,IN,Fitness_Wearables,322,1.783160126,4.324437453,2.541277327,6.86571478,20.66023626,0.462595035,157
2025-09-28,IN,Fitness_Wearables,302,2.271485429,4.617482338,2.345996909,6.963479248,20.35013376,0.483800986,158
2025-10-05,IN,Fitness_Wearables,400,3.247215498,5.193856459,1.946640961,7.14049742,20.36240457,0.45113919,141
2025-10-12,IN,Fitness_Wearables,335,3.616575396,5.609960977,1.993385581,7.603346557,19.66981641,0.55181657,156
2025-10-19,IN,Fitness_Wearables,176,2.468784856,4.646128304,2.177343448,6.823471752,20.69382037,0.468531459,104
2025-10-26,IN,Fitness_Wearables,302,2.91663843,4.774610114,1.857971683,6.632581797,19.67561332,0.479044106,141
2025-11-02,IN,Fitness_Wearables,351,2.65253766,4.889653179,2.237115519,7.126768698,19.85472574,0.385656304,170
2025-11-09,IN,Fitness_Wearables,326,2.21048428,4.542569461,2.33208518,6.874654641,20.46330669,0.34600834,149
2025-11-16,IN,Fitness_Wearables,328,2.53368564,4.76072171,2.227036069,6.987757779,19.89000489,0.429168744,179
2025-11-23,IN,Fitness_Wearables,251,2.373931697,4.581294314,2.207362618,6.788656932,20.19890106,0.382591587,127
2025-11-30,IN,Fitness_Wearables,358,1.973181918,4.598283917,2.625101999,7.223385915,19.96437345,0.403105842,154
2025-12-07,IN,Fitness_Wearables,355,2.69373412,4.782441383,2.088707263,6.871148646,19.94971987,0.466471646,151
2025-12-14,IN,Fitness_Wearables,329,2.981916605,4.791172685,1.809256081,6.600428766,20.05770305,0.424837182,154
2025-12-21,IN,Fitness_Wearables,228,2.435192762,4.462039969,2.026847207,6.488887177,20.45633393,0.367823177,106
2025-12-28,IN,Fitness_Wearables,221,1.455347634,3.850067594,2.39471996,6.244787555,21.11382268,0.294161061,111
2026-01-04,IN,Fitness_Wearables,292,2.071388373,4.468228045,2.396839672,6.865067716,20.96884443,0.342273757,134
2026-01-11,IN,Fitness_Wearables,301,2.655520244,4.842525308,2.187005064,7.029530372,20.03872223,0.341521325,133
2026-01-18,IN,Fitness_Wearables,291,1.997131248,4.290058464,2.292927216,6.58298568,20.17169673,0.391422074,129
2026-01-25,IN,Fitness_Wearables,300,2.909022292,4.69765363,1.788631338,6.486284968,19.86788297,0.384012062,132
2026-02-01,IN,Fitness_Wearables,491,0.333690207,4.104010064,3.770319857,7.874329922,20.71097045,0.45646326,263
2026-02-08,IN,Fitness_Wearables,423,2.253695396,4.510495646,2.25680025,6.767295895,20.22419785,0.430434603,165
2026-02-15,IN,Fitness_Wearables,384,2.125048915,4.26811914,2.143070225,6.411189365,20.23955444,0.461185576,152
2026-02-22,IN,Fitness_Wearables,664,0.744071726,3.667131417,2.923059691,6.590191109,20.31218171,0.542356428,345
2026-03-01,IN,Fitness_Wearables,476,1.175196245,3.992823886,2.817627641,6.810451528,20.51811831,0.613779152,263
2026-03-08,IN,Fitness_Wearables,308,2.481969322,4.514410197,2.032440876,6.546851073,20.55308705,0.462805996,141
2026-03-15,IN,Fitness_Wearables,319,1.927943837,4.398829996,2.470886159,6.869716154,20.52749537,0.37906582,150
2026-03-22,IN,Fitness_Wearables,326,2.344402998,4.574630256,2.230227258,6.804857514,20.34369437,0.333268574,148
2026-03-29,IN,Fitness_Wearables,255,2.146882347,4.517863244,2.370980897,6.888844141,19.94839064,0.297089634,125
2026-04-05,IN,Fitness_Wearables,271,2.428124786,4.517679115,2.08955433,6.607233445,20.76437436,0.413143852,120
2026-04-12,IN,Fitness_Wearables,247,2.069357154,4.222675402,2.153318247,6.375993649,21.20509595,0.409573157,133
2026-04-19,IN,Fitness_Wearables,285,2.220271202,4.280035742,2.05976454,6.339800281,21.28944687,0.37358479,128
2026-04-26,IN,Fitness_Wearables,370,3.028610475,4.600645561,1.572035086,6.172680647,20.23969812,0.376009816,180
2026-05-03,IN,Fitness_Wearables,256,2.359128259,4.579959968,2.220831709,6.800791677,20.80322106,0.393523226,113
2026-05-10,IN,Fitness_Wearables,378,1.459882369,3.898667281,2.438784912,6.337452192,20.72649615,0.574801216,153
2026-05-17,IN,Fitness_Wearables,316,2.026436082,4.141143327,2.114707245,6.255850572,21.18590193,0.302228475,126
2026-05-24,IN,Fitness_Wearables,639,2.976594971,4.646166132,1.669571162,6.315737294,19.69524304,0.340239768,211
2026-05-31,IN,Fitness_Wearables,424,2.076807903,4.664455,2.587647097,7.252102097,18.88110809,0.341105327,197
2026-06-07,IN,Fitness_Wearables,363,2.417971419,4.547200745,2.129229326,6.676430071,21.11019284,0.259763093,136
2026-06-14,IN,Fitness_Wearables,309,2.103207895,4.403466154,2.300258259,6.703724414,21.375447,0.392005838,129
2026-06-21,IN,Fitness_Wearables,429,2.425343523,4.434133038,2.008789515,6.442922552,20.00064483,0.351691972,216
2026-06-28,IN,Fitness_Wearables,553,1.87762328,4.583903823,2.706280543,7.290184366,20.18954476,0.425439923,241
2026-07-05,IN,Fitness_Wearables,338,3.26512978,4.933583484,1.668453704,6.602037188,19.51208303,0.36244913,143
2026-07-12,IN,Fitness_Wearables,361,2.648869164,4.667328883,2.018459719,6.685788602,19.96624551,0.288409146,145
2026-07-19,IN,Fitness_Wearables,405,2.702835254,4.760834964,2.05799971,6.818834673,20.5563073,0.591947194,196
2026-07-26,IN,Fitness_Wearables,445,2.901277066,4.798620753,1.897343688,6.695964441,20.43728491,0.223965697,186
2026-08-02,IN,Fitness_Wearables,389,2.950650884,4.873615268,1.922964384,6.796579652,19.93541314,0.456431438,169
2026-08-09,IN,Fitness_Wearables,587,4.115812082,5.69017596,1.574363878,7.264539838,20.27610832,0.434024411,214
2026-08-16,IN,Fitness_Wearables,380,1.837715864,4.069283699,2.231567835,6.300851534,20.7015013,0.407231975,163
2026-08-23,IN,Fitness_Wearables,183,-0.152413928,3.860517463,4.012931391,7.873448855,20.70952092,0.480109853,128
2023-01-01,IN,Nutrition_Diets,10222,-1.941211469,2.572820559,4.514032029,7.086852588,22.71907487,0.50464149,1856
2023-01-08,IN,Nutrition_Diets,9569,-1.130843014,2.967887767,4.098730781,7.066618549,22.60295178,0.535663294,1515
2023-01-15,IN,Nutrition_Diets,10207,-1.049628054,2.908132302,3.957760356,6.865892658,22.46823483,0.50773173,1908
2023-01-22,IN,Nutrition_Diets,8733,-1.008971085,3.105535723,4.114506808,7.220042531,22.41461612,0.494963727,1661
2023-01-29,IN,Nutrition_Diets,9962,-1.083450313,3.035148888,4.118599201,7.153748089,22.96066176,0.465463212,1630
2023-02-05,IN,Nutrition_Diets,9469,-1.092919805,3.048086428,4.141006233,7.189092661,22.80920418,0.542493038,1606
2023-02-12,IN,Nutrition_Diets,8838,-1.046723874,3.048666625,4.095390499,7.144057124,22.60550019,0.539244422,1395
2023-02-19,IN,Nutrition_Diets,8801,-1.301849929,2.928555628,4.230405558,7.158961186,22.74148459,0.562573408,1454
2023-02-26,IN,Nutrition_Diets,9729,-1.05697124,3.093367987,4.150339227,7.243707214,22.65318754,0.534027892,1665
2023-03-05,IN,Nutrition_Diets,9838,-1.166436572,3.089212347,4.255648918,7.344861265,23.00124535,0.527589391,1631
2023-03-12,IN,Nutrition_Diets,9398,-1.296854416,2.985336075,4.28219049,7.267526565,23.09992895,0.507914987,1346
2023-03-19,IN,Nutrition_Diets,9969,-1.387798051,2.95443069,4.342228742,7.296659432,22.55903995,0.544784825,1862
2023-03-26,IN,Nutrition_Diets,14734,-1.328032719,2.896866254,4.224898973,7.121765227,22.62046364,0.487613567,2388
2023-04-02,IN,Nutrition_Diets,14560,-1.427023215,2.898992573,4.326015787,7.22500836,22.43780929,0.490790441,2281
2023-04-09,IN,Nutrition_Diets,15616,-1.359249518,2.842716488,4.201966007,7.044682495,22.40837984,0.482622716,2531
2023-04-16,IN,Nutrition_Diets,16410,-1.390882677,2.797558834,4.188441511,6.986000345,22.26720099,0.487673456,2877
2023-04-23,IN,Nutrition_Diets,15826,-1.172333163,3.031789595,4.204122758,7.235912354,22.75104152,0.54021709,2534
2023-04-30,IN,Nutrition_Diets,15740,-1.347789796,2.950947713,4.298737509,7.249685222,22.50685352,0.534369175,2571
2023-05-07,IN,Nutrition_Diets,14029,-1.442159801,2.916959047,4.359118847,7.276077894,22.77776379,0.483091836,2474
2023-05-14,IN,Nutrition_Diets,15017,-1.472463311,2.903023884,4.375487196,7.27851108,22.81562751,0.452026664,2535
2023-05-21,IN,Nutrition_Diets,15108,-1.184864689,2.948541665,4.133406354,7.081948019,22.67227802,0.500551405,2281
2023-05-28,IN,Nutrition_Diets,16950,-2.549618728,2.709413464,5.259032192,7.968445657,23.1454283,0.447759873,3060
2023-06-04,IN,Nutrition_Diets,16249,-1.904053715,2.817568986,4.721622701,7.539191687,23.02002975,0.497852997,2626
2023-06-11,IN,Nutrition_Diets,14344,-1.636230053,2.920706495,4.556936548,7.477643043,22.92859087,0.481097794,2238
2023-06-18,IN,Nutrition_Diets,13899,-1.444197342,2.915197547,4.359394889,7.274592436,22.58987324,0.49150499,2187
2023-06-25,IN,Nutrition_Diets,13006,-1.450413226,3.040516211,4.490929437,7.531445649,22.87726074,0.472580771,2080
2023-07-02,IN,Nutrition_Diets,12776,-1.438224712,2.950110163,4.388334875,7.338445038,22.49816948,0.535748187,2114
2023-07-09,IN,Nutrition_Diets,12978,-1.483570217,3.004643039,4.488213256,7.492856295,22.82003111,0.476460267,2113
2023-07-16,IN,Nutrition_Diets,14109,-1.478756582,2.958176017,4.436932599,7.395108616,22.54626844,0.522577577,2375
2023-07-23,IN,Nutrition_Diets,12984,-1.506006893,2.910483847,4.41649074,7.326974587,22.7841629,0.468208806,1932
2023-07-30,IN,Nutrition_Diets,13430,-1.603649884,2.986160084,4.589809969,7.575970053,22.88834406,0.492316893,2312
2023-08-06,IN,Nutrition_Diets,12869,-1.681823148,2.94898547,4.630808618,7.579794088,22.72618452,0.484316195,1994
2023-08-13,IN,Nutrition_Diets,12550,-0.881513765,3.312198916,4.193712681,7.505911596,22.44009888,0.529546083,2056
2023-08-20,IN,Nutrition_Diets,15341,-0.936243357,3.087130881,4.023374238,7.110505119,22.31808975,0.504110339,2376
2023-08-27,IN,Nutrition_Diets,12553,-1.07852174,3.037994575,4.116516315,7.15451089,22.52579452,0.501560631,2232
2023-09-03,IN,Nutrition_Diets,16060,-1.054741429,3.081801954,4.136543383,7.218345337,22.23314765,0.560093838,2888
2023-09-10,IN,Nutrition_Diets,17221,-1.688917752,2.981636182,4.670553935,7.652190117,22.3434579,0.526146348,2753
2023-09-17,IN,Nutrition_Diets,13143,-1.423939814,3.155766258,4.579706072,7.735472331,22.62702213,0.525962498,2235
2023-09-24,IN,Nutrition_Diets,13880,-1.648677765,2.950272293,4.598950058,7.54922235,22.57856024,0.522152061,2048
2023-10-01,IN,Nutrition_Diets,15179,-1.268384963,3.054565135,4.322950098,7.377515233,22.38196619,0.536751273,2480
2023-10-08,IN,Nutrition_Diets,13077,-1.451785853,3.096972912,4.548758765,7.645731677,22.66232365,0.541170759,2186
2023-10-15,IN,Nutrition_Diets,11786,-1.044614171,3.265342799,4.30995697,7.575299769,22.68979571,0.518438901,1879
2023-10-22,IN,Nutrition_Diets,12529,-1.456656174,3.083883947,4.540540121,7.624424069,22.6874179,0.524237067,2168
2023-10-29,IN,Nutrition_Diets,14895,-1.893570432,2.964649568,4.85822,7.822869568,22.57374829,0.492993508,2574
2023-11-05,IN,Nutrition_Diets,14655,-1.506832967,3.158912588,4.665745555,7.824658143,22.60840658,0.573193726,2560
2023-11-12,IN,Nutrition_Diets,12716,-1.676136905,3.01473963,4.690876534,7.705616164,22.81149715,0.498797644,2212
2023-11-19,IN,Nutrition_Diets,14278,-1.472215086,3.081585584,4.55380067,7.635386253,22.94663285,0.487269035,2474
2023-11-26,IN,Nutrition_Diets,14933,-1.110133429,3.201212161,4.31134559,7.512557751,23.12636537,0.518010939,2588
2023-12-03,IN,Nutrition_Diets,12484,-1.171254723,3.209340671,4.380595394,7.589936065,22.47985636,0.495555858,2200
2023-12-10,IN,Nutrition_Diets,11765,-1.380885154,3.059623932,4.440509086,7.500133018,22.64879658,0.476428897,2251
2023-12-17,IN,Nutrition_Diets,12609,-1.531547145,3.026375101,4.557922247,7.584297348,22.84064532,0.471196157,1954
2023-12-24,IN,Nutrition_Diets,11554,-1.517204366,3.040382155,4.557586521,7.597968677,22.72465575,0.447596996,1773
2023-12-31,IN,Nutrition_Diets,10740,-1.657512054,2.948432972,4.605945027,7.554377999,22.79710821,0.438260636,1705
2024-01-07,IN,Nutrition_Diets,12315,-0.909904525,3.258722272,4.168626796,7.427349068,22.64736278,0.46161245,1981
2024-01-14,IN,Nutrition_Diets,11262,-1.027327841,3.227367555,4.254695396,7.482062951,22.64462192,0.476972135,1944
2024-01-21,IN,Nutrition_Diets,10839,-1.002982988,3.234388677,4.237371665,7.471760342,22.69671435,0.477827819,2120
2024-01-28,IN,Nutrition_Diets,12115,-1.136877824,3.192424094,4.329301917,7.521726011,22.59214827,0.493023375,1857
2024-02-04,IN,Nutrition_Diets,12591,-1.675575369,3.011405232,4.686980601,7.698385833,22.69506667,0.517820334,2068
2024-02-11,IN,Nutrition_Diets,11622,-1.410943363,3.082315622,4.493258985,7.575574607,22.60609141,0.487375221,2143
2024-02-18,IN,Nutrition_Diets,12579,-1.368763609,3.068098842,4.436862452,7.504961294,22.6189977,0.514464853,2054
2024-02-25,IN,Nutrition_Diets,12541,-1.224442515,3.077722493,4.302165008,7.379887501,22.56035361,0.492564733,1972
2024-03-03,IN,Nutrition_Diets,12588,-1.185663633,3.221500983,4.407164617,7.6286656,22.5033353,0.505293535,2014
2024-03-10,IN,Nutrition_Diets,11829,-0.923613569,3.244129938,4.167743507,7.411873445,22.63493423,0.51191555,1942
2024-03-17,IN,Nutrition_Diets,12048,-1.541893469,3.138786087,4.680679556,7.819465642,22.58753584,0.488536082,2144
2024-03-24,IN,Nutrition_Diets,10320,-1.400521521,3.12207843,4.522599951,7.644678381,23.00599797,0.51740478,1838
2024-03-31,IN,Nutrition_Diets,11531,-1.350460433,3.116305251,4.466765683,7.583070934,23.04270354,0.499124708,1931
2024-04-07,IN,Nutrition_Diets,10963,-1.449858899,3.095311228,4.545170126,7.640481354,22.6971322,0.497757934,2009
2024-04-14,IN,Nutrition_Diets,12027,-1.403986421,3.110284784,4.514271205,7.624555989,22.77524031,0.500610767,2105
2024-04-21,IN,Nutrition_Diets,11620,-1.437404336,3.020651499,4.458055835,7.478707334,22.85204992,0.494237676,1985
2024-04-28,IN,Nutrition_Diets,11665,-1.675720212,2.954584758,4.63030497,7.584889728,23.08725196,0.495983405,1773
2024-05-05,IN,Nutrition_Diets,11560,-1.778830514,2.921736661,4.700567176,7.622303837,22.92675398,0.508746509,2030
2024-05-12,IN,Nutrition_Diets,12306,-1.808538746,2.971890498,4.780429244,7.752319741,23.15334335,0.502515503,1891
2024-05-19,IN,Nutrition_Diets,12576,-1.83212417,2.878274773,4.710398943,7.588673716,23.0343472,0.480963044,2150
2024-05-26,IN,Nutrition_Diets,13821,-2.141790557,2.845933419,4.987723977,7.833657396,23.25456061,0.437151438,2128
2024-06-02,IN,Nutrition_Diets,10832,-1.163970172,3.192035983,4.356006155,7.548042138,22.76183695,0.478344784,1945
2024-06-09,IN,Nutrition_Diets,10977,-1.708627517,2.90278533,4.611412847,7.514198178,22.57346381,0.432323929,1949
2024-06-16,IN,Nutrition_Diets,12574,-1.962784492,2.948676336,4.911460829,7.860137165,23.02882196,0.416028601,2231
2024-06-23,IN,Nutrition_Diets,11733,-1.809397905,3.041253195,4.8506511,7.891904295,22.8094344,0.454064489,1989
2024-06-30,IN,Nutrition_Diets,12406,-1.884974175,3.05029768,4.935271855,7.985569534,22.95039078,0.489994573,1967
2024-07-07,IN,Nutrition_Diets,12066,-1.671862676,3.024766558,4.696629234,7.721395792,22.78088883,0.423964947,1962
2024-07-14,IN,Nutrition_Diets,12841,-2.019161329,2.929489669,4.948650998,7.878140667,22.71978993,0.436161812,1953
2024-07-21,IN,Nutrition_Diets,12306,-1.75431413,3.080775842,4.835089972,7.915865814,22.69911642,0.405663815,1918
2024-07-28,IN,Nutrition_Diets,11965,-1.567210778,3.087563878,4.654774656,7.742338534,22.77929033,0.411050857,1644
2024-08-04,IN,Nutrition_Diets,10951,-1.597591117,3.150877916,4.748469033,7.899346949,22.73068104,0.460657772,1682
2024-08-11,IN,Nutrition_Diets,11921,-2.256064844,2.96614882,5.222213664,8.188362484,22.53286831,0.487705915,1978
2024-08-18,IN,Nutrition_Diets,12736,-2.215703645,2.95725665,5.172960295,8.130216944,22.76770638,0.434634648,1976
2024-08-25,IN,Nutrition_Diets,11183,-1.816712942,3.015915607,4.832628549,7.848544156,22.76664086,0.441420601,1879
2024-09-01,IN,Nutrition_Diets,11422,-1.886004932,3.065779998,4.95178493,8.017564927,22.70451269,0.459714166,1786
2024-09-08,IN,Nutrition_Diets,11418,-1.811473741,3.066369787,4.877843529,7.944213316,22.49202792,0.449878083,1841
2024-09-15,IN,Nutrition_Diets,11678,-1.297256118,3.251836794,4.549092912,7.800929706,22.52448002,0.502989182,1774
2024-09-22,IN,Nutrition_Diets,11788,-1.329000727,3.23554992,4.564550648,7.800100568,22.71178943,0.462847217,1730
2024-09-29,IN,Nutrition_Diets,11756,-1.206972076,3.278075718,4.485047794,7.763123512,22.70313737,0.487931718,1716
2024-10-06,IN,Nutrition_Diets,11273,-0.95233398,3.517606867,4.469940847,7.987547714,22.47907816,0.486742745,1800
2024-10-13,IN,Nutrition_Diets,11159,-1.526226677,3.192156692,4.718383369,7.910540062,22.51506447,0.485591529,1794
2024-10-20,IN,Nutrition_Diets,12447,-1.233215026,3.281280214,4.51449524,7.795775454,22.44519727,0.506682254,2074
2024-10-27,IN,Nutrition_Diets,11474,-1.500628314,3.317950294,4.818578608,8.136528903,22.3312525,0.433066805,2122
2024-11-03,IN,Nutrition_Diets,11581,-1.397064327,3.316578812,4.713643139,8.030221951,22.67312959,0.484317054,2131
2024-11-10,IN,Nutrition_Diets,12196,-1.52736297,3.17173899,4.699101961,7.870840951,22.49781169,0.480582751,2075
2024-11-17,IN,Nutrition_Diets,12423,-1.490450893,3.325360801,4.815811694,8.141172495,22.42496446,0.495502233,2114
2024-11-24,IN,Nutrition_Diets,10886,-1.601439275,3.257108225,4.8585475,8.115655725,22.70896647,0.45045146,1832
2024-12-01,IN,Nutrition_Diets,11423,-1.624694654,3.185314941,4.810009596,7.995324537,22.60732822,0.503875013,1932
2024-12-08,IN,Nutrition_Diets,11281,-1.613605208,3.192886755,4.806491963,7.999378718,22.67468782,0.461819548,1641
2024-12-15,IN,Nutrition_Diets,12326,-1.868101327,3.064902091,4.933003418,7.997905509,22.59726724,0.449005627,1693
2024-12-22,IN,Nutrition_Diets,11094,-1.691302403,3.197146338,4.888448742,8.08559508,22.50674484,0.430630687,1861
2024-12-29,IN,Nutrition_Diets,10236,-1.676458086,3.19793743,4.874395516,8.072332946,22.79150747,0.454001827,1531
2025-01-05,IN,Nutrition_Diets,13643,-1.940197721,3.087781431,5.027979152,8.115760583,22.41175584,0.412897022,2193
2025-01-12,IN,Nutrition_Diets,12844,-1.840488295,3.12133593,4.961824225,8.083160155,22.58697647,0.44765183,1769
2025-01-19,IN,Nutrition_Diets,12464,-1.60793892,3.242795046,4.850733966,8.093529012,22.72918463,0.457426653,1713
2025-01-26,IN,Nutrition_Diets,12550,-1.168389163,3.379844601,4.548233763,7.928078364,22.71732017,0.457287727,1784
2025-02-02,IN,Nutrition_Diets,10939,-1.349130371,3.327969325,4.677099696,8.00506902,22.5909256,0.444923466,1585
2025-02-09,IN,Nutrition_Diets,10231,-1.269514916,3.38199106,4.651505976,8.033497036,22.77314884,0.477451345,1560
2025-02-16,IN,Nutrition_Diets,10416,-1.811959321,3.089081292,4.901040613,7.990121905,22.95051745,0.44142526,1480
2025-02-23,IN,Nutrition_Diets,11668,-1.127253564,3.329608536,4.4568621,7.786470635,23.00330955,0.524398544,1678
2025-03-02,IN,Nutrition_Diets,10765,-1.247664113,3.32091491,4.568579023,7.889493933,23.07264399,0.474744878,1522
2025-03-09,IN,Nutrition_Diets,10743,-1.570778163,3.242030895,4.812809059,8.054839954,22.95184308,0.460408909,1771
2025-03-16,IN,Nutrition_Diets,10629,-1.731998301,3.182292091,4.914290393,8.096582484,23.26078862,0.49276968,1491
2025-03-23,IN,Nutrition_Diets,11931,-1.798022647,3.155199037,4.953221685,8.108420722,23.21595483,0.462346498,1740
2025-03-30,IN,Nutrition_Diets,11622,-1.635234744,3.253049478,4.888284222,8.1413337,23.09338407,0.540608127,2129
2025-04-06,IN,Nutrition_Diets,10437,-1.426099781,3.283657329,4.709757111,7.99341444,23.05614408,0.523027844,1651
2025-04-13,IN,Nutrition_Diets,10253,-1.704177962,3.153437806,4.857615768,8.011053574,23.09297038,0.478612541,1503
2025-04-20,IN,Nutrition_Diets,11059,-2.139890513,3.093790134,5.233680646,8.32747078,22.78617173,0.502349799,1740
2025-04-27,IN,Nutrition_Diets,10959,-1.619903793,3.212367744,4.832271536,8.04463928,22.96486076,0.467065878,1815
2025-05-04,IN,Nutrition_Diets,12488,-2.277963175,3.008192038,5.286155213,8.294347251,22.84831942,0.477135004,2206
2025-05-11,IN,Nutrition_Diets,10043,-1.556091755,3.274611578,4.830703333,8.10531491,23.24398414,0.478253046,1458
2025-05-18,IN,Nutrition_Diets,11603,-1.543165985,3.253561195,4.79672718,8.050288375,22.82330534,0.442054219,1723
2025-05-25,IN,Nutrition_Diets,10557,-1.42073556,3.308669431,4.729404991,8.038074423,22.93193102,0.483051155,1484
2025-06-01,IN,Nutrition_Diets,11285,-1.438244677,3.313451674,4.751696351,8.065148026,22.85050372,0.466538483,1705
2025-06-08,IN,Nutrition_Diets,15872,-2.484796874,2.624643179,5.109440053,7.734083232,23.7865515,0.492965922,2799
2025-06-29,IN,Nutrition_Diets,7190,-1.233668015,3.368182545,4.601850561,7.970033106,22.37501813,0.46507605,1454
2025-07-06,IN,Nutrition_Diets,12412,-1.308660075,3.30877745,4.617437525,7.926214974,22.59844731,0.47284217,1843
2025-07-13,IN,Nutrition_Diets,12495,-1.427818741,3.268965302,4.696784043,7.965749345,22.54051158,0.454682005,1876
2025-07-20,IN,Nutrition_Diets,12138,-1.664299863,3.266007668,4.930307531,8.196315199,22.64004343,0.431877765,1707
2025-07-27,IN,Nutrition_Diets,11572,-1.647514632,3.263006037,4.910520669,8.173526706,22.77626276,0.490217072,1683
2025-08-03,IN,Nutrition_Diets,11849,-1.538933174,3.242675502,4.781608675,8.024284177,22.81637032,0.514255447,1990
2025-08-10,IN,Nutrition_Diets,12157,-1.727792818,3.285860725,5.013653543,8.299514267,22.84915924,0.55184012,1946
2025-08-17,IN,Nutrition_Diets,11215,-1.455264085,3.335411982,4.790676067,8.126088049,22.91412938,0.449300691,1714
2025-08-24,IN,Nutrition_Diets,11581,-1.340497334,3.362909152,4.703406487,8.066315639,22.64930062,0.497420534,1678
2025-08-31,IN,Nutrition_Diets,12936,-1.207694896,3.531325329,4.739020225,8.270345554,22.5257507,0.44806713,1935
2025-09-07,IN,Nutrition_Diets,11651,-1.722453844,3.394575171,5.117029015,8.511604186,22.73386034,0.450451629,1614
2025-09-14,IN,Nutrition_Diets,13547,-0.805858586,3.693176318,4.499034904,8.192211222,22.35607231,0.506308307,1747
2025-09-21,IN,Nutrition_Diets,12749,-0.689122949,3.747691127,4.436814075,8.184505202,22.33643303,0.511495725,1814
2025-09-28,IN,Nutrition_Diets,12096,-1.229162627,3.461260679,4.690423306,8.151683985,22.50489041,0.473605918,1865
2025-10-05,IN,Nutrition_Diets,14732,-1.284283403,3.448319509,4.732602912,8.180922421,22.62431877,0.465260041,2050
2025-10-12,IN,Nutrition_Diets,12268,-0.953932333,3.651368406,4.605300739,8.256669146,22.30522304,0.443856294,1743
2025-10-19,IN,Nutrition_Diets,10568,-1.204573775,3.650085309,4.854659084,8.504744393,22.60690721,0.444630358,1614
2025-10-26,IN,Nutrition_Diets,12074,-1.169397444,3.488650233,4.658047676,8.146697909,22.65352467,0.443648017,1447
2025-11-02,IN,Nutrition_Diets,12298,-1.257441081,3.438301816,4.695742897,8.134044713,22.50825416,0.454587557,1691
2025-11-09,IN,Nutrition_Diets,13684,-1.491362018,3.367766817,4.859128835,8.226895651,22.45490396,0.415277416,1902
2025-11-16,IN,Nutrition_Diets,12843,-1.240826402,3.45087282,4.691699222,8.142572042,22.51766177,0.418335263,1700
2025-11-23,IN,Nutrition_Diets,12386,-1.134682431,3.549437916,4.684120347,8.233558262,22.60119558,0.433842728,1628
2025-11-30,IN,Nutrition_Diets,12235,-1.32576945,3.444130986,4.769900436,8.214031423,22.55165631,0.414342165,1590
2025-12-07,IN,Nutrition_Diets,11697,-1.33853737,3.419274837,4.757812207,8.177087043,22.67467454,0.408704066,1698
2025-12-14,IN,Nutrition_Diets,13006,-1.430950515,3.41961929,4.850569805,8.270189096,22.55013275,0.435042868,1762
2025-12-21,IN,Nutrition_Diets,11739,-1.648547393,3.373843599,5.022390993,8.396234592,22.93825232,0.399343142,1534
2025-12-28,IN,Nutrition_Diets,11814,-2.064960158,3.228984821,5.293944978,8.522929799,23.07021692,0.419878334,1335
2026-01-04,IN,Nutrition_Diets,11158,-1.830692721,3.247516185,5.078208905,8.32572509,23.16901781,0.382308587,1340
2026-01-11,IN,Nutrition_Diets,11414,-1.313751391,3.373732555,4.687483946,8.061216501,22.73978267,0.379100683,1627
2026-01-18,IN,Nutrition_Diets,11974,-1.455600786,3.40656848,4.862169266,8.268737746,22.51040989,0.393247745,1578
2026-01-25,IN,Nutrition_Diets,16314,-2.322439659,3.444600253,5.767039912,9.211640165,22.16186146,0.325341145,2393
2026-02-01,IN,Nutrition_Diets,13197,-1.611499954,3.422956101,5.034456055,8.457412156,22.57794462,0.409543275,1909
2026-02-08,IN,Nutrition_Diets,12279,-1.490726131,3.376606847,4.867332978,8.243939825,22.54648527,0.384736089,1737
2026-02-15,IN,Nutrition_Diets,12115,-0.88233888,3.592998028,4.475336908,8.068334936,22.16282424,0.467920699,1697
2026-02-22,IN,Nutrition_Diets,12449,-1.473803588,3.367986339,4.841789926,8.209776265,22.7182748,0.396728931,1559
2026-03-01,IN,Nutrition_Diets,10317,-1.260221824,3.423357233,4.683579057,8.10693629,22.77661403,0.467766689,1609
2026-03-08,IN,Nutrition_Diets,11473,-1.417900239,3.292056787,4.709957027,8.002013814,22.8106563,0.404561738,1527
2026-03-15,IN,Nutrition_Diets,11736,-1.541598936,3.227363588,4.768962524,7.996326112,22.86946373,0.390921962,1635
2026-03-22,IN,Nutrition_Diets,11267,-1.685248987,3.24090157,4.926150556,8.167052126,23.0704464,0.385042114,1670
2026-03-29,IN,Nutrition_Diets,11867,-1.893465067,3.062225062,4.955690129,8.01791519,23.23128584,0.419236588,1688
2026-04-05,IN,Nutrition_Diets,10277,-1.691481819,3.252531588,4.944013407,8.196544995,23.11309398,0.367850871,1439
2026-04-12,IN,Nutrition_Diets,10244,-1.382969334,3.353237415,4.736206749,8.089444164,23.07718261,0.399409105,1387
2026-04-19,IN,Nutrition_Diets,11388,-1.625525994,3.192076303,4.817602298,8.009678601,23.09138337,0.383106012,1570
2026-04-26,IN,Nutrition_Diets,11342,-1.584594437,3.22665104,4.811245477,8.037896516,22.8680889,0.352700688,1548
2026-05-03,IN,Nutrition_Diets,11229,-1.173064254,3.487731249,4.660795503,8.148526752,22.69695748,0.39407844,1612
2026-05-10,IN,Nutrition_Diets,12335,-1.259256957,3.40734722,4.666604177,8.073951398,22.7559027,0.395314097,1549
2026-05-17,IN,Nutrition_Diets,13855,-1.400617914,3.413085212,4.813703126,8.226788339,22.58400476,0.377810771,1672
2026-05-24,IN,Nutrition_Diets,12705,-1.661849949,3.330197724,4.992047673,8.322245397,22.67629515,0.335783095,1533
2026-05-31,IN,Nutrition_Diets,13553,-1.445290741,3.404350791,4.849641531,8.253992322,22.587867,0.377451141,1581
2026-06-07,IN,Nutrition_Diets,13543,-1.470625533,3.383302506,4.853928039,8.237230544,22.49240921,0.36198504,1540
2026-06-14,IN,Nutrition_Diets,13443,-1.220067312,3.442190046,4.662257358,8.104447405,22.54068932,0.390018332,1645
2026-06-21,IN,Nutrition_Diets,13848,-1.245075584,3.510890716,4.7559663,8.266857016,22.54716236,0.39923277,1478
2026-06-28,IN,Nutrition_Diets,13427,-1.213662977,3.528835167,4.742498145,8.271333312,22.63925845,0.349533914,1433
2026-07-05,IN,Nutrition_Diets,13921,-1.284313604,3.460576664,4.744890268,8.205466932,22.72006235,0.381323816,1384
2026-07-12,IN,Nutrition_Diets,13530,-1.290532973,3.461702925,4.752235898,8.213938824,22.64225355,0.383533271,1559
2026-07-19,IN,Nutrition_Diets,13030,-1.907837526,3.304064914,5.21190244,8.515967354,22.69076709,0.392747421,1726
2026-07-26,IN,Nutrition_Diets,12486,-1.712326653,3.358366602,5.070693255,8.429059857,22.79948961,0.366738357,1474
2026-08-02,IN,Nutrition_Diets,12852,-1.216986567,3.489434323,4.706420891,8.195855214,22.47828404,0.353148149,1493
2026-08-09,IN,Nutrition_Diets,13327,-1.404858266,3.218395686,4.623253953,7.841649639,22.69342762,0.339051248,1442
2026-08-16,IN,Nutrition_Diets,12937,-1.58135785,3.161260944,4.742618793,7.903879737,22.78929942,0.34498008,1406
2026-08-23,IN,Nutrition_Diets,5414,-1.596559706,3.177588031,4.774147738,7.951735769,22.86132255,0.350147944,735
2023-01-01,KE,Fashion_Beauty,235,-4.808539165,1.634761724,6.44330089,8.078062614,23.44556376,0.545491906,202
2023-01-08,KE,Fashion_Beauty,113,-4.17000292,2.396143772,6.566146692,8.962290464,22.29621735,0.623017406,78
2023-01-15,KE,Fashion_Beauty,39,-1.13111155,3.189268622,4.320380172,7.509648795,20.79651861,0.624601695,25
2023-01-22,KE,Fashion_Beauty,60,-0.805956824,3.480877487,4.286834312,7.767711799,19.8926209,0.541562052,38
2023-01-29,KE,Fashion_Beauty,75,-2.942707944,2.871523721,5.814231665,8.685755386,22.24054534,0.629645146,53
2023-02-05,KE,Fashion_Beauty,88,-1.745994798,2.807035795,4.553030593,7.360066389,21.29116825,0.708215023,44
2023-02-12,KE,Fashion_Beauty,66,-1.39483442,2.963443603,4.358278023,7.321721626,20.24243485,0.605322332,49
2023-02-19,KE,Fashion_Beauty,72,-1.444184926,2.744354195,4.188539121,6.932893316,20.45010975,0.996415864,51
2023-02-26,KE,Fashion_Beauty,54,-0.534017043,3.213064514,3.747081557,6.960146071,20.85864409,0.763098323,38
2023-03-05,KE,Fashion_Beauty,59,-1.511651244,3.039200468,4.550851712,7.590052179,21.10202019,0.751991928,37
2023-03-12,KE,Fashion_Beauty,43,0.213450375,3.416801093,3.203350717,6.62015181,21.61403034,0.883207837,27
2023-03-19,KE,Fashion_Beauty,99,-0.580166424,3.214950196,3.79511662,7.010066816,20.62140035,0.607632935,56
2023-03-26,KE,Fashion_Beauty,127,-1.834730371,2.745433454,4.580163824,7.325597278,21.92703563,0.920857076,58
2023-04-02,KE,Fashion_Beauty,105,-1.667740973,2.970917088,4.638658061,7.60957515,20.88481557,0.919749694,66
2023-04-09,KE,Fashion_Beauty,145,-0.430267223,3.302268245,3.732535468,7.034803712,21.24471985,0.646461024,89
2023-04-16,KE,Fashion_Beauty,100,-1.292455812,3.196365671,4.488821482,7.685187153,21.53992366,0.917646129,59
2023-04-23,KE,Fashion_Beauty,179,-0.279410923,3.593061664,3.872472587,7.465534251,21.85348451,0.753686069,102
2023-04-30,KE,Fashion_Beauty,192,-0.992352112,3.494355942,4.486708054,7.981063996,21.75849857,0.836808218,112
2023-05-07,KE,Fashion_Beauty,172,-2.024729487,2.844993145,4.869722632,7.714715777,21.80063064,0.880767718,99
2023-05-14,KE,Fashion_Beauty,191,-0.902077148,2.859779765,3.761856912,6.621636677,20.92951192,0.968397778,105
2023-05-21,KE,Fashion_Beauty,166,-1.645979012,3.298016065,4.943995077,8.242011142,21.49421711,0.753062859,89
2023-05-28,KE,Fashion_Beauty,141,-1.106394048,3.216856569,4.323250617,7.540107187,22.19459688,0.897681998,78
2023-06-04,KE,Fashion_Beauty,123,-0.784454696,3.330223565,4.114678261,7.444901826,21.13707075,0.896400072,73
2023-06-11,KE,Fashion_Beauty,131,-0.294767832,3.494018074,3.788785907,7.282803981,20.81184674,0.844845894,81
2023-06-18,KE,Fashion_Beauty,101,-1.774786178,3.060656458,4.835442636,7.896099095,20.84323781,0.665176753,61
2023-06-25,KE,Fashion_Beauty,196,0.799961475,3.969185387,3.169223912,7.138409299,21.58498571,0.589681413,80
2023-07-02,KE,Fashion_Beauty,140,-1.338725006,3.330260002,4.668985008,7.99924501,21.27016194,0.762432767,70
2023-07-09,KE,Fashion_Beauty,177,-2.787742668,2.695923186,5.483665854,8.179589039,20.00811635,0.562679559,101
2023-07-16,KE,Fashion_Beauty,190,-1.729087826,3.086617007,4.815704833,7.90232184,20.1900479,0.579890583,115
2023-07-23,KE,Fashion_Beauty,160,-1.859917367,3.235701216,5.095618583,8.331319799,21.08974186,0.483988488,102
2023-07-30,KE,Fashion_Beauty,126,-1.018947477,2.995603819,4.014551296,7.010155114,21.10930235,1.010379391,73
2023-08-06,KE,Fashion_Beauty,119,-0.689828595,3.430270795,4.12009939,7.550370184,20.66727556,0.74523371,58
2023-08-13,KE,Fashion_Beauty,78,-1.028547814,3.41641086,4.444958674,7.861369533,20.80424175,0.93198799,44
2023-08-20,KE,Fashion_Beauty,239,2.419429502,4.703350023,2.283920521,6.987270544,21.48824322,0.29671013,83
2023-08-27,KE,Fashion_Beauty,115,-0.27815279,3.604819908,3.882972698,7.487792605,21.54558161,0.659149169,68
2023-09-03,KE,Fashion_Beauty,138,0.776353322,3.818156386,3.041803064,6.859959449,20.69147487,0.731745085,83
2023-09-10,KE,Fashion_Beauty,145,1.107681903,4.17426831,3.066586407,7.240854717,20.37890009,0.655718503,77
2023-09-17,KE,Fashion_Beauty,104,-0.492262247,3.448850737,3.941112984,7.389963721,19.93855119,0.553666069,60
2023-09-24,KE,Fashion_Beauty,131,-0.363013071,3.23008284,3.593095911,6.823178751,20.32380133,0.781259122,68
2023-10-01,KE,Fashion_Beauty,151,-0.488356592,3.530817035,4.019173628,7.549990663,21.72148365,0.642903477,85
2023-10-08,KE,Fashion_Beauty,155,1.434283302,4.395785998,2.961502696,7.357288694,21.4596828,0.410346602,64
2023-10-15,KE,Fashion_Beauty,114,-0.604166208,3.298574132,3.90274034,7.201314472,20.44827544,0.708154306,69
2023-10-22,KE,Fashion_Beauty,127,-0.603526601,3.288452237,3.891978838,7.180431074,21.03867273,0.70430236,80
2023-10-29,KE,Fashion_Beauty,144,0.264630135,3.700694171,3.436064036,7.136758207,21.82860648,0.546115085,74
2023-11-05,KE,Fashion_Beauty,134,-0.689089504,3.232698314,3.921787818,7.154486132,20.14980275,0.836797239,83
2023-11-12,KE,Fashion_Beauty,139,-0.225070585,3.762744494,3.987815079,7.750559573,20.80255898,0.781750081,87
2023-11-19,KE,Fashion_Beauty,136,-0.664079933,3.240521225,3.904601158,7.145122382,20.79450337,0.602566311,77
2023-11-26,KE,Fashion_Beauty,117,0.864124497,4.073117213,3.208992716,7.282109929,20.22445162,0.777702298,79
2023-12-03,KE,Fashion_Beauty,135,0.514234853,3.780618234,3.26638338,7.047001614,20.3873553,0.801668985,83
2023-12-10,KE,Fashion_Beauty,111,0.362448397,3.592851434,3.230403037,6.82325447,20.02633448,0.739547695,74
2023-12-17,KE,Fashion_Beauty,229,0.502270903,3.53388189,3.031610987,6.565492877,21.84532119,0.372441467,123
2023-12-24,KE,Fashion_Beauty,60,-0.204091117,3.277671503,3.48176262,6.759434124,21.31675006,0.51406206,47
2023-12-31,KE,Fashion_Beauty,80,-2.200591351,2.996066553,5.196657904,8.192724457,20.16339605,0.694059897,49
2024-01-07,KE,Fashion_Beauty,95,-1.587515625,2.952875062,4.540390686,7.493265748,20.55391093,0.931510699,55
2024-01-14,KE,Fashion_Beauty,114,-0.268222351,3.663914914,3.932137265,7.596052179,20.54454524,0.630595467,69
2024-01-21,KE,Fashion_Beauty,185,-0.300376569,3.635337196,3.935713765,7.571050961,21.37302834,0.704778333,127
2024-01-28,KE,Fashion_Beauty,190,-1.880324154,3.089900683,4.970224837,8.060125519,20.61808157,0.443764559,122
2024-02-04,KE,Fashion_Beauty,143,-1.209393208,3.084408691,4.293801899,7.37821059,20.86477846,0.558228828,91
2024-02-11,KE,Fashion_Beauty,87,-0.62836179,3.662365123,4.290726913,7.953092036,20.29649114,0.837083804,50
2024-02-18,KE,Fashion_Beauty,116,-0.119591113,3.598962018,3.718553131,7.317515149,21.58035111,0.747048945,68
2024-02-25,KE,Fashion_Beauty,124,-0.736873859,3.432271037,4.169144896,7.601415933,20.23705082,0.962026031,64
2024-03-03,KE,Fashion_Beauty,126,-1.703005923,3.102162103,4.805168026,7.907330129,20.52194013,0.56866536,78
2024-03-10,KE,Fashion_Beauty,87,0.286186682,3.705345166,3.419158484,7.12450365,20.23987566,0.64459503,52
2024-03-17,KE,Fashion_Beauty,184,-0.587366978,3.39575691,3.983123889,7.378880799,19.9403918,0.78718802,115
2024-03-24,KE,Fashion_Beauty,105,-0.642944804,3.755359308,4.398304112,8.153663419,19.73596888,0.645926162,58
2024-03-31,KE,Fashion_Beauty,112,-0.322184638,3.803015496,4.125200134,7.92821563,20.4247235,0.638491806,58
2024-04-07,KE,Fashion_Beauty,104,-0.588117461,3.47486819,4.062985651,7.537853841,20.3433884,0.709903942,68
2024-04-14,KE,Fashion_Beauty,114,-0.666682304,3.485031172,4.151713476,7.636744648,21.270949,1.02552702,65
2024-04-21,KE,Fashion_Beauty,127,-0.197416202,3.607582577,3.804998779,7.412581355,19.93723496,0.85827717,74
2024-04-28,KE,Fashion_Beauty,178,-1.342775586,3.363070747,4.705846333,8.06891708,20.70379919,0.684117645,113
2024-05-05,KE,Fashion_Beauty,95,0.072267511,3.879480358,3.807212846,7.686693204,20.55318088,0.712710247,60
2024-05-12,KE,Fashion_Beauty,97,-0.253438272,3.869988857,4.123427129,7.993415986,19.79136777,0.784438286,63
2024-05-19,KE,Fashion_Beauty,127,-1.639684725,2.892875806,4.532560531,7.425436337,19.67523189,0.60782174,92
2024-05-26,KE,Fashion_Beauty,176,-0.339217778,3.210659726,3.549877504,6.76053723,20.57185199,0.83831327,131
2024-06-02,KE,Fashion_Beauty,116,0.989352931,4.02878728,3.039434349,7.068221628,20.13676547,0.767002026,60
2024-06-09,KE,Fashion_Beauty,147,-0.731633428,3.287446626,4.019080054,7.30652668,21.16958196,0.728947938,100
2024-06-16,KE,Fashion_Beauty,120,-0.554636504,3.928936664,4.483573167,8.412509831,21.27314989,0.848938641,66
2024-06-23,KE,Fashion_Beauty,385,-4.702629075,2.368344185,7.07097326,9.439317445,23.01035584,0.731206301,223
2024-06-30,KE,Fashion_Beauty,242,-3.589894767,2.760198345,6.350093112,9.110291458,21.7300719,0.852501727,110
2024-07-07,KE,Fashion_Beauty,346,-3.016796957,2.689653048,5.706450005,8.396103052,21.1677113,0.705215564,157
2024-07-14,KE,Fashion_Beauty,362,-4.61931926,2.404735359,7.024054618,9.428789977,20.99552562,0.758892037,175
2024-07-21,KE,Fashion_Beauty,262,-3.602266996,2.753458933,6.35572593,9.109184863,20.97693792,0.950784561,93
2024-07-28,KE,Fashion_Beauty,190,-1.401407404,3.34474849,4.746155894,8.090904383,20.64935248,0.917828807,75
2024-08-04,KE,Fashion_Beauty,273,-3.835613674,2.638050548,6.473664222,9.111714771,21.08299719,0.848624254,166
2024-08-11,KE,Fashion_Beauty,134,-1.726613349,2.891243466,4.617856815,7.509100281,21.66529922,0.9345315,68
2024-08-18,KE,Fashion_Beauty,110,-0.603074566,3.774042778,4.377117344,8.151160122,19.99228328,0.563979321,57
2024-08-25,KE,Fashion_Beauty,134,-1.232504262,3.493091821,4.725596084,8.218687905,20.36641723,0.673962682,66
2024-09-01,KE,Fashion_Beauty,180,-1.973840942,2.86452175,4.838362691,7.702884441,21.32663455,0.742226803,105
2024-09-08,KE,Fashion_Beauty,257,-0.780534638,3.170832482,3.95136712,7.122199601,20.95674448,0.725731879,145
2024-09-15,KE,Fashion_Beauty,206,0.571988529,3.932582826,3.360594297,7.293177123,21.67841202,0.802847021,68
2024-09-22,KE,Fashion_Beauty,130,-1.423946393,3.281875602,4.705821995,7.987697597,20.90046811,0.768244195,58
2024-09-29,KE,Fashion_Beauty,131,-1.945273567,3.340318649,5.285592216,8.625910865,20.51509134,0.563983755,71
2024-10-06,KE,Fashion_Beauty,112,-2.077714493,2.886070124,4.963784617,7.849854741,20.16126955,0.7916501,72
2024-10-13,KE,Fashion_Beauty,122,-0.777991149,3.315953532,4.093944681,7.409898214,20.43199025,0.705312395,76
2024-10-20,KE,Fashion_Beauty,148,-1.446681695,3.397638514,4.844320209,8.241958724,19.92772013,0.651658799,71
2024-10-27,KE,Fashion_Beauty,176,-0.922817694,3.692789317,4.615607011,8.308396329,20.77426861,0.737336191,88
2024-11-03,KE,Fashion_Beauty,121,-0.632581109,3.814454388,4.447035497,8.261489885,20.5561286,0.721274387,61
2024-11-10,KE,Fashion_Beauty,143,-0.404836797,3.78326707,4.188103867,7.971370936,19.79345989,0.645280335,63
2024-11-17,KE,Fashion_Beauty,179,-1.553919514,3.582298879,5.136218393,8.718517272,19.98383795,0.707828609,70
2024-11-24,KE,Fashion_Beauty,155,-0.137489705,3.602943989,3.740433694,7.343377682,19.94203904,0.807600502,81
2024-12-01,KE,Fashion_Beauty,182,-0.388530084,3.752075168,4.140605252,7.89268042,19.90655145,0.722216225,86
2024-12-08,KE,Fashion_Beauty,161,-2.29698893,3.512545181,5.80953411,9.322079291,20.97867221,0.843624366,73
2024-12-15,KE,Fashion_Beauty,108,-1.631118287,3.481448854,5.112567141,8.594015995,20.6911203,0.656671086,63
2024-12-22,KE,Fashion_Beauty,236,-1.528481032,3.381998449,4.91047948,8.292477929,21.21709286,0.758602412,161
2024-12-29,KE,Fashion_Beauty,116,-2.837364623,3.304134562,6.141499186,9.445633748,20.25687872,1.000560668,59
2025-01-05,KE,Fashion_Beauty,148,-2.934070247,2.83127774,5.765347987,8.596625727,20.89552359,0.669280451,76
2025-01-12,KE,Fashion_Beauty,207,-1.895566339,3.247325398,5.142891737,8.390217134,20.8705589,0.817821342,95
2025-01-19,KE,Fashion_Beauty,138,-1.162615921,3.791696832,4.954312752,8.746009584,20.49154868,0.761878039,60
2025-01-26,KE,Fashion_Beauty,179,-1.614624587,3.471251049,5.085875636,8.557126684,20.3854117,0.755008013,89
2025-02-02,KE,Fashion_Beauty,162,-1.037189583,3.803761153,4.840950736,8.644711888,19.55860225,0.721608804,74
2025-02-09,KE,Fashion_Beauty,106,-1.524240146,3.383744279,4.907984424,8.291728703,20.39428572,0.607674494,58
2025-02-16,KE,Fashion_Beauty,161,-1.067636065,3.722845985,4.79048205,8.513328035,19.97459736,0.728435926,85
2025-02-23,KE,Fashion_Beauty,149,-1.961992384,3.403418838,5.365411222,8.768830061,20.38174895,0.701136087,71
2025-03-02,KE,Fashion_Beauty,147,-1.515268085,3.731020726,5.246288811,8.977309536,20.18342078,0.641782427,77
2025-03-09,KE,Fashion_Beauty,135,-1.104686228,3.722499951,4.82718618,8.549686131,20.6671885,0.886064167,48
2025-03-16,KE,Fashion_Beauty,155,-1.001309693,3.507987973,4.509297667,8.01728564,21.37177976,0.688363849,81
2025-03-23,KE,Fashion_Beauty,144,-1.42288985,3.62495992,5.04784977,8.672809689,20.66947534,0.793305455,64
2025-03-30,KE,Fashion_Beauty,165,-1.402205308,3.581343255,4.983548562,8.564891817,20.70655606,0.668849581,72
2025-04-06,KE,Fashion_Beauty,143,-1.709775092,3.42282052,5.132595611,8.555416131,20.5524114,0.915585122,53
2025-04-13,KE,Fashion_Beauty,144,-1.704782179,3.510212703,5.214994882,8.725207585,20.13279413,0.754237953,52
2025-04-20,KE,Fashion_Beauty,143,-0.802216284,3.650579506,4.452795789,8.103375295,20.59362479,0.828646322,54
2025-04-27,KE,Fashion_Beauty,199,-1.961009058,3.171314488,5.132323545,8.303638033,20.90009653,0.714407228,84
2025-05-04,KE,Fashion_Beauty,182,-1.515384963,3.248636502,4.764021464,8.012657966,20.3757793,0.604890511,81
2025-05-11,KE,Fashion_Beauty,168,-1.25870023,3.467509171,4.726209401,8.193718571,20.93725322,0.592934298,63
2025-05-18,KE,Fashion_Beauty,166,-1.511657115,3.572460546,5.084117661,8.656578208,20.24722685,0.658120191,70
2025-05-25,KE,Fashion_Beauty,141,-0.49851651,3.948664958,4.447181468,8.395846425,20.08203749,0.648440809,71
2025-06-01,KE,Fashion_Beauty,191,-2.190403475,3.294602313,5.485005788,8.779608101,21.43306643,0.792825645,89
2025-06-08,KE,Fashion_Beauty,281,-3.349739443,2.921728251,6.271467694,9.193195946,21.78045247,0.630388676,106
2025-06-29,KE,Fashion_Beauty,114,-2.319644663,3.414879979,5.734524642,9.149404621,21.21677193,0.879767252,46
2025-07-06,KE,Fashion_Beauty,282,-3.858716939,2.823617281,6.68233422,9.5059515,20.43595192,0.718570179,129
2025-07-13,KE,Fashion_Beauty,209,-2.310445818,3.151306406,5.461752224,8.61305863,20.16500136,0.743602353,65
2025-07-20,KE,Fashion_Beauty,180,-4.286432371,2.936784496,7.223216867,10.16000136,20.9942801,0.665647305,76
2025-07-27,KE,Fashion_Beauty,175,-1.696947214,3.377961871,5.074909085,8.452870957,20.69252527,0.669605879,61
2025-08-03,KE,Fashion_Beauty,185,-0.977639924,3.439438279,4.417078203,7.856516481,20.20695324,0.777976545,75
2025-08-10,KE,Fashion_Beauty,128,-1.286942894,3.485296655,4.772239549,8.257536205,20.24695946,0.800985468,69
2025-08-17,KE,Fashion_Beauty,167,-1.847396786,3.19495989,5.042356676,8.237316567,20.57845255,0.701577497,102
2025-08-24,KE,Fashion_Beauty,265,-1.519675674,3.283605039,4.803280712,8.086885751,20.31076041,0.709995174,143
2025-08-31,KE,Fashion_Beauty,175,-1.485684667,3.465895009,4.951579676,8.417474685,20.38796421,0.863172153,64
2025-09-07,KE,Fashion_Beauty,165,-1.364453415,3.545049912,4.909503327,8.454553239,20.78075987,0.766445815,82
2025-09-14,KE,Fashion_Beauty,143,-0.834158034,3.639344289,4.473502323,8.112846612,20.79949018,0.707338622,67
2025-09-21,KE,Fashion_Beauty,167,-1.236993144,3.476831862,4.713825006,8.190656868,20.50508698,0.691464619,91
2025-09-28,KE,Fashion_Beauty,151,-0.754003324,3.869294618,4.623297943,8.492592561,20.49294259,0.624661362,78
2025-10-05,KE,Fashion_Beauty,221,-0.192477297,3.930015645,4.122492942,8.052508586,20.07252775,0.691678843,89
2025-10-12,KE,Fashion_Beauty,308,-1.256253898,2.965858394,4.222112292,7.187970686,20.99745095,1.167575492,224
2025-10-19,KE,Fashion_Beauty,203,-1.076725513,3.740012993,4.816738507,8.5567515,20.04320826,0.711570155,80
2025-10-26,KE,Fashion_Beauty,221,-1.248931515,3.580643056,4.829574571,8.410217627,20.36609219,0.6122057,118
2025-11-02,KE,Fashion_Beauty,247,-1.028511084,3.64098959,4.669500675,8.310490265,20.21543465,0.567779679,118
2025-11-09,KE,Fashion_Beauty,251,-0.729076126,3.855542966,4.584619092,8.440162058,20.22307884,0.912333663,103
2025-11-16,KE,Fashion_Beauty,188,-1.056701931,3.653504837,4.710206768,8.363711605,20.39548855,0.594474269,86
2025-11-23,KE,Fashion_Beauty,171,-0.970954167,3.782255968,4.753210135,8.535466103,20.60088527,0.572602523,71
2025-11-30,KE,Fashion_Beauty,174,-0.343043519,3.996390499,4.339434018,8.335824517,20.0827934,0.63793775,92
2025-12-07,KE,Fashion_Beauty,199,0.10612208,4.373971213,4.267849133,8.641820347,19.54649127,0.764928107,79
2025-12-14,KE,Fashion_Beauty,190,-0.815856786,3.629745017,4.445601803,8.07534682,19.96921536,0.6358816,108
2025-12-21,KE,Fashion_Beauty,148,-0.482956806,4.293112013,4.776068819,9.069180832,20.74416515,0.54363989,75
2025-12-28,KE,Fashion_Beauty,144,0.319429603,4.319657845,4.000228242,8.319886086,20.60035445,0.645151909,66
2026-01-04,KE,Fashion_Beauty,148,-0.54672084,4.003231761,4.549952602,8.553184363,20.03381835,0.409544383,53
2026-01-11,KE,Fashion_Beauty,186,-1.626093374,3.659478701,5.285572075,8.945050775,19.88371582,0.36427282,96
2026-01-18,KE,Fashion_Beauty,171,-0.688883149,4.113288087,4.802171236,8.915459323,20.30379353,0.538775853,75
2026-01-25,KE,Fashion_Beauty,173,-1.943487834,3.575742715,5.519230549,9.094973264,20.18681259,0.602787191,56
2026-02-01,KE,Fashion_Beauty,207,-0.561115265,4.103851736,4.664967001,8.768818736,19.614303,0.457265608,76
2026-02-08,KE,Fashion_Beauty,249,-2.571985759,3.295788689,5.867774448,9.163563138,19.73213889,0.522212974,60
2026-02-15,KE,Fashion_Beauty,312,-1.40266521,3.472008467,4.874673678,8.346682145,19.92565794,0.632755698,157
2026-02-22,KE,Fashion_Beauty,203,-1.586966722,3.754200292,5.341167015,9.095367307,19.8335863,0.552179695,67
2026-03-01,KE,Fashion_Beauty,212,0.117897071,3.945525504,3.827628433,7.773153937,20.80015275,0.449440144,89
2026-03-08,KE,Fashion_Beauty,232,-1.115445194,3.636319849,4.751765043,8.388084892,21.13128879,0.516489975,87
2026-03-15,KE,Fashion_Beauty,148,-0.135527721,3.914811544,4.050339265,7.965150808,20.31024175,0.556153746,75
2026-03-22,KE,Fashion_Beauty,187,-1.272934737,3.679468703,4.95240344,8.631872143,20.62167383,0.615528344,62
2026-03-29,KE,Fashion_Beauty,196,-1.829502105,3.332556763,5.162058868,8.494615631,20.6989745,0.544881195,70
2026-04-05,KE,Fashion_Beauty,206,-2.227394068,3.486299976,5.713694043,9.199994019,20.38270805,0.642832488,60
2026-04-12,KE,Fashion_Beauty,187,-2.133765946,3.542937683,5.676703628,9.219641311,21.20170778,0.650818969,49
2026-04-19,KE,Fashion_Beauty,172,-1.706589905,3.231058321,4.937648226,8.168706546,20.81722769,0.647274489,64
2026-04-26,KE,Fashion_Beauty,142,-0.23839042,3.978954303,4.217344723,8.196299027,21.27794669,0.501171441,73
2026-05-03,KE,Fashion_Beauty,185,-1.185879277,3.919068661,5.104947937,9.024016598,20.78021875,0.705738186,52
2026-05-10,KE,Fashion_Beauty,157,-0.279421901,3.864333514,4.143755415,8.008088928,20.03780688,0.644623063,71
2026-05-17,KE,Fashion_Beauty,155,-0.476448526,3.845942825,4.322391351,8.168334176,20.78631194,0.703088563,71
2026-05-24,KE,Fashion_Beauty,159,-1.898510413,3.710838405,5.609348818,9.320187224,19.82720271,0.673646437,57
2026-05-31,KE,Fashion_Beauty,128,-1.49432591,3.421500482,4.915826392,8.337326874,20.36635219,0.606037607,50
2026-06-07,KE,Fashion_Beauty,166,-1.129626788,3.845833718,4.975460505,8.821294223,20.01107667,0.585069855,70
2026-06-14,KE,Fashion_Beauty,262,-1.314809315,3.725404225,5.040213539,8.765617764,19.93934542,0.723521411,109
2026-06-21,KE,Fashion_Beauty,309,-3.54686319,3.169056577,6.715919768,9.884976345,20.96056072,0.643351288,126
2026-06-28,KE,Fashion_Beauty,207,-1.560228676,3.377430912,4.937659588,8.3150905,20.41413393,0.660361287,86
2026-07-05,KE,Fashion_Beauty,235,-1.603472911,3.658988776,5.262461686,8.921450462,20.00049161,0.697728369,52
2026-07-12,KE,Fashion_Beauty,183,-0.773217309,3.939717708,4.712935016,8.652652724,20.53642532,0.560868724,63
2026-07-19,KE,Fashion_Beauty,220,-0.636234095,3.996190079,4.632424174,8.628614253,20.272107,0.779409417,67
2026-07-26,KE,Fashion_Beauty,196,-0.363269289,3.823236055,4.186505344,8.009741398,20.65639516,0.640136853,81
2026-08-02,KE,Fashion_Beauty,147,-0.613002016,3.694891186,4.307893202,8.002784388,20.26257724,0.661870824,66
2026-08-09,KE,Fashion_Beauty,158,-1.463255837,3.258489043,4.72174488,7.980233923,20.42729135,0.518549225,75
2026-08-16,KE,Fashion_Beauty,210,-1.696116854,3.170686226,4.866803081,8.037489307,19.78456547,0.624572994,92
2026-08-23,KE,Fashion_Beauty,58,-0.175812439,3.890815971,4.066628409,7.95744438,20.57735506,0.6508412,26
2023-01-01,KE,Fitness_Wearables,16,1.524248231,3.23704356,1.71279533,4.94983889,21.05902231,1.057330606,8
2023-01-08,KE,Fitness_Wearables,11,2.299475954,4.383923273,2.084447319,6.468370591,21.25178079,1.13011225,9
2023-01-15,KE,Fitness_Wearables,18,1.395857572,3.2277445,1.831886928,5.059631428,17.57224634,0.35335413,13
2023-01-22,KE,Fitness_Wearables,24,0.832493973,3.680086217,2.847592244,6.527678461,20.67363598,0.963367223,11
2023-01-29,KE,Fitness_Wearables,9,-0.027233452,3.662934672,3.690168123,7.353102795,20.65526861,1.258617992,6
2023-02-05,KE,Fitness_Wearables,11,-0.132081919,3.63460854,3.766690459,7.401298999,18.65673186,0.522184048,10
2023-02-12,KE,Fitness_Wearables,14,1.218900848,2.662264617,1.443363769,4.105628385,17.83170146,0.785870024,11
2023-02-19,KE,Fitness_Wearables,18,1.965819944,4.206435331,2.240615388,6.447050719,19.46948019,0.604598256,14
2023-02-26,KE,Fitness_Wearables,12,1.824431231,3.545419517,1.720988286,5.266407803,17.95012901,0.698046051,9
2023-03-05,KE,Fitness_Wearables,24,2.373043394,4.547452788,2.174409394,6.721862182,18.72207133,1.122669581,20
2023-03-12,KE,Fitness_Wearables,18,0.880472203,4.183041533,3.30256933,7.485610863,20.21140016,0.904974838,17
2023-03-19,KE,Fitness_Wearables,23,1.008614268,4.239767906,3.231153638,7.470921545,21.78373913,1.365278376,11
2023-03-26,KE,Fitness_Wearables,50,-0.648241035,2.934268666,3.582509702,6.516778368,20.55056361,0.882800024,26
2023-04-02,KE,Fitness_Wearables,40,0.957794759,3.4876729,2.529878141,6.017551041,20.09658303,1.120278827,24
2023-04-09,KE,Fitness_Wearables,38,-0.925755224,2.624953541,3.550708764,6.175662305,21.49961504,1.034734521,23
2023-04-16,KE,Fitness_Wearables,40,-1.279138709,3.305541443,4.584680152,7.890221595,20.69359256,0.87740525,27
2023-04-23,KE,Fitness_Wearables,41,0.218937753,3.559268801,3.340331048,6.899599849,22.53322108,1.458245271,29
2023-04-30,KE,Fitness_Wearables,62,-2.437523161,3.000735877,5.438259038,8.438994914,20.91159611,1.099804829,45
2023-05-07,KE,Fitness_Wearables,40,1.125353107,3.71777083,2.592417724,6.310188554,21.09146018,1.126130779,24
2023-05-14,KE,Fitness_Wearables,31,0.612662094,3.388099425,2.77543733,6.163536755,21.61662698,0.834991424,18
2023-05-21,KE,Fitness_Wearables,49,1.56034289,3.545864669,1.98552178,5.531386449,20.42170243,1.16385014,31
2023-05-28,KE,Fitness_Wearables,48,1.923015472,3.705702699,1.782687227,5.488389927,19.1999217,0.581871164,36
2023-06-04,KE,Fitness_Wearables,28,1.702716958,4.471817357,2.769100398,7.240917755,20.24055207,0.940104087,18
2023-06-11,KE,Fitness_Wearables,75,0.890690366,3.35274932,2.462058954,5.814808274,20.91056637,0.53385555,48
2023-06-18,KE,Fitness_Wearables,32,1.170873891,3.780272589,2.609398698,6.389671288,20.54002311,0.553686713,18
2023-06-25,KE,Fitness_Wearables,21,-0.550069695,3.170560531,3.720630226,6.891190757,22.09981526,0.928962121,13
2023-07-02,KE,Fitness_Wearables,26,1.98686943,3.756318813,1.769449384,5.525768197,20.13367127,0.586488456,17
2023-07-09,KE,Fitness_Wearables,59,0.55281839,3.115413589,2.562595199,5.678008789,20.27116187,0.642314689,34
2023-07-16,KE,Fitness_Wearables,44,0.416653561,3.332140816,2.915487254,6.24762807,20.49164182,0.905327942,30
2023-07-23,KE,Fitness_Wearables,28,3.736459284,5.538265584,1.8018063,7.340071884,20.29841839,1.023671823,19
2023-07-30,KE,Fitness_Wearables,40,1.426555463,3.737749097,2.311193634,6.048942732,19.80085692,0.70210192,23
2023-08-06,KE,Fitness_Wearables,30,1.53187965,4.198905153,2.667025503,6.865930656,18.487005,0.866311123,23
2023-08-13,KE,Fitness_Wearables,29,1.9059429,3.926555972,2.020613072,5.947169044,21.09901874,1.244073412,15
2023-08-20,KE,Fitness_Wearables,38,1.145381717,3.736318635,2.590936918,6.327255553,19.69898044,0.603566654,20
2023-08-27,KE,Fitness_Wearables,33,2.415085088,4.071835444,1.656750356,5.728585801,20.46506182,0.772026982,20
2023-09-03,KE,Fitness_Wearables,28,1.497584581,3.76567247,2.268087889,6.033760359,20.25032662,1.112747527,17
2023-09-10,KE,Fitness_Wearables,49,2.765095677,4.29132359,1.526227913,5.817551503,20.36893492,0.904431829,33
2023-09-17,KE,Fitness_Wearables,29,1.212693053,4.23727239,3.024579337,7.261851727,20.49232552,0.890296961,15
2023-09-24,KE,Fitness_Wearables,22,1.331489792,4.021524704,2.690034912,6.711559616,19.75340813,0.502138311,18
2023-10-01,KE,Fitness_Wearables,59,2.46643717,4.085714847,1.619277677,5.704992525,23.08753416,0.437206163,25
2023-10-08,KE,Fitness_Wearables,47,2.07234065,3.657439293,1.585098643,5.242537935,20.87768809,0.591175159,34
2023-10-15,KE,Fitness_Wearables,35,1.787600944,3.770906767,1.983305823,5.75421259,19.81132515,0.665670614,23
2023-10-22,KE,Fitness_Wearables,17,0.442048134,2.884615233,2.4425671,5.327182333,19.86025036,1.061376855,10
2023-10-29,KE,Fitness_Wearables,22,-0.292733387,3.379719452,3.672452839,7.05217229,20.72795785,0.535665703,19
2023-11-05,KE,Fitness_Wearables,25,0.355050785,3.265903249,2.910852464,6.176755712,19.56851788,0.742911597,14
2023-11-12,KE,Fitness_Wearables,16,0.644142891,3.531479843,2.887336952,6.418816795,20.50850882,1.127598513,8
2023-11-19,KE,Fitness_Wearables,18,2.242785648,4.09024131,1.847455662,5.937696973,21.30782911,0.808238151,15
2023-11-26,KE,Fitness_Wearables,29,2.032627819,4.364011372,2.331383554,6.695394926,19.61538424,1.177773029,20
2023-12-03,KE,Fitness_Wearables,38,-0.010963102,3.19344412,3.204407223,6.397851343,21.3618127,0.955156026,25
2023-12-10,KE,Fitness_Wearables,86,3.810004734,6.183772897,2.373768163,8.557541059,20.4207132,1.435798659,70
2023-12-17,KE,Fitness_Wearables,27,1.958275541,4.791559355,2.833283814,7.624843169,19.68750131,0.878284377,16
2023-12-24,KE,Fitness_Wearables,24,1.55375266,4.021889196,2.468136537,6.490025733,20.89180797,1.052579732,14
2023-12-31,KE,Fitness_Wearables,21,0.708106228,3.610657441,2.902551213,6.513208654,22.22328264,1.163891964,12
2024-01-07,KE,Fitness_Wearables,24,3.158926754,4.774679526,1.615752772,6.390432298,19.6927778,0.931507898,18
2024-01-14,KE,Fitness_Wearables,34,1.79205789,4.153928228,2.361870338,6.515798566,20.10631758,1.158556915,21
2024-01-21,KE,Fitness_Wearables,48,-0.137949297,2.999480342,3.13742964,6.136909982,20.6670358,1.495804814,19
2024-01-28,KE,Fitness_Wearables,38,2.184342299,4.149748286,1.965405987,6.115154272,19.29990621,0.937602733,21
2024-02-04,KE,Fitness_Wearables,20,0.791473411,3.318732501,2.52725909,5.845991591,21.0371078,0.758402458,9
2024-02-11,KE,Fitness_Wearables,32,2.057753067,4.210147621,2.152394554,6.362542175,19.40958925,0.757520938,16
2024-02-18,KE,Fitness_Wearables,37,3.621561747,5.458109934,1.836548187,7.294658121,20.47070449,0.645566357,26
2024-02-25,KE,Fitness_Wearables,26,0.908525537,3.416553311,2.508027775,5.924581086,19.92440197,0.596778574,17
2024-03-03,KE,Fitness_Wearables,51,2.344263644,3.927025681,1.582762037,5.509787717,20.18162785,1.129060381,26
2024-03-10,KE,Fitness_Wearables,39,0.634033801,3.435931899,2.801898098,6.237829998,20.41546799,0.771029787,15
2024-03-17,KE,Fitness_Wearables,39,1.217177441,3.848422968,2.631245526,6.479668494,20.10180659,0.715737911,19
2024-03-24,KE,Fitness_Wearables,32,0.387774851,4.429876893,4.042102042,8.471978934,19.15612489,0.663862367,27
2024-03-31,KE,Fitness_Wearables,41,0.324701405,2.961948166,2.637246762,5.599194928,21.02277146,0.895325304,26
2024-04-07,KE,Fitness_Wearables,20,1.792142799,4.055386928,2.263244129,6.318631058,20.63921859,0.92800679,16
2024-04-14,KE,Fitness_Wearables,22,1.708057959,3.852781145,2.144723186,5.997504331,20.58361343,1.38198062,16
2024-04-21,KE,Fitness_Wearables,43,1.887934242,4.456574306,2.568640064,7.025214369,18.7453354,0.731174804,25
2024-04-28,KE,Fitness_Wearables,21,2.742508116,4.879451882,2.136943766,7.016395648,19.66971468,1.350199057,16
2024-05-05,KE,Fitness_Wearables,23,3.138698846,4.664467181,1.525768334,6.190235515,20.37354226,0.428010392,21
2024-05-12,KE,Fitness_Wearables,48,1.656158076,3.714967076,2.058809,5.773776076,21.38317905,1.097330079,26
2024-05-19,KE,Fitness_Wearables,45,-0.393013464,2.896484206,3.289497669,6.185981875,19.55469092,0.97160988,17
2024-05-26,KE,Fitness_Wearables,53,2.655648659,4.602603224,1.946954565,6.549557789,19.11745537,1.122993757,36
2024-06-02,KE,Fitness_Wearables,33,1.054930636,3.600679879,2.545749243,6.146429122,21.83893314,0.93312136,22
2024-06-09,KE,Fitness_Wearables,45,1.268926913,3.682319886,2.413392973,6.095712859,19.63068357,1.371665339,20
2024-06-16,KE,Fitness_Wearables,25,0.50275746,3.417449098,2.914691637,6.332140735,21.3956452,0.77511136,14
2024-06-23,KE,Fitness_Wearables,18,2.917855934,4.968594438,2.050738504,7.019332941,19.18330856,0.278699067,13
2024-06-30,KE,Fitness_Wearables,28,-0.416801021,3.657381611,4.074182632,7.731564244,20.64175319,0.940312155,17
2024-07-07,KE,Fitness_Wearables,37,-0.94921123,2.967939765,3.917150995,6.88509076,20.82666309,1.175201684,17
2024-07-14,KE,Fitness_Wearables,36,-0.853494127,2.928765403,3.782259531,6.711024934,21.11982834,0.68106057,19
2024-07-21,KE,Fitness_Wearables,50,0.235147179,3.566380008,3.331232829,6.897612837,21.33774179,0.648154606,33
2024-07-28,KE,Fitness_Wearables,24,2.055522081,4.408120441,2.35259836,6.7607188,20.70415944,0.546530291,22
2024-08-04,KE,Fitness_Wearables,37,0.784083922,3.873383125,3.089299203,6.962682327,21.42894903,1.068765598,21
2024-08-11,KE,Fitness_Wearables,43,1.475059448,4.162794928,2.68773548,6.850530408,20.03575301,1.033936865,23
2024-08-18,KE,Fitness_Wearables,32,0.687842972,3.531754358,2.843911386,6.375665744,18.76741851,0.820060562,17
2024-08-25,KE,Fitness_Wearables,41,2.803409599,4.508889876,1.705480277,6.214370152,18.64507266,0.735414431,25
2024-09-01,KE,Fitness_Wearables,105,-2.415080771,2.171235007,4.586315778,6.757550784,20.03770316,0.686218432,83
2024-09-08,KE,Fitness_Wearables,55,1.093926629,4.309592533,3.215665904,7.525258437,21.27751426,0.843465536,35
2024-09-15,KE,Fitness_Wearables,41,0.298991343,3.727873877,3.428882534,7.156756412,20.67618102,0.547320182,24
2024-09-22,KE,Fitness_Wearables,41,0.645917873,3.93249279,3.286574918,7.219067708,19.96387215,1.047484693,23
2024-09-29,KE,Fitness_Wearables,44,-0.324107919,3.700829107,4.024937026,7.725766132,20.45297749,0.717464631,24
2024-10-06,KE,Fitness_Wearables,109,-3.761427779,2.875270884,6.636698663,9.511969547,20.19474908,0.414365664,64
2024-10-13,KE,Fitness_Wearables,252,-4.905080673,2.092851731,6.997932404,9.090784135,20.83792776,0.309196879,123
2024-10-20,KE,Fitness_Wearables,60,-2.700517919,3.007510477,5.708028396,8.715538874,21.83268867,0.661918202,43
2024-10-27,KE,Fitness_Wearables,57,-1.058097975,3.170497136,4.228595112,7.399092248,17.80317815,0.740773066,39
2024-11-03,KE,Fitness_Wearables,22,2.04590078,4.106094052,2.060193272,6.166287324,20.61680469,1.252973886,19
2024-11-10,KE,Fitness_Wearables,21,1.38162387,3.760204418,2.378580548,6.138784966,21.45662991,1.016373566,16
2024-11-17,KE,Fitness_Wearables,35,1.684381917,4.310166327,2.62578441,6.935950737,20.08554597,0.596511742,23
2024-11-24,KE,Fitness_Wearables,41,1.622896203,4.397418251,2.774522047,7.171940298,19.1647448,0.593667088,25
2024-12-01,KE,Fitness_Wearables,31,2.718676115,4.753090293,2.034414178,6.787504471,19.82000107,0.735781044,19
2024-12-08,KE,Fitness_Wearables,27,2.020861458,4.728636804,2.707775345,7.436412149,20.60691557,0.979421716,16
2024-12-15,KE,Fitness_Wearables,37,1.789422452,4.601565937,2.812143485,7.413709421,20.98088621,0.902534312,19
2024-12-22,KE,Fitness_Wearables,14,2.352252653,4.492872941,2.140620288,6.633493228,20.46700021,1.01899564,8
2024-12-29,KE,Fitness_Wearables,15,2.857278188,4.98681215,2.129533962,7.116346111,20.24117226,1.07670044,13
2025-01-05,KE,Fitness_Wearables,32,-0.150362571,3.558637934,3.709000505,7.267638439,20.0504485,0.926252748,17
2025-01-12,KE,Fitness_Wearables,28,0.577049898,3.322139065,2.745089167,6.067228233,19.61244813,0.648038963,16
2025-01-19,KE,Fitness_Wearables,46,1.201215803,3.819891473,2.61867567,6.438567143,19.81382818,0.902447466,18
2025-01-26,KE,Fitness_Wearables,27,1.626604928,4.386989176,2.760384248,7.147373423,19.72378022,1.007003839,20
2025-02-02,KE,Fitness_Wearables,37,1.629496123,4.159795114,2.53029899,6.690094104,17.81137781,0.703519456,28
2025-02-09,KE,Fitness_Wearables,25,2.263634088,4.595238763,2.331604674,6.926843437,19.65008245,0.63960611,18
2025-02-16,KE,Fitness_Wearables,27,1.980599919,4.396331259,2.41573134,6.812062598,18.60657666,1.45188878,18
2025-02-23,KE,Fitness_Wearables,31,2.746850973,4.132259644,1.38540867,5.517668314,19.46625542,0.695024002,22
2025-03-02,KE,Fitness_Wearables,20,1.515142492,4.043776659,2.528634167,6.572410826,19.85671252,1.086644341,15
2025-03-09,KE,Fitness_Wearables,45,2.188664327,4.370880972,2.182216644,6.553097616,20.26698489,0.86638013,25
2025-03-16,KE,Fitness_Wearables,44,0.928787351,3.823198864,2.894411513,6.717610376,20.05326456,1.124948849,20
2025-03-23,KE,Fitness_Wearables,40,1.403048493,4.021515715,2.618467222,6.639982938,19.34775372,0.826357769,22
2025-03-30,KE,Fitness_Wearables,31,1.106250789,4.053961418,2.947710628,7.001672046,21.16345887,0.940342205,15
2025-04-06,KE,Fitness_Wearables,34,1.239172841,4.508792437,3.269619595,7.778412032,19.78836685,0.5912251,22
2025-04-13,KE,Fitness_Wearables,34,1.998904364,4.69730013,2.698395767,7.395695897,20.22459742,0.990148609,20
2025-04-20,KE,Fitness_Wearables,28,-0.197052287,4.376654106,4.573706394,8.9503605,19.80532506,0.534465174,18
2025-04-27,KE,Fitness_Wearables,12,1.456158463,4.322359848,2.866201385,7.188561233,19.3314808,0.455107018,10
2025-05-04,KE,Fitness_Wearables,46,1.496571128,4.506313876,3.009742748,7.516056624,21.0233607,0.894854011,21
2025-05-11,KE,Fitness_Wearables,32,2.286721398,4.282988586,1.996267189,6.279255775,18.94057973,0.509116943,18
2025-05-18,KE,Fitness_Wearables,64,-1.881912416,3.695785399,5.577697815,9.273483213,19.25500108,0.616972237,48
2025-05-25,KE,Fitness_Wearables,24,1.540658095,4.091272868,2.550614773,6.64188764,18.44557921,0.619424012,13
2025-06-01,KE,Fitness_Wearables,24,1.724803744,4.392266311,2.667462567,7.059728878,19.97009742,0.922445871,16
2025-06-08,KE,Fitness_Wearables,28,3.084048035,4.876467658,1.792419623,6.668887281,19.33078268,0.736616965,22
2025-06-29,KE,Fitness_Wearables,10,1.090980523,4.591581932,3.500601409,8.092183341,18.38263423,1.063679217,8
2025-07-06,KE,Fitness_Wearables,29,1.088938706,4.266450869,3.177512162,7.443963031,18.85424287,0.664233464,21
2025-07-13,KE,Fitness_Wearables,39,0.861613821,3.829956991,2.96834317,6.798300161,19.01156077,0.909759034,19
2025-07-20,KE,Fitness_Wearables,59,1.755265567,4.593897728,2.838632162,7.43252989,18.88736893,0.659215368,31
2025-07-27,KE,Fitness_Wearables,46,2.397755928,4.595079338,2.197323411,6.792402749,18.97872988,0.983270991,25
2025-08-03,KE,Fitness_Wearables,49,2.84812898,5.420946224,2.572817244,7.993763467,17.52317327,0.437135227,33
2025-08-10,KE,Fitness_Wearables,40,2.052418175,3.979766073,1.927347898,5.907113971,18.78459516,0.65970692,25
2025-08-17,KE,Fitness_Wearables,20,4.24690482,5.206800274,0.959895454,6.166695728,19.38213198,0.983514902,14
2025-08-24,KE,Fitness_Wearables,28,0.722973392,3.737888744,3.014915352,6.752804096,19.74957861,0.852091869,17
2025-08-31,KE,Fitness_Wearables,36,3.663062722,5.225369284,1.562306562,6.787675846,18.97436929,0.556507046,27
2025-09-07,KE,Fitness_Wearables,24,2.289025764,4.194460693,1.905434929,6.099895622,19.04612296,0.314698885,15
2025-09-14,KE,Fitness_Wearables,28,1.302794778,4.48477862,3.181983842,7.666762462,18.75351187,0.624563053,16
2025-09-21,KE,Fitness_Wearables,37,2.37236122,5.039747438,2.667386218,7.707133655,19.19476878,0.682689107,24
2025-09-28,KE,Fitness_Wearables,26,3.30303399,5.024263859,1.721229869,6.745493727,19.89914734,0.544527714,20
2025-10-05,KE,Fitness_Wearables,41,2.629393021,4.589236333,1.959843311,6.549079644,19.30291706,0.674949865,30
2025-10-12,KE,Fitness_Wearables,30,2.841347396,5.025748646,2.18440125,7.210149896,20.07851814,0.984301977,19
2025-10-19,KE,Fitness_Wearables,35,2.183226067,4.819391434,2.636165367,7.455556802,20.32221667,0.920850144,22
2025-10-26,KE,Fitness_Wearables,43,1.455389838,4.534889535,3.079499698,7.614389233,19.58265495,0.740662666,25
2025-11-02,KE,Fitness_Wearables,41,2.672989332,4.892047758,2.219058427,7.111106185,18.3993523,0.68249097,23
2025-11-09,KE,Fitness_Wearables,25,2.650304462,4.992150251,2.341845789,7.33399604,19.29661847,0.621623998,15
2025-11-16,KE,Fitness_Wearables,29,3.902234651,5.551238116,1.649003465,7.200241582,18.70322135,0.960593372,21
2025-11-23,KE,Fitness_Wearables,38,1.787961567,5.339008162,3.551046595,8.890054757,19.899246,1.037050036,21
2025-11-30,KE,Fitness_Wearables,56,1.297244079,4.154039804,2.856795725,7.010835529,18.66694017,0.535867235,33
2025-12-07,KE,Fitness_Wearables,27,2.035935146,4.497579771,2.461644624,6.959224395,21.59452828,0.658309973,25
2025-12-14,KE,Fitness_Wearables,23,1.769735641,4.705762702,2.936027061,7.641789763,18.70041316,0.748769616,16
2025-12-21,KE,Fitness_Wearables,14,-2.61725202,2.723606995,5.340859015,8.06446601,22.00080328,0.198554545,11
2025-12-28,KE,Fitness_Wearables,16,-1.440515167,2.415805259,3.856320426,6.272125685,22.64406347,0.861445874,11
2026-01-04,KE,Fitness_Wearables,28,-0.289770668,3.733061744,4.022832412,7.755894155,19.43887742,1.036120425,16
2026-01-11,KE,Fitness_Wearables,18,1.911630352,4.690482519,2.778852168,7.469334687,18.61685757,1.068239915,10
2026-01-18,KE,Fitness_Wearables,18,1.845480632,4.244590737,2.399110105,6.643700842,18.920412,0.623678642,9
2026-01-25,KE,Fitness_Wearables,19,2.163449473,4.447929956,2.284480484,6.73241044,18.14088214,0.367603048,11
2026-02-01,KE,Fitness_Wearables,27,1.9938764,4.281681573,2.287805173,6.569486746,19.94943833,0.645948152,18
2026-02-08,KE,Fitness_Wearables,33,1.721894271,4.070304017,2.348409747,6.418713764,19.77732659,0.39964523,19
2026-02-15,KE,Fitness_Wearables,22,2.72512994,4.741704317,2.016574377,6.758278694,20.29481695,0.761185903,9
2026-02-22,KE,Fitness_Wearables,31,1.706332139,4.355146612,2.648814473,7.003961085,19.54005539,0.758984732,14
2026-03-01,KE,Fitness_Wearables,20,2.969514722,4.500707384,1.531192661,6.031900045,17.43010867,0.67498991,10
2026-03-08,KE,Fitness_Wearables,20,2.250498718,4.698984462,2.448485744,7.147470206,19.55706234,0.301044928,14
2026-03-15,KE,Fitness_Wearables,20,1.72504722,4.444412778,2.719365558,7.163778336,20.96686598,0.641731257,16
2026-03-22,KE,Fitness_Wearables,9,1.903439152,4.206359559,2.302920407,6.509279966,21.46166954,1.150427334,7
2026-03-29,KE,Fitness_Wearables,17,1.469236126,4.846877201,3.377641076,8.224518277,18.56466972,0.505535935,14
2026-04-05,KE,Fitness_Wearables,18,4.056138295,5.047390795,0.9912525,6.038643294,19.06589657,0.61875365,16
2026-04-12,KE,Fitness_Wearables,15,1.078982761,4.452128215,3.373145454,7.825273669,21.58989298,0.69722926,11
2026-04-19,KE,Fitness_Wearables,31,0.632738711,3.720270416,3.087531705,6.807802121,19.57531097,0.951621807,14
2026-04-26,KE,Fitness_Wearables,30,0.800342774,3.54180654,2.741463766,6.283270305,21.75371157,0.668680954,22
2026-05-03,KE,Fitness_Wearables,22,-0.385146135,3.554566399,3.939712534,7.494278933,20.86215634,0.648389905,15
2026-05-10,KE,Fitness_Wearables,55,0.743684422,3.721978855,2.978294433,6.700273289,19.3198865,0.632240765,22
2026-05-17,KE,Fitness_Wearables,29,1.396240683,4.313151769,2.916911086,7.230062854,19.73401443,0.525210469,18
2026-05-24,KE,Fitness_Wearables,103,-3.257499659,1.886616654,5.144116313,7.030732968,20.49893972,0.498053462,82
2026-05-31,KE,Fitness_Wearables,62,0.764986068,3.647181841,2.882195772,6.529377613,18.99843179,0.51598382,36
2026-06-07,KE,Fitness_Wearables,45,1.97576413,4.614529678,2.638765549,7.253295227,20.61354241,0.677804136,26
2026-06-14,KE,Fitness_Wearables,28,1.865469503,4.495090971,2.629621468,7.124712439,20.53661526,0.458886068,14
2026-06-21,KE,Fitness_Wearables,37,-0.188552188,3.966735387,4.155287575,8.122022962,19.0072159,0.621881148,24
2026-06-28,KE,Fitness_Wearables,20,3.257358545,5.144416826,1.88705828,7.031475106,19.94259001,0.766162268,11
2026-07-05,KE,Fitness_Wearables,33,1.964842229,3.998029352,2.033187124,6.031216476,20.10538582,0.853924353,16
2026-07-12,KE,Fitness_Wearables,37,1.917957874,4.248248939,2.330291065,6.578540003,19.71164679,0.423104199,15
2026-07-19,KE,Fitness_Wearables,47,2.937480483,4.763087511,1.825607028,6.588694539,19.2323122,0.937233724,22
2026-07-26,KE,Fitness_Wearables,46,0.530399366,3.666264334,3.135864968,6.802129301,19.18168249,0.538332605,17
2026-08-02,KE,Fitness_Wearables,35,1.045715236,3.431800541,2.386085305,5.817885846,19.39109139,0.962391769,11
2026-08-09,KE,Fitness_Wearables,29,1.600295826,3.581251228,1.980955402,5.562206629,20.32624662,0.79211356,11
2026-08-16,KE,Fitness_Wearables,48,0.16994586,2.774148033,2.604202173,5.378350206,21.26603335,0.754588492,22
2026-08-23,KE,Fitness_Wearables,7,0.53726809,3.234517322,2.697249232,5.931766555,18.16824403,0.279994354,5
2023-01-01,KE,Nutrition_Diets,401,-1.284896403,3.087426033,4.372322436,7.459748468,21.42956281,0.842688532,211
2023-01-08,KE,Nutrition_Diets,581,-2.99184916,2.647349383,5.639198543,8.286547926,20.93318611,0.70107403,286
2023-01-15,KE,Nutrition_Diets,671,-0.794891803,3.540971415,4.335863218,7.876834634,21.03856998,0.542783583,295
2023-01-22,KE,Nutrition_Diets,525,-1.556671818,3.02293682,4.579608638,7.602545458,20.74000029,0.701429632,282
2023-01-29,KE,Nutrition_Diets,733,-2.480141396,3.103506725,5.583648121,8.687154846,21.28526055,0.782272442,365
2023-02-05,KE,Nutrition_Diets,510,-2.056992336,2.834746672,4.891739008,7.72648568,20.86426846,0.703868311,227
2023-02-12,KE,Nutrition_Diets,719,-1.051561943,3.459198604,4.510760548,7.969959152,21.00882451,0.589624466,302
2023-02-19,KE,Nutrition_Diets,814,-1.086530402,3.159206212,4.245736614,7.404942825,21.30508347,0.531916474,408
2023-02-26,KE,Nutrition_Diets,541,-1.300668803,3.077963834,4.378632636,7.45659647,21.74733599,0.636567267,270
2023-03-05,KE,Nutrition_Diets,628,-1.965144386,2.985166832,4.950311218,7.935478051,20.47650871,0.699384262,334
2023-03-12,KE,Nutrition_Diets,629,-1.744079255,3.026691007,4.770770262,7.79746127,21.74843611,0.723013593,313
2023-03-19,KE,Nutrition_Diets,816,-3.468866349,2.655886966,6.124753315,8.780640282,20.4184575,0.691792064,420
2023-03-26,KE,Nutrition_Diets,1181,-1.856150228,3.014794151,4.870944379,7.88573853,21.24231151,0.598563865,574
2023-04-02,KE,Nutrition_Diets,857,-1.618764811,3.216070094,4.834834905,8.050904999,20.92284525,0.772000826,312
2023-04-09,KE,Nutrition_Diets,892,-1.952047557,2.897948061,4.849995618,7.747943679,21.23166437,0.723389521,368
2023-04-16,KE,Nutrition_Diets,1193,-2.579727471,2.689370388,5.269097859,7.958468247,20.69827785,0.653374102,546
2023-04-23,KE,Nutrition_Diets,1918,-2.391283291,2.338270785,4.729554076,7.06782486,21.40218254,0.641361049,803
2023-04-30,KE,Nutrition_Diets,1292,-2.500927526,2.953753781,5.454681306,8.408435087,21.57941942,0.770368432,565
2023-05-07,KE,Nutrition_Diets,1124,-2.171238593,2.9856562,5.156894793,8.142550993,21.98591574,0.614872163,490
2023-05-14,KE,Nutrition_Diets,1293,-1.842600514,2.884924438,4.727524952,7.61244939,21.19361659,0.666110833,635
2023-05-21,KE,Nutrition_Diets,1033,-1.921823591,3.002435622,4.924259213,7.926694835,20.85696963,0.748936333,435
2023-05-28,KE,Nutrition_Diets,1221,-2.58038199,3.026743155,5.607125145,8.6338683,21.44444542,0.65220315,535
2023-06-04,KE,Nutrition_Diets,1063,-1.159479921,3.384665615,4.544145536,7.928811151,20.86372524,0.746925949,415
2023-06-11,KE,Nutrition_Diets,1038,-1.379908487,3.031911257,4.411819744,7.443731001,20.94194549,0.8202094,445
2023-06-18,KE,Nutrition_Diets,1056,-1.401040621,3.296640208,4.697680829,7.994321037,21.20474026,0.711965734,526
2023-06-25,KE,Nutrition_Diets,1173,-1.745804848,3.046868294,4.792673142,7.839541436,21.77439104,0.597891351,508
2023-07-02,KE,Nutrition_Diets,764,-1.391940531,3.177265379,4.56920591,7.746471289,20.84894931,0.65922552,339
2023-07-09,KE,Nutrition_Diets,1041,-2.720421963,3.015262707,5.735684669,8.750947376,20.79783877,0.699996234,462
2023-07-16,KE,Nutrition_Diets,1028,-2.910495213,2.755922179,5.666417392,8.422339571,20.95393832,0.650880629,457
2023-07-23,KE,Nutrition_Diets,776,-2.108792614,3.061456572,5.170249186,8.231705758,21.65440497,0.732803923,322
2023-07-30,KE,Nutrition_Diets,725,-0.960041245,3.387874188,4.347915433,7.73578962,21.07288284,0.64619087,342
2023-08-06,KE,Nutrition_Diets,737,-0.080290618,4.036893594,4.117184212,8.154077806,21.36017948,0.718525201,347
2023-08-13,KE,Nutrition_Diets,621,-1.191562696,3.335803002,4.527365698,7.8631687,21.26750067,0.720002096,268
2023-08-20,KE,Nutrition_Diets,708,-0.056408921,3.533507061,3.589915982,7.123423043,20.82953873,0.917559362,287
2023-08-27,KE,Nutrition_Diets,794,-0.976017389,3.093539971,4.06955736,7.163097332,20.97561774,0.882373688,313
2023-09-03,KE,Nutrition_Diets,1677,-0.88708558,2.96782224,3.85490782,6.82273006,20.72490958,0.677446278,815
2023-09-10,KE,Nutrition_Diets,804,-0.724924327,3.257318368,3.982242694,7.239561062,20.56297644,0.762295713,379
2023-09-17,KE,Nutrition_Diets,774,-0.567825524,3.776274238,4.344099761,8.120373999,20.71127636,0.772462647,393
2023-09-24,KE,Nutrition_Diets,872,0.822507081,4.580896273,3.758389192,8.339285465,21.16644824,0.612267907,409
2023-10-01,KE,Nutrition_Diets,1175,-1.829358699,2.983570294,4.812928993,7.796499288,21.23228069,0.642893201,655
2023-10-08,KE,Nutrition_Diets,923,-0.312246093,3.537729158,3.84997525,7.387704408,21.63529186,0.640947803,409
2023-10-15,KE,Nutrition_Diets,1075,0.467150333,3.889188523,3.422038191,7.311226714,21.32985208,0.53307337,423
2023-10-22,KE,Nutrition_Diets,751,-0.892204195,3.418813841,4.311018036,7.729831877,20.7370443,0.683972479,319
2023-10-29,KE,Nutrition_Diets,894,-0.493939884,3.487530816,3.9814707,7.469001516,21.38979436,0.725473629,467
2023-11-05,KE,Nutrition_Diets,834,-0.701868757,3.692050186,4.393918942,8.085969128,21.56931117,0.692198379,397
2023-11-12,KE,Nutrition_Diets,1006,-1.982832338,3.128374026,5.111206364,8.23958039,20.45879565,0.579037253,527
2023-11-19,KE,Nutrition_Diets,1067,-1.393158153,3.194473746,4.587631899,7.782105645,21.14812968,0.863426431,568
2023-11-26,KE,Nutrition_Diets,1234,-2.340051275,2.816575084,5.156626359,7.973201443,21.16001949,0.56081283,681
2023-12-03,KE,Nutrition_Diets,1183,-3.028283843,2.68454426,5.712828103,8.397372362,21.35719829,0.570786264,582
2023-12-10,KE,Nutrition_Diets,852,-1.658018137,3.320352729,4.978370865,8.298723594,21.3118357,0.694483803,448
2023-12-17,KE,Nutrition_Diets,801,-1.112951203,3.322185985,4.435137188,7.757323173,20.8136514,0.64916547,423
2023-12-24,KE,Nutrition_Diets,574,-1.871234421,3.214585581,5.085820003,8.300405584,21.63117111,0.613076377,295
2023-12-31,KE,Nutrition_Diets,584,-2.769562445,2.805250266,5.57481271,8.380062976,21.2954826,0.783632532,273
2024-01-07,KE,Nutrition_Diets,606,-1.498536338,2.957660819,4.456197157,7.413857976,21.28961619,0.687305692,280
2024-01-14,KE,Nutrition_Diets,685,-2.833441115,2.663398865,5.496839981,8.160238846,21.18252503,0.474771245,361
2024-01-21,KE,Nutrition_Diets,1120,-2.168701527,2.925656797,5.094358324,8.020015121,20.7408106,0.475273441,584
2024-01-28,KE,Nutrition_Diets,1290,-4.063465525,2.00879021,6.072255735,8.081045945,22.69261969,0.457494602,743
2024-02-04,KE,Nutrition_Diets,822,-2.901853722,2.813703294,5.715557016,8.52926031,21.72943479,0.682903155,392
2024-02-11,KE,Nutrition_Diets,720,-1.648410435,3.317963488,4.966373923,8.284337411,21.22828939,0.656562712,387
2024-02-18,KE,Nutrition_Diets,745,-1.763284925,3.160281125,4.92356605,8.083847174,20.74501839,0.664044829,348
2024-02-25,KE,Nutrition_Diets,947,-1.528196351,3.224269995,4.752466346,7.97673634,20.34732119,0.596631441,461
2024-03-03,KE,Nutrition_Diets,1100,-2.481191231,2.916334366,5.397525597,8.313859964,21.25410679,0.535720388,537
2024-03-10,KE,Nutrition_Diets,898,-2.356075136,3.154625784,5.510700921,8.665326705,21.55745224,0.655030585,484
2024-03-17,KE,Nutrition_Diets,956,-2.373428317,2.937591664,5.311019981,8.248611645,21.19652498,0.747669887,418
2024-03-24,KE,Nutrition_Diets,750,-1.60333073,3.329780455,4.933111185,8.26289164,20.94990473,0.665124545,297
2024-03-31,KE,Nutrition_Diets,656,-1.904745366,3.159035143,5.063780509,8.222815652,21.22044913,0.6970192,263
2024-04-07,KE,Nutrition_Diets,800,-2.309524559,2.866321726,5.175846285,8.042168011,21.52156023,0.793284322,356
2024-04-14,KE,Nutrition_Diets,731,-1.730608183,2.993137663,4.723745846,7.71688351,21.06160518,0.792883236,317
2024-04-21,KE,Nutrition_Diets,760,-1.483423431,3.297412253,4.780835684,8.078247937,20.41154255,0.711923243,369
2024-04-28,KE,Nutrition_Diets,870,-3.093768312,2.771083752,5.864852064,8.635935816,21.33649879,0.619899207,467
2024-05-05,KE,Nutrition_Diets,965,-2.856409191,3.03562422,5.892033411,8.927657631,21.2874082,0.651587725,434
2024-05-12,KE,Nutrition_Diets,762,-1.053352264,3.584271916,4.637624179,8.221896095,21.33147636,0.667344997,321
2024-05-19,KE,Nutrition_Diets,897,-1.133883849,3.293255245,4.427139094,7.720394339,21.53147199,0.607568082,450
2024-05-26,KE,Nutrition_Diets,829,-1.110427864,3.446766982,4.557194846,8.003961828,20.30166008,0.717404545,369
2024-06-02,KE,Nutrition_Diets,673,-0.555719341,3.623844906,4.179564247,7.803409153,20.77617632,0.926637179,285
2024-06-09,KE,Nutrition_Diets,781,-1.085130093,3.239740236,4.324870329,7.564610566,21.54952945,0.644247292,360
2024-06-16,KE,Nutrition_Diets,839,-3.225916925,2.890750937,6.116667862,9.007418799,22.15989084,0.710911198,386
2024-06-23,KE,Nutrition_Diets,1331,-5.812132472,2.281470055,8.093602527,10.37507258,22.35951978,0.643892385,642
2024-06-30,KE,Nutrition_Diets,869,-3.870129617,2.754685025,6.624814642,9.379499668,21.25829396,0.675053235,471
2024-07-07,KE,Nutrition_Diets,760,-3.778793854,2.597790453,6.376584307,8.97437476,21.72144165,0.652894781,369
2024-07-14,KE,Nutrition_Diets,1246,-4.749571799,2.158205097,6.907776895,9.065981992,23.04546465,0.588846389,659
2024-07-21,KE,Nutrition_Diets,627,-1.832659332,3.28920792,5.121867252,8.411075172,21.54868344,0.692294682,298
2024-07-28,KE,Nutrition_Diets,787,-2.380598022,3.028037965,5.408635988,8.436673953,20.94751031,0.579070824,367
2024-08-04,KE,Nutrition_Diets,1340,-2.412474889,2.991854981,5.40432987,8.39618485,20.18513108,0.590970895,836
2024-08-11,KE,Nutrition_Diets,3033,-3.752150717,2.46716538,6.219316097,8.686481477,18.98199247,0.485176252,1573
2024-08-18,KE,Nutrition_Diets,1924,-3.254099007,2.68297618,5.937075187,8.620051367,20.10809052,0.51561866,981
2024-08-25,KE,Nutrition_Diets,1143,-1.03743784,3.32345795,4.36089579,7.68435374,20.79263954,0.584897783,571
2024-09-01,KE,Nutrition_Diets,1899,-1.029496182,3.195990819,4.225487001,7.421477819,22.16379453,0.498329318,864
2024-09-08,KE,Nutrition_Diets,977,-1.589317285,3.256405234,4.845722518,8.102127752,21.44085492,0.515944949,473
2024-09-15,KE,Nutrition_Diets,712,-1.194941719,3.334963775,4.529905493,7.864869268,21.14292699,0.644936266,309
2024-09-22,KE,Nutrition_Diets,656,-0.638102847,3.672719414,4.310822261,7.983541675,21.32646356,0.7345373,287
2024-09-29,KE,Nutrition_Diets,849,-3.57092247,2.760504759,6.33142723,9.091931989,20.45553753,0.476304708,467
2024-10-06,KE,Nutrition_Diets,837,-2.311564206,3.480376262,5.791940468,9.27231673,20.72771456,0.559010261,412
2024-10-13,KE,Nutrition_Diets,587,-1.217193671,3.519281502,4.736475173,8.255756675,20.51155323,0.713870704,283
2024-10-20,KE,Nutrition_Diets,756,-1.852278626,3.083540514,4.93581914,8.019359655,21.06754481,0.630020057,495
2024-10-27,KE,Nutrition_Diets,601,-1.276712039,3.52518161,4.801893649,8.327075258,20.56115039,0.7546557,291
2024-11-03,KE,Nutrition_Diets,740,1.647649048,4.812707322,3.165058274,7.977765597,21.5038825,1.009227825,419
2024-11-10,KE,Nutrition_Diets,765,-1.169641738,3.338986904,4.508628642,7.847615546,20.57546157,0.658055416,379
2024-11-17,KE,Nutrition_Diets,736,-1.910654165,3.29913759,5.209791755,8.508929345,21.20715889,0.637444678,369
2024-11-24,KE,Nutrition_Diets,649,-0.969896519,3.562845236,4.532741755,8.095586991,19.98093638,0.74075945,261
2024-12-01,KE,Nutrition_Diets,722,-0.883428965,3.737367043,4.620796009,8.358163052,20.44609656,0.753592283,301
2024-12-08,KE,Nutrition_Diets,697,-1.715953767,3.315816629,5.031770396,8.347587025,20.32202483,0.76239445,331
2024-12-15,KE,Nutrition_Diets,829,-1.180045467,3.395118103,4.57516357,7.970281673,21.11357812,0.867199331,405
2024-12-22,KE,Nutrition_Diets,431,-1.344384724,3.528695867,4.873080591,8.401776459,21.00363402,0.663573764,190
2024-12-29,KE,Nutrition_Diets,474,-2.090426953,3.206276797,5.296703749,8.502980546,21.09263217,0.84219747,248
2025-01-05,KE,Nutrition_Diets,574,-1.522163012,3.340881329,4.863044341,8.20392567,20.8936696,0.650701888,299
2025-01-12,KE,Nutrition_Diets,530,-1.709631046,3.416646894,5.126277939,8.542924833,20.31669307,0.634479318,253
2025-01-19,KE,Nutrition_Diets,667,-1.823379958,3.255112614,5.078492573,8.333605187,20.95252409,0.660896497,293
2025-01-26,KE,Nutrition_Diets,697,-2.454276217,3.391467097,5.845743314,9.237210411,20.03509252,0.624194749,325
2025-02-02,KE,Nutrition_Diets,765,-2.445063602,3.1878131,5.632876702,8.820689801,20.43192397,0.694353189,369
2025-02-09,KE,Nutrition_Diets,693,-1.138243742,3.820006119,4.958249861,8.778255979,20.36981854,0.68834372,346
2025-02-16,KE,Nutrition_Diets,490,-1.684529833,3.369480485,5.054010318,8.423490804,20.469124,0.678935972,206
2025-02-23,KE,Nutrition_Diets,751,-1.900965979,3.326558338,5.227524317,8.554082656,21.16064679,0.700664261,358
2025-03-02,KE,Nutrition_Diets,586,-1.778884764,3.397977332,5.176862096,8.574839428,21.20813135,0.801140206,234
2025-03-09,KE,Nutrition_Diets,684,-1.706969481,3.346784199,5.05375368,8.400537879,21.81427991,0.606979822,326
2025-03-16,KE,Nutrition_Diets,671,-0.909039568,3.655654639,4.564694207,8.220348847,20.93552984,0.826217946,292
2025-03-23,KE,Nutrition_Diets,547,-1.403369312,3.638646738,5.04201605,8.680662788,20.54348963,0.613668768,234
2025-03-30,KE,Nutrition_Diets,516,-1.685138503,3.503553092,5.188691595,8.692244687,20.49689616,0.837386937,245
2025-04-06,KE,Nutrition_Diets,575,-1.807754616,3.513632066,5.321386682,8.835018747,20.73495072,0.690248476,230
2025-04-13,KE,Nutrition_Diets,774,-2.208788878,3.197263714,5.406052592,8.603316306,19.88224978,0.590101457,450
2025-04-20,KE,Nutrition_Diets,634,-1.946007084,3.339266875,5.28527396,8.624540835,20.91044671,0.586037285,338
2025-04-27,KE,Nutrition_Diets,575,-1.662933257,3.470281381,5.133214638,8.60349602,21.04366633,0.676231191,266
2025-05-04,KE,Nutrition_Diets,421,-1.239016359,3.666833403,4.905849762,8.572683165,20.80834273,0.665118597,198
2025-05-11,KE,Nutrition_Diets,560,-2.100735102,3.272114543,5.372849645,8.644964188,20.29523511,0.746873973,278
2025-05-18,KE,Nutrition_Diets,496,-1.40056807,3.623897145,5.024465215,8.64836236,20.78047957,0.768029855,214
2025-05-25,KE,Nutrition_Diets,558,-1.452825047,3.63312184,5.085946887,8.719068728,20.68523918,0.596384096,236
2025-06-01,KE,Nutrition_Diets,571,-0.79643584,3.785932036,4.582367876,8.368299913,21.05064563,0.788711527,284
2025-06-08,KE,Nutrition_Diets,854,-4.111177359,2.642316858,6.753494217,9.395811075,21.2840871,0.653088588,373
2025-06-29,KE,Nutrition_Diets,464,-2.438302179,3.170337245,5.608639424,8.778976669,21.24630353,0.527971973,263
2025-07-06,KE,Nutrition_Diets,911,-3.266603361,3.123732294,6.390335655,9.514067949,20.86797477,0.615827478,419
2025-07-13,KE,Nutrition_Diets,558,-2.493015631,3.113140355,5.606155986,8.719296341,20.8572216,0.732566465,233
2025-07-20,KE,Nutrition_Diets,548,-1.075792172,3.821449379,4.897241551,8.71869093,20.68588736,0.63920393,273
2025-07-27,KE,Nutrition_Diets,577,-1.35033967,3.67961178,5.02995145,8.70956323,20.67992073,0.603647114,235
2025-08-03,KE,Nutrition_Diets,709,-2.796111127,3.092578597,5.888689724,8.981268322,20.57387905,0.579809379,364
2025-08-10,KE,Nutrition_Diets,528,-1.417153176,3.666853681,5.084006857,8.750860538,21.05010853,0.667055255,237
2025-08-17,KE,Nutrition_Diets,550,-0.674468018,3.998327881,4.672795899,8.67112378,20.38692095,0.700902412,222
2025-08-24,KE,Nutrition_Diets,540,-1.841411542,3.379662482,5.221074024,8.600736507,20.65779791,0.742488289,222
2025-08-31,KE,Nutrition_Diets,585,-2.157948805,3.251615402,5.409564206,8.661179608,20.31336979,0.813079458,267
2025-09-07,KE,Nutrition_Diets,614,-0.697255735,3.890742785,4.58799852,8.478741305,20.82719502,0.806172071,281
2025-09-14,KE,Nutrition_Diets,526,-1.382214711,3.599158772,4.981373483,8.580532255,20.86586971,0.738240453,249
2025-09-21,KE,Nutrition_Diets,525,-0.734188673,4.041043786,4.775232459,8.816276244,20.72621401,0.779651482,241
2025-09-28,KE,Nutrition_Diets,742,-2.585358822,3.088358951,5.673717773,8.762076724,20.47479714,0.84529143,379
2025-10-05,KE,Nutrition_Diets,633,-1.01914618,3.756059394,4.775205574,8.531264968,20.59566975,0.685244688,297
2025-10-12,KE,Nutrition_Diets,490,-1.68736837,3.594631385,5.281999755,8.876631141,21.05530159,0.676343678,251
2025-10-19,KE,Nutrition_Diets,575,-1.79653105,3.496696391,5.293227441,8.789923832,20.61403954,0.679011878,270
2025-10-26,KE,Nutrition_Diets,676,-1.554675275,3.562853821,5.117529096,8.680382917,20.82136618,0.664942002,302
2025-11-02,KE,Nutrition_Diets,604,-1.532764669,3.688175331,5.22094,8.909115331,20.47548399,0.527716674,303
2025-11-09,KE,Nutrition_Diets,712,-2.202206162,3.736037339,5.9382435,9.674280839,20.36697428,0.587927696,337
2025-11-16,KE,Nutrition_Diets,644,-1.943730666,3.517129752,5.460860418,8.97799017,20.61576323,0.623072426,329
2025-11-23,KE,Nutrition_Diets,568,-0.469758659,4.124978302,4.59473696,8.719715262,20.95419018,0.625429316,274
2025-11-30,KE,Nutrition_Diets,497,-1.420348859,3.622840365,5.043189224,8.666029589,20.75873573,0.641387872,203
2025-12-07,KE,Nutrition_Diets,565,-0.488727051,4.110454317,4.599181368,8.709635685,20.07308353,0.64384062,262
2025-12-14,KE,Nutrition_Diets,496,-1.453366957,3.64539356,5.098760516,8.744154076,20.79698904,0.600020681,192
2025-12-21,KE,Nutrition_Diets,451,-1.856211466,3.736573455,5.592784921,9.329358375,20.2453588,0.844414028,247
2025-12-28,KE,Nutrition_Diets,504,-0.940609632,3.397560975,4.338170608,7.735731583,21.04620432,0.75155075,312
2026-01-04,KE,Nutrition_Diets,471,-1.599443882,3.706237338,5.30568122,9.011918558,20.93147105,0.537045371,209
2026-01-11,KE,Nutrition_Diets,468,-1.836977298,3.409051649,5.246028947,8.655080596,20.94598311,0.531711413,173
2026-01-18,KE,Nutrition_Diets,397,-1.93197141,3.38150985,5.31348126,8.69499111,21.02263998,0.572962442,151
2026-01-25,KE,Nutrition_Diets,524,-1.75961535,3.493736865,5.253352215,8.74708908,21.60028253,0.636409413,215
2026-02-01,KE,Nutrition_Diets,484,-2.135770168,3.541265085,5.677035253,9.218300337,20.65910647,0.582524475,177
2026-02-08,KE,Nutrition_Diets,713,-1.814382017,3.457063394,5.271445411,8.728508804,21.0528413,0.615609811,319
2026-02-15,KE,Nutrition_Diets,474,-1.319697599,3.776409987,5.096107586,8.872517573,20.60496997,0.560957089,242
2026-02-22,KE,Nutrition_Diets,672,-2.085010622,3.326169098,5.411179721,8.737348819,19.48648804,0.389868158,320
2026-03-01,KE,Nutrition_Diets,573,-1.378661986,3.707172081,5.085834067,8.793006148,20.93420567,0.551939376,228
2026-03-08,KE,Nutrition_Diets,804,-1.028490788,3.790721322,4.81921211,8.609933432,20.11945615,0.411601621,430
2026-03-15,KE,Nutrition_Diets,602,-1.325811021,3.626720444,4.952531465,8.57925191,21.75681503,0.554469401,267
2026-03-22,KE,Nutrition_Diets,604,-1.010757677,3.49784899,4.508606667,8.006455657,21.06190507,0.644079651,287
2026-03-29,KE,Nutrition_Diets,450,-1.782534196,3.353716309,5.136250505,8.489966815,21.44256275,0.647712767,192
2026-04-05,KE,Nutrition_Diets,408,-1.782325078,3.451901118,5.234226196,8.686127313,20.97306878,0.627823552,154
2026-04-12,KE,Nutrition_Diets,426,-1.926521998,3.57264953,5.499171528,9.071821059,21.25659398,0.634191892,188
2026-04-19,KE,Nutrition_Diets,517,-1.820810773,3.412474429,5.233285201,8.64575963,20.92228136,0.613146271,223
2026-04-26,KE,Nutrition_Diets,532,-0.427684002,3.970163272,4.397847274,8.368010547,20.51530655,0.606161114,239
2026-05-03,KE,Nutrition_Diets,582,-1.508908446,3.421363777,4.930272223,8.351636,20.86721262,0.622954812,260
2026-05-10,KE,Nutrition_Diets,570,-1.017597886,3.683119258,4.700717144,8.383836402,20.46991508,0.576848221,288
2026-05-17,KE,Nutrition_Diets,803,-2.751651118,3.545868071,6.297519189,9.843387259,20.13347565,0.537667153,421
2026-05-24,KE,Nutrition_Diets,767,-2.905241946,3.280157175,6.18539912,9.465556295,21.23459954,0.676054143,430
2026-05-31,KE,Nutrition_Diets,786,-1.818327773,3.526621915,5.344949689,8.871571604,20.69378821,0.777549898,348
2026-06-07,KE,Nutrition_Diets,705,-1.387261091,3.750512615,5.137773706,8.888286322,20.4227369,0.635296909,281
2026-06-14,KE,Nutrition_Diets,528,-0.988123464,4.000441649,4.988565113,8.989006762,20.67606139,0.587445436,242
2026-06-21,KE,Nutrition_Diets,718,-2.286140461,3.116044465,5.402184926,8.518229391,21.56357899,0.599298754,261
2026-06-28,KE,Nutrition_Diets,585,-0.611821611,4.134276763,4.746098374,8.880375137,20.94044327,0.642422533,224
2026-07-05,KE,Nutrition_Diets,483,-0.377309215,3.975979036,4.353288251,8.329267287,20.74164515,0.653852981,204
2026-07-12,KE,Nutrition_Diets,643,-1.566333307,3.607317038,5.173650345,8.780967383,21.31238402,0.678035052,328
2026-07-19,KE,Nutrition_Diets,817,-1.16684692,3.400250204,4.567097124,7.967347328,21.97158134,0.728029167,314
2026-07-26,KE,Nutrition_Diets,583,-2.137188084,3.504302145,5.641490229,9.145792374,20.95985893,0.499931149,264
2026-08-02,KE,Nutrition_Diets,486,-1.456464443,3.681004108,5.137468552,8.81847266,21.17518021,0.522409476,181
2026-08-09,KE,Nutrition_Diets,457,-1.573713743,3.508876291,5.082590035,8.591466326,21.59131096,0.565472003,181
2026-08-16,KE,Nutrition_Diets,559,-1.701346592,3.352379374,5.053725966,8.406105339,21.04903505,0.694290221,225
2026-08-23,KE,Nutrition_Diets,222,-1.114707562,3.461956164,4.576663726,8.03861989,21.93085516,0.577491488,134
2023-01-01,MX,Fashion_Beauty,324,0.161900459,3.082042873,2.920142413,6.002185286,20.31762158,0.78662677,171
2023-01-08,MX,Fashion_Beauty,514,0.050798287,3.051087495,3.000289208,6.051376703,20.26484722,0.684301732,260
2023-01-15,MX,Fashion_Beauty,644,0.137890415,2.988151247,2.850260833,5.83841208,20.22179864,0.470027096,281
2023-01-22,MX,Fashion_Beauty,770,0.081297962,3.121231929,3.039933967,6.161165896,20.06326675,0.464348072,334
2023-01-29,MX,Fashion_Beauty,660,0.177988493,3.172795391,2.994806898,6.167602289,20.2140574,0.534891994,296
2023-02-05,MX,Fashion_Beauty,610,-0.056529598,3.044262592,3.10079219,6.145054781,20.41621025,0.651648766,291
2023-02-12,MX,Fashion_Beauty,619,-0.024510076,3.137468756,3.161978832,6.299447588,20.49025704,0.657337327,280
2023-02-19,MX,Fashion_Beauty,771,0.174144356,3.038218307,2.864073952,5.902292259,20.37210517,0.484991436,312
2023-02-26,MX,Fashion_Beauty,732,-0.071847855,3.013166345,3.0850142,6.098180544,20.62822468,0.641283794,337
2023-03-05,MX,Fashion_Beauty,717,-0.141599583,3.001051543,3.142651126,6.143702669,21.07032914,0.488697204,342
2023-03-12,MX,Fashion_Beauty,836,0.275020715,3.062622846,2.787602131,5.850224977,20.59907957,0.485266323,410
2023-03-19,MX,Fashion_Beauty,932,-0.138145353,3.058066674,3.196212027,6.254278701,20.50724524,0.543972314,417
2023-03-26,MX,Fashion_Beauty,1896,-0.064504814,2.988519642,3.053024456,6.041544098,20.98450964,0.767007583,630
2023-04-02,MX,Fashion_Beauty,1722,0.179278714,3.002013315,2.822734602,5.824747917,20.42354072,0.660675301,643
2023-04-09,MX,Fashion_Beauty,1738,0.009719042,2.976664362,2.966945319,5.943609681,20.89594065,0.641573438,529
2023-04-16,MX,Fashion_Beauty,1853,0.090925957,3.153786606,3.062860649,6.216647255,20.90544857,0.677947353,560
2023-04-23,MX,Fashion_Beauty,2738,0.399054729,3.130902919,2.73184819,5.86275111,20.86954394,0.638522141,707
2023-04-30,MX,Fashion_Beauty,2026,0.351033226,3.221194253,2.870161027,6.09135528,21.06720245,0.608205129,710
2023-05-07,MX,Fashion_Beauty,1728,0.273335014,3.187933304,2.91459829,6.102531594,21.3108944,0.785409505,585
2023-05-14,MX,Fashion_Beauty,1953,0.330801373,3.252285462,2.921484089,6.173769551,21.09610358,0.878431471,648
2023-05-21,MX,Fashion_Beauty,1639,0.070097962,3.140830661,3.070732699,6.21156336,20.71856947,0.596104462,581
2023-05-28,MX,Fashion_Beauty,2126,0.361600058,3.172391554,2.810791496,5.983183049,20.97830969,0.872481667,653
2023-06-04,MX,Fashion_Beauty,1693,0.504484613,3.150170545,2.645685932,5.795856476,20.98114797,0.896680537,544
2023-06-11,MX,Fashion_Beauty,1808,0.786248397,3.486054595,2.699806199,6.185860794,21.11592941,0.491065213,740
2023-06-18,MX,Fashion_Beauty,1301,0.195489985,3.102395823,2.906905838,6.009301662,20.60014993,0.484519218,485
2023-06-25,MX,Fashion_Beauty,1749,0.394472183,3.191230491,2.796758308,5.987988799,20.57954363,0.479852892,555
2023-07-02,MX,Fashion_Beauty,1784,-0.158913051,3.092056343,3.250969393,6.343025736,20.44702723,0.506033054,626
2023-07-09,MX,Fashion_Beauty,1765,-0.199660319,2.940096205,3.139756524,6.079852729,20.70368688,0.439904144,625
2023-07-16,MX,Fashion_Beauty,1677,-0.012854272,3.023134718,3.035988989,6.059123707,20.49506659,0.486327013,589
2023-07-23,MX,Fashion_Beauty,1594,-0.048674391,2.998243558,3.046917949,6.045161507,20.3302505,0.454883805,573
2023-07-30,MX,Fashion_Beauty,1406,0.053518183,3.116578263,3.063060081,6.179638344,20.62787166,0.46436305,491
2023-08-06,MX,Fashion_Beauty,1692,-0.385667843,2.867403751,3.253071594,6.120475344,20.73623345,0.544778142,592
2023-08-13,MX,Fashion_Beauty,1555,0.548917965,3.258750294,2.709832329,5.968582623,20.59011298,0.485998347,563
2023-08-20,MX,Fashion_Beauty,1754,-0.573524956,2.848534469,3.422059424,6.270593893,20.74563118,0.557582012,626
2023-08-27,MX,Fashion_Beauty,1669,0.223443667,3.128823298,2.905379631,6.034202928,20.78839977,0.568384948,644
2023-09-03,MX,Fashion_Beauty,1619,0.421120273,3.355112877,2.933992604,6.289105481,20.77533468,0.495308721,585
2023-09-10,MX,Fashion_Beauty,1791,0.325108619,3.24298115,2.917872531,6.160853681,20.46122784,0.584958426,676
2023-09-17,MX,Fashion_Beauty,1709,0.416333328,3.154859001,2.738525673,5.893384674,20.47226371,0.525488741,630
2023-09-24,MX,Fashion_Beauty,1501,0.329678158,3.245241396,2.915563238,6.160804633,20.45055199,0.479940718,535
2023-10-01,MX,Fashion_Beauty,2006,-0.175125374,3.079470976,3.254596351,6.334067327,20.60284789,0.494139383,733
2023-10-08,MX,Fashion_Beauty,1566,0.618812972,3.387872246,2.769059274,6.156931521,20.64179493,0.573530316,518
2023-10-15,MX,Fashion_Beauty,1437,0.824602124,3.476837386,2.652235262,6.129072648,20.4854294,0.535179108,468
2023-10-22,MX,Fashion_Beauty,1665,0.290216756,3.385520551,3.095303795,6.480824346,20.61681695,0.591436577,600
2023-10-29,MX,Fashion_Beauty,1764,0.427174767,3.392821628,2.965646861,6.358468489,20.40439493,0.543778244,680
2023-11-05,MX,Fashion_Beauty,1686,0.378919232,3.472617997,3.093698765,6.566316762,20.4294843,0.513136912,619
2023-11-12,MX,Fashion_Beauty,1686,0.430253539,3.580101282,3.149847742,6.729949024,20.50201463,0.493857482,605
2023-11-19,MX,Fashion_Beauty,1537,0.568764036,3.42319806,2.854434024,6.277632084,20.20087959,0.511087345,518
2023-11-26,MX,Fashion_Beauty,1669,0.410593436,3.419931598,3.009338162,6.42926976,20.39084159,0.489446615,542
2023-12-03,MX,Fashion_Beauty,1554,0.114443944,3.211497981,3.097054037,6.308552018,20.29125966,0.511131632,510
2023-12-10,MX,Fashion_Beauty,1779,0.1638909,3.207275147,3.043384247,6.250659393,20.40567295,0.502062673,569
2023-12-17,MX,Fashion_Beauty,1437,0.390713375,3.28437298,2.893659606,6.178032586,20.34878525,0.5400628,494
2023-12-24,MX,Fashion_Beauty,1121,0.272619329,3.206956316,2.934336987,6.141293303,20.44227059,0.416505431,478
2023-12-31,MX,Fashion_Beauty,1264,0.948076187,3.626777549,2.678701362,6.305478912,19.9826452,0.450594916,500
2024-01-07,MX,Fashion_Beauty,1442,-0.201803382,3.207761654,3.409565037,6.617326691,20.08859077,0.472980844,558
2024-01-14,MX,Fashion_Beauty,1508,-0.336571147,3.133178209,3.469749356,6.602927564,20.58575427,0.497027038,527
2024-01-21,MX,Fashion_Beauty,1639,0.473679922,3.399465677,2.925785756,6.325251433,20.07744928,0.487854978,521
2024-01-28,MX,Fashion_Beauty,1685,-0.203257259,3.126264452,3.329521711,6.455786163,20.11838968,0.461832858,622
2024-02-04,MX,Fashion_Beauty,1595,0.03158559,3.159008008,3.127422418,6.286430426,20.36800634,0.479843334,620
2024-02-11,MX,Fashion_Beauty,1421,0.0060737,3.189700995,3.183627295,6.373328289,20.27621942,0.447814643,503
2024-02-18,MX,Fashion_Beauty,1581,0.439058281,3.370821319,2.931763038,6.302584358,20.56528705,0.544888184,548
2024-02-25,MX,Fashion_Beauty,1635,0.199537369,3.122202545,2.922665177,6.044867722,20.60565583,0.517323913,595
2024-03-03,MX,Fashion_Beauty,1539,0.050997055,3.133454875,3.08245782,6.215912695,20.56495977,0.499870163,572
2024-03-10,MX,Fashion_Beauty,1684,-0.130068213,3.221444682,3.351512895,6.572957578,20.49459189,0.561798655,534
2024-03-17,MX,Fashion_Beauty,1573,-0.026564212,3.120636695,3.147200907,6.267837601,20.76510975,0.494658803,561
2024-03-24,MX,Fashion_Beauty,1423,-0.532384323,3.010648774,3.543033097,6.553681872,20.7144807,0.446098958,539
2024-03-31,MX,Fashion_Beauty,1718,-0.291001775,3.08313303,3.374134805,6.457267835,20.78861751,0.521214714,572
2024-04-07,MX,Fashion_Beauty,1896,-0.195483897,3.104743983,3.30022788,6.404971863,20.59337066,0.6036208,657
2024-04-14,MX,Fashion_Beauty,1488,0.004332482,3.214974019,3.210641537,6.425615556,20.91990389,0.45075961,530
2024-04-21,MX,Fashion_Beauty,2033,0.235879252,3.373189762,3.13731051,6.510500271,20.85836613,0.520144856,605
2024-04-28,MX,Fashion_Beauty,1617,0.435544414,3.3587233,2.923178887,6.281902187,20.90356824,0.431668572,489
2024-05-05,MX,Fashion_Beauty,1918,-0.378045994,2.983026579,3.361072573,6.344099152,20.66229582,0.450831034,535
2024-05-12,MX,Fashion_Beauty,1612,-0.068906244,3.022285834,3.091192077,6.113477911,20.63353543,0.477456006,518
2024-05-19,MX,Fashion_Beauty,1719,0.087983401,3.247177256,3.159193855,6.406371111,20.76436452,0.505651365,659
2024-05-26,MX,Fashion_Beauty,1722,-0.122285275,3.076389081,3.198674356,6.275063437,20.37543026,0.523588676,495
2024-06-02,MX,Fashion_Beauty,2203,-0.048004244,3.002598994,3.050603238,6.053202231,20.59683916,0.540118887,703
2024-06-09,MX,Fashion_Beauty,1512,0.549088588,3.448301141,2.899212552,6.347513693,20.52370895,0.527385241,518
2024-06-16,MX,Fashion_Beauty,1432,0.237675207,3.22039819,2.982722983,6.203121172,20.26562689,0.514779148,532
2024-06-23,MX,Fashion_Beauty,1438,0.20885628,3.279080634,3.070224354,6.349304987,20.12941732,0.452816673,473
2024-06-30,MX,Fashion_Beauty,1443,0.345217185,3.216938242,2.871721057,6.088659298,20.27051804,0.438034901,510
2024-07-07,MX,Fashion_Beauty,1840,-0.126497545,3.156326518,3.282824062,6.43915058,20.78746199,0.482900419,548
2024-07-14,MX,Fashion_Beauty,1513,-0.081081696,3.036627507,3.117709203,6.154336711,20.29586702,0.47080035,481
2024-07-21,MX,Fashion_Beauty,1377,0.179451799,3.127903847,2.948452048,6.076355895,20.29731147,0.439394007,535
2024-07-28,MX,Fashion_Beauty,1437,-0.200377811,3.065016527,3.265394338,6.330410865,20.05550243,0.445266094,534
2024-08-04,MX,Fashion_Beauty,1230,-0.09992203,3.055912616,3.155834646,6.211747261,20.51488818,0.549777042,445
2024-08-11,MX,Fashion_Beauty,1228,-0.066891984,3.043639587,3.110531572,6.154171159,19.7994907,0.406764936,437
2024-08-18,MX,Fashion_Beauty,1331,-0.139303461,3.138872074,3.278175536,6.41704761,20.39712872,0.436633046,454
2024-08-25,MX,Fashion_Beauty,1610,-0.271445115,3.137697434,3.409142548,6.546839982,20.23242249,0.490090793,575
2024-09-01,MX,Fashion_Beauty,1407,0.266287419,3.259415768,2.993128348,6.252544116,20.40383447,0.50208984,486
2024-09-08,MX,Fashion_Beauty,1522,0.234261551,3.343734913,3.109473362,6.453208275,20.08748683,0.485022677,495
2024-09-15,MX,Fashion_Beauty,1696,-0.007762629,3.273760525,3.281523154,6.555283678,20.4215394,0.506651941,564
2024-09-22,MX,Fashion_Beauty,2653,-0.446445409,3.241097251,3.68754266,6.92863991,19.60141784,0.533493984,639
2024-09-29,MX,Fashion_Beauty,1848,-0.255666879,3.037189495,3.292856374,6.33004587,20.03080998,0.509822697,542
2024-10-06,MX,Fashion_Beauty,1609,-0.061894303,3.123415879,3.185310182,6.308726062,20.26539013,0.486945688,488
2024-10-13,MX,Fashion_Beauty,1622,-0.47304411,2.996751917,3.469796027,6.466547945,20.48260088,0.54431222,609
2024-10-20,MX,Fashion_Beauty,1606,0.48019115,3.406918122,2.926726972,6.333645094,20.6312848,0.510885063,571
2024-10-27,MX,Fashion_Beauty,2449,0.094325451,3.305187353,3.210861902,6.516049255,20.4471449,0.410688443,799
2024-11-03,MX,Fashion_Beauty,1640,-0.17261214,3.159351322,3.331963462,6.491314784,20.33959586,0.546231272,558
2024-11-10,MX,Fashion_Beauty,2029,-0.059586917,3.330420352,3.390007269,6.720427621,20.56825403,0.481273278,642
2024-11-17,MX,Fashion_Beauty,2068,-0.001842314,3.225969906,3.227812219,6.453782125,20.09219858,0.450519914,555
2024-11-24,MX,Fashion_Beauty,2363,0.299621722,3.445472039,3.145850317,6.591322356,19.8476068,0.446446778,645
2024-12-01,MX,Fashion_Beauty,1771,0.383914753,3.410242507,3.026327754,6.436570261,19.99927995,0.498492346,505
2024-12-08,MX,Fashion_Beauty,1957,0.167024127,3.19766512,3.030640993,6.228306113,20.03734872,0.475433718,610
2024-12-15,MX,Fashion_Beauty,2050,0.055622338,3.181658951,3.126036613,6.307695564,19.98788199,0.391131132,567
2024-12-22,MX,Fashion_Beauty,1242,-0.035428843,3.453159892,3.488588735,6.941748627,19.73998862,0.463660497,455
2024-12-29,MX,Fashion_Beauty,1108,0.124718381,3.30651689,3.181798509,6.488315399,20.43905771,0.463024006,452
2025-01-05,MX,Fashion_Beauty,1452,0.446837345,3.369334963,2.922497618,6.291832581,20.34642716,0.417754564,493
2025-01-12,MX,Fashion_Beauty,1474,-0.203809259,3.059675919,3.263485178,6.323161098,20.15994302,0.471620955,474
2025-01-19,MX,Fashion_Beauty,1621,0.493136364,3.398705861,2.905569496,6.304275357,20.01375902,0.44642321,506
2025-01-26,MX,Fashion_Beauty,1690,-0.139753437,3.083075533,3.222828969,6.305904502,20.69352113,0.452852982,455
2025-02-02,MX,Fashion_Beauty,1657,-0.027177724,3.237849303,3.265027028,6.502876331,20.42891679,0.479387088,554
2025-02-09,MX,Fashion_Beauty,1680,-0.235088088,3.228795213,3.4638833,6.692678513,20.39476987,0.425171406,505
2025-02-16,MX,Fashion_Beauty,1715,0.011029693,3.188814696,3.177785004,6.3665997,20.18139039,0.477500279,557
2025-02-23,MX,Fashion_Beauty,1605,0.484261409,3.449419777,2.965158368,6.414578145,20.02657221,0.472566548,522
2025-03-02,MX,Fashion_Beauty,1523,0.395216505,3.472542781,3.077326275,6.549869056,20.586948,0.544347859,539
2025-03-09,MX,Fashion_Beauty,1526,-0.089540011,3.141543583,3.231083593,6.372627176,20.12316868,0.477373463,448
2025-03-16,MX,Fashion_Beauty,1693,-0.130510656,3.257829456,3.388340113,6.646169569,20.6992952,0.502882639,472
2025-03-23,MX,Fashion_Beauty,1635,-0.216878551,3.164850194,3.381728745,6.546578938,20.61120963,0.445682481,528
2025-03-30,MX,Fashion_Beauty,1590,-0.273528049,3.051167268,3.324695317,6.375862586,20.08283105,0.471611499,470
2025-04-06,MX,Fashion_Beauty,1381,-0.006517958,3.291618367,3.298136324,6.589754691,20.5116608,0.487031791,476
2025-04-13,MX,Fashion_Beauty,1189,-0.356155499,3.3556887,3.711844198,7.067532898,20.21573647,0.440359414,463
2025-04-20,MX,Fashion_Beauty,1585,-0.147910093,3.330811116,3.478721209,6.809532326,20.70431197,0.498977013,494
2025-04-27,MX,Fashion_Beauty,1445,0.140465905,3.386354445,3.24588854,6.632242985,20.6332649,0.45514452,461
2025-05-04,MX,Fashion_Beauty,1702,-0.015622495,3.177987081,3.193609577,6.371596658,20.30380414,0.469570615,462
2025-05-11,MX,Fashion_Beauty,1546,0.134838728,3.475070507,3.340231778,6.815302285,20.60310709,0.448235928,518
2025-05-18,MX,Fashion_Beauty,1850,0.177189423,3.319726725,3.142537302,6.462264027,20.4127374,0.417973346,552
2025-05-25,MX,Fashion_Beauty,1859,-0.078573641,3.159403544,3.237977185,6.39738073,20.42835942,0.427887133,524
2025-06-01,MX,Fashion_Beauty,1814,-0.178984342,3.210485429,3.389469771,6.5999552,20.31329342,0.432025102,481
2025-06-08,MX,Fashion_Beauty,1391,0.008377911,3.319710478,3.311332568,6.631043046,19.96177461,0.477239161,397
2025-06-29,MX,Fashion_Beauty,888,-0.02867742,3.412558397,3.441235818,6.853794215,20.42222774,0.475804432,371
2025-07-06,MX,Fashion_Beauty,1438,-0.497259755,3.1636606,3.660920354,6.824580954,20.50875577,0.433589319,468
2025-07-13,MX,Fashion_Beauty,1475,0.030794761,3.438796719,3.408001958,6.846798677,20.50675445,0.469132369,556
2025-07-20,MX,Fashion_Beauty,1539,-0.203240195,3.221010935,3.424251131,6.645262066,20.41216089,0.593143715,448
2025-07-27,MX,Fashion_Beauty,1465,0.004931655,3.214838841,3.209907186,6.424746027,20.22212131,0.441576815,517
2025-08-03,MX,Fashion_Beauty,1421,-0.403023783,3.060587011,3.463610794,6.524197805,20.70782319,0.43735311,486
2025-08-10,MX,Fashion_Beauty,1571,-0.370284371,3.178366002,3.548650374,6.727016376,20.31771385,0.457724725,545
2025-08-17,MX,Fashion_Beauty,1602,-0.685162578,2.960981129,3.646143706,6.607124835,19.94845093,0.387862715,478
2025-08-24,MX,Fashion_Beauty,1560,-0.083748866,3.218836606,3.302585472,6.521422078,20.31560824,0.412639203,513
2025-08-31,MX,Fashion_Beauty,1871,-0.164817611,3.088465256,3.253282867,6.341748122,20.14467123,0.424181485,525
2025-09-07,MX,Fashion_Beauty,1550,-0.314921623,3.246692925,3.561614547,6.808307472,19.93423073,0.411997181,475
2025-09-14,MX,Fashion_Beauty,2176,-1.263736748,3.30516924,4.568905988,7.874075229,20.66544446,0.65174268,525
2025-09-21,MX,Fashion_Beauty,1656,-0.041359934,3.297638217,3.338998152,6.636636369,20.22432177,0.422546902,504
2025-09-28,MX,Fashion_Beauty,1785,0.000679106,3.260493468,3.259814362,6.52030783,20.23798548,0.420888796,587
2025-10-05,MX,Fashion_Beauty,1790,0.085778792,3.313733671,3.227954879,6.54168855,20.02504412,0.445949509,477
2025-10-12,MX,Fashion_Beauty,1770,-0.158729703,3.26877786,3.427507562,6.696285422,20.02281031,0.423957824,518
2025-10-19,MX,Fashion_Beauty,1965,0.169248558,3.541521822,3.372273264,6.913795086,20.02477079,0.412088082,488
2025-10-26,MX,Fashion_Beauty,2000,-0.307115808,3.25942952,3.566545328,6.825974847,19.78229669,0.476729448,544
2025-11-02,MX,Fashion_Beauty,2108,-0.147164281,3.509103846,3.656268127,7.165371973,20.0598508,0.50397825,719
2025-11-09,MX,Fashion_Beauty,1666,0.073180927,3.478872555,3.405691629,6.884564184,20.06262027,0.410675577,484
2025-11-16,MX,Fashion_Beauty,1664,0.256423989,3.670474972,3.414050983,7.084525955,20.27600839,0.420835158,556
2025-11-23,MX,Fashion_Beauty,1834,-0.357451986,3.262757075,3.620209061,6.882966135,19.71840396,0.41051025,543
2025-11-30,MX,Fashion_Beauty,1776,0.065110641,3.395643147,3.330532506,6.726175653,19.92304978,0.409152525,466
2025-12-07,MX,Fashion_Beauty,1463,-0.063751121,3.298779495,3.362530616,6.66131011,19.74731533,0.42009919,458
2025-12-14,MX,Fashion_Beauty,1437,-0.635834559,3.155753406,3.791587965,6.947341371,20.21928872,0.380027256,516
2025-12-21,MX,Fashion_Beauty,923,0.452962351,3.402010753,2.949048401,6.351059154,20.28646123,0.453091173,352
2025-12-28,MX,Fashion_Beauty,937,-0.352731933,3.1669925,3.519724433,6.686716932,19.92931201,0.390776908,380
2026-01-04,MX,Fashion_Beauty,1181,-0.216350695,3.215059137,3.431409832,6.646468969,19.87227593,0.383280715,422
2026-01-11,MX,Fashion_Beauty,1364,-0.250782667,3.171004845,3.421787511,6.592792356,19.97665579,0.358491154,425
2026-01-18,MX,Fashion_Beauty,1804,-0.299337497,3.0858822,3.385219697,6.471101897,19.81785143,0.373955431,482
2026-01-25,MX,Fashion_Beauty,1786,-0.414766868,3.061102475,3.475869344,6.536971819,19.89556153,0.386867489,475
2026-02-01,MX,Fashion_Beauty,1704,0.085677026,3.326649481,3.240972456,6.567621937,19.931279,0.386235414,458
2026-02-08,MX,Fashion_Beauty,1395,-0.250069408,3.128078219,3.378147627,6.506225846,19.87990216,0.419907673,415
2026-02-15,MX,Fashion_Beauty,1385,-0.295890894,3.069931254,3.365822148,6.435753402,20.1326484,0.437678871,418
2026-02-22,MX,Fashion_Beauty,1462,0.034149681,3.302169179,3.268019498,6.570188678,20.24658564,0.42041845,501
2026-03-01,MX,Fashion_Beauty,1246,-0.090912266,3.244099103,3.33501137,6.579110473,20.49390677,0.444339989,405
2026-03-08,MX,Fashion_Beauty,1431,-0.201693293,3.027835989,3.229529281,6.25736527,20.07507618,0.350823681,478
2026-03-15,MX,Fashion_Beauty,1296,0.146046785,3.300994463,3.154947678,6.455942141,20.0360241,0.409720401,432
2026-03-22,MX,Fashion_Beauty,1347,-0.245292888,3.170796651,3.416089539,6.586886191,20.19589574,0.406933374,418
2026-03-29,MX,Fashion_Beauty,1142,-0.563956694,3.019742551,3.583699245,6.603441796,20.3539929,0.389906339,431
2026-04-05,MX,Fashion_Beauty,1252,-4.93E-05,3.284954511,3.285003821,6.569958332,20.06774359,0.360739256,395
2026-04-12,MX,Fashion_Beauty,1513,-0.301756573,3.047963837,3.34972041,6.397684248,19.9426298,0.379059933,450
2026-04-19,MX,Fashion_Beauty,1681,0.035821574,3.236021745,3.200200171,6.436221915,19.9811572,0.410595445,496
2026-04-26,MX,Fashion_Beauty,1316,0.075895064,3.254770184,3.17887512,6.433645303,20.10176056,0.396790573,418
2026-05-03,MX,Fashion_Beauty,1727,0.140324598,3.437930831,3.297606233,6.735537064,19.97527522,0.429286598,526
2026-05-10,MX,Fashion_Beauty,1696,-0.123675772,3.18386816,3.307543931,6.491412091,19.99002463,0.39799251,539
2026-05-17,MX,Fashion_Beauty,1452,0.239889522,3.347147202,3.10725768,6.454404882,19.97048269,0.404685744,467
2026-05-24,MX,Fashion_Beauty,1622,0.31117857,3.378738416,3.067559846,6.446298262,19.9159377,0.427094259,489
2026-05-31,MX,Fashion_Beauty,1730,0.452302088,3.347656045,2.895353957,6.243010002,19.35879869,0.407624339,443
2026-06-07,MX,Fashion_Beauty,1272,0.223824242,3.222184899,2.998360656,6.220545555,19.83212426,0.372044769,426
2026-06-14,MX,Fashion_Beauty,1391,0.024268038,3.201099049,3.176831011,6.377930059,19.75482515,0.354123159,439
2026-06-21,MX,Fashion_Beauty,1526,0.052985579,3.137965842,3.084980263,6.222946105,19.8910491,0.370991791,407
2026-06-28,MX,Fashion_Beauty,1186,-0.292469341,3.17554088,3.468010221,6.643551101,20.41694268,0.40942812,474
2026-07-05,MX,Fashion_Beauty,1285,0.11624612,3.162898784,3.046652663,6.209551447,19.91753291,0.357082521,481
2026-07-12,MX,Fashion_Beauty,1411,-0.578600796,3.088656379,3.667257175,6.755913553,20.32818255,0.406764761,613
2026-07-19,MX,Fashion_Beauty,1283,-0.049359054,3.230983345,3.280342399,6.511325743,20.28855387,0.336522313,505
2026-07-26,MX,Fashion_Beauty,1323,-0.173711251,3.178852421,3.352563672,6.531416092,20.07284376,0.354827557,411
2026-08-02,MX,Fashion_Beauty,1466,-0.465760707,2.769918617,3.235679324,6.005597941,20.68298077,0.523733059,559
2026-08-09,MX,Fashion_Beauty,1250,-0.001263488,2.958225379,2.959488867,5.917714245,20.46982099,0.356791701,411
2026-08-16,MX,Fashion_Beauty,1068,-0.199225532,2.861728942,3.060954474,5.922683416,20.13344498,0.359273771,384
2026-08-23,MX,Fashion_Beauty,405,0.085600639,2.983158161,2.897557522,5.880715683,20.42178505,0.378752181,205
2023-01-01,MX,Fitness_Wearables,34,1.060796299,3.029330226,1.968533927,4.997864153,19.2228261,0.461461695,31
2023-01-08,MX,Fitness_Wearables,36,-1.622834183,2.781201351,4.404035534,7.185236885,21.22776934,0.352427905,32
2023-01-15,MX,Fitness_Wearables,39,-1.21453728,2.561476971,3.776014251,6.337491222,21.50120868,0.392193774,32
2023-01-22,MX,Fitness_Wearables,44,0.17165825,3.412412325,3.240754075,6.6531664,22.77229786,0.489812086,31
2023-01-29,MX,Fitness_Wearables,29,-1.330464147,2.756007984,4.086472132,6.842480116,21.48669808,0.621507664,26
2023-02-05,MX,Fitness_Wearables,27,-1.508514579,2.33037009,3.838884668,6.169254758,22.23155491,0.322455442,19
2023-02-12,MX,Fitness_Wearables,45,-1.735724824,2.711304952,4.447029776,7.158334728,20.84581702,0.49027672,35
2023-02-19,MX,Fitness_Wearables,47,0.595887838,3.800525366,3.204637528,7.005162894,21.70010804,0.573015816,35
2023-02-26,MX,Fitness_Wearables,30,-0.340798874,3.005887612,3.346686486,6.352574098,21.10045688,0.563009729,26
2023-03-05,MX,Fitness_Wearables,39,-0.197776821,2.761610963,2.959387783,5.720998746,21.87692366,0.486857761,36
2023-03-12,MX,Fitness_Wearables,61,0.317516539,3.793901705,3.476385166,7.270286871,20.74379797,0.56150781,44
2023-03-19,MX,Fitness_Wearables,51,0.114827384,3.385474892,3.270647509,6.656122401,20.65303785,0.523669904,43
2023-03-26,MX,Fitness_Wearables,139,-2.47626613,2.683551534,5.159817663,7.843369197,22.00271887,0.194791534,94
2023-04-02,MX,Fitness_Wearables,148,-2.873411147,2.401338899,5.274750046,7.676088945,21.00890128,0.26623645,83
2023-04-09,MX,Fitness_Wearables,75,-1.179069787,3.148692939,4.327762726,7.476455665,21.71279839,0.359605767,52
2023-04-16,MX,Fitness_Wearables,69,-0.656168287,2.999822134,3.655990421,6.655812555,21.36119857,0.550812637,60
2023-04-23,MX,Fitness_Wearables,111,-1.566839981,2.906902276,4.473742257,7.380644532,21.31613389,0.437952947,62
2023-04-30,MX,Fitness_Wearables,55,-1.653157069,2.741755697,4.394912766,7.136668463,21.83028475,0.491670287,44
2023-05-07,MX,Fitness_Wearables,97,-1.07656959,2.699425036,3.775994626,6.475419662,21.72933013,0.357613082,73
2023-05-14,MX,Fitness_Wearables,164,0.142034553,3.662528722,3.520494169,7.183022892,20.23291275,0.409749459,128
2023-05-21,MX,Fitness_Wearables,78,-1.506864513,2.694206844,4.201071357,6.895278201,20.67616416,0.297566997,64
2023-05-28,MX,Fitness_Wearables,111,-1.50548507,2.868110467,4.373595537,7.241706004,22.32394848,0.325909557,64
2023-06-04,MX,Fitness_Wearables,83,-2.048029721,2.894391532,4.942421254,7.836812786,21.49134105,0.238564414,61
2023-06-11,MX,Fitness_Wearables,71,-3.029234733,2.472072634,5.501307367,7.973380002,22.0869154,0.280963849,50
2023-06-18,MX,Fitness_Wearables,73,-2.482375312,2.792796783,5.275172095,8.067968878,20.73583647,0.425282104,53
2023-06-25,MX,Fitness_Wearables,99,-1.810466108,2.689377532,4.499843639,7.189221171,21.00536482,0.335940846,68
2023-07-02,MX,Fitness_Wearables,114,-0.313379084,3.698172136,4.01155122,7.709723356,22.61008283,0.514236782,64
2023-07-09,MX,Fitness_Wearables,94,-2.527273669,2.662377343,5.189651012,7.852028355,21.59555191,0.398879886,65
2023-07-16,MX,Fitness_Wearables,65,-1.914303169,2.817350966,4.731654135,7.549005102,21.43163337,0.41824575,46
2023-07-23,MX,Fitness_Wearables,53,-1.860316846,2.827987443,4.688304289,7.516291732,22.1568342,0.846387864,49
2023-07-30,MX,Fitness_Wearables,80,-1.698119212,2.974546202,4.672665413,7.647211615,21.14477322,0.370821232,54
2023-08-06,MX,Fitness_Wearables,79,-0.980830728,2.972605997,3.953436725,6.926042721,21.86348858,0.4141222,61
2023-08-13,MX,Fitness_Wearables,75,-0.167983927,3.47318538,3.641169307,7.114354688,19.73553923,0.341357709,60
2023-08-20,MX,Fitness_Wearables,175,1.550217403,3.804097665,2.253880262,6.057977926,21.63613892,0.462504392,107
2023-08-27,MX,Fitness_Wearables,84,-0.430044464,3.111608265,3.54165273,6.653260995,20.47728244,0.296925387,68
2023-09-03,MX,Fitness_Wearables,159,-0.812943993,3.1680721,3.981016093,7.149088193,21.28127618,0.607291328,130
2023-09-10,MX,Fitness_Wearables,116,-0.366561228,3.217561085,3.584122314,6.801683399,19.99784431,0.394646539,83
2023-09-17,MX,Fitness_Wearables,117,-2.030056213,2.895714221,4.925770434,7.821484655,20.88751321,0.359388292,81
2023-09-24,MX,Fitness_Wearables,82,-1.430723202,2.869256033,4.299979235,7.169235268,20.89229069,0.543202039,59
2023-10-01,MX,Fitness_Wearables,123,-0.93798726,2.817376012,3.755363271,6.572739283,20.6601296,0.39402552,99
2023-10-08,MX,Fitness_Wearables,144,-0.691701244,3.030574371,3.722275615,6.752849987,20.09164657,0.330272144,103
2023-10-15,MX,Fitness_Wearables,126,0.255544114,3.405364784,3.14982067,6.555185454,20.88971055,0.311250342,83
2023-10-22,MX,Fitness_Wearables,74,-1.256818015,2.63956032,3.896378335,6.535938654,20.52211056,0.513359963,51
2023-10-29,MX,Fitness_Wearables,81,-3.31308379,2.564754731,5.877838521,8.442593252,21.50083986,0.410545978,53
2023-11-05,MX,Fitness_Wearables,87,-1.371158585,3.010936852,4.382095436,7.393032288,20.66271054,0.281383821,52
2023-11-12,MX,Fitness_Wearables,88,-1.807181846,2.696386883,4.503568729,7.199955612,22.07732704,0.322894234,72
2023-11-19,MX,Fitness_Wearables,81,-2.034004654,2.571092134,4.605096787,7.176188921,20.75457588,0.308853708,53
2023-11-26,MX,Fitness_Wearables,99,-2.05188758,2.495737519,4.547625099,7.043362619,21.13283365,0.700626664,79
2023-12-03,MX,Fitness_Wearables,97,-0.673252815,3.249041905,3.92229472,7.171336625,20.68966843,0.302744542,63
2023-12-10,MX,Fitness_Wearables,70,-1.60322297,3.140735513,4.743958483,7.884693996,21.59400522,0.32583934,42
2023-12-17,MX,Fitness_Wearables,95,0.316894442,3.887607694,3.570713252,7.458320946,19.96887933,0.143523289,73
2023-12-24,MX,Fitness_Wearables,77,-0.548314422,3.306435721,3.854750143,7.161185864,19.58647505,0.230979696,56
2023-12-31,MX,Fitness_Wearables,108,-0.595024482,3.087139223,3.682163705,6.769302928,20.79043345,0.308051415,74
2024-01-07,MX,Fitness_Wearables,79,-2.093991772,3.08025701,5.174248782,8.254505791,21.30609809,0.334590637,48
2024-01-14,MX,Fitness_Wearables,71,-1.920149475,2.604074024,4.524223499,7.128297523,20.30651338,0.492715213,55
2024-01-21,MX,Fitness_Wearables,93,-0.297254098,3.042128722,3.33938282,6.381511542,21.31807316,0.480899691,68
2024-01-28,MX,Fitness_Wearables,85,-0.785267854,2.980459953,3.765727806,6.746187759,20.84653177,0.263487102,60
2024-02-04,MX,Fitness_Wearables,71,-2.137789452,2.667381709,4.805171161,7.472552871,21.23612234,0.333217798,45
2024-02-11,MX,Fitness_Wearables,86,-1.488590249,3.168663915,4.657254164,7.825918079,20.19686996,0.410518353,59
2024-02-18,MX,Fitness_Wearables,123,-1.342031266,3.042028517,4.384059783,7.426088301,21.12187201,0.306336828,76
2024-02-25,MX,Fitness_Wearables,123,-0.268870908,3.596052127,3.864923035,7.460975161,21.37354395,0.518310018,65
2024-03-03,MX,Fitness_Wearables,244,-1.352122721,2.731656801,4.083779522,6.815436323,18.93632929,0.922223477,172
2024-03-10,MX,Fitness_Wearables,126,-1.787766219,2.265102504,4.052868723,6.317971227,21.77491361,0.4685431,75
2024-03-17,MX,Fitness_Wearables,124,-0.492866329,3.278714351,3.77158068,7.050295031,21.65358608,0.543711588,72
2024-03-24,MX,Fitness_Wearables,170,1.237935338,4.61876948,3.380834142,7.999603622,20.78921511,0.390063447,84
2024-03-31,MX,Fitness_Wearables,106,-0.847300835,3.069119024,3.916419859,6.985538883,21.09199033,0.443316266,84
2024-04-07,MX,Fitness_Wearables,109,-1.311960323,3.095019574,4.406979897,7.501999471,21.5795876,0.454230318,81
2024-04-14,MX,Fitness_Wearables,67,-0.971970209,3.020572633,3.992542842,7.013115475,21.21983331,0.488710831,46
2024-04-21,MX,Fitness_Wearables,109,-0.987232399,3.201483501,4.1887159,7.390199401,20.88448799,0.452381146,72
2024-04-28,MX,Fitness_Wearables,96,-0.966672547,3.076176424,4.042848971,7.119025395,20.51000518,0.355817637,70
2024-05-05,MX,Fitness_Wearables,85,-1.360712379,2.751293724,4.112006103,6.863299827,20.61600691,0.502497056,60
2024-05-12,MX,Fitness_Wearables,81,-1.380388299,2.91455913,4.294947428,7.209506558,21.02370473,0.237829348,56
2024-05-19,MX,Fitness_Wearables,117,-1.427439146,2.855458319,4.282897465,7.138355785,20.65154078,0.345071565,72
2024-05-26,MX,Fitness_Wearables,72,-0.615349761,2.844289072,3.459638833,6.303927906,21.76175545,0.488408901,51
2024-06-02,MX,Fitness_Wearables,94,-2.809780989,2.467442704,5.277223693,7.744666397,20.67617682,0.291729998,70
2024-06-09,MX,Fitness_Wearables,108,-0.6811157,3.035084245,3.716199945,6.751284191,19.86227463,0.310389835,82
2024-06-16,MX,Fitness_Wearables,97,-2.190877763,2.562778948,4.753656711,7.316435659,21.27248934,0.357275764,65
2024-06-23,MX,Fitness_Wearables,97,-1.180295165,2.962510076,4.142805241,7.105315318,20.45610487,0.364733555,65
2024-06-30,MX,Fitness_Wearables,73,-1.932279853,2.403065206,4.335345058,6.738410264,20.97898351,0.426472349,52
2024-07-07,MX,Fitness_Wearables,66,-1.80202628,3.014804329,4.816830609,7.831634937,21.61837377,0.332408765,53
2024-07-14,MX,Fitness_Wearables,77,-2.579229324,2.095163718,4.674393042,6.76955676,21.2731161,0.455462981,52
2024-07-21,MX,Fitness_Wearables,60,-0.708514901,3.268962324,3.977477226,7.24643955,21.04697667,0.391108063,46
2024-07-28,MX,Fitness_Wearables,107,-3.063082352,2.505168656,5.568251008,8.073419664,21.19480238,0.298628435,66
2024-08-04,MX,Fitness_Wearables,65,-2.140869015,2.602047472,4.742916487,7.344963959,21.4429724,0.44167079,50
2024-08-11,MX,Fitness_Wearables,66,-2.941604476,2.323003958,5.264608435,7.587612393,21.70579619,0.48934152,42
2024-08-18,MX,Fitness_Wearables,95,-1.489648589,3.075632969,4.565281558,7.640914528,21.49671613,0.490677333,66
2024-08-25,MX,Fitness_Wearables,79,-1.512167504,2.492928494,4.005095998,6.498024492,21.63208621,0.42135614,58
2024-09-01,MX,Fitness_Wearables,184,-3.454331474,2.056073421,5.510404895,7.566478316,21.65894621,0.423378905,127
2024-09-08,MX,Fitness_Wearables,75,-1.503765494,2.957905155,4.461670649,7.419575804,21.54270869,0.373268286,61
2024-09-15,MX,Fitness_Wearables,141,-3.116118068,2.069822461,5.185940529,7.25576299,19.82440859,0.343582389,98
2024-09-22,MX,Fitness_Wearables,166,-3.168082318,1.965790322,5.133872639,7.099662961,19.76916513,0.363635881,89
2024-09-29,MX,Fitness_Wearables,171,-1.676238964,2.82868562,4.504924584,7.333610204,20.4165445,0.487530165,116
2024-10-06,MX,Fitness_Wearables,100,-2.106018816,2.717318075,4.823336891,7.540654965,20.13631738,0.258431403,67
2024-10-13,MX,Fitness_Wearables,105,-2.297780474,3.003629446,5.30140992,8.305039366,19.92584428,0.351857202,64
2024-10-20,MX,Fitness_Wearables,105,-1.61315889,2.987144612,4.600303502,7.587448114,21.58727548,0.34934437,62
2024-10-27,MX,Fitness_Wearables,54,-2.628358135,2.364899361,4.993257496,7.358156857,20.40239811,0.355043998,33
2024-11-03,MX,Fitness_Wearables,63,-3.028342635,2.517448047,5.545790682,8.06323873,20.68655624,0.293555,43
2024-11-10,MX,Fitness_Wearables,61,-2.414894312,2.548486653,4.963380965,7.511867619,20.11337696,0.383464863,39
2024-11-17,MX,Fitness_Wearables,65,-2.184338434,2.679909329,4.864247763,7.544157091,20.22546863,0.337480961,50
2024-11-24,MX,Fitness_Wearables,49,-2.124809108,2.905181906,5.029991014,7.93517292,20.57707213,0.372196281,39
2024-12-01,MX,Fitness_Wearables,77,-1.798223522,2.856614896,4.654838419,7.511453315,20.11291443,0.332164705,56
2024-12-08,MX,Fitness_Wearables,109,-1.408005441,2.934102154,4.342107595,7.276209749,20.62457509,0.368237764,77
2024-12-15,MX,Fitness_Wearables,71,-3.209549946,2.401462161,5.611012106,8.012474267,20.99162121,0.238582915,48
2024-12-22,MX,Fitness_Wearables,55,-1.278645476,3.269623093,4.548268569,7.817891662,20.10499729,0.267854692,44
2024-12-29,MX,Fitness_Wearables,51,-1.787534426,2.850633662,4.638168088,7.488801749,20.87574416,0.339562588,40
2025-01-05,MX,Fitness_Wearables,75,-1.756346869,2.490821622,4.247168491,6.737990114,20.46560053,0.299359528,61
2025-01-12,MX,Fitness_Wearables,47,-0.647190647,3.799675037,4.446865684,8.24654072,20.73818926,0.328934607,41
2025-01-19,MX,Fitness_Wearables,66,-1.853730608,2.868369892,4.7221005,7.590470392,21.16766166,0.38017342,52
2025-01-26,MX,Fitness_Wearables,41,-1.597814696,2.916806462,4.514621159,7.431427621,19.74496275,0.229831953,31
2025-02-02,MX,Fitness_Wearables,47,-3.872712845,2.410621656,6.2833345,8.693956156,20.59721747,0.24746235,34
2025-02-09,MX,Fitness_Wearables,54,-0.751022241,2.978278138,3.729300379,6.707578518,21.41514541,0.418166423,40
2025-02-16,MX,Fitness_Wearables,130,-0.847456481,3.159283137,4.006739618,7.166022755,21.41541091,0.353778653,81
2025-02-23,MX,Fitness_Wearables,97,-0.364537313,3.40285651,3.767393823,7.170250332,19.73437404,0.299723784,67
2025-03-02,MX,Fitness_Wearables,79,-0.643717724,3.300427252,3.944144976,7.244572228,21.2709839,0.39489667,56
2025-03-09,MX,Fitness_Wearables,83,-3.399189109,2.12465441,5.523843519,7.648497929,20.10276302,0.228457396,67
2025-03-16,MX,Fitness_Wearables,58,-0.303294937,3.810270641,4.113565579,7.92383622,21.27190844,0.211216953,47
2025-03-23,MX,Fitness_Wearables,73,-2.426726432,2.536196993,4.962923425,7.499120418,21.35664112,0.382215678,48
2025-03-30,MX,Fitness_Wearables,36,-1.43848516,3.432032891,4.870518051,8.302550943,21.22979851,0.381954256,30
2025-04-06,MX,Fitness_Wearables,62,-1.480811077,3.284610866,4.765421944,8.05003281,20.59529228,0.543632949,48
2025-04-13,MX,Fitness_Wearables,53,-1.222373029,3.212213963,4.434586992,7.646800955,21.49248273,0.254590303,41
2025-04-20,MX,Fitness_Wearables,74,-2.845242517,2.604711629,5.449954146,8.054665776,21.83434412,0.40189821,59
2025-04-27,MX,Fitness_Wearables,53,-1.614730406,2.524075152,4.138805558,6.66288071,21.43313866,0.371557565,35
2025-05-04,MX,Fitness_Wearables,55,-3.255681466,2.392075493,5.647756959,8.039832452,21.08438652,0.443262608,42
2025-05-11,MX,Fitness_Wearables,67,-2.554888369,2.823978044,5.378866414,8.202844458,21.89120071,0.231236637,51
2025-05-18,MX,Fitness_Wearables,87,-1.215681776,3.504880518,4.720562294,8.225442812,20.73277153,0.223829554,67
2025-05-25,MX,Fitness_Wearables,62,-0.881398198,3.159802095,4.041200293,7.201002388,21.84098678,0.352981421,47
2025-06-01,MX,Fitness_Wearables,76,-1.116433532,3.407317467,4.523750999,7.931068466,20.67822359,0.417937607,51
2025-06-08,MX,Fitness_Wearables,83,-0.989759072,3.503253749,4.49301282,7.996266569,20.87107807,0.343616609,51
2025-06-29,MX,Fitness_Wearables,31,-2.045458767,2.939823662,4.985282428,7.92510609,21.13331874,0.519760985,26
2025-07-06,MX,Fitness_Wearables,86,-1.352035571,3.086729047,4.438764618,7.525493665,21.79703439,0.37961186,55
2025-07-13,MX,Fitness_Wearables,47,-1.10768145,3.088296229,4.19597768,7.284273909,22.30584721,0.517910247,40
2025-07-20,MX,Fitness_Wearables,90,-1.308126209,2.712211685,4.020337894,6.732549579,22.00087767,0.390182923,43
2025-07-27,MX,Fitness_Wearables,67,-2.260774516,2.790606212,5.051380727,7.841986939,20.51648468,0.306600647,49
2025-08-03,MX,Fitness_Wearables,36,-1.288168569,3.428324728,4.716493298,8.144818026,20.57245463,0.311392896,25
2025-08-10,MX,Fitness_Wearables,48,-2.767462992,2.379249995,5.146712986,7.525962981,20.83647872,0.236116031,36
2025-08-17,MX,Fitness_Wearables,40,-3.310681588,2.558653285,5.869334873,8.427988158,21.12010062,0.347984236,29
2025-08-24,MX,Fitness_Wearables,56,-2.748020106,2.619838392,5.367858498,7.987696889,21.57136389,0.20571167,43
2025-08-31,MX,Fitness_Wearables,98,-1.698196069,2.870493093,4.568689162,7.439182255,20.20125854,0.360105936,63
2025-09-07,MX,Fitness_Wearables,83,-0.549926407,3.251197443,3.80112385,7.052321294,21.47159979,0.355927817,56
2025-09-14,MX,Fitness_Wearables,136,-4.481612857,2.052963907,6.534576764,8.58754067,19.82500093,0.155194512,66
2025-09-21,MX,Fitness_Wearables,80,-3.474236929,2.482443764,5.956680693,8.439124457,20.89591533,0.236272419,50
2025-09-28,MX,Fitness_Wearables,74,-2.067735367,3.147534701,5.215270067,8.362804768,21.11206909,0.324440969,60
2025-10-05,MX,Fitness_Wearables,57,-3.464279671,2.403955795,5.868235466,8.272191261,20.54453295,0.251432788,38
2025-10-12,MX,Fitness_Wearables,49,-0.255210896,3.516034513,3.771245409,7.287279922,21.64052108,0.349921234,43
2025-10-19,MX,Fitness_Wearables,69,-1.096452187,3.297080209,4.393532396,7.690612605,21.263255,0.616648675,53
2025-10-26,MX,Fitness_Wearables,67,-1.130706837,3.124059403,4.25476624,7.378825643,20.72257925,0.326392453,53
2025-11-02,MX,Fitness_Wearables,58,-2.454797703,3.058523002,5.513320705,8.571843707,20.66373748,0.418524026,44
2025-11-09,MX,Fitness_Wearables,48,-1.485749672,3.190041666,4.675791338,7.865833004,21.03879759,0.165489699,36
2025-11-16,MX,Fitness_Wearables,71,-1.145445894,3.151368096,4.29681399,7.448182086,20.54588745,0.416719972,49
2025-11-23,MX,Fitness_Wearables,50,-1.087231443,3.394388306,4.481619749,7.876008056,20.27144227,0.243393301,40
2025-11-30,MX,Fitness_Wearables,62,0.611972661,3.443801368,2.831828707,6.275630075,21.88195866,0.431002707,54
2025-12-07,MX,Fitness_Wearables,72,-1.751874208,2.903071242,4.65494545,7.558016692,20.2238403,0.221507588,53
2025-12-14,MX,Fitness_Wearables,51,0.831712954,3.880557021,3.048844067,6.929401088,19.66094294,0.710407061,46
2025-12-21,MX,Fitness_Wearables,33,-2.121941875,2.840278338,4.962220213,7.802498552,20.30329069,0.159100436,27
2025-12-28,MX,Fitness_Wearables,39,-0.605026128,3.292588186,3.897614313,7.190202499,20.21883975,0.252715949,31
2026-01-04,MX,Fitness_Wearables,35,-2.952237787,2.545589589,5.497827376,8.043416965,21.21814319,0.30978006,28
2026-01-11,MX,Fitness_Wearables,81,-2.680740682,2.22492104,4.905661722,7.130582762,21.22741441,0.205772191,59
2026-01-18,MX,Fitness_Wearables,53,-1.488790849,2.912298746,4.401089595,7.313388341,22.1574861,0.54232796,43
2026-01-25,MX,Fitness_Wearables,55,-3.10355342,2.623072216,5.726625636,8.349697853,20.53746553,0.269754135,43
2026-02-01,MX,Fitness_Wearables,78,0.181607734,3.771869559,3.590261825,7.362131384,20.34056197,0.356487153,60
2026-02-08,MX,Fitness_Wearables,59,-1.080711323,3.409808361,4.490519684,7.900328045,19.95709175,0.306017532,47
2026-02-15,MX,Fitness_Wearables,59,-2.477507426,2.419514896,4.897022322,7.316537217,21.04160346,0.310116747,43
2026-02-22,MX,Fitness_Wearables,42,0.195452131,3.305769323,3.110317192,6.416086515,20.26473539,0.321053652,33
2026-03-01,MX,Fitness_Wearables,75,-2.288167712,2.361162695,4.649330406,7.010493101,19.20019643,0.304598118,47
2026-03-08,MX,Fitness_Wearables,106,-2.154105116,2.406659576,4.560764692,6.967424268,19.9970076,0.237643266,56
2026-03-15,MX,Fitness_Wearables,59,-2.317886535,2.5717034,4.889589935,7.461293336,19.99130878,0.230372465,42
2026-03-22,MX,Fitness_Wearables,63,-2.525828621,2.471815799,4.99764442,7.46946022,20.5641586,0.291440522,51
2026-03-29,MX,Fitness_Wearables,51,-2.815718259,2.765981339,5.581699598,8.347680937,21.64184289,0.311250883,38
2026-04-05,MX,Fitness_Wearables,75,-3.682749858,2.195368797,5.878118655,8.073487452,20.05413919,0.189229249,55
2026-04-12,MX,Fitness_Wearables,94,-3.439901207,2.547261659,5.987162867,8.534424526,20.78590488,0.237223605,65
2026-04-19,MX,Fitness_Wearables,69,0.082251923,3.956608229,3.874356306,7.830964535,20.23535769,0.279886364,55
2026-04-26,MX,Fitness_Wearables,201,-1.804255077,2.676439669,4.480694746,7.157134415,23.28811431,1.12666753,182
2026-05-03,MX,Fitness_Wearables,58,-1.620564937,2.512463095,4.133028032,6.645491127,20.58576781,0.292312006,39
2026-05-10,MX,Fitness_Wearables,96,-1.964466762,2.644148191,4.608614953,7.252763145,21.25753384,0.293045947,69
2026-05-17,MX,Fitness_Wearables,76,-1.777182692,2.717158981,4.494341673,7.211500655,20.50806482,0.181211518,52
2026-05-24,MX,Fitness_Wearables,66,-2.869387271,2.396865677,5.266252948,7.663118625,21.07897073,0.227494225,42
2026-05-31,MX,Fitness_Wearables,40,-1.780678645,3.125654993,4.906333637,8.03198863,21.27597468,0.274098183,29
2026-06-07,MX,Fitness_Wearables,59,-2.191084012,2.898323033,5.089407045,7.987730078,20.39935836,0.438751971,43
2026-06-14,MX,Fitness_Wearables,55,-2.047927232,2.550990415,4.598917647,7.149908062,20.96209603,0.120892761,46
2026-06-21,MX,Fitness_Wearables,64,-0.749301059,3.151659216,3.900960275,7.052619492,21.10340105,0.253649231,52
2026-06-28,MX,Fitness_Wearables,50,-1.939623682,3.025866432,4.965490114,7.991356546,22.18873473,0.241755343,39
2026-07-05,MX,Fitness_Wearables,68,-1.325434719,3.717875829,5.043310547,8.761186376,21.34375411,0.216409514,45
2026-07-12,MX,Fitness_Wearables,49,-0.872995724,3.565333431,4.438329156,8.003662587,21.90521316,0.412290518,33
2026-07-19,MX,Fitness_Wearables,52,-2.10862045,2.983642532,5.092262982,8.075905513,20.52128623,0.191133354,40
2026-07-26,MX,Fitness_Wearables,59,-1.537464297,2.47772858,4.015192877,6.492921458,22.38733233,0.230076843,44
2026-08-02,MX,Fitness_Wearables,49,-1.948943656,2.695549161,4.644492817,7.340041978,20.60809468,0.212965838,37
2026-08-09,MX,Fitness_Wearables,69,-0.893808095,3.548939025,4.44274712,7.991686145,20.42351387,0.167303143,57
2026-08-16,MX,Fitness_Wearables,55,-2.739695616,2.535392061,5.275087677,7.810479737,21.26904318,0.207967314,39
2026-08-23,MX,Fitness_Wearables,19,-2.159398827,3.080682563,5.240081389,8.320763952,21.95550919,0.15457015,13
2023-01-01,MX,Nutrition_Diets,3869,-3.149335843,2.196221726,5.345557569,7.541779296,20.5068064,0.567347292,1101
2023-01-08,MX,Nutrition_Diets,3884,-2.252435358,2.523029343,4.775464701,7.298494044,20.72789364,0.475718396,913
2023-01-15,MX,Nutrition_Diets,3965,-1.918457135,2.585756954,4.504214089,7.089971043,20.7237034,0.459637607,739
2023-01-22,MX,Nutrition_Diets,4111,-1.919073844,2.584597408,4.503671252,7.08826866,20.74345628,0.473762111,787
2023-01-29,MX,Nutrition_Diets,3861,-1.713659988,2.605772972,4.31943296,6.925205932,20.79039488,0.476505385,729
2023-02-05,MX,Nutrition_Diets,3991,-1.902526512,2.595305624,4.497832136,7.093137759,20.71302624,0.488820487,800
2023-02-12,MX,Nutrition_Diets,4065,-1.517967169,2.725710785,4.243677955,6.96938874,20.75605595,0.512447374,785
2023-02-19,MX,Nutrition_Diets,4287,-1.685481435,2.665665838,4.351147272,7.01681311,20.78043448,0.481654599,859
2023-02-26,MX,Nutrition_Diets,4096,-1.529916511,2.732584459,4.262500971,6.99508543,20.81430724,0.559173963,805
2023-03-05,MX,Nutrition_Diets,4142,-1.932760875,2.601406789,4.534167664,7.135574453,20.94487352,0.592675738,816
2023-03-12,MX,Nutrition_Diets,4222,-2.055494055,2.613305925,4.66879998,7.282105906,21.13759886,0.516793372,916
2023-03-19,MX,Nutrition_Diets,4670,-1.734257335,2.809324542,4.543581877,7.352906419,21.01109323,0.560005286,1076
2023-03-26,MX,Nutrition_Diets,8149,-1.903185505,2.684994921,4.588180427,7.273175348,21.31307353,0.46678271,1564
2023-04-02,MX,Nutrition_Diets,7066,-1.918853499,2.649839751,4.568693251,7.218533002,20.9656135,0.436204931,1220
2023-04-09,MX,Nutrition_Diets,8169,-2.20245592,2.623684047,4.826139967,7.449824014,20.83964556,0.427155424,1258
2023-04-16,MX,Nutrition_Diets,7899,-2.021022362,2.619624692,4.640647054,7.260271746,21.165345,0.434624517,1508
2023-04-23,MX,Nutrition_Diets,8878,-1.673298848,2.804417126,4.477715974,7.2821331,21.11428825,0.410604365,1602
2023-04-30,MX,Nutrition_Diets,7987,-1.869916656,2.704243169,4.574159825,7.278402994,21.01816292,0.431137254,1386
2023-05-07,MX,Nutrition_Diets,9286,-2.079377045,2.694495954,4.773873,7.468368954,21.31481369,0.466519793,1728
2023-05-14,MX,Nutrition_Diets,8403,-1.743020631,2.80228264,4.545303272,7.347585912,21.42537525,0.445954031,1410
2023-05-21,MX,Nutrition_Diets,7590,-1.718384682,2.716489736,4.434874417,7.151364153,21.21368544,0.429926759,1254
2023-05-28,MX,Nutrition_Diets,7620,-1.84080833,2.738777195,4.579585525,7.31836272,21.12765384,0.434301792,1328
2023-06-04,MX,Nutrition_Diets,7137,-1.60459372,2.813068399,4.417662119,7.230730517,21.24785857,0.451974038,1305
2023-06-11,MX,Nutrition_Diets,6901,-1.456221784,2.770899169,4.227120953,6.998020121,21.38593685,0.424974264,1137
2023-06-18,MX,Nutrition_Diets,6833,-1.510406871,2.843035272,4.353442143,7.196477415,21.16885056,0.438345377,1116
2023-06-25,MX,Nutrition_Diets,7363,-1.841658329,2.749704624,4.591362953,7.341067577,21.11984882,0.4057868,1276
2023-07-02,MX,Nutrition_Diets,7367,-1.674049324,2.822811855,4.496861179,7.319673034,20.9965533,0.427971663,1309
2023-07-09,MX,Nutrition_Diets,7011,-2.051603735,2.668919559,4.720523294,7.389442853,21.29266399,0.422111999,1432
2023-07-16,MX,Nutrition_Diets,7456,-1.623207135,2.879698197,4.502905332,7.382603529,21.42393267,0.458014855,1478
2023-07-23,MX,Nutrition_Diets,6902,-1.939247858,2.692051562,4.63129942,7.323350982,20.89937472,0.395782733,1300
2023-07-30,MX,Nutrition_Diets,7185,-1.526252444,2.914595876,4.44084832,7.355444195,21.06679738,0.437625428,1130
2023-08-06,MX,Nutrition_Diets,7292,-1.998182257,2.659771543,4.6579538,7.317725343,20.9846732,0.445569078,1328
2023-08-13,MX,Nutrition_Diets,7248,-1.976779882,2.736444935,4.713224818,7.449669753,21.10961594,0.438280751,1388
2023-08-20,MX,Nutrition_Diets,6514,-1.480843777,2.840922388,4.321766165,7.162688553,21.15910677,0.422451793,1195
2023-08-27,MX,Nutrition_Diets,7101,-1.833888382,2.703455251,4.537343632,7.240798883,21.01208184,0.438333739,1466
2023-09-03,MX,Nutrition_Diets,6887,-1.580877496,2.839584861,4.420462357,7.260047217,21.09789672,0.422699734,1394
2023-09-10,MX,Nutrition_Diets,7071,-1.909726938,2.756497873,4.666224811,7.422722685,20.93589525,0.494498488,1474
2023-09-17,MX,Nutrition_Diets,7110,-1.834097768,2.787679607,4.621777375,7.409456983,20.91815825,0.47583382,1206
2023-09-24,MX,Nutrition_Diets,7800,-2.021835674,2.670001727,4.691837401,7.361839128,20.8894434,0.426054734,1338
2023-10-01,MX,Nutrition_Diets,7397,-2.002299985,2.778261853,4.780561838,7.558823691,20.94158421,0.44977458,1330
2023-10-08,MX,Nutrition_Diets,6890,-1.406510047,2.94782142,4.354331468,7.302152888,20.99214165,0.434638787,1215
2023-10-15,MX,Nutrition_Diets,7064,-1.411127586,2.933815705,4.344943291,7.278758996,20.89418617,0.458377653,1210
2023-10-22,MX,Nutrition_Diets,7134,-1.816602745,2.81707603,4.633678775,7.450754804,21.14501192,0.438241111,1436
2023-10-29,MX,Nutrition_Diets,6693,-1.586505115,2.924698204,4.511203318,7.435901522,21.21547653,0.453875922,1224
2023-11-05,MX,Nutrition_Diets,6498,-1.615063965,2.774909562,4.389973526,7.164883088,21.07684944,0.431677253,1149
2023-11-12,MX,Nutrition_Diets,6574,-1.467883718,2.88531036,4.353194078,7.238504438,20.84735312,0.461259568,1233
2023-11-19,MX,Nutrition_Diets,6841,-1.294473342,2.932520772,4.226994114,7.159514886,20.96964876,0.430444695,1205
2023-11-26,MX,Nutrition_Diets,7077,-1.773489218,2.817398995,4.590888213,7.408287207,20.75046624,0.445896395,1265
2023-12-03,MX,Nutrition_Diets,7425,-1.517016737,2.871509455,4.388526191,7.260035646,20.69565656,0.419925253,1103
2023-12-10,MX,Nutrition_Diets,7020,-1.571047301,2.861415293,4.432462595,7.293877888,20.87905734,0.430815451,1097
2023-12-17,MX,Nutrition_Diets,6937,-1.720245785,2.856310614,4.576556399,7.432867013,20.90828569,0.462064179,1189
2023-12-24,MX,Nutrition_Diets,5613,-1.59206297,2.91184584,4.50390881,7.41575465,20.8524192,0.406932187,940
2023-12-31,MX,Nutrition_Diets,5507,-1.585181209,2.84371422,4.428895429,7.272609649,21.03674564,0.449390375,918
2024-01-07,MX,Nutrition_Diets,8045,-2.179919421,2.778956947,4.958876368,7.737833315,20.89903022,0.414744091,1736
2024-01-14,MX,Nutrition_Diets,7008,-1.990603894,2.739173183,4.729777077,7.46895026,20.76910709,0.415317386,1225
2024-01-21,MX,Nutrition_Diets,7086,-1.789073863,2.839145326,4.628219189,7.467364516,21.04962388,0.44037731,1271
2024-01-28,MX,Nutrition_Diets,7010,-1.588474185,2.842117759,4.430591945,7.272709704,20.97782236,0.435023677,1188
2024-02-04,MX,Nutrition_Diets,7241,-1.678031312,2.896263595,4.574294907,7.470558502,21.23357007,0.39758972,1300
2024-02-11,MX,Nutrition_Diets,6623,-1.495667637,2.942311854,4.437979491,7.380291344,20.92919795,0.418498755,952
2024-02-18,MX,Nutrition_Diets,7329,-1.877576793,2.738807306,4.616384099,7.355191405,20.91200839,0.435201392,1234
2024-02-25,MX,Nutrition_Diets,7145,-1.440451418,2.881007612,4.32145903,7.202466642,21.11109884,0.435128486,1129
2024-03-03,MX,Nutrition_Diets,7186,-1.851266525,2.725864795,4.57713132,7.302996116,21.07329776,0.456440778,1116
2024-03-10,MX,Nutrition_Diets,7454,-1.955284775,2.815160543,4.770445318,7.585605861,21.31575483,0.434671165,1187
2024-03-17,MX,Nutrition_Diets,6828,-1.743318809,2.839067082,4.582385891,7.421452973,21.20330229,0.453530503,1015
2024-03-24,MX,Nutrition_Diets,6264,-1.924518211,2.793870751,4.718388963,7.512259714,21.50538959,0.437156016,1104
2024-03-31,MX,Nutrition_Diets,6709,-1.980830208,2.79788925,4.778719458,7.576608708,21.17844565,0.431796912,1107
2024-04-07,MX,Nutrition_Diets,7882,-1.845483315,2.914337946,4.759821261,7.674159207,21.17649866,0.434958313,1251
2024-04-14,MX,Nutrition_Diets,6898,-1.64754069,2.884538581,4.532079271,7.416617852,21.25461453,0.450041504,1101
2024-04-21,MX,Nutrition_Diets,7076,-1.6507284,2.931049456,4.581777856,7.512827311,21.176385,0.469371116,1052
2024-04-28,MX,Nutrition_Diets,7236,-1.640814696,2.903335528,4.544150224,7.447485751,21.16554817,0.419827944,1195
2024-05-05,MX,Nutrition_Diets,7077,-1.49445137,2.940310176,4.434761546,7.375071722,21.20000598,0.439825815,1121
2024-05-12,MX,Nutrition_Diets,7526,-1.960767591,2.755545473,4.716313063,7.471858536,21.1926574,0.439659398,1213
2024-05-19,MX,Nutrition_Diets,7908,-2.089690342,2.733098623,4.822788965,7.555887588,21.31871505,0.450734611,1508
2024-05-26,MX,Nutrition_Diets,7416,-1.927500813,2.74842431,4.675925124,7.424349434,21.22060727,0.492066985,1508
2024-06-02,MX,Nutrition_Diets,9056,-2.414801307,2.68827928,5.103080587,7.791359867,20.53437834,0.460159071,2260
2024-06-09,MX,Nutrition_Diets,6578,-1.92984518,2.788824661,4.718669841,7.507494503,21.32380935,0.395435878,1202
2024-06-16,MX,Nutrition_Diets,6209,-1.620961384,2.833989287,4.454950671,7.288939958,21.28334393,0.400985904,1124
2024-06-23,MX,Nutrition_Diets,6420,-1.469021004,2.911559358,4.380580362,7.292139721,20.94908623,0.408586883,1024
2024-06-30,MX,Nutrition_Diets,6405,-1.727183355,2.823983816,4.551167171,7.375150987,20.99348047,0.379589588,1180
2024-07-07,MX,Nutrition_Diets,5922,-1.642176423,2.915122598,4.557299021,7.472421619,21.14350657,0.396427481,1010
2024-07-14,MX,Nutrition_Diets,6132,-1.655347208,2.906123276,4.561470484,7.46759376,20.77634417,0.396670338,1085
2024-07-21,MX,Nutrition_Diets,7158,-1.977909476,2.688561073,4.666470549,7.355031622,20.61013686,0.490975127,1322
2024-07-28,MX,Nutrition_Diets,5755,-2.108584588,2.583110942,4.691695529,7.274806471,20.77386326,0.396054003,1156
2024-08-04,MX,Nutrition_Diets,5494,-1.859512421,2.837956066,4.697468487,7.535424553,20.96316923,0.410125109,971
2024-08-11,MX,Nutrition_Diets,6414,-1.75909049,2.854496104,4.613586594,7.468082698,20.83501367,0.417346374,1116
2024-08-18,MX,Nutrition_Diets,5986,-1.772246228,2.846769462,4.619015689,7.465785151,20.93011063,0.416087633,1067
2024-08-25,MX,Nutrition_Diets,5998,-1.559308508,2.883853878,4.443162387,7.327016265,20.93392576,0.441085409,1133
2024-09-01,MX,Nutrition_Diets,6160,-1.618276046,2.945877683,4.564153729,7.510031412,20.89247059,0.412300083,1163
2024-09-08,MX,Nutrition_Diets,6132,-1.945535562,2.902334569,4.847870131,7.750204701,21.10272989,0.414746625,1173
2024-09-15,MX,Nutrition_Diets,6074,-1.977252181,2.826224084,4.803476266,7.62970035,20.9720293,0.41909921,993
2024-09-22,MX,Nutrition_Diets,6400,-1.506990935,2.953280932,4.460271867,7.4135528,20.60606854,0.438656511,1085
2024-09-29,MX,Nutrition_Diets,6922,-1.279725814,3.1596801,4.439405914,7.599086013,20.90746126,0.449828439,1245
2024-10-06,MX,Nutrition_Diets,6394,-1.747369709,2.961676584,4.709046293,7.670722877,20.90819299,0.40378312,1204
2024-10-13,MX,Nutrition_Diets,7470,-2.191447692,2.748242656,4.939690348,7.687933004,21.02060458,0.415485293,1212
2024-10-20,MX,Nutrition_Diets,7470,-1.95740874,2.867362569,4.824771308,7.692133877,20.97993216,0.421934013,1344
2024-10-27,MX,Nutrition_Diets,6573,-1.366985155,3.069148866,4.436134022,7.505282888,21.16381046,0.44936583,1165
2024-11-03,MX,Nutrition_Diets,6824,-1.683429412,2.928637049,4.61206646,7.540703509,20.98201941,0.404147738,1098
2024-11-10,MX,Nutrition_Diets,7308,-1.951960452,2.869244787,4.821205239,7.690450026,21.02904019,0.387552335,1280
2024-11-17,MX,Nutrition_Diets,6676,-1.96463937,3.033790586,4.998429956,8.032220542,20.8030383,0.408997456,1124
2024-11-24,MX,Nutrition_Diets,7158,-1.727294325,3.037433906,4.764728231,7.802162138,20.87985813,0.472524631,1175
2024-12-01,MX,Nutrition_Diets,7783,-1.692796471,3.053767179,4.74656365,7.800330829,20.4790173,0.423806228,1129
2024-12-08,MX,Nutrition_Diets,7220,-1.597065853,3.020758185,4.617824038,7.638582224,20.65054347,0.412571366,1134
2024-12-15,MX,Nutrition_Diets,6397,-1.679027317,2.955987956,4.635015274,7.59100323,20.71078854,0.403866101,1207
2024-12-22,MX,Nutrition_Diets,5013,-1.75589371,3.056070106,4.811963817,7.868033923,20.67236192,0.42293997,919
2024-12-29,MX,Nutrition_Diets,5208,-1.72315123,2.882494447,4.605645677,7.488140123,20.79237724,0.390026359,1010
2025-01-05,MX,Nutrition_Diets,6438,-1.477423171,2.964776893,4.442200064,7.406976958,20.82093578,0.431300001,1073
2025-01-12,MX,Nutrition_Diets,6664,-1.767651086,2.901433498,4.669084584,7.570518082,20.9813745,0.44588915,1184
2025-01-19,MX,Nutrition_Diets,6939,-1.697605794,2.893109959,4.590715753,7.483825711,20.79901468,0.442830457,1456
2025-01-26,MX,Nutrition_Diets,6227,-1.887545074,2.846691063,4.734236138,7.580927201,20.81034781,0.435565258,1000
2025-02-02,MX,Nutrition_Diets,6769,-1.870272358,2.794426793,4.664699151,7.459125944,20.99655443,0.5195578,1464
2025-02-09,MX,Nutrition_Diets,6483,-1.738558985,2.893153444,4.631712429,7.524865873,20.79790463,0.427357574,1029
2025-02-16,MX,Nutrition_Diets,7514,-1.676815754,2.839642167,4.516457921,7.356100089,20.61722774,0.418250135,1004
2025-02-23,MX,Nutrition_Diets,7516,-1.754573066,2.844284792,4.598857858,7.443142651,20.6586918,0.453934037,1258
2025-03-02,MX,Nutrition_Diets,7130,-1.549623615,2.989735219,4.539358834,7.529094052,20.97491302,0.444720327,1256
2025-03-09,MX,Nutrition_Diets,7040,-1.723503451,2.932242304,4.655745755,7.587988059,20.9610214,0.437254165,1127
2025-03-16,MX,Nutrition_Diets,6781,-1.911578367,2.883175034,4.794753401,7.677928435,20.95239881,0.416571514,1058
2025-03-23,MX,Nutrition_Diets,6339,-1.696902542,2.987906092,4.684808635,7.672714727,20.86873529,0.405292774,1046
2025-03-30,MX,Nutrition_Diets,6483,-1.546625549,2.960961449,4.507586998,7.468548447,20.72911454,0.383718004,1037
2025-04-06,MX,Nutrition_Diets,6791,-1.771029806,3.029774119,4.800803925,7.830578043,20.91666389,0.426864361,1078
2025-04-13,MX,Nutrition_Diets,6212,-1.763184313,2.999434571,4.762618884,7.762053455,21.01508855,0.416771536,1213
2025-04-20,MX,Nutrition_Diets,5543,-1.5966091,3.014264389,4.610873489,7.625137878,21.03724975,0.394028736,950
2025-04-27,MX,Nutrition_Diets,6288,-1.623170562,2.973844353,4.597014915,7.570859268,20.8660728,0.451727567,1049
2025-05-04,MX,Nutrition_Diets,6345,-1.810210046,2.947525571,4.757735617,7.705261188,21.1290235,0.453039718,955
2025-05-11,MX,Nutrition_Diets,7925,-1.945590815,2.838529707,4.784120521,7.622650228,20.72263717,0.349690098,1139
2025-05-18,MX,Nutrition_Diets,7947,-1.980154123,2.920497168,4.900651291,7.821148459,20.86097162,0.346112721,1159
2025-05-25,MX,Nutrition_Diets,6938,-1.705866453,2.974444377,4.680310829,7.654755206,21.1069888,0.358888379,1022
2025-06-01,MX,Nutrition_Diets,6571,-1.76389667,3.002367806,4.766264475,7.768632281,21.09697635,0.43447539,1187
2025-06-08,MX,Nutrition_Diets,6258,-1.41906443,3.106033453,4.525097883,7.631131337,20.90876903,0.37250585,1036
2025-06-29,MX,Nutrition_Diets,4404,-1.669698297,2.904642679,4.574340976,7.478983656,20.87373448,0.392379426,816
2025-07-06,MX,Nutrition_Diets,7132,-1.893311824,2.905923371,4.799235195,7.705158567,20.85261515,0.430268103,1085
2025-07-13,MX,Nutrition_Diets,6589,-1.738325461,2.947092218,4.685417679,7.632509897,20.7558487,0.399859594,925
2025-07-20,MX,Nutrition_Diets,6302,-1.759488323,2.985872211,4.745360534,7.731232745,20.72022673,0.378627619,1023
2025-07-27,MX,Nutrition_Diets,6312,-1.408514613,3.114643722,4.523158335,7.637802057,20.92792495,0.388585814,1101
2025-08-03,MX,Nutrition_Diets,7046,-1.942596388,2.964283336,4.906879724,7.87116306,20.75067541,0.383002243,1097
2025-08-10,MX,Nutrition_Diets,7062,-1.747090074,2.990590698,4.737680771,7.728271469,20.60064449,0.362909727,993
2025-08-17,MX,Nutrition_Diets,7191,-1.896620685,2.980270276,4.876890961,7.857161237,20.75273203,0.36148811,1108
2025-08-24,MX,Nutrition_Diets,7000,-1.924101429,2.986612685,4.910714114,7.8973268,20.84556082,0.37395047,1125
2025-08-31,MX,Nutrition_Diets,6388,-1.347693606,3.146737405,4.494431011,7.641168415,20.84022396,0.384961469,944
2025-09-07,MX,Nutrition_Diets,6953,-1.848970351,3.006819938,4.855790289,7.862610227,20.55026023,0.344979079,1075
2025-09-14,MX,Nutrition_Diets,6132,-1.707078873,3.093838588,4.800917462,7.89475605,20.6033359,0.355219301,948
2025-09-21,MX,Nutrition_Diets,7600,-1.704161983,2.981310413,4.685472396,7.666782809,20.51928922,0.35585715,1007
2025-09-28,MX,Nutrition_Diets,6791,-1.713067799,3.057429727,4.770497526,7.827927253,20.81937835,0.36330448,946
2025-10-05,MX,Nutrition_Diets,6861,-1.492041903,3.150954496,4.642996399,7.793950894,20.59425178,0.346184491,918
2025-10-12,MX,Nutrition_Diets,7168,-1.469268435,3.177160678,4.646429114,7.823589792,20.92944974,0.367884408,1149
2025-10-19,MX,Nutrition_Diets,7174,-1.532194173,3.171940394,4.704134567,7.876074961,20.52580091,0.380914757,1035
2025-10-26,MX,Nutrition_Diets,6632,-1.597529023,3.132531617,4.73006064,7.862592256,20.73127933,0.393369558,1047
2025-11-02,MX,Nutrition_Diets,7200,-2.116549892,3.001748204,5.118298095,8.120046299,20.78610306,0.368662273,1367
2025-11-09,MX,Nutrition_Diets,7030,-1.599329433,3.036601556,4.635930989,7.672532545,20.7820029,0.356827377,1107
2025-11-16,MX,Nutrition_Diets,7813,-1.261906144,3.680317213,4.942223358,8.622540571,21.12259127,0.413065828,1429
2025-11-23,MX,Nutrition_Diets,6522,-1.905497192,2.985393221,4.890890413,7.876283633,20.48388457,0.330759796,987
2025-11-30,MX,Nutrition_Diets,6580,-1.594683639,3.043058251,4.63774189,7.680800141,20.59198137,0.334215994,945
2025-12-07,MX,Nutrition_Diets,6202,-1.519501154,3.131442337,4.650943491,7.782385828,20.4099546,0.343095801,991
2025-12-14,MX,Nutrition_Diets,6099,-1.567157787,3.07632339,4.643481178,7.719804568,20.48040819,0.324126647,907
2025-12-21,MX,Nutrition_Diets,4896,-1.730975881,2.984250241,4.715226121,7.699476362,20.93183395,0.308284246,839
2025-12-28,MX,Nutrition_Diets,5677,-2.001859036,2.904144693,4.906003729,7.810148421,20.77233768,0.29231661,1054
2026-01-04,MX,Nutrition_Diets,6399,-2.06793011,2.798794412,4.866724521,7.665518933,20.66073944,0.385747195,1051
2026-01-11,MX,Nutrition_Diets,6401,-1.77730229,2.887204792,4.664507082,7.551711874,20.53845905,0.338173565,963
2026-01-18,MX,Nutrition_Diets,6402,-1.465552263,3.014220956,4.479773219,7.493994175,20.63574025,0.302031969,908
2026-01-25,MX,Nutrition_Diets,6555,-1.677272464,2.980989177,4.658261641,7.639250819,20.69101585,0.345387332,924
2026-02-01,MX,Nutrition_Diets,6017,-1.737638738,2.958383703,4.696022441,7.654406143,20.54674686,0.306190584,809
2026-02-08,MX,Nutrition_Diets,6621,-1.366451993,3.07783267,4.444284663,7.522117333,20.43772018,0.32225846,939
2026-02-15,MX,Nutrition_Diets,5936,-1.562325226,2.994564954,4.55689018,7.551455134,20.34689518,0.335844577,893
2026-02-22,MX,Nutrition_Diets,9042,-2.792869382,2.635558214,5.428427596,8.06398581,20.205738,0.414114253,1731
2026-03-01,MX,Nutrition_Diets,5945,-1.58872592,3.002384519,4.591110438,7.593494957,20.74021924,0.341764915,947
2026-03-08,MX,Nutrition_Diets,5429,-1.361528086,3.073052411,4.434580496,7.507632907,20.76444204,0.339947752,854
2026-03-15,MX,Nutrition_Diets,5503,-1.52546554,3.067426383,4.592891923,7.660318306,20.74457903,0.319084966,856
2026-03-22,MX,Nutrition_Diets,5848,-1.656579985,3.037173138,4.693753123,7.730926261,20.82860192,0.343049156,950
2026-03-29,MX,Nutrition_Diets,5223,-1.598764135,3.014945915,4.61371005,7.628655965,20.90575303,0.317701499,866
2026-04-05,MX,Nutrition_Diets,5639,-1.706151184,3.064506397,4.770657582,7.835163979,20.945993,0.306151548,809
2026-04-12,MX,Nutrition_Diets,5589,-1.765434989,2.987165936,4.752600925,7.739766861,20.75078894,0.308906686,850
2026-04-19,MX,Nutrition_Diets,6352,-1.833206094,2.962158211,4.795364305,7.757522517,20.29436329,0.370890229,972
2026-04-26,MX,Nutrition_Diets,6688,-1.890720149,2.911964722,4.802684871,7.714649592,20.06781799,0.366612009,914
2026-05-03,MX,Nutrition_Diets,6789,-1.894272455,2.899112965,4.79338542,7.692498386,20.39207001,0.354095094,839
2026-05-10,MX,Nutrition_Diets,6809,-1.810124713,2.958383469,4.768508182,7.726891652,20.2772114,0.332973889,884
2026-05-17,MX,Nutrition_Diets,6688,-1.863361009,2.961032161,4.82439317,7.785425331,20.22943029,0.336032978,973
2026-05-24,MX,Nutrition_Diets,6467,-1.704559354,3.020649322,4.725208676,7.745857998,20.17790036,0.314588653,874
2026-05-31,MX,Nutrition_Diets,5715,-1.554515408,3.060928721,4.615444128,7.676372849,20.38088473,0.345689983,756
2026-06-07,MX,Nutrition_Diets,4992,-1.384317147,3.127806829,4.512123975,7.639930804,20.51524506,0.319805793,859
2026-06-14,MX,Nutrition_Diets,5061,-1.350425191,3.184806468,4.535231659,7.720038127,20.32708218,0.302990095,767
2026-06-21,MX,Nutrition_Diets,5542,-1.286420263,3.115263539,4.401683802,7.516947341,20.40929521,0.319001558,913
2026-06-28,MX,Nutrition_Diets,5635,-1.425843336,3.182866713,4.608710049,7.791576763,20.62087883,0.302590635,957
2026-07-05,MX,Nutrition_Diets,5127,-1.569916646,3.035774003,4.605690649,7.641464652,20.45952372,0.311533195,820
2026-07-12,MX,Nutrition_Diets,5486,-1.730442934,3.001073413,4.731516347,7.732589761,20.39497027,0.305599343,850
2026-07-19,MX,Nutrition_Diets,5703,-2.011595643,2.905465667,4.917061309,7.822526976,20.52784143,0.330970863,1069
2026-07-26,MX,Nutrition_Diets,5589,-1.741949589,3.046177828,4.788127417,7.834305245,20.38136287,0.270271662,818
2026-08-02,MX,Nutrition_Diets,6083,-1.851402474,2.972861016,4.82426349,7.797124506,20.53474908,0.330174152,1093
2026-08-09,MX,Nutrition_Diets,5968,-1.570966218,2.926200173,4.497166391,7.423366565,20.6733062,0.335564922,1215
2026-08-16,MX,Nutrition_Diets,5238,-1.458608485,2.917252749,4.375861234,7.293113982,20.49624202,0.338315563,812
2026-08-23,MX,Nutrition_Diets,2113,-1.669154942,2.709155801,4.378310743,7.087466544,20.7687401,0.337015871,478
2023-01-01,NG,Fashion_Beauty,22,-2.786805397,2.826807781,5.613613178,8.440420959,19.11774235,0.522831322,20
2023-01-08,NG,Fashion_Beauty,29,-1.112910006,3.086524264,4.199434269,7.285958533,21.1193253,1.231208874,21
2023-01-15,NG,Fashion_Beauty,29,-2.265109305,3.187409704,5.452519008,8.639928712,19.93621862,0.745204812,18
2023-01-22,NG,Fashion_Beauty,39,-2.766585962,2.772696941,5.539282904,8.311979845,20.60937113,0.493998732,29
2023-01-29,NG,Fashion_Beauty,19,-1.096265921,2.834157696,3.930423617,6.764581313,18.8657787,0.594698261,17
2023-02-05,NG,Fashion_Beauty,15,-0.014237902,3.1091246,3.123362502,6.232487102,20.12267876,1.205407345,11
2023-02-12,NG,Fashion_Beauty,26,-0.947894976,2.767647141,3.715542117,6.483189258,20.06439161,1.02511912,15
2023-02-19,NG,Fashion_Beauty,18,-0.971646944,2.329982378,3.301629321,5.631611699,20.13490406,0.886325297,11
2023-02-26,NG,Fashion_Beauty,32,0.296299039,3.359193887,3.062894848,6.422088734,18.24417893,0.652251155,15
2023-03-05,NG,Fashion_Beauty,19,0.47248174,3.451478949,2.97899721,6.430476159,19.74245588,1.469462397,16
2023-03-12,NG,Fashion_Beauty,29,0.271003472,3.306937333,3.035933861,6.342871194,20.36534061,1.082551457,16
2023-03-19,NG,Fashion_Beauty,17,0.068150966,2.848213622,2.780062656,5.628276278,19.63523608,0.62693263,12
2023-03-26,NG,Fashion_Beauty,53,-0.861935601,3.107097046,3.969032646,7.076129692,20.14685669,1.279450709,34
2023-04-02,NG,Fashion_Beauty,36,-0.021826789,3.457125876,3.478952665,6.93607854,19.14597744,0.948025831,22
2023-04-09,NG,Fashion_Beauty,26,0.140667704,4.126683981,3.986016277,8.112700258,19.89187778,1.058335965,21
2023-04-16,NG,Fashion_Beauty,42,-1.513027377,2.818966244,4.331993621,7.150959865,20.12530453,1.141302452,32
2023-04-23,NG,Fashion_Beauty,26,-2.718913149,2.6472232,5.366136349,8.013359549,19.77684153,0.959342223,24
2023-04-30,NG,Fashion_Beauty,41,-1.001584003,2.794047194,3.795631197,6.589678391,19.87383102,0.473595415,32
2023-05-07,NG,Fashion_Beauty,54,-0.522343038,3.041137914,3.563480952,6.604618866,20.95345766,0.364739488,32
2023-05-14,NG,Fashion_Beauty,33,-0.793907279,2.851471085,3.645378364,6.49684945,19.38103247,0.456813289,23
2023-05-21,NG,Fashion_Beauty,62,0.694357983,4.206492282,3.512134298,7.71862658,19.37878454,0.92301017,42
2023-05-28,NG,Fashion_Beauty,58,1.12619726,3.935630742,2.809433482,6.745064224,19.1079409,0.862940265,34
2023-06-04,NG,Fashion_Beauty,36,-0.074463666,3.715310778,3.789774444,7.505085222,17.87201307,0.678950602,26
2023-06-11,NG,Fashion_Beauty,62,1.214181167,4.272704724,3.058523557,7.331228282,19.10580404,1.253897169,39
2023-06-18,NG,Fashion_Beauty,82,-0.429601981,2.898978219,3.3285802,6.227558419,18.32315863,0.472746547,55
2023-06-25,NG,Fashion_Beauty,41,-1.427272529,2.703184204,4.130456733,6.833640937,19.23185115,0.441835593,30
2023-07-02,NG,Fashion_Beauty,36,-0.233570537,3.027095298,3.260665835,6.287761133,19.30314158,0.69628072,27
2023-07-09,NG,Fashion_Beauty,38,-1.1681401,3.20588068,4.37402078,7.57990146,19.65816817,0.732376703,33
2023-07-16,NG,Fashion_Beauty,44,-1.0792996,2.895503275,3.974802875,6.870306149,17.89107641,0.605205403,29
2023-07-23,NG,Fashion_Beauty,66,-1.282851376,3.161285985,4.444137362,7.605423347,19.48490906,0.472092681,57
2023-07-30,NG,Fashion_Beauty,99,-0.798143002,3.275034915,4.073177918,7.348212833,17.79127735,0.601410863,61
2023-08-06,NG,Fashion_Beauty,172,-1.430120025,3.094056194,4.524176219,7.618232413,19.53828266,0.809954359,108
2023-08-13,NG,Fashion_Beauty,166,-2.274813383,2.883051321,5.157864704,8.040916025,19.87511687,0.708805332,78
2023-08-20,NG,Fashion_Beauty,155,-1.44454639,2.786122207,4.230668597,7.016790805,19.82490462,0.955843376,89
2023-08-27,NG,Fashion_Beauty,311,-2.351685741,2.191501608,4.543187349,6.734688958,20.23613556,0.518510303,197
2023-09-03,NG,Fashion_Beauty,58,-0.752846603,2.889956547,3.64280315,6.532759697,19.45825085,0.734706664,39
2023-09-10,NG,Fashion_Beauty,99,-2.944754661,3.092148551,6.036903212,9.129051764,16.53912965,0.286199387,77
2023-09-17,NG,Fashion_Beauty,55,-2.343715925,2.806172124,5.14988805,7.956060174,18.54210642,0.757059844,41
2023-09-24,NG,Fashion_Beauty,44,-1.919526456,2.889131162,4.808657618,7.697788779,18.84805386,0.705404749,33
2023-10-01,NG,Fashion_Beauty,22,-2.412232578,3.064366023,5.476598601,8.540964625,19.69948033,0.911629624,19
2023-10-08,NG,Fashion_Beauty,37,-0.243518358,2.504068113,2.747586472,5.251654585,18.59156078,0.261243872,29
2023-10-15,NG,Fashion_Beauty,37,-0.868750766,2.629608382,3.498359148,6.12796753,17.89599002,0.602083724,26
2023-10-22,NG,Fashion_Beauty,42,0.374537657,3.734662289,3.360124632,7.094786921,19.24141729,0.709852389,25
2023-10-29,NG,Fashion_Beauty,46,-0.595268961,3.486200903,4.081469863,7.567670766,19.49021544,1.160486581,27
2023-11-05,NG,Fashion_Beauty,44,0.928797383,3.864101991,2.935304609,6.7994066,20.28258167,0.471190454,38
2023-11-12,NG,Fashion_Beauty,41,0.224734111,2.855210857,2.630476746,5.485687603,20.32660684,1.084624873,28
2023-11-19,NG,Fashion_Beauty,38,-1.357033584,3.089353688,4.446387272,7.53574096,18.17959331,0.752270119,31
2023-11-26,NG,Fashion_Beauty,145,-2.72433918,2.514933002,5.239272182,7.754205185,20.34353281,0.750642588,112
2023-12-03,NG,Fashion_Beauty,48,-1.887809808,3.208757569,5.096567377,8.305324945,18.8971886,0.421974208,31
2023-12-10,NG,Fashion_Beauty,64,-1.975822105,2.77862622,4.754448325,7.533074544,17.76296962,0.32160534,36
2023-12-17,NG,Fashion_Beauty,41,-0.044434633,3.303924136,3.348358769,6.652282905,17.37473875,0.787496397,32
2023-12-24,NG,Fashion_Beauty,43,-0.243554757,3.613219571,3.856774328,7.469993899,20.21015846,0.765284605,30
2023-12-31,NG,Fashion_Beauty,39,-2.040935905,2.875015538,4.915951443,7.790966981,18.12425569,1.089438939,29
2024-01-07,NG,Fashion_Beauty,30,-1.469826073,3.201785995,4.671612068,7.873398062,17.31504429,0.392982983,19
2024-01-14,NG,Fashion_Beauty,18,-0.658414194,2.773618028,3.432032222,6.205650251,18.28106363,0.678385833,12
2024-01-21,NG,Fashion_Beauty,34,-1.84931651,3.274169675,5.123486185,8.39765586,18.55655614,0.353880134,24
2024-01-28,NG,Fashion_Beauty,41,-1.927583009,2.759383523,4.686966532,7.446350055,19.10611113,0.464086725,30
2024-02-04,NG,Fashion_Beauty,77,-2.862940661,2.669002731,5.531943392,8.200946123,18.97218949,0.584890727,58
2024-02-11,NG,Fashion_Beauty,46,-1.84831579,3.093632572,4.941948362,8.035580935,18.86659418,0.572221047,33
2024-02-18,NG,Fashion_Beauty,65,-1.102458088,3.255353639,4.357811727,7.613165365,19.34803387,0.729098179,39
2024-02-25,NG,Fashion_Beauty,61,-0.382933391,3.183823608,3.566756999,6.750580607,20.25962426,0.508733457,47
2024-03-03,NG,Fashion_Beauty,51,-0.260216211,3.337287469,3.597503681,6.93479115,19.31975492,0.61829352,41
2024-03-10,NG,Fashion_Beauty,49,-0.759884486,3.190578611,3.950463097,7.141041707,19.26776299,1.871438093,31
2024-03-17,NG,Fashion_Beauty,37,-0.768645743,3.140550645,3.909196388,7.049747032,18.28322036,0.681854711,25
2024-03-24,NG,Fashion_Beauty,42,-0.212181336,3.515435869,3.727617205,7.243053073,18.54219843,0.72238882,29
2024-03-31,NG,Fashion_Beauty,29,-0.958564194,3.233160522,4.191724716,7.424885239,19.84732413,0.957863225,23
2024-04-07,NG,Fashion_Beauty,15,1.327765686,4.035572442,2.707806756,6.743379199,17.70944081,0.409029968,10
2024-04-14,NG,Fashion_Beauty,25,-0.913057813,2.974693197,3.88775101,6.862444206,19.36990036,0.592690565,22
2024-04-21,NG,Fashion_Beauty,34,-1.162821227,3.280193506,4.443014733,7.723208239,19.08402197,0.701031181,29
2024-04-28,NG,Fashion_Beauty,34,-1.974302697,3.065329952,5.039632649,8.104962601,18.69054612,0.596615741,30
2024-05-05,NG,Fashion_Beauty,45,-0.331912867,3.038771784,3.370684651,6.409456435,19.80091483,0.678667496,37
2024-05-12,NG,Fashion_Beauty,42,-1.746168159,2.781659502,4.527827661,7.309487163,19.11395547,1.120182965,31
2024-05-19,NG,Fashion_Beauty,61,0.119733627,3.871013481,3.751279854,7.622293334,18.15110256,0.911248047,44
2024-05-26,NG,Fashion_Beauty,46,-0.683150464,3.265676378,3.948826842,7.21450322,20.74640006,1.532331764,38
2024-06-02,NG,Fashion_Beauty,25,-1.550483349,2.652733824,4.203217174,6.855950998,17.4188707,0.689300022,24
2024-06-09,NG,Fashion_Beauty,37,-0.479301596,3.141342057,3.620643653,6.76198571,19.51138002,0.784875561,28
2024-06-16,NG,Fashion_Beauty,18,-0.923149128,2.974236344,3.897385471,6.871621815,19.94570563,0.814914817,17
2024-06-23,NG,Fashion_Beauty,32,-0.556406951,3.010837613,3.567244564,6.578082177,20.00689261,0.42238603,28
2024-06-30,NG,Fashion_Beauty,32,-1.767966905,3.256940407,5.024907312,8.281847719,19.86502663,0.790268883,30
2024-07-07,NG,Fashion_Beauty,47,-0.368707522,3.532537839,3.901245361,7.433783199,18.16980766,0.657232166,41
2024-07-14,NG,Fashion_Beauty,28,0.098631085,3.201936893,3.103305807,6.3052427,21.19551939,1.722631562,21
2024-07-21,NG,Fashion_Beauty,28,-2.30597114,2.992835544,5.298806685,8.291642229,18.34315852,1.056896927,23
2024-07-28,NG,Fashion_Beauty,52,-2.030884412,3.494769943,5.525654355,9.020424299,20.70212351,0.610323725,39
2024-08-04,NG,Fashion_Beauty,51,-1.813131058,3.186596418,4.999727475,8.186323893,19.956128,0.926914889,36
2024-08-11,NG,Fashion_Beauty,79,-0.755313749,3.125503444,3.880817193,7.006320637,18.63463382,0.735428069,63
2024-08-18,NG,Fashion_Beauty,52,-2.191854687,2.97494105,5.166795737,8.141736787,19.10852739,0.625455661,39
2024-08-25,NG,Fashion_Beauty,45,-2.459355638,2.136416833,4.595772471,6.732189303,18.27642959,0.452223936,39
2024-09-01,NG,Fashion_Beauty,31,-0.302937586,3.118739411,3.421676997,6.540416408,19.00396565,0.673654507,26
2024-09-08,NG,Fashion_Beauty,25,-1.818382222,2.781486146,4.599868368,7.381354514,18.84973456,0.802277275,23
2024-09-15,NG,Fashion_Beauty,40,0.04664243,3.388418819,3.341776389,6.730195209,19.3420902,0.712797052,21
2024-09-22,NG,Fashion_Beauty,42,-1.554482805,2.61463134,4.169114146,6.783745486,19.7136808,0.682362773,33
2024-09-29,NG,Fashion_Beauty,120,-1.51913216,1.46015764,2.979289801,4.439447441,19.48361442,0.823234748,84
2024-10-06,NG,Fashion_Beauty,51,-1.420628657,3.096143118,4.516771775,7.612914892,19.65377345,0.762150313,36
2024-10-13,NG,Fashion_Beauty,49,-1.793706133,3.212125499,5.005831631,8.21795713,20.57495419,0.882870675,41
2024-10-20,NG,Fashion_Beauty,25,-1.66409949,2.895546275,4.559645765,7.45519204,19.10902591,0.962243724,19
2024-10-27,NG,Fashion_Beauty,29,-3.36277214,2.742311416,6.105083556,8.847394973,18.83973001,0.573994332,19
2024-11-03,NG,Fashion_Beauty,28,-1.972957581,3.146274671,5.119232253,8.265506924,17.63937353,0.594389833,21
2024-11-10,NG,Fashion_Beauty,27,-2.522991941,2.833785964,5.356777904,8.190563868,17.41279523,0.327662953,22
2024-11-17,NG,Fashion_Beauty,43,-2.054045798,2.958319957,5.012365755,7.970685712,17.88161094,0.16589029,39
2024-11-24,NG,Fashion_Beauty,42,-1.275518833,3.263776659,4.539295493,7.803072152,18.65711321,0.473744972,33
2024-12-01,NG,Fashion_Beauty,62,-1.611553951,2.901378868,4.512932819,7.414311687,20.14743953,0.747320523,38
2024-12-08,NG,Fashion_Beauty,31,-2.769012119,2.490005833,5.259017951,7.749023784,18.06669814,0.6010126,23
2024-12-15,NG,Fashion_Beauty,55,0.313149527,3.788846545,3.475697018,7.264543563,19.09198529,0.582824273,40
2024-12-22,NG,Fashion_Beauty,31,-3.285969114,2.308576555,5.594545669,7.903122224,18.8658081,0.290841632,28
2024-12-29,NG,Fashion_Beauty,20,-1.428628203,3.272352324,4.700980527,7.973332851,19.50637186,0.675642238,16
2025-01-05,NG,Fashion_Beauty,20,-1.943501061,3.032772423,4.976273485,8.009045908,18.64009019,0.48664557,17
2025-01-12,NG,Fashion_Beauty,61,-3.813380874,1.867248293,5.680629167,7.547877459,18.34741101,0.265573429,55
2025-01-19,NG,Fashion_Beauty,73,-2.999819556,2.936340547,5.936160103,8.87250065,18.95683174,0.490527383,64
2025-01-26,NG,Fashion_Beauty,33,-0.338975591,3.58822975,3.927205342,7.515435092,18.79455028,0.840623323,24
2025-02-02,NG,Fashion_Beauty,46,-1.113350297,3.598189873,4.711540171,8.309730044,18.8873739,0.563024831,33
2025-02-09,NG,Fashion_Beauty,65,-1.54377549,2.579221465,4.122996955,6.70221842,20.50624944,0.35872273,43
2025-02-16,NG,Fashion_Beauty,24,0.316011274,4.552644418,4.236633144,8.789277562,19.42721176,0.685808784,21
2025-02-23,NG,Fashion_Beauty,21,-0.687990709,3.60283252,4.290823229,7.893655749,19.67186786,0.679879293,17
2025-03-02,NG,Fashion_Beauty,36,-1.643403835,2.966504073,4.609907907,7.57641198,20.56531506,0.668010024,29
2025-03-09,NG,Fashion_Beauty,47,-1.829129906,3.008671089,4.837800994,7.846472083,19.65110819,0.655554588,39
2025-03-16,NG,Fashion_Beauty,29,-0.260102845,3.925648029,4.185750874,8.111398903,18.86787831,0.742108652,19
2025-03-23,NG,Fashion_Beauty,16,-1.416234955,3.734050959,5.150285915,8.884336874,19.21017973,0.927743587,14
2025-03-30,NG,Fashion_Beauty,22,1.155041437,4.379635263,3.224593827,7.60422909,17.64611882,0.558729197,19
2025-04-06,NG,Fashion_Beauty,29,-0.46218884,3.253708904,3.715897744,6.969606648,19.55920739,0.494099846,24
2025-04-13,NG,Fashion_Beauty,25,-1.978869882,2.923295293,4.902165175,7.825460467,19.02601534,0.866817037,23
2025-04-20,NG,Fashion_Beauty,20,-4.794602794,2.550816147,7.345418941,9.896235088,18.47248278,0.398151036,15
2025-04-27,NG,Fashion_Beauty,23,0.96898906,4.13896851,3.16997945,7.30894796,19.12468688,0.773856018,19
2025-05-04,NG,Fashion_Beauty,30,-1.901482052,2.929350778,4.83083283,7.760183608,18.94251573,0.469025837,24
2025-05-11,NG,Fashion_Beauty,43,-0.571387711,3.925722632,4.497110343,8.422832975,18.83695094,1.330843791,28
2025-05-18,NG,Fashion_Beauty,36,-1.133753973,2.945577483,4.079331456,7.024908939,19.28473599,0.52370265,28
2025-05-25,NG,Fashion_Beauty,54,-0.548879552,3.834072848,4.3829524,8.217025247,18.76129045,0.799138583,34
2025-06-01,NG,Fashion_Beauty,24,-2.435760968,3.563201973,5.99896294,9.562164913,18.73486023,0.677115324,22
2025-06-08,NG,Fashion_Beauty,47,-1.030084175,3.835661378,4.865745553,8.701406932,18.42803995,0.676774849,31
2025-06-29,NG,Fashion_Beauty,11,0.077049601,4.126117469,4.049067868,8.175185336,17.40181892,0.591154261,11
2025-07-06,NG,Fashion_Beauty,38,-0.706917269,3.413360972,4.120278241,7.533639213,18.37789317,0.881295373,30
2025-07-13,NG,Fashion_Beauty,44,0.429647246,3.698796465,3.269149218,6.967945683,17.82189149,0.491308532,31
2025-07-20,NG,Fashion_Beauty,73,-2.593572894,3.38247875,5.976051644,9.358530394,18.41815778,0.582371282,53
2025-07-27,NG,Fashion_Beauty,40,-3.023511857,3.044465933,6.06797779,9.112443723,19.68029052,0.530746389,29
2025-08-03,NG,Fashion_Beauty,41,-3.169590208,3.066516355,6.236106563,9.302622918,19.34105159,0.44204084,29
2025-08-10,NG,Fashion_Beauty,50,-0.961084347,4.035518764,4.996603111,9.032121874,19.24128876,0.422148274,29
2025-08-17,NG,Fashion_Beauty,53,-2.25947965,3.412097819,5.67157747,9.083675289,19.16683188,0.994369946,34
2025-08-24,NG,Fashion_Beauty,30,-1.635483413,3.136732643,4.772216056,7.908948699,19.08323049,0.527366192,20
2025-08-31,NG,Fashion_Beauty,43,-0.867730676,3.681647491,4.549378167,8.231025658,19.39875346,0.909504522,26
2025-09-07,NG,Fashion_Beauty,36,-2.80886158,3.037852595,5.846714176,8.884566771,20.15164078,0.453821427,22
2025-09-14,NG,Fashion_Beauty,22,-0.905249378,3.479728892,4.384978271,7.864707163,19.15113963,0.71027146,16
2025-09-21,NG,Fashion_Beauty,29,-0.925021615,3.764721412,4.689743026,8.454464438,19.23367747,0.66774074,22
2025-09-28,NG,Fashion_Beauty,34,-0.521218345,3.869435246,4.390653591,8.260088837,19.24789555,0.636710486,26
2025-10-05,NG,Fashion_Beauty,50,0.641487381,3.808391061,3.16690368,6.975294741,18.04161256,0.536942184,34
2025-10-12,NG,Fashion_Beauty,40,-1.900542583,3.176896714,5.077439296,8.25433601,19.10713373,0.538147397,29
2025-10-19,NG,Fashion_Beauty,37,-2.357035689,3.282954588,5.639990277,8.922944865,19.49799513,0.416109733,21
2025-10-26,NG,Fashion_Beauty,42,-1.013102714,3.51107818,4.524180895,8.035259075,18.58196003,0.306687368,34
2025-11-02,NG,Fashion_Beauty,49,-1.658345763,3.321856754,4.980202518,8.302059272,18.38608901,0.489545125,36
2025-11-09,NG,Fashion_Beauty,46,-1.687159949,3.300052068,4.987212016,8.287264084,20.83007314,0.681297281,34
2025-11-16,NG,Fashion_Beauty,67,-2.270938403,2.930645435,5.201583839,8.132229274,19.98929033,0.438678801,42
2025-11-23,NG,Fashion_Beauty,114,-2.824276544,3.481484754,6.305761298,9.787246053,20.49333455,0.777234997,59
2025-11-30,NG,Fashion_Beauty,79,-2.239611599,3.171330688,5.410942287,8.582272975,19.95900666,0.700178504,46
2025-12-07,NG,Fashion_Beauty,66,-2.314360362,3.273121914,5.587482276,8.86060419,19.38033372,0.55270854,44
2025-12-14,NG,Fashion_Beauty,58,-1.469784253,3.430780693,4.900564945,8.331345638,18.87436172,0.630505418,33
2025-12-21,NG,Fashion_Beauty,50,0.005441189,3.953850725,3.948409536,7.902260262,19.92227115,0.361888596,23
2025-12-28,NG,Fashion_Beauty,33,-0.797371159,3.579827559,4.377198718,7.957026277,18.19157441,0.287094679,19
2026-01-04,NG,Fashion_Beauty,17,0.40329347,4.099015984,3.695722515,7.794738499,19.63650101,0.338230488,12
2026-01-11,NG,Fashion_Beauty,26,-1.774803852,2.560651756,4.335455608,6.896107365,17.22757801,0.334826099,20
2026-01-18,NG,Fashion_Beauty,30,-2.383827989,3.81528268,6.199110669,10.01439335,19.35265375,0.256175682,21
2026-01-25,NG,Fashion_Beauty,52,-3.210500308,2.870638852,6.081139159,8.951778011,19.67972037,0.240271258,37
2026-02-01,NG,Fashion_Beauty,50,-1.914280749,3.958410024,5.872690773,9.831100797,18.94752376,0.44559212,31
2026-02-08,NG,Fashion_Beauty,40,-1.383061191,3.513370182,4.896431373,8.409801555,19.18794034,0.44060588,26
2026-02-15,NG,Fashion_Beauty,39,-2.834481704,3.272225726,6.10670743,9.378933155,19.46571576,0.517099703,28
2026-02-22,NG,Fashion_Beauty,47,-1.494791699,3.067356227,4.562147926,7.629504153,19.58579307,0.427317822,34
2026-03-01,NG,Fashion_Beauty,22,-1.425000868,4.009484647,5.434485515,9.443970162,20.25066979,0.798214102,16
2026-03-08,NG,Fashion_Beauty,47,-0.630234234,3.118673856,3.74890809,6.867581946,19.230725,0.341669167,37
2026-03-15,NG,Fashion_Beauty,20,-1.748986378,3.132352548,4.881338926,8.013691474,17.84256549,0.347496175,17
2026-03-22,NG,Fashion_Beauty,31,-2.906955095,2.889527245,5.79648234,8.686009585,19.32003332,0.43987672,22
2026-03-29,NG,Fashion_Beauty,23,-1.144414129,3.584103311,4.72851744,8.312620751,20.06382971,0.629340071,19
2026-04-05,NG,Fashion_Beauty,40,-0.881589723,3.836145351,4.717735074,8.553880425,18.08518391,0.574704533,20
2026-04-12,NG,Fashion_Beauty,58,0.246276077,4.408670007,4.16239393,8.571063937,19.68190528,0.651451302,41
2026-04-19,NG,Fashion_Beauty,66,-1.285382855,3.552237926,4.837620781,8.389858708,18.12266973,0.513193449,33
2026-04-26,NG,Fashion_Beauty,31,-0.195441145,3.836459475,4.031900619,7.868360094,19.05242692,0.518429657,21
2026-05-03,NG,Fashion_Beauty,41,-0.641515445,4.078071861,4.719587306,8.797659167,18.45629038,0.395144255,27
2026-05-10,NG,Fashion_Beauty,39,-2.715981906,2.863126891,5.579108797,8.442235688,18.33604108,0.430587586,26
2026-05-17,NG,Fashion_Beauty,39,-0.423631829,3.691624626,4.115256455,7.806881081,18.12309707,0.368822673,32
2026-05-24,NG,Fashion_Beauty,33,-1.274917258,3.498198,4.773115258,8.271313258,17.64012684,0.707020778,24
2026-05-31,NG,Fashion_Beauty,39,-2.506815812,3.164040912,5.670856725,8.834897637,19.6094452,0.576416033,23
2026-06-07,NG,Fashion_Beauty,45,-2.22708091,3.477091539,5.704172449,9.181263989,18.07313815,0.281680017,25
2026-06-14,NG,Fashion_Beauty,36,-2.204678041,3.237445007,5.442123048,8.679568055,19.42069932,0.472047615,25
2026-06-21,NG,Fashion_Beauty,48,-0.946820173,3.973201342,4.920021515,8.893222857,19.26122086,0.696743194,30
2026-06-28,NG,Fashion_Beauty,47,-1.746807694,3.626513485,5.373321179,8.999834664,17.56283507,0.359697539,27
2026-07-05,NG,Fashion_Beauty,31,-1.881759098,3.194556931,5.07631603,8.270872961,18.91032636,0.493577905,24
2026-07-12,NG,Fashion_Beauty,41,-1.613600276,3.23815019,4.851750466,8.089900656,18.17606726,0.469678002,22
2026-07-19,NG,Fashion_Beauty,35,-1.216656454,2.955317254,4.171973708,7.127290963,17.31106312,0.289079823,21
2026-07-26,NG,Fashion_Beauty,29,-1.40878388,3.471524943,4.880308823,8.351833766,20.02578951,0.70239602,18
2026-08-02,NG,Fashion_Beauty,33,-2.200391628,3.427321419,5.627713047,9.055034465,18.20123554,0.365273698,22
2026-08-09,NG,Fashion_Beauty,29,-0.724438142,3.295054306,4.019492447,7.314546753,18.96378509,0.45527505,21
2026-08-16,NG,Fashion_Beauty,50,-1.43842832,3.979006833,5.417435154,9.396441987,17.56112374,0.253778313,18
2026-08-23,NG,Fashion_Beauty,11,-2.608690446,3.098265027,5.706955472,8.805220499,18.99575244,0.557153823,11
2023-01-01,NG,Fitness_Wearables,3,0.764315182,3.145102012,2.38078683,5.525888843,22.19298594,0.82788671,3
2023-01-08,NG,Fitness_Wearables,6,1.345275426,3.446974544,2.101699119,5.548673663,20.54868137,2.111405609,4
2023-01-15,NG,Fitness_Wearables,12,-0.490714885,3.06400165,3.554716535,6.618718185,21.20254836,1.27689542,10
2023-01-22,NG,Fitness_Wearables,23,2.008555857,3.556743386,1.54818753,5.104930916,18.80690056,0.458829437,20
2023-01-29,NG,Fitness_Wearables,15,1.080622616,3.962578267,2.881955651,6.844533918,19.05914903,1.08770383,8
2023-02-05,NG,Fitness_Wearables,15,1.809130207,4.361765694,2.552635487,6.914401181,19.58650885,1.171971884,12
2023-02-12,NG,Fitness_Wearables,3,-0.855929866,2.676424224,3.53235409,6.208778314,20.82083723,1.037442454,3
2023-02-19,NG,Fitness_Wearables,19,0.167800475,3.582263645,3.41446317,6.996726816,18.98305809,0.720165104,10
2023-02-26,NG,Fitness_Wearables,17,1.070573555,3.773233725,2.70266017,6.475893895,18.24006195,0.985571577,15
2023-03-05,NG,Fitness_Wearables,8,0.404738477,3.215219464,2.810480988,6.025700452,19.9159083,0.819032604,5
2023-03-12,NG,Fitness_Wearables,8,1.330511547,3.926094671,2.595583124,6.521677795,17.41114123,0.72211199,6
2023-03-19,NG,Fitness_Wearables,14,0.230661756,2.90682693,2.676165173,5.582992103,17.66184321,0.341067516,11
2023-03-26,NG,Fitness_Wearables,30,0.305299391,2.619984315,2.314684924,4.934669238,19.71534261,0.800164047,23
2023-04-02,NG,Fitness_Wearables,35,0.002873919,2.955114033,2.952240114,5.907354147,17.63956023,0.756122205,30
2023-04-09,NG,Fitness_Wearables,37,0.231685563,3.811936981,3.580251419,7.3921884,18.91937859,0.511996393,26
2023-04-16,NG,Fitness_Wearables,6,-0.011120346,3.693647352,3.704767698,7.39841505,16.76811115,0.425633429,6
2023-04-23,NG,Fitness_Wearables,12,1.470504737,3.496374914,2.025870177,5.522245091,18.38866353,0.583252908,8
2023-04-30,NG,Fitness_Wearables,10,-3.008074153,2.448090991,5.456165144,7.904256135,23.62812268,1.414401071,8
2023-05-07,NG,Fitness_Wearables,14,0.294907677,2.601547473,2.306639796,4.908187269,17.55630859,0.230147396,13
2023-05-14,NG,Fitness_Wearables,12,3.489794514,4.456780084,0.966985569,5.423765653,17.67430482,1.958383791,12
2023-05-21,NG,Fitness_Wearables,7,-0.536241565,2.955762809,3.492004374,6.447767183,18.84336603,1.113665368,6
2023-05-28,NG,Fitness_Wearables,18,0.453036333,2.803952401,2.350916067,5.154868468,18.01329135,0.68671429,17
2023-06-04,NG,Fitness_Wearables,9,1.787153412,2.84137852,1.054225108,3.895603628,18.44275764,0.557483536,7
2023-06-11,NG,Fitness_Wearables,9,-0.965750997,2.615516137,3.581267134,6.196783271,18.30031052,0.750148472,6
2023-06-18,NG,Fitness_Wearables,4,2.052166438,4.347414403,2.295247964,6.642662367,17.87190379,0.677802113,3
2023-06-25,NG,Fitness_Wearables,3,-3.370803014,3.64192665,7.012729664,10.65465631,20.92948653,1.346249061,3
2023-07-02,NG,Fitness_Wearables,8,2.703316136,4.175104691,1.471788555,5.646893246,17.19684195,0.626519663,6
2023-07-09,NG,Fitness_Wearables,9,1.814235099,4.106392612,2.292157513,6.398550125,21.14308763,1.301793851,9
2023-07-16,NG,Fitness_Wearables,6,-0.234377162,3.606878645,3.841255807,7.448134452,16.80761778,0.233818177,5
2023-07-23,NG,Fitness_Wearables,10,0.092244854,3.025518163,2.93327331,5.958791473,17.67321904,0.334180018,9
2023-07-30,NG,Fitness_Wearables,29,0.796388727,3.46937256,2.672983834,6.142356394,16.24631765,0.574080049,23
2023-08-06,NG,Fitness_Wearables,21,0.593038086,3.754767396,3.16172931,6.916496705,18.66400671,0.733120731,19
2023-08-13,NG,Fitness_Wearables,16,-3.303970411,2.572323304,5.876293714,8.448617018,19.53087045,0.699045134,15
2023-08-20,NG,Fitness_Wearables,16,0.115050269,3.79349605,3.678445782,7.471941832,18.4938557,0.949311579,14
2023-08-27,NG,Fitness_Wearables,10,0.303962745,3.569256447,3.265293702,6.834550149,19.06207822,1.197498045,10
2023-09-03,NG,Fitness_Wearables,8,1.569813361,4.280932785,2.711119425,6.99205221,18.27265253,0.625072708,5
2023-09-10,NG,Fitness_Wearables,5,2.984876887,4.828700305,1.843823418,6.672523722,21.48895456,2.118576985,5
2023-09-17,NG,Fitness_Wearables,13,1.366044245,3.727814973,2.361770729,6.089585702,17.54222983,0.169546363,10
2023-09-24,NG,Fitness_Wearables,11,-0.480642161,3.721735312,4.202377474,7.924112786,19.15331268,0.553211634,9
2023-10-01,NG,Fitness_Wearables,5,1.394272619,3.982347311,2.588074692,6.570422003,19.16526168,1.767867584,5
2023-10-08,NG,Fitness_Wearables,10,1.456836883,4.313180477,2.856343594,7.16952407,18.76475864,0.353520233,8
2023-10-15,NG,Fitness_Wearables,5,-1.636741908,2.863881469,4.500623377,7.364504846,20.03202293,0.157856726,4
2023-10-22,NG,Fitness_Wearables,3,-3.543063264,2.950406663,6.493469927,9.44387659,16.57052748,1.129281196,3
2023-10-29,NG,Fitness_Wearables,4,-1.188112634,1.083678703,2.271791337,3.35547004,19.12256496,1.036969785,3
2023-11-05,NG,Fitness_Wearables,7,-3.896620576,3.508919041,7.405539617,10.91445866,22.85736583,2.892018417,7
2023-11-19,NG,Fitness_Wearables,3,0.911547761,3.713790056,2.802242295,6.516032351,17.36796722,0.524346395,3
2023-11-26,NG,Fitness_Wearables,13,1.028004021,3.738245424,2.710241403,6.448486827,15.63768051,0.337026405,11
2023-12-03,NG,Fitness_Wearables,5,-0.254446821,2.646017748,2.90046457,5.546482318,19.08380103,0.299108324,5
2023-12-10,NG,Fitness_Wearables,10,0.255242076,4.120606241,3.865364165,7.985970406,17.52927706,0.779279363,10
2023-12-17,NG,Fitness_Wearables,10,4.735331868,6.06217948,1.326847612,7.389027092,17.81621872,0.890557957,10
2023-12-24,NG,Fitness_Wearables,5,0.093423044,2.857983177,2.764560133,5.62254331,16.64908407,0.388584119,5
2023-12-31,NG,Fitness_Wearables,7,-3.073070466,2.154040704,5.22711117,7.381151873,18.84396012,0.089827431,7
2024-01-07,NG,Fitness_Wearables,4,-0.308638287,3.287207957,3.595846244,6.8830542,17.68172185,0.175233645,4
2024-01-14,NG,Fitness_Wearables,6,1.903320574,3.287254183,1.383933609,4.671187792,18.07622119,0.770847241,6
2024-01-21,NG,Fitness_Wearables,5,1.134042836,3.563261498,2.429218662,5.99248016,18.06181102,1.103077662,4
2024-01-28,NG,Fitness_Wearables,16,0.489831945,2.962329485,2.47249754,5.434827024,18.03457124,0.525823135,15
2024-02-04,NG,Fitness_Wearables,5,-2.789161341,3.059544329,5.84870567,8.90825,21.11769376,1.547874794,4
2024-02-11,NG,Fitness_Wearables,11,-1.04590107,3.041300912,4.087201982,7.128502894,19.00670138,0.410522622,9
2024-02-18,NG,Fitness_Wearables,3,3.552966587,4.618371,1.065404413,5.683775412,20.9356768,2.713704191,3
2024-02-25,NG,Fitness_Wearables,9,0.673117686,3.086030127,2.412912441,5.498942568,18.29386857,0.418713362,9
2024-03-03,NG,Fitness_Wearables,7,1.277759516,4.599334234,3.321574718,7.920908952,19.09476156,0.681061813,6
2024-03-10,NG,Fitness_Wearables,3,1.466878445,4.036251518,2.569373073,6.605624591,22.2542745,0.336354293,2
2024-03-17,NG,Fitness_Wearables,6,1.673217936,3.947804592,2.274586656,6.222391248,19.82407264,1.077111219,5
2024-03-24,NG,Fitness_Wearables,6,0.519737529,3.155966553,2.636229023,5.792195576,20.96634688,0.905779582,6
2024-03-31,NG,Fitness_Wearables,6,2.082701876,3.796720195,1.714018319,5.510738514,20.24995711,0.756908442,6
2024-04-07,NG,Fitness_Wearables,1,1.073619632,3.895705521,2.82208589,6.717791411,19.26380368,0,1
2024-04-14,NG,Fitness_Wearables,2,1.944041534,6.16193535,4.217893816,10.37982917,20.3760303,0.586234287,2
2024-04-21,NG,Fitness_Wearables,1,0.63559322,1.906779661,1.271186441,3.177966102,18.8559322,0,1
2024-04-28,NG,Fitness_Wearables,1,0.314465409,2.201257862,1.886792453,4.088050314,22.11740042,1.467505241,1
2024-05-05,NG,Fitness_Wearables,6,0.941586866,2.401694457,1.460107591,3.861802048,16.94372397,1.07346653,6
2024-05-12,NG,Fitness_Wearables,16,1.976194085,4.040555229,2.064361144,6.104916373,23.13785797,0.409673853,16
2024-05-19,NG,Fitness_Wearables,16,0.504865744,3.777843779,3.272978035,7.050821814,18.17298931,0.48850021,12
2024-05-26,NG,Fitness_Wearables,8,0.94579209,4.06919239,3.123400301,7.192592691,18.10922662,0.769080063,8
2024-06-02,NG,Fitness_Wearables,6,3.715715549,5.43028128,1.714565731,7.144847011,20.54332149,1.438264022,5
2024-06-09,NG,Fitness_Wearables,10,2.048832235,3.810549941,1.761717706,5.572267647,18.12602448,1.236007518,8
2024-06-23,NG,Fitness_Wearables,2,2.830289551,4.027486706,1.197197154,5.22468386,19.77353407,1.675149338,1
2024-06-30,NG,Fitness_Wearables,7,0.358771597,4.155838161,3.797066564,7.952904724,20.58871088,1.107886337,6
2024-07-07,NG,Fitness_Wearables,6,1.71641524,4.281395289,2.56498005,6.846375339,17.21573723,0.597134517,5
2024-07-14,NG,Fitness_Wearables,10,0.076119261,3.446510338,3.370391077,6.816901415,19.62395268,0.152788181,8
2024-07-21,NG,Fitness_Wearables,1,1.627218935,2.958579882,1.331360947,4.289940828,16.56804734,0,1
2024-07-28,NG,Fitness_Wearables,4,-0.574603819,3.391172532,3.965776351,7.356948883,20.47924371,0.427160202,4
2024-08-04,NG,Fitness_Wearables,1,-8.305084746,1.468926554,9.774011299,11.24293785,22.09039548,0.395480226,1
2024-08-11,NG,Fitness_Wearables,14,2.284471652,3.650868474,1.366396822,5.017265296,16.2431116,0.323451615,11
2024-08-18,NG,Fitness_Wearables,6,1.495546099,3.518472453,2.022926354,5.541398808,18.67799995,1.466484019,6
2024-08-25,NG,Fitness_Wearables,10,-2.339000913,2.46820291,4.807203822,7.275406732,18.36372682,0.52997177,8
2024-09-01,NG,Fitness_Wearables,9,1.05623123,3.376765643,2.320534412,5.697300055,17.06746393,0.255301051,9
2024-09-08,NG,Fitness_Wearables,3,1.347046598,3.275539239,1.928492641,5.204031879,16.97290681,0.516042984,3
2024-09-15,NG,Fitness_Wearables,5,1.17004723,4.63617707,3.46612984,8.10230691,19.05804044,0.075958121,4
2024-09-22,NG,Fitness_Wearables,22,-1.901046452,2.466771051,4.367817502,6.834588553,19.50080564,0.600631875,16
2024-09-29,NG,Fitness_Wearables,20,-1.405310203,1.999722049,3.405032252,5.404754301,20.22018724,0.561985292,18
2024-10-06,NG,Fitness_Wearables,5,-0.800422441,3.236546001,4.036968442,7.273514443,19.37572153,0.53733675,4
2024-10-13,NG,Fitness_Wearables,10,2.758435536,5.041861038,2.283425502,7.32528654,16.17536215,0.871137865,7
2024-10-20,NG,Fitness_Wearables,8,1.975440414,3.417072758,1.441632344,4.858705102,15.71738434,0.162301221,8
2024-10-27,NG,Fitness_Wearables,2,-1.974109207,3.206811846,5.180921053,8.387732898,13.97898817,0,2
2024-11-03,NG,Fitness_Wearables,11,2.179299666,4.239152712,2.059853046,6.299005758,18.0286696,0.260306069,11
2024-11-10,NG,Fitness_Wearables,13,1.398933064,4.46448182,3.065548755,7.530030575,17.7444213,0.32956527,13
2024-11-17,NG,Fitness_Wearables,7,1.071186922,3.636087992,2.56490107,6.200989062,15.97104142,0.914321057,7
2024-11-24,NG,Fitness_Wearables,15,0.19491726,2.241492906,2.046575646,4.288068552,19.92502799,0.513773363,15
2024-12-01,NG,Fitness_Wearables,16,-0.983435894,3.340448319,4.323884213,7.664332531,19.31128185,1.311292426,15
2024-12-08,NG,Fitness_Wearables,7,1.249461061,4.068575861,2.8191148,6.887690661,17.55496559,0.650614983,6
2024-12-15,NG,Fitness_Wearables,8,2.979606081,5.355224175,2.375618094,7.730842269,16.58380074,0.79093279,7
2024-12-22,NG,Fitness_Wearables,5,1.083537236,3.306935713,2.223398477,5.530334191,19.97115389,1.441493153,5
2024-12-29,NG,Fitness_Wearables,8,3.188037196,6.272103712,3.084066516,9.356170228,19.47574257,1.095655217,8
2025-01-05,NG,Fitness_Wearables,6,0.524796413,3.382192631,2.857396218,6.239588849,19.45631911,0.602225633,4
2025-01-12,NG,Fitness_Wearables,20,0.654657636,3.713026899,3.058369263,6.771396163,18.26627198,1.429296335,20
2025-01-19,NG,Fitness_Wearables,10,2.490141736,4.508311119,2.018169383,6.526480502,18.79866596,0.288642592,7
2025-01-26,NG,Fitness_Wearables,19,-0.445054016,4.295471301,4.740525317,9.035996619,18.6353641,0.269495908,15
2025-02-02,NG,Fitness_Wearables,5,1.917993839,3.824929182,1.906935343,5.731864526,18.75380688,1.404310195,5
2025-02-09,NG,Fitness_Wearables,7,2.709986475,5.33171872,2.621732245,7.953450965,17.96960223,0.478768827,6
2025-02-16,NG,Fitness_Wearables,12,2.857110296,5.033789857,2.176679561,7.210469418,18.54940679,0.875262879,7
2025-02-23,NG,Fitness_Wearables,10,0.078213672,3.046637237,2.968423565,6.015060802,18.68530989,0.427078395,10
2025-03-02,NG,Fitness_Wearables,8,1.371977265,3.125790124,1.753812859,4.879602983,16.0118346,0.211596142,7
2025-03-09,NG,Fitness_Wearables,6,1.254832324,3.527363562,2.272531239,5.799894801,18.51268102,0.31123222,6
2025-03-16,NG,Fitness_Wearables,6,3.069806232,5.66585615,2.596049917,8.261906067,18.83543126,0.324526403,5
2025-03-23,NG,Fitness_Wearables,18,1.4176421,4.194276365,2.776634265,6.970910631,17.19334068,0.671389594,15
2025-03-30,NG,Fitness_Wearables,13,-0.648290039,2.313031037,2.961321076,5.274352114,18.69450999,0.583241693,9
2025-04-06,NG,Fitness_Wearables,2,1.030623748,3.837459917,2.806836169,6.644296086,15.8609169,0.326797386,2
2025-04-13,NG,Fitness_Wearables,6,1.923717063,3.143616455,1.219899392,4.363515847,18.06027949,0.492859953,6
2025-04-20,NG,Fitness_Wearables,11,-0.209198653,2.814427633,3.023626286,5.838053919,17.35727518,0.46100248,9
2025-04-27,NG,Fitness_Wearables,17,-1.497480443,3.209506474,4.706986917,7.916493391,18.64988874,0.570370093,14
2025-05-04,NG,Fitness_Wearables,7,0.393852124,4.154963285,3.761111161,7.916074446,16.38398537,0.610024376,7
2025-05-11,NG,Fitness_Wearables,10,0.199096096,3.554061977,3.354965881,6.909027858,18.99096719,1.095841284,9
2025-05-18,NG,Fitness_Wearables,5,-1.123968882,3.715582259,4.839551141,8.5551334,17.31039047,0.480934063,5
2025-05-25,NG,Fitness_Wearables,6,4.054115534,5.715968202,1.661852668,7.377820869,19.08197534,0.428961991,5
2025-06-01,NG,Fitness_Wearables,8,1.29342918,3.237653672,1.944224492,5.181878164,18.27143698,0.742225722,5
2025-06-08,NG,Fitness_Wearables,10,3.416125269,5.069632777,1.653507508,6.723140286,18.37729653,0.669135849,5
2025-07-06,NG,Fitness_Wearables,7,0.540899097,3.083449133,2.542550036,5.625999169,18.82323479,0.844227704,6
2025-07-13,NG,Fitness_Wearables,16,0.712571876,3.700808439,2.988236563,6.689045002,18.61225369,0.555237147,12
2025-07-20,NG,Fitness_Wearables,7,1.425645896,3.624271212,2.198625316,5.822896528,17.01255792,0.768701058,6
2025-07-27,NG,Fitness_Wearables,3,1.143991906,4.526407175,3.382415269,7.908822444,16.8980627,0,3
2025-08-03,NG,Fitness_Wearables,5,1.595926557,4.815219401,3.219292844,8.034512246,15.92005615,0.271785633,5
2025-08-10,NG,Fitness_Wearables,15,0.305796718,3.489188458,3.18339174,6.672580198,17.60212408,0.302875336,13
2025-08-17,NG,Fitness_Wearables,5,0.676997944,3.927602548,3.250604605,7.178207153,17.55320442,0.150666041,5
2025-08-24,NG,Fitness_Wearables,11,2.045216849,3.60365252,1.558435671,5.162088191,16.88576803,1.059324428,7
2025-08-31,NG,Fitness_Wearables,8,1.207843485,3.388407904,2.180564419,5.568972322,19.17551829,0.544191622,7
2025-09-07,NG,Fitness_Wearables,4,2.260784371,4.53329937,2.272515,6.80581437,18.88946396,1.054362684,3
2025-09-14,NG,Fitness_Wearables,13,1.910742233,4.08979945,2.179057217,6.268856667,17.20971321,0.67506267,10
2025-09-21,NG,Fitness_Wearables,11,0.201818156,3.896951887,3.695133731,7.592085619,18.44492087,0.468264096,8
2025-09-28,NG,Fitness_Wearables,9,1.338159518,3.336431798,1.99827228,5.334704079,15.81044681,0.589131408,6
2025-10-05,NG,Fitness_Wearables,8,1.630718392,4.377664867,2.746946475,7.124611342,19.53837699,0.530722539,8
2025-10-12,NG,Fitness_Wearables,18,-0.19738585,3.176016291,3.373402142,6.549418433,18.16830765,0.604345329,14
2025-10-19,NG,Fitness_Wearables,4,2.093353873,3.449193977,1.355840105,4.805034082,17.15250636,0.152749491,4
2025-10-26,NG,Fitness_Wearables,4,1.127609486,4.249812587,3.1222031,7.372015687,16.89429719,0.103746314,4
2025-11-02,NG,Fitness_Wearables,10,-0.579670173,2.636843434,3.216513607,5.853357041,19.7751542,0.625175671,7
2025-11-09,NG,Fitness_Wearables,17,1.079828385,4.472733584,3.392905199,7.865638783,16.48101902,0.287905135,12
2025-11-16,NG,Fitness_Wearables,33,-4.081143536,2.236933436,6.318076972,8.555010408,19.36630655,0.137526733,29
2025-11-23,NG,Fitness_Wearables,48,-4.497222738,2.179660935,6.676883673,8.856544608,19.58403616,0.62923031,40
2025-11-30,NG,Fitness_Wearables,6,0.686300708,3.999662216,3.313361508,7.313023724,19.68737823,1.009743875,5
2025-12-07,NG,Fitness_Wearables,15,-1.526537182,3.288430223,4.814967405,8.103397628,19.49095148,0.837250525,15
2025-12-14,NG,Fitness_Wearables,8,-1.048278345,3.956212101,5.004490445,8.960702546,19.75264834,0.381507198,8
2025-12-21,NG,Fitness_Wearables,9,-3.632613043,2.446436585,6.079049628,8.525486213,22.64560349,0,8
2025-12-28,NG,Fitness_Wearables,4,0.612215789,4.265981631,3.653765841,7.919747472,17.96989457,0.152606575,4
2026-01-04,NG,Fitness_Wearables,4,-2.884958921,3.204396923,6.089355844,9.293752767,18.98680954,0.395022046,4
2026-01-11,NG,Fitness_Wearables,5,0.151456283,3.659402866,3.507946583,7.16734945,21.31562363,0.126430889,5
2026-01-18,NG,Fitness_Wearables,1,-1.839762611,4.09495549,5.934718101,10.02967359,22.96735905,2.37388724,1
2026-01-25,NG,Fitness_Wearables,2,2.898171684,4.602666056,1.704494373,6.307160429,19.39163731,0.927643785,2
2026-02-01,NG,Fitness_Wearables,9,-1.584906768,2.411170283,3.99607705,6.407247333,21.59021237,0.925836391,8
2026-02-08,NG,Fitness_Wearables,5,0.160617084,3.468013161,3.307396077,6.775409238,18.27028622,0.841804463,5
2026-02-15,NG,Fitness_Wearables,12,2.124834347,3.902650751,1.777816404,5.680467154,18.36488055,0.632054188,8
2026-02-22,NG,Fitness_Wearables,10,-0.223600803,3.25830929,3.481910093,6.740219383,18.27129697,0.495424654,10
2026-03-01,NG,Fitness_Wearables,7,-2.489213487,2.991852028,5.481065515,8.472917543,20.52189472,0.889340828,6
2026-03-08,NG,Fitness_Wearables,3,0.402166728,2.5119288,2.109762073,4.621690873,14.65714934,0.368730595,3
2026-03-15,NG,Fitness_Wearables,5,2.26694836,5.906608273,3.639659913,9.546268186,17.71206866,0.288343605,4
2026-03-22,NG,Fitness_Wearables,14,1.999943674,3.870298897,1.870355223,5.74065412,18.29432695,0.672483535,12
2026-03-29,NG,Fitness_Wearables,2,0.811761655,3.6017074,2.789945745,6.391653145,13.79474265,0,1
2026-04-05,NG,Fitness_Wearables,11,-3.416768267,2.957830704,6.37459897,9.332429674,18.5987123,0.638577877,10
2026-04-12,NG,Fitness_Wearables,12,-1.25932419,4.078655587,5.337979778,9.416635365,19.11625034,0.467065901,10
2026-04-19,NG,Fitness_Wearables,16,-0.23416783,4.008548382,4.242716213,8.251264595,18.16609391,0.605927855,14
2026-04-26,NG,Fitness_Wearables,5,4.01810064,5.253992335,1.235891695,6.48988403,17.69346399,1.604759349,5
2026-05-03,NG,Fitness_Wearables,6,1.634735529,5.081305942,3.446570413,8.527876354,23.15981105,0.139998575,6
2026-05-10,NG,Fitness_Wearables,8,0.618908046,3.379284982,2.760376936,6.139661917,18.05334833,1.302239667,7
2026-05-17,NG,Fitness_Wearables,4,2.290611344,3.138844682,0.848233338,3.987078021,18.48766216,0.614673536,2
2026-05-24,NG,Fitness_Wearables,12,1.219604464,4.406140856,3.186536392,7.592677248,17.39263108,0.96115581,8
2026-05-31,NG,Fitness_Wearables,8,2.467262105,4.721879174,2.254617069,6.976496243,18.01200721,0.078943693,7
2026-06-07,NG,Fitness_Wearables,6,1.229133316,3.958764389,2.729631073,6.688395462,16.70839156,0.37939192,6
2026-06-14,NG,Fitness_Wearables,5,0.652987241,3.339206484,2.686219243,6.025425727,19.23990585,0.221025681,3
2026-06-21,NG,Fitness_Wearables,13,1.528873203,4.00546133,2.476588128,6.482049458,17.26622187,0.407226081,9
2026-06-28,NG,Fitness_Wearables,8,0.488779467,3.191311261,2.702531794,5.893843054,17.12410629,0.475577098,8
2026-07-05,NG,Fitness_Wearables,14,0.378463304,3.560253264,3.18178996,6.742043224,18.99754665,1.208982242,11
2026-07-12,NG,Fitness_Wearables,10,1.925881119,4.490395416,2.564514297,7.054909712,19.47391524,0.86863869,9
2026-07-19,NG,Fitness_Wearables,11,2.32694132,4.051186274,1.724244954,5.775431228,19.92244796,0.909134384,7
2026-07-26,NG,Fitness_Wearables,9,0.465403969,2.929304986,2.463901017,5.393206003,17.4966467,0.158939689,8
2026-08-02,NG,Fitness_Wearables,9,-0.446297904,3.208804308,3.655102211,6.863906519,18.11196647,0.303802759,9
2026-08-09,NG,Fitness_Wearables,19,1.995597827,4.048066899,2.052469073,6.100535972,17.98432047,0.702387853,11
2026-08-16,NG,Fitness_Wearables,5,0.945247618,4.374364385,3.429116767,7.803481151,19.55716366,0.136510363,5
2026-08-23,NG,Fitness_Wearables,1,1.492537313,3.392130258,1.899592944,5.291723202,21.0312076,0.271370421,1
2023-01-01,NG,Nutrition_Diets,106,-3.95091351,2.093780669,6.044694179,8.138474848,17.09684863,0.443212385,67
2023-01-08,NG,Nutrition_Diets,164,-3.729244846,3.118339469,6.847584315,9.965923784,19.46056032,0.607967659,114
2023-01-15,NG,Nutrition_Diets,194,-3.614796452,2.625069056,6.239865508,8.864934565,20.35054266,0.7556425,110
2023-01-22,NG,Nutrition_Diets,111,-1.558452996,3.09104783,4.649500826,7.740548656,19.47271249,0.747350856,71
2023-01-29,NG,Nutrition_Diets,134,-2.120288306,2.816218683,4.936506989,7.752725672,19.64606962,0.614755626,97
2023-02-05,NG,Nutrition_Diets,155,-3.279890033,2.719293733,5.999183766,8.718477498,19.65605138,0.38469732,110
2023-02-12,NG,Nutrition_Diets,160,-3.006211598,2.641381446,5.647593044,8.28897449,18.13280271,0.511900294,102
2023-02-19,NG,Nutrition_Diets,92,-0.768468697,3.119437065,3.887905762,7.007342827,18.95659914,0.868757134,64
2023-02-26,NG,Nutrition_Diets,219,-3.129338653,2.498659101,5.627997755,8.126656856,20.489889,0.486601734,139
2023-03-05,NG,Nutrition_Diets,188,-3.792235724,2.312697556,6.10493328,8.417630836,17.13584081,0.501902921,137
2023-03-12,NG,Nutrition_Diets,189,-3.406561483,2.442104309,5.848665792,8.290770101,20.60501718,0.656552334,124
2023-03-19,NG,Nutrition_Diets,145,-2.929996426,2.703373856,5.633370282,8.336744138,18.41911865,0.505017174,89
2023-03-26,NG,Nutrition_Diets,209,-1.516675894,3.176861419,4.693537313,7.870398731,19.13572729,0.605341035,128
2023-04-02,NG,Nutrition_Diets,224,-3.53704987,2.471743943,6.008793813,8.480537757,19.13518137,0.431905093,128
2023-04-09,NG,Nutrition_Diets,195,-1.075526566,3.026877343,4.102403909,7.129281253,18.9553091,0.54103609,119
2023-04-16,NG,Nutrition_Diets,234,-2.483007346,2.740933533,5.223940879,7.964874412,20.47271045,0.647310413,156
2023-04-23,NG,Nutrition_Diets,223,-2.412015348,2.87640238,5.288417729,8.164820109,18.87092486,0.610397733,145
2023-04-30,NG,Nutrition_Diets,213,-1.800491773,2.834704303,4.635196076,7.469900379,17.97315795,0.450559522,115
2023-05-07,NG,Nutrition_Diets,157,-1.834324518,2.891350544,4.725675062,7.617025606,19.33017345,0.613511134,89
2023-05-14,NG,Nutrition_Diets,218,-0.947123918,3.757747825,4.704871744,8.462619569,20.67180058,0.721068819,142
2023-05-21,NG,Nutrition_Diets,236,-0.789197501,3.10195562,3.891153121,6.99310874,19.15374044,0.731192689,117
2023-05-28,NG,Nutrition_Diets,210,-1.014113534,3.135647322,4.149760855,7.285408177,19.1323548,0.762695182,117
2023-06-04,NG,Nutrition_Diets,205,-1.243193423,3.070330439,4.313523862,7.3838543,19.80152639,0.653566106,115
2023-06-11,NG,Nutrition_Diets,254,-1.259456769,3.425619495,4.685076264,8.11069576,19.98541429,0.699438842,121
2023-06-18,NG,Nutrition_Diets,229,-1.385207309,2.968381179,4.353588488,7.321969667,18.89787133,0.591055196,131
2023-06-25,NG,Nutrition_Diets,375,-3.232927996,2.395865307,5.628793303,8.024658611,18.83471337,0.351702393,259
2023-07-02,NG,Nutrition_Diets,282,-2.069529681,2.735425485,4.804955166,7.540380651,19.14885986,0.526785997,199
2023-07-09,NG,Nutrition_Diets,179,-1.60749926,3.151052441,4.758551701,7.909604142,19.03875238,0.598118944,98
2023-07-16,NG,Nutrition_Diets,274,-2.476410898,2.552663252,5.02907415,7.581737403,18.89209734,0.393309634,145
2023-07-23,NG,Nutrition_Diets,295,-2.216815984,2.675259497,4.892075481,7.567334978,20.17480394,0.666384929,165
2023-07-30,NG,Nutrition_Diets,396,-1.944620727,2.998916058,4.943536784,7.942452842,20.13136871,0.788272101,200
2023-08-06,NG,Nutrition_Diets,628,-2.44790747,2.665996658,5.113904128,7.779900785,19.38244308,0.532151426,338
2023-08-13,NG,Nutrition_Diets,727,-3.423130484,2.719987193,6.143117676,8.863104869,19.81356603,0.668777315,370
2023-08-20,NG,Nutrition_Diets,510,-3.387959171,2.348898271,5.736857441,8.085755712,20.2400543,0.596737787,299
2023-08-27,NG,Nutrition_Diets,394,-2.690120602,2.931057666,5.621178268,8.552235933,19.43850241,0.763210354,209
2023-09-03,NG,Nutrition_Diets,333,-2.108983193,2.717042782,4.826025974,7.543068756,19.27596695,0.527082112,212
2023-09-10,NG,Nutrition_Diets,215,-1.839748471,2.784429153,4.624177624,7.408606778,18.70714264,0.820934884,112
2023-09-17,NG,Nutrition_Diets,267,-2.462777683,2.976864324,5.439642007,8.416506331,18.87624505,0.579212403,169
2023-09-24,NG,Nutrition_Diets,248,-2.836245022,2.75126266,5.587507682,8.338770342,19.29931232,0.637528313,132
2023-10-01,NG,Nutrition_Diets,222,-2.757540413,2.907008984,5.664549397,8.571558382,18.77774056,0.627875276,141
2023-10-08,NG,Nutrition_Diets,230,-1.024480682,3.310542285,4.335022967,7.645565252,19.11409701,0.722689958,118
2023-10-15,NG,Nutrition_Diets,188,-0.656936479,3.242617269,3.899553748,7.142171017,19.4254603,0.688234776,97
2023-10-22,NG,Nutrition_Diets,198,-0.905756614,3.35051357,4.256270183,7.606783753,19.704301,0.807870213,115
2023-10-29,NG,Nutrition_Diets,221,-1.364163943,2.92325953,4.287423473,7.210683002,20.22134765,1.118518449,132
2023-11-05,NG,Nutrition_Diets,220,-2.323876341,3.060092009,5.383968351,8.44406036,19.58912278,0.567887394,125
2023-11-12,NG,Nutrition_Diets,207,-2.518149876,2.639614864,5.15776474,7.797379604,19.52618204,0.640376495,142
2023-11-19,NG,Nutrition_Diets,301,-3.022906784,2.51208968,5.534996464,8.047086145,18.54698075,0.554920692,178
2023-11-26,NG,Nutrition_Diets,275,-1.891888018,2.916660378,4.808548396,7.725208774,19.63610839,0.541662517,170
2023-12-03,NG,Nutrition_Diets,258,-1.213762313,3.027638613,4.241400926,7.269039539,18.02029779,0.647036471,123
2023-12-10,NG,Nutrition_Diets,210,-2.620262844,2.834216083,5.454478927,8.288695011,19.0365096,0.596147775,128
2023-12-17,NG,Nutrition_Diets,148,-1.554136153,3.159080617,4.713216771,7.872297388,19.39554222,0.749930875,99
2023-12-24,NG,Nutrition_Diets,164,-1.025780183,3.846940543,4.872720726,8.719661269,19.18801133,0.521102975,97
2023-12-31,NG,Nutrition_Diets,150,-1.826068362,3.026786909,4.852855271,7.879642179,20.03439307,0.599252947,104
2024-01-07,NG,Nutrition_Diets,146,-0.773821099,3.26006225,4.033883349,7.293945599,19.28474671,0.596404938,102
2024-01-14,NG,Nutrition_Diets,180,-2.028928834,3.017696472,5.046625306,8.064321778,20.10873496,0.799841563,128
2024-01-21,NG,Nutrition_Diets,252,-1.240507855,3.09946256,4.339970415,7.439432975,18.29659688,0.562303249,170
2024-01-28,NG,Nutrition_Diets,294,-2.59546274,2.754870459,5.350333199,8.105203657,17.78344008,0.586673905,122
2024-02-04,NG,Nutrition_Diets,255,-2.103318254,2.915192933,5.018511187,7.93370412,18.71525054,0.695383624,127
2024-02-11,NG,Nutrition_Diets,301,-2.232273723,2.76292596,4.995199683,7.758125642,19.19018166,0.992577988,142
2024-02-18,NG,Nutrition_Diets,367,-2.572706405,2.811893485,5.38459989,8.196493374,18.34548811,0.853932092,196
2024-02-25,NG,Nutrition_Diets,288,-2.557972367,2.725487093,5.28345946,8.008946553,19.0357943,0.775568874,185
2024-03-03,NG,Nutrition_Diets,241,-1.485243249,3.175036975,4.660280224,7.835317199,18.97331373,0.668138994,138
2024-03-10,NG,Nutrition_Diets,207,-1.750288684,2.999908184,4.750196868,7.750105053,18.8563669,0.801469235,113
2024-03-17,NG,Nutrition_Diets,265,-0.855328022,3.185051226,4.040379248,7.225430474,20.69697245,0.468099365,185
2024-03-24,NG,Nutrition_Diets,165,-1.35417522,3.151190415,4.505365634,7.656556049,19.52789008,0.484738253,106
2024-03-31,NG,Nutrition_Diets,165,-0.430843075,3.567772588,3.998615663,7.566388251,18.84283422,0.548197534,101
2024-04-07,NG,Nutrition_Diets,161,-1.945101654,2.96998592,4.915087573,7.885073493,19.63459917,0.637103789,117
2024-04-14,NG,Nutrition_Diets,205,-2.306129357,2.336805047,4.642934404,6.979739451,18.47318105,0.586031195,136
2024-04-21,NG,Nutrition_Diets,178,-1.281141201,3.373456908,4.654598109,8.028055017,19.25946633,0.701221791,113
2024-04-28,NG,Nutrition_Diets,162,-1.472795729,3.261741072,4.734536801,7.996277873,19.43063059,1.008479901,83
2024-05-05,NG,Nutrition_Diets,153,-1.73424108,2.811491046,4.545732126,7.357223173,19.01164391,0.47941545,97
2024-05-12,NG,Nutrition_Diets,131,-0.518729013,3.39987397,3.918602983,7.318476953,20.10265687,0.75409598,80
2024-05-19,NG,Nutrition_Diets,144,-0.695894543,3.153282594,3.849177137,7.002459731,19.36998533,0.58102361,81
2024-05-26,NG,Nutrition_Diets,158,-1.387655657,3.026295373,4.41395103,7.440246403,19.47059226,0.58989389,96
2024-06-02,NG,Nutrition_Diets,223,-1.490085545,3.237557278,4.727642823,7.965200101,19.94136225,0.735856809,112
2024-06-09,NG,Nutrition_Diets,157,-1.734622023,2.978652101,4.713274125,7.691926226,19.7322036,0.565905088,84
2024-06-16,NG,Nutrition_Diets,132,-1.745891725,3.477460626,5.223352351,8.700812978,19.55106425,0.683205042,76
2024-06-23,NG,Nutrition_Diets,140,-1.477698744,3.270254336,4.74795308,8.018207416,19.16313889,0.514665172,77
2024-06-30,NG,Nutrition_Diets,216,-3.312852508,2.62964191,5.942494418,8.572136328,19.8142358,0.695128687,112
2024-07-07,NG,Nutrition_Diets,277,-1.185118312,3.058690734,4.243809046,7.302499781,19.13622374,0.782277514,125
2024-07-14,NG,Nutrition_Diets,180,-1.386448803,3.156941188,4.543389991,7.700331179,18.80988658,0.748828428,90
2024-07-21,NG,Nutrition_Diets,158,-1.213550918,3.094799376,4.308350294,7.403149671,19.28769511,0.6667311,89
2024-07-28,NG,Nutrition_Diets,195,-1.86623933,3.372496714,5.238736044,8.611232758,19.63023034,0.655513829,107
2024-08-04,NG,Nutrition_Diets,171,-2.559259562,2.814758802,5.374018363,8.188777165,18.70758649,0.846691327,104
2024-08-11,NG,Nutrition_Diets,202,-2.731361911,2.778311419,5.50967333,8.287984749,19.078441,0.634289852,125
2024-08-18,NG,Nutrition_Diets,171,-1.57476547,3.513455956,5.088221426,8.601677382,18.84360808,0.663322951,107
2024-08-25,NG,Nutrition_Diets,262,-1.835986232,3.204883006,5.040869238,8.245752245,18.76946722,0.647895162,161
2024-09-01,NG,Nutrition_Diets,226,-3.471895019,2.598365595,6.070260614,8.668626208,19.10010664,0.491189488,141
2024-09-08,NG,Nutrition_Diets,363,-3.871116533,2.845365975,6.716482507,9.561848482,19.12563905,0.411711375,213
2024-09-15,NG,Nutrition_Diets,244,-3.569582132,2.619212398,6.18879453,8.808006928,20.48198454,0.671266475,157
2024-09-22,NG,Nutrition_Diets,173,-1.915740704,3.059714162,4.975454865,8.035169027,19.25172083,0.648271662,95
2024-09-29,NG,Nutrition_Diets,195,-1.195544399,3.145823591,4.34136799,7.487191581,19.64220862,0.723241376,121
2024-10-06,NG,Nutrition_Diets,172,-2.052516453,3.317468567,5.36998502,8.687453587,19.88878419,0.731429386,97
2024-10-13,NG,Nutrition_Diets,353,-4.315119047,2.335378678,6.650497725,8.985876404,19.49367933,0.337665828,221
2024-10-20,NG,Nutrition_Diets,214,-1.194435929,3.343276251,4.53771218,7.880988431,19.47537303,0.50760608,126
2024-10-27,NG,Nutrition_Diets,207,-2.11684783,3.014016056,5.130863886,8.144879942,19.32393963,0.684165302,118
2024-11-03,NG,Nutrition_Diets,167,-1.686116099,3.193969819,4.880085918,8.074055737,18.54816056,0.49189889,102
2024-11-10,NG,Nutrition_Diets,178,-1.566129772,3.344903075,4.911032847,8.255935921,19.23701599,0.600795156,100
2024-11-17,NG,Nutrition_Diets,215,-0.217117692,4.342579225,4.559696917,8.902276141,20.29203698,1.028603448,140
2024-11-24,NG,Nutrition_Diets,192,-2.340209113,3.357974393,5.698183505,9.056157898,19.16576901,0.551707537,117
2024-12-01,NG,Nutrition_Diets,126,-0.380707841,4.062186705,4.442894545,8.50508125,19.26631189,0.569316218,84
2024-12-08,NG,Nutrition_Diets,146,-1.095154733,3.466989083,4.562143817,8.0291329,19.50557647,0.798858133,92
2024-12-15,NG,Nutrition_Diets,139,-1.243955099,3.626540227,4.870495326,8.497035552,17.97589107,0.415862256,82
2024-12-22,NG,Nutrition_Diets,225,-2.351623385,2.85594212,5.207565505,8.063507624,20.25491353,0.572596374,167
2024-12-29,NG,Nutrition_Diets,113,-1.532677063,3.408056815,4.940733878,8.348790694,18.53841373,0.644810802,62
2025-01-05,NG,Nutrition_Diets,119,-2.417789892,2.821659004,5.239448896,8.0611079,20.07375562,0.38816386,84
2025-01-12,NG,Nutrition_Diets,264,-4.583584513,2.551884165,7.135468677,9.687352842,19.47634568,0.441733967,161
2025-01-19,NG,Nutrition_Diets,378,-3.79305405,2.771089328,6.564143378,9.335232706,19.10687139,0.360198939,206
2025-01-26,NG,Nutrition_Diets,318,-0.654840925,3.507315315,4.16215624,7.669471555,18.36371368,0.61792963,138
2025-02-02,NG,Nutrition_Diets,162,-0.198604809,3.561902633,3.760507441,7.322410074,18.22311536,0.595377564,81
2025-02-09,NG,Nutrition_Diets,167,-0.818010948,3.762315767,4.580326715,8.342642482,19.38935938,0.569938113,105
2025-02-16,NG,Nutrition_Diets,142,-0.645273616,3.181843822,3.827117438,7.008961259,18.42370429,0.641538895,84
2025-02-23,NG,Nutrition_Diets,185,-1.814277845,3.270756302,5.085034148,8.35579045,18.90795587,0.555952027,106
2025-03-02,NG,Nutrition_Diets,149,-1.419624423,3.255665586,4.675290008,7.930955594,19.16612766,0.622281711,83
2025-03-09,NG,Nutrition_Diets,132,-0.812570933,3.345330784,4.157901717,7.503232501,19.98763872,0.800790371,76
2025-03-16,NG,Nutrition_Diets,168,-1.087652507,2.902600659,3.990253166,6.892853825,18.98494604,0.505668733,80
2025-03-23,NG,Nutrition_Diets,173,-1.304621354,2.842240938,4.146862292,6.98910323,18.65623584,0.480599875,86
2025-03-30,NG,Nutrition_Diets,97,-0.621557441,3.998681153,4.620238594,8.618919748,18.83438688,0.52422529,58
2025-04-06,NG,Nutrition_Diets,199,-1.854552802,2.921577285,4.776130087,7.697707372,18.04943398,0.653197129,111
2025-04-13,NG,Nutrition_Diets,149,-1.54304072,2.955330547,4.498371267,7.453701815,18.8938893,0.508609679,70
2025-04-20,NG,Nutrition_Diets,170,-1.862464484,3.10121855,4.963683034,8.064901584,19.91203033,0.931360392,93
2025-04-27,NG,Nutrition_Diets,151,-0.391468244,3.601033418,3.992501662,7.59353508,18.77354122,0.60826434,77
2025-05-04,NG,Nutrition_Diets,156,-2.478266442,2.887940911,5.366207353,8.254148264,19.04664512,0.669910037,103
2025-05-11,NG,Nutrition_Diets,133,-0.582003972,3.814421795,4.396425767,8.210847562,19.21046495,0.702656378,73
2025-05-18,NG,Nutrition_Diets,133,-0.88567557,3.842229953,4.727905524,8.570135477,19.02421858,0.480886435,84
2025-05-25,NG,Nutrition_Diets,235,-3.110602955,3.021109209,6.131712164,9.152821372,19.38235884,0.607891736,134
2025-06-01,NG,Nutrition_Diets,256,-2.901202888,3.336854269,6.238057157,9.574911427,20.19490194,0.599926384,151
2025-06-08,NG,Nutrition_Diets,153,-1.361924582,3.50617177,4.868096352,8.374268122,19.53736228,0.794028427,94
2025-06-29,NG,Nutrition_Diets,136,-1.882497605,3.37058546,5.253083066,8.623668526,19.0809691,0.475125766,74
2025-07-06,NG,Nutrition_Diets,225,-2.143242825,2.976679449,5.119922274,8.096601723,19.00687863,0.496593576,129
2025-07-13,NG,Nutrition_Diets,147,-1.905173996,3.255438529,5.160612526,8.416051055,19.59826225,0.62420643,79
2025-07-20,NG,Nutrition_Diets,175,-0.817990589,3.324030287,4.142020876,7.466051163,18.49112139,0.522129561,73
2025-07-27,NG,Nutrition_Diets,240,-2.001521399,3.159975122,5.161496521,8.321471643,18.31555267,0.495996919,122
2025-08-03,NG,Nutrition_Diets,177,-1.477210964,3.204409967,4.681620931,7.886030899,18.95893843,0.509997156,104
2025-08-10,NG,Nutrition_Diets,147,-1.557499126,3.249070093,4.806569219,8.055639312,19.62817297,0.57168323,91
2025-08-17,NG,Nutrition_Diets,190,-0.303145608,4.059145998,4.362291606,8.421437604,18.89449092,0.521835489,112
2025-08-24,NG,Nutrition_Diets,269,-0.599996832,3.062189297,3.662186129,6.724375427,22.17711712,1.291349642,187
2025-08-31,NG,Nutrition_Diets,145,-2.320194234,3.19964035,5.519834585,8.719474935,19.22480591,0.349973362,89
2025-09-07,NG,Nutrition_Diets,110,-2.052014666,3.327068651,5.379083317,8.706151968,19.62878034,0.425633498,63
2025-09-14,NG,Nutrition_Diets,165,-1.618285812,3.329493706,4.947779518,8.277273224,19.10809988,0.473469055,103
2025-09-21,NG,Nutrition_Diets,162,-1.077620179,3.601801206,4.679421385,8.281222591,19.24274772,0.489591142,98
2025-09-28,NG,Nutrition_Diets,117,-1.82496946,3.225939516,5.050908976,8.276848491,19.73814299,0.829396566,75
2025-10-05,NG,Nutrition_Diets,123,-0.998521693,3.705861073,4.704382767,8.41024384,19.53809224,0.630492558,73
2025-10-12,NG,Nutrition_Diets,131,-0.808480691,3.707254195,4.515734886,8.22298908,19.01867317,0.796637609,74
2025-10-19,NG,Nutrition_Diets,200,-3.826966214,2.858248498,6.685214712,9.54346321,19.15857169,0.34861125,123
2025-10-26,NG,Nutrition_Diets,133,-1.488731975,3.434624112,4.923356087,8.357980198,19.1709622,0.549622526,86
2025-11-02,NG,Nutrition_Diets,136,-1.611612664,3.582746812,5.194359476,8.777106289,19.73465339,0.501573497,82
2025-11-09,NG,Nutrition_Diets,149,-0.636177837,3.204500873,3.840678711,7.045179584,18.91816556,0.432393696,79
2025-11-16,NG,Nutrition_Diets,153,-1.893491029,3.22508961,5.118580639,8.343670249,19.69202746,0.599349511,87
2025-11-23,NG,Nutrition_Diets,248,-2.812375434,3.016151875,5.828527309,8.844679184,20.44083035,0.599124086,143
2025-11-30,NG,Nutrition_Diets,177,-1.424930487,3.751816709,5.176747197,8.928563906,19.80249234,0.668799707,93
2025-12-07,NG,Nutrition_Diets,123,-1.667612023,3.64745425,5.315066273,8.962520523,19.03547764,0.563592133,58
2025-12-14,NG,Nutrition_Diets,123,-1.171622541,3.415453616,4.587076158,8.002529774,19.06529329,0.775617358,80
2025-12-21,NG,Nutrition_Diets,137,-1.400737858,3.510015162,4.91075302,8.420768182,19.81700253,0.513775111,70
2025-12-28,NG,Nutrition_Diets,75,-0.456889754,3.842774876,4.29966463,8.142439506,19.47669007,0.43468833,28
2026-01-04,NG,Nutrition_Diets,98,-1.831671548,3.243337484,5.075009032,8.318346516,19.56400398,0.765956271,55
2026-01-11,NG,Nutrition_Diets,90,-1.22866971,3.560241655,4.788911366,8.349153021,19.98251022,0.703338535,53
2026-01-18,NG,Nutrition_Diets,97,-1.571984886,3.266698093,4.838682979,8.105381072,18.92161495,0.442842396,41
2026-01-25,NG,Nutrition_Diets,120,-1.326488957,3.70677915,5.033268107,8.740047258,19.33720208,0.391621142,62
2026-02-01,NG,Nutrition_Diets,111,-2.151663373,3.375839299,5.527502672,8.903341971,18.47359784,0.526577124,68
2026-02-08,NG,Nutrition_Diets,135,-1.880102812,3.220346035,5.100448847,8.320794882,19.56650729,0.542027776,78
2026-02-15,NG,Nutrition_Diets,152,-1.167108935,3.226605199,4.393714134,7.620319333,19.30403462,0.474412174,103
2026-02-22,NG,Nutrition_Diets,258,-0.424729785,2.886252191,3.310981976,6.197234166,19.37738804,0.337803557,191
2026-03-01,NG,Nutrition_Diets,89,-1.20552195,3.160141138,4.365663088,7.525804226,19.38633387,0.734417365,67
2026-03-08,NG,Nutrition_Diets,76,-0.608880159,3.784044092,4.392924251,8.176968343,19.39984687,0.52172135,51
2026-03-15,NG,Nutrition_Diets,96,-3.162113849,3.121124304,6.283238153,9.404362457,18.80914137,0.661792844,64
2026-03-22,NG,Nutrition_Diets,192,-1.768606203,3.391079122,5.159685325,8.550764448,18.9065773,0.313995069,112
2026-03-29,NG,Nutrition_Diets,142,-2.083621498,3.304263518,5.387885016,8.692148534,19.10762837,0.356218776,74
2026-04-05,NG,Nutrition_Diets,131,-1.846187424,3.593753619,5.439941043,9.033694663,18.86970124,0.439228375,58
2026-04-12,NG,Nutrition_Diets,163,-0.892584115,3.474442991,4.367027106,7.841470097,18.26857598,0.421686146,86
2026-04-19,NG,Nutrition_Diets,136,-1.625902704,3.481536432,5.107439136,8.588975568,19.29399885,0.433053167,82
2026-04-26,NG,Nutrition_Diets,146,-2.427160809,3.379648036,5.806808845,9.18645688,18.89143624,0.399213241,84
2026-05-03,NG,Nutrition_Diets,144,-1.051222874,3.227107222,4.278330096,7.505437318,19.41378859,0.346360285,86
2026-05-10,NG,Nutrition_Diets,152,-1.317644372,3.781860834,5.099505206,8.88136604,17.90460831,0.350928487,49
2026-05-17,NG,Nutrition_Diets,132,-0.794818687,3.667095622,4.461914309,8.129009931,19.00356121,0.580979364,64
2026-05-24,NG,Nutrition_Diets,113,-1.749536985,3.594027366,5.343564351,8.937591717,19.15571948,0.53905354,64
2026-05-31,NG,Nutrition_Diets,141,-1.757834935,3.216714299,4.974549234,8.191263533,19.46618973,0.62891357,75
2026-06-07,NG,Nutrition_Diets,117,-2.168202566,3.047093824,5.215296389,8.262390213,19.66539019,0.49538411,69
2026-06-14,NG,Nutrition_Diets,99,-1.763088694,3.480681214,5.243769908,8.724451122,19.72411124,0.44160433,52
2026-06-21,NG,Nutrition_Diets,102,-0.924653303,3.477759545,4.402412848,7.880172393,19.21705935,0.381975572,55
2026-06-28,NG,Nutrition_Diets,145,-1.224582257,3.496756197,4.721338454,8.218094651,18.85389197,0.520411865,70
2026-07-05,NG,Nutrition_Diets,105,-1.068543448,3.492318334,4.560861782,8.053180116,18.93578113,0.437202738,59
2026-07-12,NG,Nutrition_Diets,110,-0.827209638,3.526455519,4.353665157,7.880120676,18.5631088,0.402013176,52
2026-07-19,NG,Nutrition_Diets,161,-2.20718961,2.979535587,5.186725197,8.166260785,19.68498596,0.366289496,117
2026-07-26,NG,Nutrition_Diets,314,-0.408567958,2.913421756,3.321989714,6.23541147,20.07893047,0.183126423,127
2026-08-02,NG,Nutrition_Diets,150,-2.084557173,3.530774545,5.615331718,9.146106263,19.62284698,0.610570419,101
2026-08-09,NG,Nutrition_Diets,145,-3.923541542,2.396519595,6.320061137,8.716580732,18.72292742,0.369701988,69
2026-08-16,NG,Nutrition_Diets,138,-1.715997463,3.122240847,4.83823831,7.960479157,19.76600178,0.471510119,86
2026-08-23,NG,Nutrition_Diets,83,-2.97194415,2.378623472,5.350567621,7.729191093,20.29396147,0.494740034,65
2023-01-01,SG,Fashion_Beauty,109,-1.78050649,2.495076383,4.275582873,6.770659256,22.11023922,0.470227125,75
2023-01-08,SG,Fashion_Beauty,51,-1.48706383,2.586701781,4.073765611,6.660467392,21.90550131,0.634875962,40
2023-01-15,SG,Fashion_Beauty,23,-2.728652165,2.435854369,5.164506533,7.600360902,21.34544478,1.098515807,21
2023-01-22,SG,Fashion_Beauty,37,0.025097541,2.721215541,2.696118001,5.417333542,20.45448843,1.012606453,25
2023-01-29,SG,Fashion_Beauty,32,-2.135738129,1.94339762,4.07913575,6.02253337,22.18338085,0.466454562,28
2023-02-05,SG,Fashion_Beauty,22,1.435994136,3.642478607,2.206484471,5.848963078,19.18927103,0.598901287,18
2023-02-12,SG,Fashion_Beauty,27,0.219314655,2.779824583,2.560509928,5.340334511,20.6591108,0.725887707,22
2023-02-19,SG,Fashion_Beauty,39,-0.318074944,4.28922951,4.607304455,8.896533965,17.22081915,0.484299751,33
2023-02-26,SG,Fashion_Beauty,33,-0.725016641,3.736913779,4.46193042,8.198844199,19.98727421,0.590813987,31
2023-03-05,SG,Fashion_Beauty,19,1.099483157,3.809329884,2.709846726,6.51917661,20.46278311,0.674335511,14
2023-03-12,SG,Fashion_Beauty,10,0.804785967,3.531552347,2.72676638,6.258318727,18.88984354,0.451656241,9
2023-03-19,SG,Fashion_Beauty,36,-0.27249717,2.859572654,3.132069825,5.991642479,19.82105182,0.903393965,31
2023-03-26,SG,Fashion_Beauty,41,-0.646958948,2.580511372,3.22747032,5.807981693,19.57936069,0.468963488,31
2023-04-02,SG,Fashion_Beauty,98,-1.655378941,2.554729793,4.210108734,6.764838527,20.03151625,0.331604216,82
2023-04-09,SG,Fashion_Beauty,45,-0.637774241,2.36293827,3.000712512,5.363650782,19.41344624,0.376298899,39
2023-04-16,SG,Fashion_Beauty,22,0.296992717,2.90057904,2.603586323,5.504165363,18.80039404,0.497558344,20
2023-04-23,SG,Fashion_Beauty,51,-0.413631284,2.921175069,3.334806353,6.255981422,19.66504512,0.668917039,45
2023-04-30,SG,Fashion_Beauty,44,-0.069025507,3.387534849,3.456560356,6.844095205,20.34750179,0.645537558,29
2023-05-07,SG,Fashion_Beauty,91,-2.832650558,2.433632359,5.266282917,7.699915276,19.02474111,0.586452607,65
2023-05-14,SG,Fashion_Beauty,25,0.761626442,3.455720303,2.694093861,6.149814164,18.91163491,0.397685752,20
2023-05-21,SG,Fashion_Beauty,44,-0.78584856,2.825833369,3.611681929,6.437515297,19.82116475,0.995447095,37
2023-05-28,SG,Fashion_Beauty,55,-2.094581239,2.528921255,4.623502494,7.15242375,20.57646418,0.657246328,46
2023-06-04,SG,Fashion_Beauty,73,-2.112866511,2.711584267,4.824450777,7.536035044,19.63998671,0.578438775,57
2023-06-11,SG,Fashion_Beauty,118,0.617816468,3.322315366,2.704498898,6.026814263,19.90345987,0.642943089,88
2023-06-18,SG,Fashion_Beauty,98,-1.27067502,2.853213577,4.123888597,6.977102174,20.87337816,0.539277419,68
2023-06-25,SG,Fashion_Beauty,52,-1.244583732,2.601561541,3.846145273,6.447706814,19.33732642,0.239477203,43
2023-07-02,SG,Fashion_Beauty,119,-1.288608738,2.725701978,4.014310716,6.740012694,21.16849861,0.298657055,104
2023-07-09,SG,Fashion_Beauty,702,-3.153253117,1.745577315,4.898830432,6.644407746,21.35062949,0.208724754,489
2023-07-16,SG,Fashion_Beauty,77,-1.273562298,2.491238446,3.764800743,6.256039189,20.36046812,0.355686411,62
2023-07-23,SG,Fashion_Beauty,219,-3.742874792,1.81083341,5.553708202,7.364541613,22.14474158,0.3068002,165
2023-07-30,SG,Fashion_Beauty,89,-3.993478707,2.024029405,6.017508112,8.041537517,20.81764223,0.442021879,69
2023-08-06,SG,Fashion_Beauty,89,-2.703302612,2.083614658,4.78691727,6.870531927,20.88078571,0.321494792,75
2023-08-13,SG,Fashion_Beauty,442,-3.892314164,1.64470327,5.537017435,7.181720705,23.39074786,0.265828198,365
2023-08-20,SG,Fashion_Beauty,78,-1.474165439,2.584954452,4.059119891,6.644074343,21.8052379,0.39536905,65
2023-08-27,SG,Fashion_Beauty,158,-1.675368111,2.651589505,4.326957616,6.978547121,21.14082617,0.286198006,100
2023-09-03,SG,Fashion_Beauty,51,-1.615117563,2.245540846,3.86065841,6.106199256,21.10497311,0.493518985,33
2023-09-10,SG,Fashion_Beauty,45,-1.205571837,2.336700963,3.5422728,5.878973763,19.52629592,0.335469363,40
2023-09-17,SG,Fashion_Beauty,68,-0.134079705,2.949182025,3.08326173,6.032443755,20.1713089,0.507146953,57
2023-09-24,SG,Fashion_Beauty,53,-1.770533966,2.271286146,4.041820112,6.313106258,19.07266486,0.271892776,39
2023-10-01,SG,Fashion_Beauty,180,-3.017379009,1.338860912,4.356239921,5.695100833,19.41904966,0.298212197,145
2023-10-08,SG,Fashion_Beauty,84,-1.606890755,2.273137164,3.880027918,6.153165082,18.68655221,0.385517589,55
2023-10-15,SG,Fashion_Beauty,100,-1.349730447,2.139680763,3.48941121,5.629091972,19.47275601,0.316321378,77
2023-10-22,SG,Fashion_Beauty,263,-2.251381311,1.943109101,4.194490412,6.137599514,19.46767686,0.277247767,171
2023-10-29,SG,Fashion_Beauty,219,-2.703208232,2.104201183,4.807409414,6.911610597,19.9916844,0.539696114,149
2023-11-05,SG,Fashion_Beauty,191,-3.336527494,1.881524487,5.218051981,7.099576469,19.82769667,0.361221363,125
2023-11-12,SG,Fashion_Beauty,103,-1.919572382,2.458473139,4.378045521,6.83651866,19.692022,0.746972275,76
2023-11-19,SG,Fashion_Beauty,60,0.041279978,3.053068552,3.011788574,6.064857127,20.04201801,1.101190337,50
2023-11-26,SG,Fashion_Beauty,82,-0.031231713,3.225436986,3.256668699,6.482105685,20.53232265,0.795765212,48
2023-12-03,SG,Fashion_Beauty,48,-0.273027991,3.091020306,3.364048297,6.455068603,18.37403678,0.625972867,38
2023-12-10,SG,Fashion_Beauty,165,-1.160468843,2.250901438,3.411370281,5.662271719,19.20699702,0.416506653,100
2023-12-17,SG,Fashion_Beauty,104,-0.384015926,3.245560763,3.629576689,6.875137452,20.25139927,0.553028591,91
2023-12-24,SG,Fashion_Beauty,103,0.570386043,3.490959879,2.920573836,6.411533716,18.3121474,0.317619546,83
2023-12-31,SG,Fashion_Beauty,178,-2.787503794,2.033431284,4.820935078,6.854366362,20.34980698,0.374252385,142
2024-01-07,SG,Fashion_Beauty,226,-3.639609875,1.936665451,5.576275326,7.512940777,20.25187034,0.257903273,154
2024-01-14,SG,Fashion_Beauty,152,-0.396785972,3.259651438,3.656437409,6.916088847,21.28626971,0.544306814,97
2024-01-21,SG,Fashion_Beauty,110,-0.20805501,3.183383552,3.391438562,6.574822114,20.53210521,0.644438107,80
2024-01-28,SG,Fashion_Beauty,93,-1.653109521,2.643146601,4.296256122,6.939402723,20.0735321,0.511308337,61
2024-02-04,SG,Fashion_Beauty,265,-2.576611867,2.629801158,5.206413025,7.836214183,18.81224897,0.327699553,168
2024-02-11,SG,Fashion_Beauty,68,-0.906164967,3.302834652,4.208999619,7.511834271,19.64818107,0.33004169,56
2024-02-18,SG,Fashion_Beauty,84,0.174477466,3.125141238,2.950663772,6.07580501,19.47161487,0.723237904,65
2024-02-25,SG,Fashion_Beauty,203,-4.669336708,1.647603132,6.31693984,7.964542972,22.5831038,0.444562844,164
2024-03-03,SG,Fashion_Beauty,154,-3.012636058,2.316863777,5.329499834,7.646363611,20.29080663,0.291653296,87
2024-03-10,SG,Fashion_Beauty,81,-0.992852953,3.195927354,4.188780307,7.384707662,20.15080467,0.652176288,54
2024-03-17,SG,Fashion_Beauty,91,0.224703315,3.460707973,3.236004658,6.696712631,19.7358905,1.093798873,57
2024-03-24,SG,Fashion_Beauty,279,0.308020882,3.976020877,3.667999995,7.644020872,20.34939731,0.587476042,144
2024-03-31,SG,Fashion_Beauty,199,0.116132656,3.384857274,3.268724618,6.653581892,18.83602091,0.528033455,137
2024-04-07,SG,Fashion_Beauty,174,0.206218686,3.475727845,3.269509159,6.745237004,20.45414403,0.876038987,98
2024-04-14,SG,Fashion_Beauty,94,-0.513670958,3.043801658,3.557472617,6.601274275,20.03955199,0.569700356,61
2024-04-21,SG,Fashion_Beauty,105,-3.044906145,1.994519085,5.039425231,7.033944316,19.65157131,0.409624206,75
2024-04-28,SG,Fashion_Beauty,91,-1.067716149,2.77314591,3.840862059,6.614007969,20.67849868,0.362891638,61
2024-05-05,SG,Fashion_Beauty,110,-0.345733128,2.753305232,3.09903836,5.852343592,19.96084257,0.526949188,48
2024-05-12,SG,Fashion_Beauty,81,-1.525097525,2.358518876,3.883616401,6.242135276,19.14653669,0.420392084,60
2024-05-19,SG,Fashion_Beauty,279,-4.23346426,1.721382708,5.954846968,7.676229676,22.33271898,0.470084946,214
2024-05-26,SG,Fashion_Beauty,186,-3.47896858,1.530916169,5.00988475,6.540800919,23.5694558,0.292225433,155
2024-06-02,SG,Fashion_Beauty,98,-1.07687589,2.397047056,3.473922946,5.870970002,18.69439421,0.737380514,54
2024-06-09,SG,Fashion_Beauty,103,-1.974387227,2.376605345,4.350992573,6.727597918,19.49475682,0.454511371,73
2024-06-16,SG,Fashion_Beauty,119,-2.785213285,2.058534428,4.843747713,6.902282141,20.56271473,0.314891192,86
2024-06-23,SG,Fashion_Beauty,82,-0.551698899,2.707481586,3.259180486,5.966662072,20.09908211,0.811718442,46
2024-06-30,SG,Fashion_Beauty,180,-2.430508477,2.310165639,4.740674116,7.050839755,21.21636437,0.243597263,143
2024-07-07,SG,Fashion_Beauty,70,-1.159282934,2.553091579,3.712374513,6.265466091,19.59419258,0.660446595,46
2024-07-14,SG,Fashion_Beauty,75,-1.282047287,2.662167695,3.944214982,6.606382677,20.31645022,0.487753459,43
2024-07-21,SG,Fashion_Beauty,125,-3.577569669,1.966556907,5.544126576,7.510683483,21.07292349,0.529349815,95
2024-07-28,SG,Fashion_Beauty,70,-0.022941366,3.214735668,3.237677034,6.452412701,19.67571543,0.469860877,48
2024-08-04,SG,Fashion_Beauty,48,-0.895753567,2.828947921,3.724701488,6.553649409,20.48467288,0.695373909,40
2024-08-11,SG,Fashion_Beauty,75,-1.888159098,2.245407594,4.133566692,6.378974287,20.03536057,0.204290257,51
2024-08-18,SG,Fashion_Beauty,211,-1.763355736,2.35392577,4.117281506,6.471207277,19.00508831,0.345758752,142
2024-08-25,SG,Fashion_Beauty,796,-2.000500645,2.359862435,4.36036308,6.720225515,18.90571563,0.376303887,331
2024-09-01,SG,Fashion_Beauty,195,-1.158965692,2.628574893,3.787540585,6.416115477,19.84145387,0.404143304,125
2024-09-08,SG,Fashion_Beauty,272,-2.882046754,2.073378786,4.95542554,7.028804326,20.7129692,0.371113605,168
2024-09-15,SG,Fashion_Beauty,157,-1.958290722,2.470993397,4.429284119,6.900277515,19.60916011,0.400263727,91
2024-09-22,SG,Fashion_Beauty,350,-3.334824765,2.311783212,5.646607976,7.958391188,21.46916844,0.252799771,223
2024-09-29,SG,Fashion_Beauty,230,-2.725005218,2.437314283,5.162319501,7.599633784,21.15718687,0.394482524,151
2024-10-06,SG,Fashion_Beauty,160,-1.311475607,2.641863807,3.953339414,6.595203222,19.4671334,0.564578146,91
2024-10-13,SG,Fashion_Beauty,116,-2.15209286,2.570112282,4.722205141,7.292317423,19.64563888,0.489636121,69
2024-10-20,SG,Fashion_Beauty,80,-1.464459571,2.68903799,4.153497561,6.84253555,20.10618355,0.427698231,51
2024-10-27,SG,Fashion_Beauty,94,-2.367899976,2.646767458,5.014667434,7.661434892,19.88126724,0.376238298,58
2024-11-03,SG,Fashion_Beauty,80,-1.262351318,3.182459889,4.444811206,7.627271095,19.76993302,0.261342892,55
2024-11-10,SG,Fashion_Beauty,71,-0.36424056,3.262482689,3.626723249,6.889205937,19.83658572,0.487291731,42
2024-11-17,SG,Fashion_Beauty,142,-0.867315107,3.037692069,3.905007176,6.942699245,19.93199475,0.336117489,86
2024-11-24,SG,Fashion_Beauty,78,-0.71451926,3.150569673,3.865088933,7.015658606,20.2944681,0.472449822,61
2024-12-01,SG,Fashion_Beauty,100,0.16764132,3.489779536,3.322138216,6.811917752,19.82141797,0.469689551,57
2024-12-08,SG,Fashion_Beauty,60,-0.590139105,3.303506941,3.893646046,7.197152987,19.67348459,0.612999715,48
2024-12-15,SG,Fashion_Beauty,78,-0.668136556,3.050253697,3.718390253,6.76864395,19.68924355,0.416896116,47
2024-12-22,SG,Fashion_Beauty,271,-3.743789671,1.926608048,5.670397718,7.597005766,18.57762316,0.304416162,222
2024-12-29,SG,Fashion_Beauty,296,-3.275763908,1.835598069,5.111361977,6.946960045,19.17595823,0.296491924,221
2025-01-05,SG,Fashion_Beauty,130,-0.75479441,3.075426212,3.830220622,6.905646834,21.22417638,0.388440633,92
2025-01-12,SG,Fashion_Beauty,127,-0.33895127,3.214255655,3.553206924,6.767462579,20.43614244,0.585475728,81
2025-01-19,SG,Fashion_Beauty,104,-0.508114774,3.10366219,3.611776964,6.715439154,20.28955074,0.534769322,50
2025-01-26,SG,Fashion_Beauty,134,-1.56194856,2.636010285,4.197958845,6.83396913,19.80910665,0.430636785,80
2025-02-02,SG,Fashion_Beauty,116,-2.279282629,2.43649262,4.715775249,7.152267868,20.2250342,0.351223489,80
2025-02-09,SG,Fashion_Beauty,111,-2.103461768,2.531227483,4.634689252,7.165916735,19.10535525,0.306715855,55
2025-02-16,SG,Fashion_Beauty,82,-0.610335842,2.910189658,3.5205255,6.430715158,19.88876064,0.531858933,38
2025-02-23,SG,Fashion_Beauty,89,-1.528545922,2.993501432,4.522047354,7.515548786,19.80413611,0.733906345,60
2025-03-02,SG,Fashion_Beauty,81,-1.643264218,2.738771084,4.382035303,7.120806387,20.20898158,0.526667685,39
2025-03-09,SG,Fashion_Beauty,64,-0.681335179,2.88181275,3.563147929,6.444960679,19.44443815,0.73740819,39
2025-03-16,SG,Fashion_Beauty,120,-0.859929827,2.830034556,3.689964384,6.51999894,19.60537864,0.441847136,62
2025-03-23,SG,Fashion_Beauty,116,-1.372156583,2.759077746,4.131234328,6.890312074,20.47141983,0.47523221,63
2025-03-30,SG,Fashion_Beauty,78,0.991786638,4.028137873,3.036351235,7.064489108,19.45796943,1.059096406,38
2025-04-06,SG,Fashion_Beauty,91,-0.710085314,3.172476661,3.882561975,7.055038636,19.20543244,0.539860941,55
2025-04-13,SG,Fashion_Beauty,106,-1.779222866,3.000472786,4.779695652,7.780168438,19.19243758,0.377101749,55
2025-04-20,SG,Fashion_Beauty,77,-0.901598219,3.070702446,3.972300665,7.043003111,19.27018625,0.285975373,51
2025-04-27,SG,Fashion_Beauty,68,-0.488388651,3.362580977,3.850969627,7.213550604,19.54283536,0.620881078,45
2025-05-04,SG,Fashion_Beauty,108,-0.579212606,3.099194905,3.67840751,6.777602415,19.29900345,0.40372546,47
2025-05-11,SG,Fashion_Beauty,102,-1.120840663,3.177963013,4.298803675,7.476766688,18.94841059,0.577380203,64
2025-05-18,SG,Fashion_Beauty,125,-0.053932167,3.287932149,3.341864316,6.629796465,20.31488284,0.431692279,58
2025-05-25,SG,Fashion_Beauty,224,-0.877772961,3.307057464,4.184830425,7.491887889,21.51164836,0.331403724,171
2025-06-01,SG,Fashion_Beauty,81,-1.142611659,2.57224569,3.714857349,6.287103039,20.32586627,0.474443005,45
2025-06-08,SG,Fashion_Beauty,123,-1.092811147,3.126039839,4.218850986,7.344890825,21.66298287,0.45909209,77
2025-06-29,SG,Fashion_Beauty,64,-0.450982351,3.714294998,4.165277349,7.879572347,19.54026361,0.495005622,39
2025-07-06,SG,Fashion_Beauty,91,-1.087046265,2.933991238,4.021037503,6.955028742,19.44494729,0.654632001,60
2025-07-13,SG,Fashion_Beauty,154,-0.838969713,2.746762797,3.585732509,6.332495306,19.00090851,0.444107433,72
2025-07-20,SG,Fashion_Beauty,108,-0.161298217,3.019253499,3.180551715,6.199805214,18.98720488,0.524650587,58
2025-07-27,SG,Fashion_Beauty,102,-0.617582414,3.408495739,4.026078153,7.434573892,19.90065214,0.359341601,52
2025-08-03,SG,Fashion_Beauty,107,-0.665576704,3.221889659,3.887466364,7.109356023,19.212861,0.403982398,50
2025-08-10,SG,Fashion_Beauty,59,-0.232569715,3.267162889,3.499732605,6.766895494,19.52679377,0.633839596,46
2025-08-17,SG,Fashion_Beauty,115,-1.042408495,3.250605997,4.293014492,7.543620489,19.45442356,0.366777244,52
2025-08-24,SG,Fashion_Beauty,277,-2.396927983,2.752057422,5.148985405,7.901042828,20.21812074,0.261516331,139
2025-08-31,SG,Fashion_Beauty,79,-0.23401695,3.488814807,3.722831757,7.211646564,19.3515564,0.427965025,47
2025-09-07,SG,Fashion_Beauty,82,-0.948244574,3.292412541,4.240657115,7.533069656,20.47720161,0.452476882,51
2025-09-14,SG,Fashion_Beauty,178,-2.989272398,2.558071801,5.5473442,8.105416001,20.59470744,0.28771539,98
2025-09-21,SG,Fashion_Beauty,93,-0.092386591,3.461637156,3.554023747,7.015660903,19.45953589,0.311242771,57
2025-09-28,SG,Fashion_Beauty,129,-0.635299968,3.091185708,3.726485676,6.817671384,20.0370323,0.522374887,65
2025-10-05,SG,Fashion_Beauty,218,-1.248334472,3.763567717,5.011902189,8.775469906,19.53605293,0.307505217,146
2025-10-12,SG,Fashion_Beauty,148,-0.790986552,3.199085025,3.990071577,7.189156602,19.18434505,0.412679854,54
2025-10-19,SG,Fashion_Beauty,118,-0.283003681,3.266103204,3.549106885,6.815210089,19.04006351,0.550603829,63
2025-10-26,SG,Fashion_Beauty,122,0.256369603,3.797647547,3.541277945,7.338925492,19.04224493,0.29687759,70
2025-11-02,SG,Fashion_Beauty,154,0.352309235,3.567947059,3.215637824,6.783584883,20.05755258,0.415753289,76
2025-11-09,SG,Fashion_Beauty,85,-0.006293868,3.539989345,3.546283214,7.086272559,19.54145172,0.37399555,48
2025-11-16,SG,Fashion_Beauty,82,-0.173772041,3.075398003,3.249170044,6.324568047,19.64570774,0.287128419,31
2025-11-23,SG,Fashion_Beauty,103,0.140833757,3.32213388,3.181300123,6.503434003,20.03422133,0.350133618,57
2025-11-30,SG,Fashion_Beauty,124,-0.337434713,3.303404866,3.640839579,6.944244444,19.49241682,0.38947972,62
2025-12-07,SG,Fashion_Beauty,97,-0.051076571,3.573498656,3.624575227,7.198073883,18.73624381,0.371812074,52
2025-12-14,SG,Fashion_Beauty,76,-0.404878468,3.26871175,3.673590218,6.942301967,20.4509021,0.398817474,46
2025-12-21,SG,Fashion_Beauty,59,-0.880028127,2.862392358,3.742420485,6.604812843,19.89669314,0.271902337,37
2025-12-28,SG,Fashion_Beauty,137,-1.709901904,2.492665377,4.202567281,6.695232658,19.61467865,0.317057151,86
2026-01-04,SG,Fashion_Beauty,146,-0.896812941,2.866458302,3.763271243,6.629729545,20.57905567,0.390775837,101
2026-01-11,SG,Fashion_Beauty,100,-0.964371118,2.838314215,3.802685332,6.640999547,20.92991123,0.353389563,79
2026-01-18,SG,Fashion_Beauty,61,-0.414416374,3.542146742,3.956563116,7.498709857,19.37028762,0.423275086,40
2026-01-25,SG,Fashion_Beauty,62,0.286189757,3.711553352,3.425363595,7.136916946,20.51398637,0.304829173,39
2026-02-01,SG,Fashion_Beauty,82,-0.682242193,2.886949396,3.569191589,6.456140985,18.59361649,0.616045521,55
2026-02-08,SG,Fashion_Beauty,78,-0.76387769,3.036362872,3.800240562,6.836603435,19.14041735,0.472172964,45
2026-02-15,SG,Fashion_Beauty,78,0.901402985,3.429601056,2.528198071,5.957799128,18.62302612,0.57232299,39
2026-02-22,SG,Fashion_Beauty,66,-0.322987314,3.086695742,3.409683057,6.496378799,18.75070656,0.544979564,35
2026-03-01,SG,Fashion_Beauty,70,-1.383941036,2.814780209,4.198721245,7.013501453,19.94545865,0.244258586,48
2026-03-08,SG,Fashion_Beauty,70,-0.477050878,3.221452804,3.698503682,6.919956485,18.44526768,0.28897536,36
2026-03-15,SG,Fashion_Beauty,82,-1.052574344,2.789526023,3.842100367,6.631626391,19.8145604,0.356026553,54
2026-03-22,SG,Fashion_Beauty,189,0.034477968,3.314617374,3.280139407,6.594756781,19.09700615,0.310241733,81
2026-03-29,SG,Fashion_Beauty,116,-0.52244565,3.183630181,3.706075831,6.889706012,19.48294432,0.363126364,56
2026-04-05,SG,Fashion_Beauty,98,-0.140907611,3.135427646,3.276335257,6.411762903,18.9774307,0.397583978,55
2026-04-12,SG,Fashion_Beauty,61,-0.667041045,3.088358459,3.755399503,6.843757962,18.17524567,0.375003235,38
2026-04-19,SG,Fashion_Beauty,106,-0.840324248,2.876503075,3.716827323,6.593330399,18.66449845,0.301592329,45
2026-04-26,SG,Fashion_Beauty,98,0.182685945,2.834191612,2.651505667,5.48569728,19.35342002,0.233647971,39
2026-05-03,SG,Fashion_Beauty,118,-1.414109293,2.75823543,4.172344722,6.930580152,19.71814678,0.37144139,51
2026-05-10,SG,Fashion_Beauty,61,0.200655226,3.522239312,3.321584085,6.843823397,18.54398797,0.309177278,37
2026-05-17,SG,Fashion_Beauty,87,-1.359061751,2.776727194,4.135788945,6.912516139,19.45149285,0.220293718,49
2026-05-24,SG,Fashion_Beauty,100,-0.365299747,3.532043617,3.897343364,7.429386982,19.63446224,0.57672408,62
2026-05-31,SG,Fashion_Beauty,105,-1.589225584,2.496682239,4.085907823,6.582590063,19.36400145,0.465389602,55
2026-06-07,SG,Fashion_Beauty,216,-1.148772045,2.770489164,3.919261209,6.689750373,20.49117473,0.405658596,113
2026-06-14,SG,Fashion_Beauty,100,-1.027862796,2.774584926,3.802447722,6.577032648,19.53330556,0.366264323,49
2026-06-21,SG,Fashion_Beauty,111,-0.722972649,2.857968836,3.580941485,6.438910321,20.15779328,0.343506563,49
2026-06-28,SG,Fashion_Beauty,218,0.173003298,2.926161977,2.753158679,5.679320656,20.25345413,0.544431822,146
2026-07-05,SG,Fashion_Beauty,98,0.991739326,3.537814676,2.546075351,6.083890027,19.71650329,0.418303813,55
2026-07-12,SG,Fashion_Beauty,86,-0.004200138,3.20688402,3.211084157,6.417968177,18.74643675,0.273848724,41
2026-07-19,SG,Fashion_Beauty,108,0.27409571,3.41504654,3.14095083,6.55599737,19.19759129,0.334527093,58
2026-07-26,SG,Fashion_Beauty,168,-0.818617256,2.900321328,3.718938584,6.619259912,19.26786476,0.364549568,101
2026-08-02,SG,Fashion_Beauty,145,-1.6394921,2.427490249,4.066982349,6.494472599,19.32008412,0.198680749,100
2026-08-09,SG,Fashion_Beauty,130,-1.297105127,2.452904096,3.750009223,6.202913319,20.24860434,0.334363292,58
2026-08-16,SG,Fashion_Beauty,183,-1.734008673,2.478659428,4.212668101,6.691327529,20.30690694,0.501165027,75
2026-08-23,SG,Fashion_Beauty,41,-1.32926681,2.414052357,3.743319167,6.157371524,20.26438729,0.302113056,25
2023-01-01,SG,Fitness_Wearables,44,0.817245207,3.566821576,2.749576369,6.316397945,21.5676562,0.547609495,8
2023-01-08,SG,Fitness_Wearables,37,0.020618482,3.104959988,3.084341506,6.189301494,21.23663863,1.074080485,12
2023-01-15,SG,Fitness_Wearables,12,1.781546707,4.246911833,2.465365126,6.712276959,22.8376095,0.671226345,9
2023-01-22,SG,Fitness_Wearables,6,2.171089323,4.100314575,1.929225252,6.029539828,17.33778078,0,6
2023-01-29,SG,Fitness_Wearables,5,-0.941456647,2.626097262,3.567553909,6.193651171,19.05881884,1.113441153,4
2023-02-05,SG,Fitness_Wearables,10,2.286587362,3.680098887,1.393511524,5.073610411,18.69905742,0.558575079,8
2023-02-12,SG,Fitness_Wearables,3,0.877961486,2.527484773,1.649523288,4.177008061,24.2771294,2.960607912,3
2023-02-19,SG,Fitness_Wearables,6,0.313577704,2.548430278,2.234852574,4.783282852,18.90969985,0.457906984,5
2023-02-26,SG,Fitness_Wearables,21,-0.576962272,3.374282841,3.951245113,7.325527953,20.03319413,0.380419844,18
2023-03-05,SG,Fitness_Wearables,6,1.841111148,3.926212875,2.085101727,6.011314601,19.6836339,0.923258346,4
2023-03-12,SG,Fitness_Wearables,10,0.337220261,2.561118805,2.223898543,4.785017348,20.71727131,0.46398617,9
2023-03-19,SG,Fitness_Wearables,7,-0.084344612,2.589315493,2.673660105,5.262975598,20.38589862,1.433386517,5
2023-03-26,SG,Fitness_Wearables,8,-0.011614372,4.391551272,4.403165645,8.794716917,18.72526661,1.123968846,7
2023-04-02,SG,Fitness_Wearables,10,2.505765507,4.415097343,1.909331836,6.324429179,16.83647638,3.898565386,9
2023-04-09,SG,Fitness_Wearables,11,1.538643461,3.304505217,1.765861756,5.070366973,20.13919916,1.062958239,9
2023-04-16,SG,Fitness_Wearables,20,1.228746007,3.477438637,2.24869263,5.726131268,20.4841894,0.845831076,17
2023-04-23,SG,Fitness_Wearables,10,1.228344351,3.35439242,2.12604807,5.48044049,20.82926738,0.333671597,8
2023-04-30,SG,Fitness_Wearables,14,-0.095847833,2.558144669,2.653992502,5.212137171,18.0832959,0.374237363,10
2023-05-07,SG,Fitness_Wearables,13,1.4382973,2.828609914,1.390312615,4.218922529,17.28325136,0.382993236,6
2023-05-14,SG,Fitness_Wearables,17,-1.223114536,3.143125529,4.366240065,7.509365594,17.5126121,0.415141459,12
2023-05-21,SG,Fitness_Wearables,18,1.136285615,2.861729496,1.725443881,4.587173377,16.82005166,0.507326185,14
2023-05-28,SG,Fitness_Wearables,23,-3.464854562,2.085076139,5.549930701,7.63500684,20.51165501,0.399136359,19
2023-06-04,SG,Fitness_Wearables,22,-1.374463294,2.651382452,4.025845746,6.677228198,19.37647712,0.68926656,16
2023-06-11,SG,Fitness_Wearables,17,0.161419769,1.971491229,1.81007146,3.781562688,15.77747671,0.573953103,11
2023-06-18,SG,Fitness_Wearables,10,-0.254196979,2.737281004,2.991477983,5.728758987,19.31058835,0.281284661,7
2023-06-25,SG,Fitness_Wearables,11,2.857676504,4.321644943,1.463968439,5.785613381,18.02486046,0.566544989,11
2023-07-02,SG,Fitness_Wearables,13,2.504702408,3.884373534,1.379671126,5.264044659,19.73412393,0.820731993,12
2023-07-09,SG,Fitness_Wearables,13,-0.809341728,3.228591175,4.037932903,7.266524078,21.79907512,0.913715491,10
2023-07-16,SG,Fitness_Wearables,12,1.016852747,3.680631273,2.663778526,6.344409799,20.07784492,1.386885145,12
2023-07-23,SG,Fitness_Wearables,12,-1.500217134,2.950416309,4.450633443,7.401049752,20.18233544,1.864568745,9
2023-07-30,SG,Fitness_Wearables,10,3.214402011,4.658237944,1.443835933,6.102073876,15.06733508,0.440879113,7
2023-08-06,SG,Fitness_Wearables,16,-2.206783951,2.638539185,4.845323137,7.483862322,17.65717271,0.088075036,11
2023-08-13,SG,Fitness_Wearables,8,2.00610735,3.770238591,1.764131241,5.534369831,17.59640146,0.275419715,6
2023-08-20,SG,Fitness_Wearables,10,-0.089999145,2.715664858,2.805664003,5.521328861,18.32681535,1.19959037,6
2023-08-27,SG,Fitness_Wearables,13,1.954658759,3.408029925,1.453371166,4.861401091,18.1503562,0.39034924,10
2023-09-03,SG,Fitness_Wearables,6,-1.660202678,2.141452228,3.801654907,5.943107135,21.20316616,1.508985554,5
2023-09-10,SG,Fitness_Wearables,19,3.767824825,4.661725686,0.893900861,5.555626547,17.71726279,0.609522604,16
2023-09-17,SG,Fitness_Wearables,25,0.127140777,3.221238155,3.094097377,6.315335532,18.89161814,0.525113975,15
2023-09-24,SG,Fitness_Wearables,6,1.633749669,3.600582286,1.966832617,5.567414903,19.02299152,0.282644008,5
2023-10-01,SG,Fitness_Wearables,17,0.284948411,3.443452988,3.158504577,6.601957564,17.54675453,0.840139093,12
2023-10-08,SG,Fitness_Wearables,52,1.527104252,3.480415348,1.953311096,5.433726444,20.33131754,0.344387921,35
2023-10-15,SG,Fitness_Wearables,7,-0.290997704,2.210612486,2.501610191,4.712222677,17.73062382,0.722662585,6
2023-10-22,SG,Fitness_Wearables,16,0.80563122,3.327040067,2.521408847,5.848448915,16.83594324,0.781143407,13
2023-10-29,SG,Fitness_Wearables,17,1.430691488,3.453024297,2.022332809,5.475357107,17.15243141,0.508897471,11
2023-11-05,SG,Fitness_Wearables,4,1.338961978,3.201637518,1.862675541,5.064313059,18.21432459,1.375628265,3
2023-11-12,SG,Fitness_Wearables,20,1.860065249,3.473596035,1.613530786,5.08712682,18.13013948,0.607455575,14
2023-11-19,SG,Fitness_Wearables,25,1.885662946,3.511751915,1.626088969,5.137840884,20.22730273,0.370810354,10
2023-11-26,SG,Fitness_Wearables,14,0.604466103,2.220994822,1.616528719,3.837523541,15.70113815,0.427114837,11
2023-12-03,SG,Fitness_Wearables,12,-0.177296575,3.343223062,3.520519637,6.8637427,19.72019988,0.795263992,11
2023-12-10,SG,Fitness_Wearables,9,2.0701406,3.574182683,1.504042082,5.078224765,17.18119572,0.512274411,7
2023-12-17,SG,Fitness_Wearables,11,1.02183003,2.831459596,1.809629566,4.641089162,17.2430304,0.38572914,9
2023-12-24,SG,Fitness_Wearables,6,2.234116778,4.811416425,2.577299647,7.388716073,15.94890792,2.261939971,6
2023-12-31,SG,Fitness_Wearables,11,1.618898449,3.909824311,2.290925862,6.200750173,19.91006009,0.584977252,7
2024-01-07,SG,Fitness_Wearables,26,1.978425641,3.947243079,1.968817438,5.916060517,20.09998564,0.610543308,10
2024-01-14,SG,Fitness_Wearables,34,2.127268198,3.939974028,1.812705829,5.752679857,21.8205706,0.625135654,13
2024-01-21,SG,Fitness_Wearables,5,1.026717,3.155685656,2.128968656,5.284654313,17.11739742,0.341094491,3
2024-01-28,SG,Fitness_Wearables,6,3.05379958,4.067600451,1.01380087,5.081401321,18.30011413,0.858298472,6
2024-02-04,SG,Fitness_Wearables,12,1.329731762,2.903055297,1.573323536,4.476378833,18.55642399,0.586363371,11
2024-02-11,SG,Fitness_Wearables,9,-0.838173616,3.087403713,3.925577329,7.012981042,19.49951266,1.035201196,9
2024-02-18,SG,Fitness_Wearables,4,1.25521666,3.853962661,2.598746001,6.452708661,20.47662514,0.681444992,3
2024-02-25,SG,Fitness_Wearables,8,-0.410666223,3.015111389,3.425777611,6.440889,18.53961242,0.2831087,8
2024-03-03,SG,Fitness_Wearables,16,0.821183548,2.423428854,1.602245306,4.025674159,19.43152392,0.474854009,11
2024-03-10,SG,Fitness_Wearables,30,-0.611535407,2.864676696,3.476212103,6.340888799,19.2667591,0.466011861,19
2024-03-17,SG,Fitness_Wearables,28,2.020746433,3.846989192,1.826242759,5.673231951,18.17977409,0.619919464,16
2024-03-24,SG,Fitness_Wearables,6,3.649276909,4.48964032,0.840363411,5.330003731,15.36234209,1.064347077,4
2024-03-31,SG,Fitness_Wearables,40,1.761165893,3.009809966,1.248644073,4.258454039,19.13920774,0.257386703,23
2024-04-07,SG,Fitness_Wearables,15,1.972817363,3.424739518,1.451922155,4.876661672,17.83645842,0.117143612,14
2024-04-14,SG,Fitness_Wearables,9,-1.338837659,2.363367004,3.702204663,6.065571667,20.10835477,1.019562384,7
2024-04-21,SG,Fitness_Wearables,35,0.02364783,2.547983245,2.524335415,5.07231866,20.68315399,0.743892562,17
2024-04-28,SG,Fitness_Wearables,14,0.984064275,3.685701459,2.701637184,6.387338644,19.86872084,1.036929636,12
2024-05-05,SG,Fitness_Wearables,17,2.7281059,4.39017026,1.66206436,6.052234619,19.74216069,0.504882646,12
2024-05-12,SG,Fitness_Wearables,28,0.67274048,2.189488853,1.516748373,3.706237226,17.63783077,0.536400552,14
2024-05-19,SG,Fitness_Wearables,7,1.553174419,3.805014906,2.251840488,6.056855394,19.483472,0.356489095,5
2024-05-26,SG,Fitness_Wearables,21,2.088923101,3.127270493,1.038347392,4.165617885,18.1448016,0.403630376,11
2024-06-02,SG,Fitness_Wearables,15,1.714113361,3.699708502,1.985595142,5.685303644,17.83096976,0.542851506,10
2024-06-09,SG,Fitness_Wearables,9,2.289445554,4.347615977,2.058170423,6.405786399,18.50031225,0.504050491,7
2024-06-16,SG,Fitness_Wearables,13,0.849190494,2.726268899,1.877078405,4.603347304,19.82147021,1.310685509,8
2024-06-23,SG,Fitness_Wearables,18,-0.828486802,2.186026923,3.014513725,5.200540648,19.93152988,0.963803006,13
2024-06-30,SG,Fitness_Wearables,17,-0.219220305,3.015314872,3.234535177,6.24985005,20.11955588,0.569607963,16
2024-07-07,SG,Fitness_Wearables,14,-0.377752191,1.845120694,2.222872885,4.067993578,18.26894014,0.161318283,11
2024-07-14,SG,Fitness_Wearables,14,0.652288777,3.288536832,2.636248055,5.924784887,20.92476079,2.05788563,12
2024-07-21,SG,Fitness_Wearables,10,1.374553935,3.06366599,1.689112055,4.752778045,17.43106117,0.313928084,7
2024-07-28,SG,Fitness_Wearables,17,0.81307066,3.397745417,2.584674757,5.982420174,18.78797106,0.814099834,11
2024-08-04,SG,Fitness_Wearables,14,3.824348655,5.669809189,1.845460534,7.515269723,19.74239322,0.376124356,9
2024-08-11,SG,Fitness_Wearables,6,2.241586342,3.42550163,1.183915288,4.609416918,20.60817363,0.308305735,5
2024-08-18,SG,Fitness_Wearables,4,1.186894485,3.431754807,2.244860322,5.676615129,18.53561315,0.428657143,3
2024-08-25,SG,Fitness_Wearables,12,1.030217413,3.416290195,2.386072782,5.802362978,17.60787676,0.535298417,7
2024-09-01,SG,Fitness_Wearables,30,2.3311973,3.783230841,1.452033542,5.235264383,18.5042746,0.232583039,18
2024-09-08,SG,Fitness_Wearables,8,-0.403781214,3.393431462,3.797212676,7.190644138,18.8256005,0.275679347,6
2024-09-15,SG,Fitness_Wearables,11,1.907449988,3.807496438,1.90004645,5.707542887,19.52185154,0.306402535,10
2024-09-22,SG,Fitness_Wearables,16,-1.549851004,2.514979291,4.064830296,6.579809587,17.82658748,0.318578294,9
2024-09-29,SG,Fitness_Wearables,18,1.9494884,3.866242575,1.916754175,5.78299675,18.9271267,1.062263712,14
2024-10-06,SG,Fitness_Wearables,51,-0.758340257,2.676173558,3.434513815,6.110687372,19.99260884,1.114035974,32
2024-10-13,SG,Fitness_Wearables,11,2.142859302,4.323800328,2.180941026,6.504741353,17.55924412,0.16202893,7
2024-10-20,SG,Fitness_Wearables,11,0.103309142,2.323795226,2.220486084,4.544281311,18.44310044,0.396979493,9
2024-10-27,SG,Fitness_Wearables,21,-0.27850844,3.643072,3.92158044,7.56465244,18.98227992,1.719833212,10
2024-11-03,SG,Fitness_Wearables,14,-0.00849079,3.178490262,3.186981052,6.365471314,18.61178344,0.611782091,9
2024-11-10,SG,Fitness_Wearables,8,3.190690052,4.144875238,0.954185186,5.099060424,18.60022833,0.359759288,7
2024-11-17,SG,Fitness_Wearables,12,2.541887698,3.647244702,1.105357004,4.752601707,18.29792543,0.548897752,7
2024-11-24,SG,Fitness_Wearables,15,1.72480574,3.714554565,1.989748825,5.704303391,20.25569514,0.456717876,10
2024-12-01,SG,Fitness_Wearables,17,1.247799247,3.271622601,2.023823354,5.295445955,19.88148687,0.618925841,14
2024-12-08,SG,Fitness_Wearables,26,0.216485979,3.207075172,2.990589193,6.197664365,18.99469031,0.599756499,14
2024-12-15,SG,Fitness_Wearables,18,-0.272247305,2.538636362,2.810883667,5.349520029,18.75446055,0.451874289,12
2024-12-22,SG,Fitness_Wearables,21,0.515601803,3.29829546,2.782693658,6.080989118,18.04773112,0.510696241,13
2024-12-29,SG,Fitness_Wearables,15,0.667398346,3.269100941,2.601702595,5.870803537,20.94563495,1.020276674,9
2025-01-05,SG,Fitness_Wearables,50,2.10957924,4.065007513,1.955428273,6.020435786,21.84310232,0.559858733,12
2025-01-12,SG,Fitness_Wearables,56,1.371180288,3.630479846,2.259299558,5.889779404,20.46769348,0.751749032,20
2025-01-19,SG,Fitness_Wearables,9,0.448001587,3.165311199,2.717309613,5.882620812,20.95298504,0.833643813,7
2025-01-26,SG,Fitness_Wearables,16,-0.158433159,2.43554899,2.59398215,5.02953114,18.90536302,0.372761262,12
2025-02-02,SG,Fitness_Wearables,21,1.749374831,3.233237302,1.483862471,4.717099774,18.03748925,0.477014741,10
2025-02-09,SG,Fitness_Wearables,16,1.141693385,3.21279555,2.071102165,5.283897715,19.56353318,0.404832017,13
2025-02-16,SG,Fitness_Wearables,20,-0.959441493,2.332331087,3.291772579,5.624103666,17.23763089,0.409726871,15
2025-02-23,SG,Fitness_Wearables,13,2.320009664,4.231729962,1.911720298,6.143450261,18.64268378,0.344349638,11
2025-03-02,SG,Fitness_Wearables,17,0.086156582,3.518978433,3.432821851,6.951800284,18.84306863,0.773802245,13
2025-03-09,SG,Fitness_Wearables,10,2.399843954,4.459876322,2.060032368,6.519908691,17.647578,0.445604461,8
2025-03-16,SG,Fitness_Wearables,24,0.917758609,3.910305822,2.992547213,6.902853035,19.29121642,0.453919716,19
2025-03-23,SG,Fitness_Wearables,6,-1.117093295,3.126170985,4.24326428,7.369435266,21.5279775,1.013530677,5
2025-03-30,SG,Fitness_Wearables,7,3.51704569,4.905965873,1.388920183,6.294886056,15.68733013,0.515874154,6
2025-04-06,SG,Fitness_Wearables,18,1.742705691,4.163118404,2.420412713,6.583531117,18.28232556,0.733488217,14
2025-04-13,SG,Fitness_Wearables,12,1.309455851,3.403425216,2.093969365,5.497394581,18.13375005,0.470332168,8
2025-04-20,SG,Fitness_Wearables,34,1.503616795,3.520250942,2.016634147,5.536885088,19.39488337,0.675341559,10
2025-04-27,SG,Fitness_Wearables,32,1.018206446,3.446882084,2.428675638,5.875557722,17.70061344,0.391513456,13
2025-05-04,SG,Fitness_Wearables,26,2.276442739,4.070272069,1.79382933,5.8641014,18.56102609,0.552458784,11
2025-05-11,SG,Fitness_Wearables,11,1.131220258,2.972411132,1.841190874,4.813602006,18.69627767,0.50605358,9
2025-05-18,SG,Fitness_Wearables,25,1.181876272,3.683225519,2.501349247,6.184574765,20.17794164,0.50031568,13
2025-05-25,SG,Fitness_Wearables,18,1.587965029,3.100731654,1.512766625,4.613498278,17.36255497,0.551162587,9
2025-06-01,SG,Fitness_Wearables,18,-0.295418622,2.232800491,2.528219113,4.761019604,21.51339829,0.415930278,14
2025-06-08,SG,Fitness_Wearables,19,1.928768974,4.009371982,2.080603007,6.089974989,18.17902171,0.54158013,10
2025-06-29,SG,Fitness_Wearables,16,0.607476072,2.997370938,2.389894866,5.387265804,17.80596055,1.031158921,9
2025-07-06,SG,Fitness_Wearables,19,-0.077805819,3.634036222,3.711842041,7.345878263,18.61645224,0.461348063,10
2025-07-13,SG,Fitness_Wearables,23,1.628657596,4.223879194,2.595221598,6.819100791,17.92122958,0.042859596,14
2025-07-20,SG,Fitness_Wearables,26,2.789042063,4.184851251,1.395809188,5.580660439,17.47318366,0.719715901,14
2025-07-27,SG,Fitness_Wearables,37,2.739528399,4.962575553,2.223047154,7.185622707,17.44526915,0.423285063,15
2025-08-03,SG,Fitness_Wearables,19,0.976035542,4.206868005,3.230832463,7.437700468,18.08713584,0.595074511,12
2025-08-10,SG,Fitness_Wearables,12,1.353169679,3.437001185,2.083831505,5.52083269,19.63939092,0.202223073,12
2025-08-17,SG,Fitness_Wearables,38,1.684094283,3.243406467,1.559312184,4.802718651,17.760799,0.17177964,13
2025-08-24,SG,Fitness_Wearables,22,0.63433403,3.331127466,2.696793437,6.027920903,18.14921794,0.29254841,10
2025-08-31,SG,Fitness_Wearables,12,2.350229264,4.287189391,1.936960127,6.224149518,17.85905399,0.714755323,10
2025-09-07,SG,Fitness_Wearables,33,1.563088058,3.058691481,1.495603423,4.554294903,17.58333392,0.318484978,17
2025-09-14,SG,Fitness_Wearables,9,3.86044317,4.990985081,1.130541911,6.121526991,18.67644778,0.978388407,8
2025-09-21,SG,Fitness_Wearables,14,1.198910859,2.856765741,1.657854882,4.514620623,17.16799848,0.170517398,12
2025-09-28,SG,Fitness_Wearables,24,1.73411754,3.982207107,2.248089567,6.230296673,18.6888713,0.364582491,15
2025-10-05,SG,Fitness_Wearables,24,2.167000082,3.534343121,1.367343039,4.90168616,17.59107472,0.267225663,14
2025-10-12,SG,Fitness_Wearables,18,2.588132933,3.965483672,1.377350738,5.34283441,18.78766022,0.709981891,10
2025-10-19,SG,Fitness_Wearables,25,0.040222333,2.522268274,2.482045942,5.004314216,18.32214451,0.255419836,14
2025-10-26,SG,Fitness_Wearables,21,2.501204984,4.203558695,1.702353711,5.905912406,17.31203675,0.510065551,13
2025-11-02,SG,Fitness_Wearables,14,2.730336823,4.311665473,1.581328651,5.892994124,18.57067915,0.882140433,6
2025-11-09,SG,Fitness_Wearables,17,2.466568708,4.644771769,2.178203061,6.82297483,17.14097207,0.128711881,12
2025-11-16,SG,Fitness_Wearables,18,3.516118899,4.539891202,1.023772303,5.563663505,18.08409477,0.234050821,11
2025-11-23,SG,Fitness_Wearables,15,1.012870761,3.339440786,2.326570024,5.66601081,19.56667271,0.482022268,10
2025-11-30,SG,Fitness_Wearables,9,0.598273387,3.041831411,2.443558025,5.485389436,18.64610138,0.781465652,8
2025-12-07,SG,Fitness_Wearables,19,1.165941911,3.275461276,2.109519365,5.384980641,17.67941087,0.259075293,7
2025-12-14,SG,Fitness_Wearables,14,3.646343717,4.795970116,1.149626398,5.945596514,18.65595467,0.246759682,10
2025-12-21,SG,Fitness_Wearables,18,0.510698911,3.091917943,2.581219032,5.673136975,18.05067181,0.409062045,11
2025-12-28,SG,Fitness_Wearables,30,1.254780804,4.124628454,2.86984765,6.994476103,19.0165842,0.224771316,15
2026-01-04,SG,Fitness_Wearables,35,0.910806068,3.384671003,2.473864935,5.858535938,20.93437135,1.794433012,10
2026-01-11,SG,Fitness_Wearables,44,1.712731133,3.764393329,2.051662196,5.816055524,19.36232501,1.062735099,12
2026-01-18,SG,Fitness_Wearables,12,1.641825817,4.061692679,2.419866862,6.481559541,17.92395663,0.122965071,11
2026-01-25,SG,Fitness_Wearables,15,1.750574327,3.790861229,2.040286903,5.831148132,17.00823984,0.29236306,13
2026-02-01,SG,Fitness_Wearables,22,2.328564901,3.763081956,1.434517056,5.197599012,16.15333803,0.1883031,15
2026-02-08,SG,Fitness_Wearables,25,1.097272815,3.14023211,2.042959295,5.183191405,18.39266227,0.442411583,15
2026-02-15,SG,Fitness_Wearables,18,2.159851155,3.952013745,1.79216259,5.744176335,17.28626702,0.347703759,6
2026-02-22,SG,Fitness_Wearables,13,2.236885495,3.919734792,1.682849297,5.602584089,17.29618907,0.804290089,11
2026-03-01,SG,Fitness_Wearables,8,1.700502188,3.16006862,1.459566431,4.619635051,13.70855898,0.132082818,7
2026-03-08,SG,Fitness_Wearables,17,2.000924082,3.256366006,1.255441923,4.511807929,16.47888288,0.234327979,10
2026-03-15,SG,Fitness_Wearables,8,1.649669696,2.968649247,1.318979551,4.287628798,17.71053683,0.114557814,8
2026-03-22,SG,Fitness_Wearables,19,1.198977402,4.202914235,3.003936833,7.206851068,18.54455771,0.311076649,16
2026-03-29,SG,Fitness_Wearables,25,2.841647058,4.695239865,1.853592807,6.548832673,18.76402295,0.513634903,18
2026-04-05,SG,Fitness_Wearables,23,1.163669811,3.34378914,2.180119329,5.523908469,18.16603039,0.600671997,12
2026-04-12,SG,Fitness_Wearables,17,0.279496907,3.056466503,2.776969596,5.833436099,18.44841478,0.439470681,11
2026-04-19,SG,Fitness_Wearables,21,0.915172904,3.361537544,2.446364641,5.807902185,17.26278321,0.171115732,12
2026-04-26,SG,Fitness_Wearables,12,1.607431218,3.786492768,2.179061551,5.965554319,19.55381233,0.530987867,10
2026-05-03,SG,Fitness_Wearables,13,2.001047037,3.516524615,1.515477578,5.032002193,16.99233631,0.398441932,7
2026-05-10,SG,Fitness_Wearables,16,2.323826573,3.896675772,1.572849198,5.46952497,18.54121215,0.281743758,12
2026-05-17,SG,Fitness_Wearables,21,2.44429946,4.049403444,1.605103984,5.654507427,18.20579909,0.258352815,16
2026-05-24,SG,Fitness_Wearables,5,3.208504209,3.777689508,0.569185299,4.346874807,14.89719526,1.142194027,5
2026-05-31,SG,Fitness_Wearables,26,0.411401612,2.090949162,1.679547551,3.770496713,19.66994813,0.241416499,18
2026-06-07,SG,Fitness_Wearables,13,2.533012785,3.697481052,1.164468267,4.861949318,17.155053,0.203912017,7
2026-06-14,SG,Fitness_Wearables,11,1.013684498,3.6922966,2.678612102,6.370908703,17.81988715,0.414105599,10
2026-06-21,SG,Fitness_Wearables,15,2.787847145,4.759874119,1.972026973,6.731901092,17.06546327,0.282019359,8
2026-06-28,SG,Fitness_Wearables,21,3.598652536,4.573989393,0.975336857,5.549326249,19.20415324,0.736592407,11
2026-07-05,SG,Fitness_Wearables,15,1.89820483,4.071782436,2.173577606,6.245360042,16.12081584,0.362722266,8
2026-07-12,SG,Fitness_Wearables,14,0.298085445,3.441890174,3.143804729,6.585694903,15.61944825,0.689815016,6
2026-07-19,SG,Fitness_Wearables,16,1.881922775,4.083997548,2.202074773,6.286072322,19.23458221,0.239535638,9
2026-07-26,SG,Fitness_Wearables,18,2.046084136,4.321057777,2.274973641,6.596031417,18.04485351,0.335725959,11
2026-08-02,SG,Fitness_Wearables,16,1.392168553,4.353409371,2.961240818,7.314650189,19.05594899,0.446246858,10
2026-08-09,SG,Fitness_Wearables,22,1.797413681,3.382628391,1.585214711,4.967843102,19.29040028,0.372704383,10
2026-08-16,SG,Fitness_Wearables,20,1.06765129,3.399125527,2.331474237,5.730599764,16.604438,0.243347825,12
2026-08-23,SG,Fitness_Wearables,2,4.512378095,5.337763012,0.825384918,6.16314793,16.72721752,0,2
2023-01-01,SG,Nutrition_Diets,255,-1.348295478,2.888205249,4.236500727,7.124705976,21.04154711,1.352575519,159
2023-01-08,SG,Nutrition_Diets,602,-5.593595424,2.027261628,7.620857052,9.64811868,19.20501699,0.468688608,368
2023-01-15,SG,Nutrition_Diets,355,-3.525112346,2.601412731,6.126525077,8.727937809,20.96739495,0.568387754,205
2023-01-22,SG,Nutrition_Diets,351,-1.98881215,2.367754416,4.356566566,6.724320982,20.32400064,0.58616086,199
2023-01-29,SG,Nutrition_Diets,202,-1.333819997,2.84985902,4.183679017,7.033538037,20.68043714,0.659642052,120
2023-02-05,SG,Nutrition_Diets,204,-1.58854053,2.943124032,4.531664562,7.474788595,20.33810216,0.565209954,135
2023-02-12,SG,Nutrition_Diets,377,-4.618551879,2.722359964,7.340911842,10.06327181,20.24873187,0.413341501,232
2023-02-19,SG,Nutrition_Diets,160,-2.452106444,2.723696606,5.17580305,7.899499655,19.67885153,0.634946858,94
2023-02-26,SG,Nutrition_Diets,129,-1.355042393,3.018489859,4.373532252,7.392022112,20.78932844,0.559789878,83
2023-03-05,SG,Nutrition_Diets,179,-1.063946286,3.229532385,4.293478672,7.523011057,20.46632924,0.66012349,95
2023-03-12,SG,Nutrition_Diets,178,-1.716969677,2.729508446,4.446478123,7.175986569,21.00445495,0.787287342,114
2023-03-19,SG,Nutrition_Diets,239,-2.215514319,2.806824501,5.02233882,7.829163322,20.8755544,0.914679029,136
2023-03-26,SG,Nutrition_Diets,293,-2.869795977,2.544339543,5.41413552,7.958475063,20.98640134,0.521919567,135
2023-04-02,SG,Nutrition_Diets,454,-1.569790215,2.954385632,4.524175847,7.478561479,20.44685871,0.852919351,253
2023-04-09,SG,Nutrition_Diets,295,-2.165809166,2.646214139,4.812023305,7.458237444,20.89142478,0.534776183,163
2023-04-16,SG,Nutrition_Diets,300,-1.992501741,2.817806092,4.810307833,7.628113925,21.03716681,0.558061906,173
2023-04-23,SG,Nutrition_Diets,278,-2.02640653,2.99515075,5.021557281,8.016708031,20.50332095,0.69796292,135
2023-04-30,SG,Nutrition_Diets,304,-2.95752418,2.940877239,5.898401418,8.839278657,20.23549149,0.628852712,173
2023-05-07,SG,Nutrition_Diets,433,-1.72625761,2.981224566,4.707482176,7.688706741,21.27120129,0.675384771,149
2023-05-14,SG,Nutrition_Diets,360,-2.478840963,3.010547419,5.489388382,8.4999358,21.26900078,0.553784011,228
2023-05-21,SG,Nutrition_Diets,336,-1.28479197,3.29762324,4.58241521,7.88003845,20.6351686,0.611168455,207
2023-05-28,SG,Nutrition_Diets,448,-3.997733596,2.714916395,6.712649991,9.427566386,20.98698624,0.626337459,237
2023-06-04,SG,Nutrition_Diets,485,-3.001157542,2.917649987,5.918807528,8.836457515,20.7447775,0.611023947,258
2023-06-11,SG,Nutrition_Diets,342,-2.272934276,2.822474387,5.095408663,7.91788305,20.68978953,0.595371528,175
2023-06-18,SG,Nutrition_Diets,315,-1.703633497,3.06586761,4.769501107,7.835368717,20.22309869,0.601484415,151
2023-06-25,SG,Nutrition_Diets,196,-1.894618433,2.700757393,4.595375826,7.296133219,21.45648166,0.617973473,119
2023-07-02,SG,Nutrition_Diets,297,-2.564989271,2.831310095,5.396299366,8.227609461,21.26871893,0.650431683,182
2023-07-09,SG,Nutrition_Diets,337,-1.992568499,3.007428456,4.999996955,8.007425411,21.23433155,0.741173012,167
2023-07-16,SG,Nutrition_Diets,325,-1.706881884,3.093572138,4.800454021,7.894026159,21.23013998,0.649800114,203
2023-07-23,SG,Nutrition_Diets,276,-2.86275956,2.468386885,5.331146445,7.79953333,21.0549186,0.522531642,176
2023-07-30,SG,Nutrition_Diets,256,-3.050363783,2.707887985,5.758251768,8.466139753,21.69836177,0.496497606,149
2023-08-06,SG,Nutrition_Diets,393,-4.398911372,2.734051235,7.132962607,9.867013843,20.61547755,0.57344509,279
2023-08-13,SG,Nutrition_Diets,301,-2.068428458,2.630287412,4.69871587,7.329003281,21.50309768,0.623266621,160
2023-08-20,SG,Nutrition_Diets,302,-1.504555437,3.297881732,4.802437169,8.100318902,20.88459915,0.616265746,164
2023-08-27,SG,Nutrition_Diets,315,-1.367829156,3.259967627,4.627796782,7.887764409,20.62908769,0.790941436,197
2023-09-03,SG,Nutrition_Diets,241,-1.603055335,2.86800878,4.471064115,7.339072894,21.34323526,0.538692963,146
2023-09-10,SG,Nutrition_Diets,341,-2.317932592,2.441673263,4.759605855,7.201279118,21.01030073,0.610865527,190
2023-09-17,SG,Nutrition_Diets,296,-1.688803164,3.088702713,4.777505877,7.86620859,20.69575603,0.813659076,141
2023-09-24,SG,Nutrition_Diets,225,-1.575745877,3.075280848,4.651026724,7.726307572,20.00197494,0.628380685,130
2023-10-01,SG,Nutrition_Diets,295,-1.312040041,3.232523375,4.544563416,7.777086791,20.58897678,0.647959017,142
2023-10-08,SG,Nutrition_Diets,486,-1.228252448,2.80647959,4.034732037,6.841211627,21.16985882,0.672196811,307
2023-10-15,SG,Nutrition_Diets,423,-0.971256275,3.043532733,4.014789008,7.058321741,21.51399187,0.54143374,170
2023-10-22,SG,Nutrition_Diets,375,-1.024446969,2.983662472,4.00810944,6.991771912,22.01323987,0.422876382,163
2023-10-29,SG,Nutrition_Diets,273,-1.412132482,3.089084812,4.501217294,7.590302106,21.49401752,0.715541664,139
2023-11-05,SG,Nutrition_Diets,248,-1.60834894,2.811612001,4.419960941,7.231572941,20.2895226,0.678715214,119
2023-11-12,SG,Nutrition_Diets,478,-2.12547366,2.648976769,4.774450429,7.423427199,21.53812211,0.489679398,274
2023-11-19,SG,Nutrition_Diets,324,-1.984697469,2.816035629,4.800733098,7.616768727,21.46743641,0.641191578,167
2023-11-26,SG,Nutrition_Diets,349,-0.878805612,3.157538692,4.036344304,7.193882997,20.05438609,0.593715263,162
2023-12-03,SG,Nutrition_Diets,307,-1.735545838,3.15240267,4.887948508,8.040351177,20.34023519,0.72752382,162
2023-12-10,SG,Nutrition_Diets,239,-1.841280133,2.873967713,4.715247846,7.589215559,21.07599991,0.725035617,126
2023-12-17,SG,Nutrition_Diets,424,-2.729508193,2.403987318,5.133495511,7.537482828,20.03198559,0.571251273,246
2023-12-24,SG,Nutrition_Diets,271,-2.100721107,2.521826654,4.622547761,7.144374415,21.31880803,0.525746219,134
2023-12-31,SG,Nutrition_Diets,275,-1.435077022,2.862758202,4.297835223,7.160593425,20.98576075,0.602994991,133
2024-01-07,SG,Nutrition_Diets,282,-1.901250507,2.753847355,4.655097862,7.408945217,21.61924994,0.627444154,149
2024-01-14,SG,Nutrition_Diets,359,-1.983567047,2.989547747,4.973114793,7.96266254,22.50236059,0.587060996,218
2024-01-21,SG,Nutrition_Diets,287,-2.284187025,3.025570602,5.309757628,8.33532823,20.22054851,0.474232498,157
2024-01-28,SG,Nutrition_Diets,237,-1.796004362,3.006745167,4.802749528,7.809494695,21.69784265,0.601952906,129
2024-02-04,SG,Nutrition_Diets,389,-3.569878896,2.559103541,6.128982437,8.688085978,20.86828491,0.438526251,239
2024-02-11,SG,Nutrition_Diets,312,-3.613526847,2.534555197,6.148082044,8.682637241,19.80188118,0.639414304,204
2024-02-18,SG,Nutrition_Diets,277,-1.849557659,2.910466631,4.76002429,7.670490921,20.43796151,0.611150084,138
2024-02-25,SG,Nutrition_Diets,311,-1.815968812,2.88863263,4.704601442,7.593234073,20.32286283,0.672783211,177
2024-03-03,SG,Nutrition_Diets,380,-0.872261476,3.49870048,4.370961956,7.869662436,21.33012081,0.672221232,175
2024-03-10,SG,Nutrition_Diets,349,-1.73799164,3.063442129,4.801433769,7.864875898,20.88553755,0.711984414,177
2024-03-17,SG,Nutrition_Diets,282,-1.688788105,3.136234618,4.825022723,7.961257341,21.0836941,0.830738525,124
2024-03-24,SG,Nutrition_Diets,340,-0.778060819,3.190992144,3.969052963,7.160045107,21.50580955,0.58133095,182
2024-03-31,SG,Nutrition_Diets,373,-1.030209784,3.194631415,4.224841198,7.419472613,21.55608073,0.639444917,185
2024-04-07,SG,Nutrition_Diets,277,-1.845362849,3.23069338,5.076056229,8.306749608,21.0061292,0.758273577,170
2024-04-14,SG,Nutrition_Diets,305,-2.373390251,2.613670743,4.987060994,7.600731737,20.58617927,0.556629962,123
2024-04-21,SG,Nutrition_Diets,303,-2.373440229,2.759869409,5.133309638,7.893179046,20.46260681,0.438294108,127
2024-04-28,SG,Nutrition_Diets,275,-1.600924047,3.059848307,4.660772354,7.720620661,20.69722405,0.546076989,155
2024-05-05,SG,Nutrition_Diets,340,-2.429504045,2.403002897,4.832506942,7.23550984,21.86984568,0.606307462,205
2024-05-12,SG,Nutrition_Diets,277,-1.745383441,2.849653917,4.595037357,7.444691274,20.47333014,0.492900503,113
2024-05-19,SG,Nutrition_Diets,500,-3.292777358,2.174900683,5.467678041,7.642578724,22.06499934,0.420355148,290
2024-05-26,SG,Nutrition_Diets,364,-1.67186007,2.614115833,4.285975903,6.900091736,21.18018953,0.548242938,166
2024-06-02,SG,Nutrition_Diets,358,-0.901881743,3.274135183,4.176016926,7.450152109,19.78568553,0.62539792,132
2024-06-09,SG,Nutrition_Diets,322,-0.872200319,3.219470494,4.091670813,7.311141307,20.30645887,0.622463136,150
2024-06-16,SG,Nutrition_Diets,548,-2.858978307,2.296314418,5.155292725,7.451607144,20.66438585,0.466154544,332
2024-06-23,SG,Nutrition_Diets,419,-3.244355308,2.372872226,5.617227534,7.990099761,20.42872645,0.434328917,220
2024-06-30,SG,Nutrition_Diets,237,-1.900461012,2.67092493,4.571385943,7.242310873,20.29922138,0.615638144,120
2024-07-07,SG,Nutrition_Diets,311,-1.764381688,3.124508894,4.888890582,8.013399476,21.28491966,0.642538137,135
2024-07-14,SG,Nutrition_Diets,288,-1.112458741,3.176097512,4.288556253,7.464653766,20.04801717,0.710440051,171
2024-07-21,SG,Nutrition_Diets,282,-2.351390728,2.596019836,4.947410564,7.543430401,20.82479683,0.525984577,174
2024-07-28,SG,Nutrition_Diets,266,-1.264638809,3.172004057,4.436642865,7.608646922,20.32233286,0.689325816,110
2024-08-04,SG,Nutrition_Diets,385,-1.745883591,2.46952628,4.215409871,6.684936151,20.52981389,0.385562,180
2024-08-11,SG,Nutrition_Diets,285,-2.891160927,2.925077114,5.816238041,8.741315155,21.49231871,0.471770868,176
2024-08-18,SG,Nutrition_Diets,315,-2.009985666,2.750835864,4.76082153,7.511657393,20.47544551,0.585499404,185
2024-08-25,SG,Nutrition_Diets,374,-1.075234346,2.966300475,4.041534821,7.007835297,19.84707632,0.509495726,198
2024-09-01,SG,Nutrition_Diets,853,3.145578577,5.648472884,2.502894307,8.15136719,21.23333057,0.502088189,302
2024-09-08,SG,Nutrition_Diets,283,0.201913837,4.08809695,3.886183113,7.974280064,21.4175354,0.582413174,129
2024-09-15,SG,Nutrition_Diets,357,-1.256818781,3.2316539,4.488472681,7.720126581,21.2523117,0.462546494,201
2024-09-22,SG,Nutrition_Diets,260,-1.726978164,3.188512743,4.915490908,8.104003651,21.35611205,0.673428273,155
2024-09-29,SG,Nutrition_Diets,298,-2.864381806,2.574833283,5.439215089,8.014048372,20.16347942,0.536109571,178
2024-10-06,SG,Nutrition_Diets,281,-2.338398634,2.81028977,5.148688404,7.958978174,21.08653827,0.637277624,132
2024-10-13,SG,Nutrition_Diets,324,-2.31103072,3.193013428,5.504044148,8.697057576,20.71643312,0.603860486,149
2024-10-20,SG,Nutrition_Diets,327,-2.449617779,2.986342337,5.435960116,8.422302453,20.77761127,0.530149931,154
2024-10-27,SG,Nutrition_Diets,339,-1.935147972,2.8645735,4.799721472,7.664294973,21.39011947,0.605442613,204
2024-11-03,SG,Nutrition_Diets,298,-1.714454701,3.331717071,5.046171772,8.377888843,20.66002359,0.687164969,123
2024-11-10,SG,Nutrition_Diets,299,-2.142201451,3.159783122,5.301984572,8.461767694,20.17199212,0.662721473,152
2024-11-17,SG,Nutrition_Diets,320,-1.890388358,3.072370302,4.96275866,8.035128962,20.20282393,0.379723598,187
2024-11-24,SG,Nutrition_Diets,272,-1.322762515,3.328763123,4.651525638,7.980288761,20.00353351,0.520279332,140
2024-12-01,SG,Nutrition_Diets,284,-1.271873216,3.277501495,4.549374711,7.826876206,20.53653795,0.489884945,127
2024-12-08,SG,Nutrition_Diets,331,-1.570167333,3.515985159,5.086152493,8.602137652,20.19987088,0.42325734,155
2024-12-15,SG,Nutrition_Diets,289,-1.092895725,3.524455222,4.617350947,8.141806169,19.90042298,0.575474669,135
2024-12-22,SG,Nutrition_Diets,238,-1.248081437,3.235658445,4.483739882,7.719398327,20.64663216,0.627525774,101
2024-12-29,SG,Nutrition_Diets,302,-1.519201864,3.138924075,4.658125939,7.797050013,20.59669253,0.597932692,124
2025-01-05,SG,Nutrition_Diets,358,-3.241923361,2.687461083,5.929384444,8.616845527,20.67828275,0.515819717,145
2025-01-12,SG,Nutrition_Diets,344,-2.617238346,2.744683753,5.361922099,8.106605852,20.05824353,0.496930168,184
2025-01-19,SG,Nutrition_Diets,321,-1.697656262,3.139960416,4.837616677,7.977577093,20.76863111,0.541342471,151
2025-01-26,SG,Nutrition_Diets,368,-1.84471753,3.374397659,5.219115188,8.593512847,20.38279282,0.58691708,182
2025-02-02,SG,Nutrition_Diets,343,-1.655018553,3.366578386,5.021596939,8.388175325,19.86484973,0.635096229,160
2025-02-09,SG,Nutrition_Diets,301,-1.98345734,3.263078426,5.246535765,8.509614191,20.24372041,0.41135436,127
2025-02-16,SG,Nutrition_Diets,402,-2.879780645,2.828658872,5.708439518,8.53709839,20.68954403,0.500869044,213
2025-02-23,SG,Nutrition_Diets,271,-2.479754925,3.052223163,5.531978088,8.584201251,20.21130331,0.644750113,146
2025-03-02,SG,Nutrition_Diets,234,-0.84022322,3.747905309,4.588128529,8.336033838,20.40479633,0.68233316,123
2025-03-09,SG,Nutrition_Diets,376,-2.280869859,3.089164176,5.370034035,8.459198212,20.25558837,0.47571543,195
2025-03-16,SG,Nutrition_Diets,246,-1.73752047,3.064327941,4.801848411,7.866176353,20.73968182,0.541782036,120
2025-03-23,SG,Nutrition_Diets,290,-2.02238075,3.17123561,5.19361636,8.364851969,20.83337873,0.464326412,136
2025-03-30,SG,Nutrition_Diets,208,-1.682891224,3.339618688,5.022509912,8.362128601,20.98729816,0.54520475,101
2025-04-06,SG,Nutrition_Diets,248,-1.323511344,3.550391453,4.873902797,8.424294249,20.38907235,0.434376191,105
2025-04-13,SG,Nutrition_Diets,316,-2.47810927,2.938842688,5.416951958,8.355794647,20.41297928,0.422896569,130
2025-04-20,SG,Nutrition_Diets,299,-1.636466659,3.182126501,4.81859316,8.00071966,20.14876882,0.57276542,126
2025-04-27,SG,Nutrition_Diets,242,-1.872662086,3.253454942,5.126117027,8.379571969,20.91148812,0.597555673,104
2025-05-04,SG,Nutrition_Diets,260,-2.167255567,2.968089993,5.13534556,8.103435554,20.71028705,0.445184759,109
2025-05-11,SG,Nutrition_Diets,370,-2.024659366,3.04826079,5.072920156,8.121180946,20.63703048,0.399624364,180
2025-05-18,SG,Nutrition_Diets,328,-1.700629109,3.348455212,5.049084321,8.397539533,20.30213018,0.436639855,125
2025-05-25,SG,Nutrition_Diets,366,-2.369248043,3.231092682,5.600340725,8.831433407,20.67127469,0.464107558,150
2025-06-01,SG,Nutrition_Diets,301,-2.008969955,3.355967164,5.364937118,8.720904282,20.49421139,0.533170994,116
2025-06-08,SG,Nutrition_Diets,308,-2.196515194,3.169370176,5.36588537,8.535255545,20.70816609,0.543443837,156
2025-06-29,SG,Nutrition_Diets,182,-2.255501416,3.405101463,5.660602879,9.065704342,20.04665593,0.489799874,54
2025-07-06,SG,Nutrition_Diets,237,-1.910815283,3.370883548,5.28169883,8.652582378,20.91025446,0.66365403,103
2025-07-13,SG,Nutrition_Diets,284,-2.442139784,2.980537375,5.42267716,8.403214535,20.49017249,0.478350068,97
2025-07-20,SG,Nutrition_Diets,351,-1.314027298,3.388259271,4.702286569,8.09054584,20.04223094,0.418185289,137
2025-07-27,SG,Nutrition_Diets,320,-1.356544215,3.534143436,4.890687651,8.424831086,20.21022965,0.535359155,115
2025-08-03,SG,Nutrition_Diets,411,-2.201989611,3.136802453,5.338792064,8.475594517,20.41273429,0.409336861,116
2025-08-10,SG,Nutrition_Diets,325,-1.433732446,3.423422485,4.857154931,8.280577416,19.79721194,0.454555698,127
2025-08-17,SG,Nutrition_Diets,412,-1.629840971,3.580635058,5.210476029,8.791111087,20.78380435,0.287214355,139
2025-08-24,SG,Nutrition_Diets,440,-2.555656679,3.057886594,5.613543273,8.671429867,20.29159552,0.411583831,147
2025-08-31,SG,Nutrition_Diets,402,-2.023352477,3.365888071,5.389240548,8.755128618,19.75801182,0.427252785,166
2025-09-07,SG,Nutrition_Diets,314,-2.708884538,3.057932077,5.766816616,8.824748693,20.62654457,0.491119704,122
2025-09-14,SG,Nutrition_Diets,266,-1.845274865,3.129649973,4.974924838,8.10457481,19.95141576,0.544553631,94
2025-09-21,SG,Nutrition_Diets,366,-2.343060305,3.081829496,5.424889801,8.506719297,20.24020697,0.477845558,135
2025-09-28,SG,Nutrition_Diets,393,-1.899738349,3.558578711,5.45831706,9.016895771,20.00414523,0.501394893,138
2025-10-05,SG,Nutrition_Diets,427,-1.47705764,3.622267035,5.099324675,8.72159171,19.69034631,0.457106996,172
2025-10-12,SG,Nutrition_Diets,300,-1.881256525,3.465773614,5.347030139,8.812803754,19.99322749,0.534086234,110
2025-10-19,SG,Nutrition_Diets,399,-2.011846084,3.16770435,5.179550434,8.347254783,19.83436339,0.409458965,138
2025-10-26,SG,Nutrition_Diets,324,-1.014292372,3.709489992,4.723782364,8.433272356,19.70940381,0.568914475,105
2025-11-02,SG,Nutrition_Diets,353,-1.118358778,3.405310254,4.523669032,7.928979286,20.01619404,0.483083333,135
2025-11-09,SG,Nutrition_Diets,324,-0.693358371,3.560559521,4.253917892,7.814477413,20.31644906,0.584523731,122
2025-11-16,SG,Nutrition_Diets,353,-2.080103905,2.9684728,5.048576705,8.017049505,20.57339842,0.478177525,167
2025-11-23,SG,Nutrition_Diets,404,-1.841534635,2.932032366,4.773567001,7.705599367,21.12309012,0.398003116,215
2025-11-30,SG,Nutrition_Diets,403,-2.171349884,2.926361385,5.097711268,8.024072653,20.77211254,0.411013172,174
2025-12-07,SG,Nutrition_Diets,310,-0.827296752,3.439457416,4.266754168,7.706211585,19.99921655,0.429345695,111
2025-12-14,SG,Nutrition_Diets,280,-0.983748747,3.489372289,4.473121036,7.962493325,20.01480862,0.455361542,98
2025-12-21,SG,Nutrition_Diets,312,-1.46392654,3.358829096,4.822755636,8.181584731,20.80000661,0.387796135,133
2025-12-28,SG,Nutrition_Diets,231,-1.533326198,3.14213029,4.675456488,7.817586777,20.55669937,0.422435295,94
2026-01-04,SG,Nutrition_Diets,260,-1.710200423,3.163143603,4.873344026,8.036487629,20.77435634,0.386510978,121
2026-01-11,SG,Nutrition_Diets,283,-1.755794629,3.312097225,5.067891854,8.379989079,20.95249921,0.370844083,134
2026-01-18,SG,Nutrition_Diets,297,-2.425274827,2.97688165,5.402156476,8.379038126,20.2930245,0.361417743,160
2026-01-25,SG,Nutrition_Diets,285,-0.603067863,3.567769294,4.170837156,7.73860645,20.32503277,0.357867848,136
2026-02-01,SG,Nutrition_Diets,335,-1.969507625,2.958195826,4.927703451,7.885899276,20.06319838,0.337665069,131
2026-02-08,SG,Nutrition_Diets,500,-2.778936562,3.04865028,5.827586843,8.876237123,19.4041893,0.466473401,142
2026-02-15,SG,Nutrition_Diets,369,-2.196801043,3.019355784,5.216156827,8.235512611,20.07559958,0.521454891,126
2026-02-22,SG,Nutrition_Diets,410,-2.778299596,2.762712526,5.541012122,8.303724648,21.01237367,0.347676281,157
2026-03-01,SG,Nutrition_Diets,350,-2.468324705,2.912216308,5.380541013,8.29275732,20.12636134,0.335037497,124
2026-03-08,SG,Nutrition_Diets,421,-2.704781396,2.944502214,5.64928361,8.593785824,20.76783819,0.27928904,185
2026-03-15,SG,Nutrition_Diets,305,-1.861311046,3.213224635,5.074535681,8.287760316,20.75748405,0.28690158,107
2026-03-22,SG,Nutrition_Diets,407,-2.225787327,3.094965386,5.320752713,8.415718098,20.36900763,0.29892659,157
2026-03-29,SG,Nutrition_Diets,307,-2.161639744,2.990368795,5.152008538,8.142377333,20.96578662,0.326141518,102
2026-04-05,SG,Nutrition_Diets,299,-1.315061063,3.470383194,4.785444257,8.255827451,19.52265842,0.316214389,119
2026-04-12,SG,Nutrition_Diets,315,-2.708480656,2.816598282,5.525078938,8.341677221,20.97580306,0.362719951,115
2026-04-19,SG,Nutrition_Diets,375,-2.160595905,3.027546039,5.188141944,8.215687983,20.40427349,0.441972051,130
2026-04-26,SG,Nutrition_Diets,289,-2.558621435,2.937799378,5.496420813,8.434220191,20.52728024,0.352009977,96
2026-05-03,SG,Nutrition_Diets,450,-2.375280358,2.851254577,5.226534934,8.077789511,20.84153409,0.316806773,217
2026-05-10,SG,Nutrition_Diets,294,-1.534937624,3.295337584,4.830275208,8.125612792,20.36511443,0.324202195,123
2026-05-17,SG,Nutrition_Diets,508,-3.628317654,2.760833282,6.389150936,9.149984218,20.19635615,0.350406903,245
2026-05-24,SG,Nutrition_Diets,297,-2.694530733,3.089556389,5.784087123,8.873643512,20.80619532,0.450304464,152
2026-05-31,SG,Nutrition_Diets,428,-1.250024226,3.51413398,4.764158206,8.278292186,20.64862667,0.663990283,219
2026-06-07,SG,Nutrition_Diets,366,-1.722604737,3.065788071,4.788392808,7.854180879,20.24340763,0.346531447,139
2026-06-14,SG,Nutrition_Diets,412,-2.388871034,2.91660212,5.305473154,8.222075274,20.17777728,0.540500699,172
2026-06-21,SG,Nutrition_Diets,315,-1.983427986,3.134661108,5.118089094,8.252750202,20.10348774,0.372743678,129
2026-06-28,SG,Nutrition_Diets,371,-1.614121135,3.097412967,4.711534102,7.808947068,20.5868577,0.336162031,146
2026-07-05,SG,Nutrition_Diets,351,-2.245963595,3.025559482,5.271523077,8.29708256,20.65688619,0.349176353,151
2026-07-12,SG,Nutrition_Diets,495,-1.320899705,2.667999398,3.988899103,6.656898501,22.20059828,0.562698299,200
2026-07-19,SG,Nutrition_Diets,364,-1.840261077,3.02691934,4.867180418,7.894099758,20.75456956,0.376708325,107
2026-07-26,SG,Nutrition_Diets,352,-1.910040919,3.100529809,5.010570728,8.111100537,19.98735877,0.453478906,119
2026-08-02,SG,Nutrition_Diets,297,-1.849971462,3.027019284,4.876990745,7.904010029,20.25272262,0.303512085,101
2026-08-09,SG,Nutrition_Diets,375,-2.902831866,2.541172772,5.444004638,7.985177409,20.38567944,0.414328432,122
2026-08-16,SG,Nutrition_Diets,396,-1.312401271,3.180903414,4.493304684,7.674208098,20.85269526,0.47106417,165
2026-08-23,SG,Nutrition_Diets,137,-0.686887761,3.666762655,4.353650416,8.020413071,20.39021395,0.42054722,69
2023-01-01,US,Fashion_Beauty,9693,-0.786048791,2.988954187,3.775002979,6.763957166,21.86178702,0.933455603,3546
2023-01-08,US,Fashion_Beauty,15019,-0.56648614,3.017230581,3.583716721,6.600947302,21.7076009,0.791652833,3961
2023-01-15,US,Fashion_Beauty,13008,-0.685103392,2.880047125,3.565150517,6.445197643,21.91498779,0.856192116,3872
2023-01-22,US,Fashion_Beauty,13721,-1.430591343,2.6633213,4.093912643,6.757233943,21.95343423,0.832861919,3874
2023-01-29,US,Fashion_Beauty,12446,-1.029786285,2.760327093,3.790113378,6.550440471,21.8553548,0.825017189,3878
2023-02-05,US,Fashion_Beauty,12236,-0.826708409,2.88453323,3.711241639,6.595774868,22.03266761,0.851181734,3799
2023-02-12,US,Fashion_Beauty,13389,-0.782964509,2.893904759,3.676869268,6.570774027,22.00601084,0.86249154,3851
2023-02-19,US,Fashion_Beauty,13559,-0.804310987,2.995124747,3.799435734,6.794560482,21.94597983,0.85612357,3865
2023-02-26,US,Fashion_Beauty,12816,-1.05734026,2.868767335,3.926107595,6.794874929,21.86493454,0.816170022,3828
2023-03-05,US,Fashion_Beauty,12845,-0.91312411,2.969917796,3.883041906,6.852959701,22.05702829,0.838614904,3769
2023-03-12,US,Fashion_Beauty,15217,-1.327447886,2.837524584,4.16497247,7.002497054,22.15687914,0.844472523,4017
2023-03-19,US,Fashion_Beauty,14899,-1.246422014,2.87600443,4.122426444,6.998430874,21.69861496,0.846630724,5078
2023-03-26,US,Fashion_Beauty,24526,-1.490642652,2.809970095,4.300612747,7.110582842,21.80230146,0.778143435,6322
2023-04-02,US,Fashion_Beauty,20034,-1.041478624,2.916731808,3.958210432,6.87494224,21.89384772,0.841669096,5905
2023-04-09,US,Fashion_Beauty,19557,-0.54059102,3.030316862,3.570907883,6.601224745,21.5510193,0.880429542,5875
2023-04-16,US,Fashion_Beauty,21795,-1.175713278,2.893279468,4.068992745,6.962272213,21.8880816,0.807324445,6015
2023-04-23,US,Fashion_Beauty,23248,-0.707473204,3.007706244,3.715179448,6.722885692,21.83779582,0.771243731,6018
2023-04-30,US,Fashion_Beauty,24702,-0.181553467,3.24943337,3.430986837,6.680420207,22.04498354,0.76108461,6278
2023-05-07,US,Fashion_Beauty,19665,-0.931953824,2.975514513,3.907468337,6.88298285,22.06489028,0.794974276,5815
2023-05-14,US,Fashion_Beauty,19675,-1.097537861,2.945251566,4.042789427,6.988040992,21.72517662,0.787500842,5699
2023-05-21,US,Fashion_Beauty,19098,-0.896390835,2.957078048,3.853468883,6.810546932,21.75886272,0.810520755,5620
2023-05-28,US,Fashion_Beauty,16742,-0.614889594,3.062456891,3.677346485,6.739803376,21.88003186,0.813090536,5365
2023-06-04,US,Fashion_Beauty,19517,-1.069919033,2.83756954,3.907488574,6.745058114,21.91603599,0.797704811,5739
2023-06-11,US,Fashion_Beauty,19942,-1.080348762,2.967907583,4.048256345,7.016163928,21.8559575,0.777078807,5855
2023-06-18,US,Fashion_Beauty,17770,-0.656153147,3.094558773,3.75071192,6.845270693,21.69400989,0.775006426,5494
2023-06-25,US,Fashion_Beauty,19294,-0.813299796,3.137562608,3.950862404,7.088425013,21.73462224,0.771407434,5756
2023-07-02,US,Fashion_Beauty,15817,-0.81308625,3.061055532,3.874141782,6.935197314,21.61685663,0.785839634,5278
2023-07-09,US,Fashion_Beauty,17237,-0.578771116,3.026474803,3.605245919,6.631720722,21.35331187,0.810361803,5508
2023-07-16,US,Fashion_Beauty,19699,-0.62485645,3.068173578,3.693030029,6.761203607,21.32394215,0.789668139,5830
2023-07-23,US,Fashion_Beauty,18414,-0.686857901,2.905685636,3.592543537,6.498229173,21.91604406,0.827674528,5742
2023-07-30,US,Fashion_Beauty,16378,-1.393770558,2.924519731,4.318290289,7.24281002,21.72348833,0.76145834,5401
2023-08-06,US,Fashion_Beauty,15656,-0.96835734,2.981880359,3.950237699,6.932118058,21.97094406,0.777493473,5311
2023-08-13,US,Fashion_Beauty,17081,-1.381708783,2.847688644,4.229397428,7.077086072,22.0986878,0.743085862,5467
2023-08-20,US,Fashion_Beauty,15740,-0.934039237,2.943899808,3.877939045,6.821838853,21.86424334,0.791537531,5236
2023-08-27,US,Fashion_Beauty,16780,-0.882315473,2.921658166,3.803973639,6.725631805,21.64056872,0.801125277,5613
2023-09-03,US,Fashion_Beauty,17666,-0.568058803,2.958002244,3.526061047,6.484063292,21.54551131,0.779696114,5550
2023-09-10,US,Fashion_Beauty,21513,-0.19281188,3.210370295,3.403182175,6.61355247,21.44808456,0.81005452,6042
2023-09-17,US,Fashion_Beauty,20315,-0.189238778,3.292396605,3.481635382,6.774031987,21.47400496,0.865042273,5908
2023-09-24,US,Fashion_Beauty,19061,-0.798447312,3.024860582,3.823307894,6.848168476,21.37150528,0.778805402,5681
2023-10-01,US,Fashion_Beauty,19471,-0.732466202,3.0077254,3.740191602,6.747917001,21.94984205,0.815778856,5832
2023-10-08,US,Fashion_Beauty,15007,-0.590928654,3.101405393,3.692334047,6.79373944,21.54251723,0.818905925,5220
2023-10-15,US,Fashion_Beauty,16002,-0.902633735,3.085210731,3.987844466,7.073055198,21.44009816,0.821239766,5323
2023-10-22,US,Fashion_Beauty,17374,-0.856984355,3.024667889,3.881652244,6.906320133,21.7505485,0.825189794,5625
2023-10-29,US,Fashion_Beauty,15253,-0.550505767,3.130629812,3.68113558,6.811765392,21.38688663,0.87201185,5190
2023-11-05,US,Fashion_Beauty,17315,-0.675320967,3.024006287,3.699327254,6.723333541,21.58185993,0.831574154,5417
2023-11-12,US,Fashion_Beauty,17190,-0.496614172,3.160651082,3.657265254,6.817916336,21.60834238,0.833844899,5292
2023-11-19,US,Fashion_Beauty,14063,-0.512219136,3.231249511,3.743468647,6.974718159,21.49082821,0.775275776,5014
2023-11-26,US,Fashion_Beauty,17339,-0.629692163,3.010157545,3.639849708,6.650007253,21.44501654,0.794521519,5537
2023-12-03,US,Fashion_Beauty,19609,-1.093210922,2.923878889,4.017089811,6.9409687,21.26883381,0.754647788,5621
2023-12-10,US,Fashion_Beauty,18085,-0.963845255,2.970437376,3.934282631,6.904720008,21.44134475,0.782470949,5467
2023-12-17,US,Fashion_Beauty,17188,-1.069606318,2.983924093,4.053530412,7.037454505,21.56876116,0.735787109,5300
2023-12-24,US,Fashion_Beauty,10307,-0.617120742,3.090397826,3.707518568,6.797916395,21.63278521,0.835657493,4036
2023-12-31,US,Fashion_Beauty,12828,-1.378188995,2.925418518,4.303607513,7.22902603,21.69342007,0.838293398,4661
2024-01-07,US,Fashion_Beauty,19473,-1.13587337,2.815186025,3.951059395,6.76624542,21.76244182,0.802603945,5613
2024-01-14,US,Fashion_Beauty,16664,-1.049319528,3.001275066,4.050594593,7.051869659,21.7555675,0.782790759,5112
2024-01-21,US,Fashion_Beauty,15545,-0.878474364,3.029934679,3.908409042,6.938343721,21.57773696,0.82414616,5110
2024-01-28,US,Fashion_Beauty,18475,-1.696576903,2.77447186,4.471048763,7.245520622,21.52752607,0.85596677,5410
2024-02-04,US,Fashion_Beauty,19037,-0.881159483,3.013225471,3.894384954,6.907610424,21.67417636,0.83690114,5454
2024-02-11,US,Fashion_Beauty,18964,-1.083580345,2.932712475,4.01629282,6.949005295,22.08553244,0.785728041,5561
2024-02-18,US,Fashion_Beauty,18894,-1.238916727,2.93689761,4.175814337,7.112711947,21.65745199,0.753483273,5550
2024-02-25,US,Fashion_Beauty,18037,-0.283372532,3.210546262,3.493918794,6.704465056,21.94379559,0.808103753,5527
2024-03-03,US,Fashion_Beauty,19633,-0.976405019,3.006659076,3.983064095,6.98972317,21.79042008,0.75097077,5633
2024-03-10,US,Fashion_Beauty,19686,-0.712126497,3.069989828,3.782116325,6.852106153,21.80624908,0.764108042,5589
2024-03-17,US,Fashion_Beauty,19179,-1.326385364,2.920181638,4.246567002,7.166748641,21.72136779,0.792225492,5509
2024-03-24,US,Fashion_Beauty,17426,-1.012642001,2.888412105,3.901054106,6.789466211,21.97445124,0.819094506,5662
2024-03-31,US,Fashion_Beauty,17033,-0.946177623,3.02982584,3.976003463,7.005829303,21.53277616,0.834172231,5526
2024-04-07,US,Fashion_Beauty,16977,-0.930016412,3.014140558,3.94415697,6.958297527,21.73188285,0.799749946,5500
2024-04-14,US,Fashion_Beauty,20323,-1.423317036,2.881156919,4.304473955,7.185630873,21.67715036,0.816156819,5573
2024-04-21,US,Fashion_Beauty,18629,-1.251585725,3.078745299,4.330331023,7.409076322,21.5855663,0.763030566,5375
2024-04-28,US,Fashion_Beauty,17711,-1.18352638,3.012294504,4.195820884,7.208115387,21.51151541,0.805255422,5450
2024-05-05,US,Fashion_Beauty,19495,-0.916169612,2.943410503,3.859580114,6.802990617,21.9264115,0.784215404,5523
2024-05-12,US,Fashion_Beauty,19037,-1.201210664,2.946227512,4.147438176,7.093665688,21.68016472,0.785910311,5329
2024-05-19,US,Fashion_Beauty,17797,-0.940537849,3.039028385,3.979566234,7.018594618,21.44928014,0.812580056,5296
2024-05-26,US,Fashion_Beauty,17192,-1.05320161,3.001313591,4.054515201,7.055828792,21.68512601,0.790925249,5210
2024-06-02,US,Fashion_Beauty,16263,-0.899792524,3.064570916,3.96436344,7.028934356,21.39789242,0.775446011,5037
2024-06-09,US,Fashion_Beauty,16504,-0.673124184,3.076930075,3.750054259,6.826984334,21.62247428,0.781180725,4940
2024-06-16,US,Fashion_Beauty,15084,-0.739399668,3.004202145,3.743601813,6.747803959,21.60137624,0.803194305,4873
2024-06-23,US,Fashion_Beauty,19218,-1.375888815,3.026013441,4.401902255,7.427915696,21.42774737,0.798364565,5304
2024-06-30,US,Fashion_Beauty,14224,-0.74497802,3.16240763,3.90738565,7.06979328,21.83333615,0.758699268,4773
2024-07-07,US,Fashion_Beauty,15513,-0.840508714,3.072799099,3.913307812,6.986106911,21.52863282,0.750004915,5014
2024-07-14,US,Fashion_Beauty,15688,-1.31350164,2.829897492,4.143399132,6.973296624,21.61815128,0.782298909,5081
2024-07-21,US,Fashion_Beauty,16730,-1.062619752,2.922882727,3.985502479,6.908385206,21.70544434,0.816721228,5109
2024-07-28,US,Fashion_Beauty,21003,-1.350234482,2.911640572,4.261875054,7.173515626,20.92581119,0.673247099,5376
2024-08-04,US,Fashion_Beauty,14318,-1.109849351,3.011412029,4.12126138,7.132673409,21.61059193,0.715133305,4498
2024-08-11,US,Fashion_Beauty,15557,-1.377198776,2.823885763,4.201084539,7.024970302,21.43673935,0.730306228,4777
2024-08-18,US,Fashion_Beauty,14967,-0.676560606,3.009462904,3.68602351,6.695486414,21.71723916,0.75374227,4901
2024-08-25,US,Fashion_Beauty,14406,-1.079760577,3.01636967,4.096130248,7.112499918,21.51498512,0.732964312,4655
2024-09-01,US,Fashion_Beauty,14335,-0.90169939,3.064099602,3.965798991,7.029898593,21.36468596,0.77965192,4744
2024-09-08,US,Fashion_Beauty,18866,-1.262548582,2.918735997,4.18128458,7.100020577,21.37110048,0.786652992,5148
2024-09-15,US,Fashion_Beauty,19512,-1.532935441,2.80922325,4.342158691,7.151381941,21.23160355,0.826735441,5285
2024-09-22,US,Fashion_Beauty,20384,-1.275957206,2.948856111,4.224813317,7.173669428,21.48264425,0.793427511,5472
2024-09-29,US,Fashion_Beauty,15393,-0.753128982,3.110121861,3.863250843,6.973372703,21.22108009,0.848562624,4906
2024-10-06,US,Fashion_Beauty,16089,-1.14865412,2.894195447,4.042849568,6.937045015,21.49036157,0.818678837,4982
2024-10-13,US,Fashion_Beauty,16227,-0.880125348,3.001318846,3.881444194,6.88276304,21.35586564,0.824905584,4963
2024-10-20,US,Fashion_Beauty,15669,-0.615009197,3.086345422,3.70135462,6.787700042,21.60382163,0.873506582,4938
2024-10-27,US,Fashion_Beauty,19472,-0.6973674,3.097946622,3.795314023,6.893260645,21.65413998,0.808398449,5399
2024-11-03,US,Fashion_Beauty,16284,-0.220049325,3.291492352,3.511541677,6.803034029,21.5545439,0.880135313,5053
2024-11-10,US,Fashion_Beauty,19648,-0.312698795,3.297020468,3.609719262,6.90673973,21.65414774,0.788180951,5350
2024-11-17,US,Fashion_Beauty,18280,-0.831083961,3.040373468,3.871457429,6.911830897,21.58971295,0.792339073,5308
2024-11-24,US,Fashion_Beauty,14585,-0.722148999,3.184645055,3.906794054,7.091439109,21.60199864,0.750961731,4732
2024-12-01,US,Fashion_Beauty,15874,-0.556286493,3.293982092,3.850268586,7.144250678,21.36673191,0.765731708,4750
2024-12-08,US,Fashion_Beauty,17676,-1.032247984,3.086977797,4.119225781,7.206203578,21.3061024,0.854381195,5115
2024-12-15,US,Fashion_Beauty,16416,-0.996562495,3.067336975,4.06389947,7.131236446,21.47399451,0.794020111,4896
2024-12-22,US,Fashion_Beauty,10820,-0.848738219,3.185530407,4.034268626,7.219799033,21.51664963,0.790915976,3949
2024-12-29,US,Fashion_Beauty,11418,-0.926064326,3.064743273,3.9908076,7.055550873,21.7342838,0.750032444,4160
2025-01-05,US,Fashion_Beauty,18482,-0.97859819,3.143047794,4.121645984,7.264693777,21.4508389,0.786962711,5007
2025-01-12,US,Fashion_Beauty,18501,-1.020140017,3.040082345,4.060222363,7.100304708,21.7198729,0.849927889,5178
2025-01-19,US,Fashion_Beauty,21531,-0.9090485,3.109435896,4.018484397,7.127920293,21.64951463,0.814644329,5462
2025-01-26,US,Fashion_Beauty,18431,-1.036306785,2.988748567,4.025055352,7.013803919,21.61224821,0.870371421,5150
2025-02-02,US,Fashion_Beauty,19914,-1.084086739,3.032729034,4.116815774,7.149544808,21.69662,0.868382509,5140
2025-02-09,US,Fashion_Beauty,20995,-0.799028497,3.120850492,3.919878989,7.040729481,21.85180205,0.803289669,5338
2025-02-16,US,Fashion_Beauty,18870,-0.779496824,3.113911191,3.893408015,7.007319205,21.76188167,0.855498678,4971
2025-02-23,US,Fashion_Beauty,22418,-1.008664425,3.007409042,4.016073467,7.023482509,21.7291212,0.890531206,5371
2025-03-02,US,Fashion_Beauty,20241,-0.412656009,3.403731566,3.816387576,7.220119142,21.58731521,0.863646587,5158
2025-03-09,US,Fashion_Beauty,17684,-1.083039115,3.000917251,4.083956366,7.084873616,21.49343634,0.798994621,5001
2025-03-16,US,Fashion_Beauty,19786,-1.446311008,2.815674766,4.261985774,7.07766054,21.5646787,0.869839694,5173
2025-03-23,US,Fashion_Beauty,18461,-1.01744757,2.900658132,3.918105702,6.818763835,21.73049437,0.831918525,4997
2025-03-30,US,Fashion_Beauty,18087,-1.015239001,2.935643098,3.950882099,6.886525198,21.6613081,0.851990857,4847
2025-04-06,US,Fashion_Beauty,19457,-1.112791494,2.851601665,3.964393159,6.815994824,21.54514883,0.828375828,5272
2025-04-13,US,Fashion_Beauty,18717,-0.926031794,3.042454098,3.968485891,7.010939989,21.27749037,0.750776463,5043
2025-04-20,US,Fashion_Beauty,20701,-1.314357101,2.931067307,4.245424408,7.176491714,21.45925058,0.726648043,5244
2025-04-27,US,Fashion_Beauty,17933,-0.844289492,3.072841242,3.917130734,6.989971976,21.75270558,0.807485081,5204
2025-05-04,US,Fashion_Beauty,25680,-0.094639141,3.177242584,3.271881725,6.449124309,21.10874917,0.768519322,5841
2025-05-11,US,Fashion_Beauty,18125,-0.802556788,3.058844116,3.861400904,6.92024502,21.78418168,0.755127221,4894
2025-05-18,US,Fashion_Beauty,20722,-1.317832587,3.014742945,4.332575533,7.347318478,21.53233984,0.701759107,5155
2025-05-25,US,Fashion_Beauty,16966,-0.89824115,3.219082676,4.117323826,7.336406502,21.5049952,0.736014054,4853
2025-06-01,US,Fashion_Beauty,18117,-1.365078882,2.942811358,4.30789024,7.250701599,21.68377756,0.83850384,5018
2025-06-08,US,Fashion_Beauty,17962,-1.79361035,2.80894295,4.6025533,7.411496249,21.52426395,0.813908597,4850
2025-06-29,US,Fashion_Beauty,8824,-0.840078811,3.159109768,3.99918858,7.158298348,21.30302868,0.829044904,3515
2025-07-06,US,Fashion_Beauty,17260,-1.162315441,2.971886558,4.134201999,7.106088556,21.71391287,0.789571559,4912
2025-07-13,US,Fashion_Beauty,23363,-1.534157024,2.899642456,4.43379948,7.333441936,21.86371182,0.696120392,5303
2025-07-20,US,Fashion_Beauty,24105,-1.4053478,2.958043728,4.363391528,7.321435257,21.79498867,0.813553956,5229
2025-07-27,US,Fashion_Beauty,19709,-1.044073988,3.049248656,4.093322644,7.1425713,21.56574094,0.806112113,5088
2025-08-03,US,Fashion_Beauty,18551,-1.293696313,2.964936361,4.258632675,7.223569036,21.70299208,0.739538881,4837
2025-08-10,US,Fashion_Beauty,15382,-1.045856185,3.051020325,4.096876509,7.147896834,21.52461638,0.790122331,4460
2025-08-17,US,Fashion_Beauty,15979,-1.070146138,2.993612043,4.06375818,7.057370223,21.80415012,0.777574903,4716
2025-08-24,US,Fashion_Beauty,17431,-1.46210085,2.905180223,4.367281073,7.272461296,21.77473579,0.748564466,4790
2025-08-31,US,Fashion_Beauty,18244,-0.926782666,3.123529413,4.050312079,7.173841492,21.64147782,0.766782926,4955
2025-09-07,US,Fashion_Beauty,20047,-1.538007291,2.993013596,4.531020887,7.524034483,21.98035817,0.881550848,5104
2025-09-14,US,Fashion_Beauty,19153,-1.072468593,3.172601895,4.245070488,7.417672383,21.63872833,0.800610348,5033
2025-09-21,US,Fashion_Beauty,20039,-1.260983863,3.094575439,4.355559302,7.45013474,21.58060486,0.830029017,5086
2025-09-28,US,Fashion_Beauty,17574,-0.765103491,3.184419307,3.949522799,7.133942106,21.41212677,0.746414817,5012
2025-10-05,US,Fashion_Beauty,17762,-0.611319704,3.346326866,3.957646571,7.303973437,21.40584035,0.836871593,4906
2025-10-12,US,Fashion_Beauty,19547,-1.010631519,3.158800976,4.169432495,7.328233472,21.24272012,0.732590254,5065
2025-10-19,US,Fashion_Beauty,18278,-1.038175718,3.227525036,4.265700754,7.493225791,21.68869612,0.791506182,4917
2025-10-26,US,Fashion_Beauty,17221,-0.516885637,3.298422188,3.815307825,7.113730014,21.36272937,0.769666045,4859
2025-11-02,US,Fashion_Beauty,18172,-0.771324097,3.234441645,4.005765743,7.240207388,21.488282,0.746567407,4879
2025-11-09,US,Fashion_Beauty,19118,-0.658738992,3.323390513,3.982129505,7.305520018,21.4005339,0.764336132,4816
2025-11-16,US,Fashion_Beauty,22743,-0.981504543,3.173299744,4.154804288,7.328104032,21.81306093,0.742394929,5210
2025-11-23,US,Fashion_Beauty,14852,-0.645418841,3.304297769,3.949716611,7.25401438,21.29372841,0.745222806,4326
2025-11-30,US,Fashion_Beauty,17572,-1.175867222,3.083892199,4.259759422,7.343651621,21.44484797,0.764730909,4931
2025-12-07,US,Fashion_Beauty,18138,-0.867507575,3.278699056,4.146206631,7.424905687,21.33053289,0.718369997,4848
2025-12-14,US,Fashion_Beauty,19243,-1.268366695,3.052994001,4.321360696,7.374354696,21.20814643,0.751729207,4925
2025-12-21,US,Fashion_Beauty,16308,-1.623551558,2.909625769,4.533177327,7.442803096,21.05147646,0.768563488,4129
2025-12-28,US,Fashion_Beauty,12886,-1.309207404,3.040456552,4.349663957,7.390120509,21.34006972,0.692666637,3923
2026-01-04,US,Fashion_Beauty,21096,-1.826193191,2.848837275,4.675030466,7.523867742,21.22125285,0.795972643,4908
2026-01-11,US,Fashion_Beauty,22761,-1.797948686,2.901387429,4.699336115,7.600723544,21.59193991,0.833076898,5059
2026-01-18,US,Fashion_Beauty,22053,-0.984658949,3.227050352,4.211709301,7.438759653,21.77896348,0.799549054,5108
2026-01-25,US,Fashion_Beauty,24633,-1.852346723,2.91619339,4.768540114,7.684733504,21.75948714,0.769539672,5123
2026-02-01,US,Fashion_Beauty,23872,-1.279740076,3.175914272,4.455654348,7.63156862,21.50328534,0.818887437,5288
2026-02-08,US,Fashion_Beauty,23785,-1.29335611,3.032736735,4.326092845,7.35882958,21.26022149,0.753841987,5280
2026-02-15,US,Fashion_Beauty,21058,-1.344359597,2.840339167,4.184698764,7.025037931,21.36065156,0.70708818,5002
2026-02-22,US,Fashion_Beauty,23949,-1.192780111,2.916237118,4.109017229,7.025254347,21.44969872,0.772688165,5073
2026-03-01,US,Fashion_Beauty,24627,-1.708578371,2.905133882,4.613712253,7.518846135,21.19462198,0.869739736,5299
2026-03-08,US,Fashion_Beauty,17880,-1.09120998,3.056648546,4.147858526,7.204507073,21.59466362,0.718099913,4784
2026-03-15,US,Fashion_Beauty,18624,-0.799759071,3.197199851,3.996958922,7.194158773,21.78557864,0.745943938,4724
2026-03-22,US,Fashion_Beauty,17422,-1.336419903,2.918853382,4.255273285,7.174126667,21.70289699,0.743324921,4513
2026-03-29,US,Fashion_Beauty,17942,-1.558389565,2.848369317,4.406758881,7.255128198,21.77069075,0.823962388,4642
2026-04-05,US,Fashion_Beauty,17949,-1.454925159,2.921388355,4.376313514,7.297701869,21.95896505,0.754242929,4522
2026-04-12,US,Fashion_Beauty,19176,-1.219963169,2.963778716,4.183741885,7.147520602,21.71174778,0.691900777,4802
2026-04-19,US,Fashion_Beauty,20744,-1.241823257,2.896889001,4.138712258,7.035601259,21.56403492,0.756383971,4725
2026-04-26,US,Fashion_Beauty,18207,-1.215191745,2.912591799,4.127783544,7.040375343,21.98858451,0.772136044,4627
2026-05-03,US,Fashion_Beauty,20173,-0.837359094,2.908285233,3.745644326,6.653929559,21.67457541,0.7011358,4795
2026-05-10,US,Fashion_Beauty,18202,-1.153700704,3.031788705,4.185489409,7.217278114,21.5736988,0.741253406,4497
2026-05-17,US,Fashion_Beauty,18883,-0.868300026,3.121135597,3.989435623,7.11057122,21.47780327,0.69967564,4625
2026-05-24,US,Fashion_Beauty,16359,-0.746025824,3.163093307,3.909119131,7.072212439,21.51193692,0.685537241,4365
2026-05-31,US,Fashion_Beauty,18328,-1.110494751,3.020273546,4.130768297,7.151041843,21.56528559,0.680841207,4551
2026-06-07,US,Fashion_Beauty,17305,-0.995557353,3.016280181,4.011837534,7.028117715,21.2908337,0.710052567,4298
2026-06-14,US,Fashion_Beauty,14480,-0.574287619,3.207984681,3.7822723,6.990256981,21.45754892,0.709396537,4222
2026-06-21,US,Fashion_Beauty,16479,-1.07920542,3.008641129,4.087846549,7.096487678,21.55626965,0.80150117,4239
2026-06-28,US,Fashion_Beauty,14845,-0.688817017,3.140443774,3.829260791,6.969704565,21.33604385,0.698641548,4236
2026-07-05,US,Fashion_Beauty,19794,-1.216164004,2.975178826,4.19134283,7.166521656,21.33064858,0.740530089,4517
2026-07-12,US,Fashion_Beauty,18356,-1.472297879,2.821076175,4.293374054,7.114450228,21.04530251,0.802179305,4322
2026-07-19,US,Fashion_Beauty,17862,-1.749368752,2.880903853,4.630272605,7.511176458,21.7479667,0.681532673,4199
2026-07-26,US,Fashion_Beauty,15731,-1.185442937,2.95313294,4.138575878,7.091708818,21.49603082,0.697698083,4139
2026-08-02,US,Fashion_Beauty,14705,-1.244988013,2.997261952,4.242249965,7.239511917,21.62835168,0.675506311,4124
2026-08-09,US,Fashion_Beauty,14544,-0.850496297,3.01079379,3.861290087,6.872083877,21.90286728,0.742320075,4103
2026-08-16,US,Fashion_Beauty,13380,-1.168358358,2.893580348,4.061938706,6.955519054,21.78407155,0.684858947,3800
2026-08-23,US,Fashion_Beauty,5808,-1.259856663,2.860869683,4.120726346,6.981596029,21.78134064,0.71750075,2484
2023-01-01,US,Fitness_Wearables,1426,-0.406206778,2.923685397,3.329892175,6.253577572,21.12510519,0.752605609,966
2023-01-08,US,Fitness_Wearables,1494,-0.955680408,3.10397568,4.059656088,7.163631767,20.81779355,0.828495692,1060
2023-01-15,US,Fitness_Wearables,1728,0.23296276,3.110355495,2.877392735,5.98774823,21.49074053,0.961662602,1138
2023-01-22,US,Fitness_Wearables,1593,-0.270817514,3.195738571,3.466556085,6.662294656,21.5989342,0.918017867,1051
2023-01-29,US,Fitness_Wearables,1382,0.510492376,3.287588276,2.7770959,6.064684176,21.08928307,0.89491286,917
2023-02-05,US,Fitness_Wearables,1496,0.688857235,3.444325274,2.755468039,6.199793313,21.69320477,0.821292988,1000
2023-02-12,US,Fitness_Wearables,1828,-0.130698555,2.998351323,3.129049878,6.127401202,21.439306,0.790916491,1182
2023-02-19,US,Fitness_Wearables,1524,0.165928419,3.224440176,3.058511756,6.282951932,21.32220682,0.919095642,1007
2023-02-26,US,Fitness_Wearables,1940,0.965269678,3.709751522,2.744481843,6.454233365,21.06147905,1.375324694,1055
2023-03-05,US,Fitness_Wearables,2731,-0.236459818,3.330866037,3.567325854,6.898191891,21.39481384,1.033343111,1445
2023-03-12,US,Fitness_Wearables,2228,-0.058599821,3.306070791,3.364670612,6.670741403,21.29190596,0.819607739,1342
2023-03-19,US,Fitness_Wearables,2272,-0.109040556,3.087073643,3.196114199,6.283187842,21.09246105,0.813004235,1487
2023-03-26,US,Fitness_Wearables,3210,-0.205617653,3.081830295,3.287447948,6.369278243,21.5098802,0.816630775,1889
2023-04-02,US,Fitness_Wearables,3127,-0.216793769,3.201489766,3.418283535,6.6197733,20.3978167,0.690516227,1855
2023-04-09,US,Fitness_Wearables,2316,0.54349179,3.443210321,2.899718531,6.342928851,20.97911112,0.837290658,1522
2023-04-16,US,Fitness_Wearables,2213,0.749650112,3.449116332,2.699466221,6.148582553,20.96688432,0.914415698,1448
2023-04-23,US,Fitness_Wearables,2963,0.075404942,3.120870587,3.045465644,6.166336231,21.65337176,0.896270014,1783
2023-04-30,US,Fitness_Wearables,2865,1.093016783,3.757196159,2.664179376,6.421375535,21.38500314,0.852092004,1721
2023-05-07,US,Fitness_Wearables,2627,0.087005941,3.259173353,3.172167412,6.431340765,21.96108692,0.783606084,1688
2023-05-14,US,Fitness_Wearables,2507,0.459483448,3.379760478,2.92027703,6.300037509,21.33310889,0.881831179,1581
2023-05-21,US,Fitness_Wearables,2514,0.386528174,3.30785562,2.921327446,6.229183067,21.50417794,0.949103492,1624
2023-05-28,US,Fitness_Wearables,2368,0.446306368,3.301220274,2.854913906,6.15613418,21.70761661,0.91442917,1566
2023-06-04,US,Fitness_Wearables,3824,-0.046869175,3.268753374,3.315622549,6.584375922,21.34349314,0.772942811,2168
2023-06-11,US,Fitness_Wearables,2533,0.772196524,3.375938356,2.603741832,5.979680188,21.08152852,0.851193812,1660
2023-06-18,US,Fitness_Wearables,2804,1.040584112,3.501452418,2.460868306,5.962320724,21.22231567,0.858964805,1551
2023-06-25,US,Fitness_Wearables,2026,1.03817969,3.707951475,2.669771786,6.377723261,21.3734942,0.872138621,1335
2023-07-02,US,Fitness_Wearables,1915,0.230082519,3.25566048,3.025577962,6.281238442,21.35089422,0.921340258,1374
2023-07-09,US,Fitness_Wearables,2019,0.840739939,3.451269418,2.61052948,6.061798898,21.43256765,0.8000071,1310
2023-07-16,US,Fitness_Wearables,2964,-0.240460156,3.206604528,3.447064685,6.653669213,20.82503549,0.712737149,1749
2023-07-23,US,Fitness_Wearables,2722,0.750796625,3.573986859,2.823190235,6.397177094,21.04637617,0.75825092,1563
2023-07-30,US,Fitness_Wearables,2408,-0.040585779,3.258025464,3.298611242,6.556636706,21.71471781,1.003734314,1528
2023-08-06,US,Fitness_Wearables,2063,0.46755315,3.369079515,2.901526365,6.27060588,21.48560625,0.886762995,1353
2023-08-13,US,Fitness_Wearables,2349,0.482087703,3.407658803,2.9255711,6.333229902,21.32352364,0.919770908,1520
2023-08-20,US,Fitness_Wearables,2950,-0.440806173,2.975198767,3.41600494,6.391203707,21.95080139,0.966492195,1719
2023-08-27,US,Fitness_Wearables,2114,0.857601351,3.439993969,2.582392618,6.022386587,21.55233759,0.933304886,1444
2023-09-03,US,Fitness_Wearables,2405,0.971727923,3.757010919,2.785282996,6.542293915,21.86651124,0.779217506,1597
2023-09-10,US,Fitness_Wearables,2263,0.90879998,3.548727721,2.639927741,6.188655462,20.37504003,0.835513,1377
2023-09-17,US,Fitness_Wearables,2425,0.37508105,3.361392713,2.986311663,6.347704375,21.20667206,0.952716182,1516
2023-09-24,US,Fitness_Wearables,2332,1.111641736,3.674874227,2.563232491,6.238106719,21.10045989,1.023318612,1496
2023-10-01,US,Fitness_Wearables,2261,0.80848751,3.585555522,2.777068012,6.362623535,21.14837934,0.995242023,1479
2023-10-08,US,Fitness_Wearables,3490,-1.455613115,3.006706892,4.462320006,7.469026898,20.93635599,0.821357083,2022
2023-10-15,US,Fitness_Wearables,3571,-1.686913744,2.900196017,4.587109761,7.487305778,21.09262105,0.74095772,2039
2023-10-22,US,Fitness_Wearables,2732,-1.11939963,2.947665386,4.067065016,7.014730402,21.12877046,1.051065961,1689
2023-10-29,US,Fitness_Wearables,3063,-1.307483106,2.94152131,4.249004416,7.190525726,21.0679107,0.938528161,1854
2023-11-05,US,Fitness_Wearables,2760,-0.696724323,2.982400589,3.679124912,6.661525501,21.21667835,0.927344001,1773
2023-11-12,US,Fitness_Wearables,2362,-0.059775999,3.237882494,3.297658492,6.535540986,21.29088737,0.926475604,1511
2023-11-19,US,Fitness_Wearables,2174,-0.479651288,3.161348441,3.64099973,6.802348171,20.98168105,0.78936367,1388
2023-11-26,US,Fitness_Wearables,1994,0.373563641,3.378356414,3.004792773,6.383149187,21.11750873,0.898350493,1322
2023-12-03,US,Fitness_Wearables,2545,-0.527710564,3.198887393,3.726597957,6.925485349,20.78574096,0.862880971,1596
2023-12-10,US,Fitness_Wearables,2900,-0.412072173,3.223039701,3.635111874,6.858151575,21.01288312,0.859627974,1933
2023-12-17,US,Fitness_Wearables,2234,-0.429808455,3.175544968,3.605353423,6.780898391,21.72761509,0.81640705,1513
2023-12-24,US,Fitness_Wearables,2317,-1.594572776,2.887513774,4.48208655,7.369600324,21.42506308,0.887356115,1584
2023-12-31,US,Fitness_Wearables,4169,-4.685498065,2.25751901,6.943017075,9.200536085,20.7287496,0.684255476,2200
2024-01-07,US,Fitness_Wearables,4133,-1.558161579,2.812685735,4.370847313,7.183533048,21.27190943,0.922739507,2105
2024-01-14,US,Fitness_Wearables,3450,-1.073857919,2.999995979,4.073853899,7.073849878,21.17224496,0.868652795,2014
2024-01-21,US,Fitness_Wearables,3095,-0.166268852,3.145970573,3.312239425,6.458209998,21.14576864,0.873841754,1893
2024-01-28,US,Fitness_Wearables,2842,-1.220777153,2.961505616,4.182282769,7.143788385,21.12710868,1.214431743,1716
2024-02-04,US,Fitness_Wearables,3517,-1.111206585,2.760407013,3.871613597,6.63202061,20.95824199,0.973674684,2009
2024-02-11,US,Fitness_Wearables,3017,-0.372991728,3.23490305,3.607894779,6.842797829,21.37871691,0.822469046,1829
2024-02-18,US,Fitness_Wearables,3186,0.273944311,3.198384504,2.924440193,6.122824696,21.67317768,0.933138189,1807
2024-02-25,US,Fitness_Wearables,2587,0.284655075,3.270559564,2.98590449,6.256464054,21.40609829,0.836823843,1658
2024-03-03,US,Fitness_Wearables,3094,0.259044147,3.371996372,3.112952224,6.484948596,21.55887375,0.730514486,1819
2024-03-10,US,Fitness_Wearables,2570,0.021287292,3.212866218,3.191578926,6.404445145,21.42754071,0.797873995,1597
2024-03-17,US,Fitness_Wearables,2261,0.759999058,3.401907101,2.641908043,6.043815144,21.33415129,0.910735299,1380
2024-03-24,US,Fitness_Wearables,3831,-0.088302861,3.332602258,3.42090512,6.753507378,20.952863,0.788460652,2033
2024-03-31,US,Fitness_Wearables,2288,-0.286111996,3.308224268,3.594336265,6.902560533,20.70964036,0.875326289,1508
2024-04-07,US,Fitness_Wearables,2573,-0.127484674,3.305073317,3.432557991,6.737631309,21.5338282,0.884067947,1576
2024-04-14,US,Fitness_Wearables,3075,-1.233784384,2.976059988,4.209844372,7.18590436,20.88055801,0.735016072,1808
2024-04-21,US,Fitness_Wearables,2901,-0.850770818,3.03527093,3.886041748,6.921312678,21.00246315,0.791755506,1753
2024-04-28,US,Fitness_Wearables,2780,-0.627242957,2.844296859,3.471539816,6.315836676,21.87571584,0.788838783,1524
2024-05-05,US,Fitness_Wearables,2781,-0.286629354,2.827596304,3.114225658,5.941821963,22.11165279,0.792993245,1468
2024-05-12,US,Fitness_Wearables,2847,-0.949235681,2.814162697,3.763398378,6.577561075,22.28241982,0.736595129,1590
2024-05-19,US,Fitness_Wearables,4226,-1.785024967,2.793133593,4.57815856,7.371292153,20.36314983,0.600107649,2197
2024-05-26,US,Fitness_Wearables,3701,-1.699820084,2.965650469,4.665470553,7.631121022,22.67319988,0.796393164,1854
2024-06-02,US,Fitness_Wearables,3198,-0.218846523,2.768501431,2.987347954,5.755849385,22.18522463,0.696194223,1672
2024-06-09,US,Fitness_Wearables,2870,0.048692369,3.122556602,3.073864233,6.196420835,21.89821024,0.81548201,1589
2024-06-16,US,Fitness_Wearables,3170,-0.16966556,3.201028079,3.370693638,6.571721717,21.35314562,0.84446933,1784
2024-06-23,US,Fitness_Wearables,4361,-0.950576556,2.80501338,3.755589936,6.560603315,21.71578296,0.708418175,2219
2024-06-30,US,Fitness_Wearables,3590,-0.964127594,2.98937873,3.953506324,6.942885055,21.56866133,0.658192696,1859
2024-07-07,US,Fitness_Wearables,4194,-0.532092927,2.966828495,3.498921423,6.465749918,22.3059414,0.677426093,2025
2024-07-14,US,Fitness_Wearables,17639,-0.986663205,2.73892626,3.725589465,6.464515724,22.23130504,0.772149225,3560
2024-07-21,US,Fitness_Wearables,15629,-0.011040182,3.094578082,3.105618265,6.200196347,22.2246756,0.713805045,3418
2024-07-28,US,Fitness_Wearables,12051,-0.871593811,2.678543463,3.550137274,6.228680737,22.23743871,0.696495533,3128
2024-08-04,US,Fitness_Wearables,17866,-0.699990387,2.571810847,3.271801233,5.84361208,21.61899253,0.735251055,3752
2024-08-11,US,Fitness_Wearables,10462,-1.436017382,2.384436994,3.820454376,6.20489137,22.04416866,0.767915972,2994
2024-08-18,US,Fitness_Wearables,14400,-0.136861872,2.915725866,3.052587738,5.968313604,21.75033259,0.920847165,3051
2024-08-25,US,Fitness_Wearables,8451,-1.054047244,2.377536366,3.43158361,5.809119976,22.43965936,0.673872272,2634
2024-09-01,US,Fitness_Wearables,4058,-0.554733626,2.834167894,3.38890152,6.223069414,22.38345643,0.80502809,1835
2024-09-08,US,Fitness_Wearables,10025,-1.891392792,2.592873165,4.484265956,7.077139121,22.17148637,0.822186774,3047
2024-09-15,US,Fitness_Wearables,8404,-2.347967571,2.342999966,4.690967537,7.033967504,22.87651654,0.834095375,2862
2024-09-22,US,Fitness_Wearables,8814,-2.585276807,2.382308245,4.967585052,7.349893296,21.31823535,0.760724882,2952
2024-09-29,US,Fitness_Wearables,10922,-2.524011673,2.532513344,5.056525017,7.589038361,21.71047099,0.744059489,3252
2024-10-06,US,Fitness_Wearables,5646,-1.674949394,2.565075495,4.240024889,6.805100384,21.82718417,0.883729708,2416
2024-10-13,US,Fitness_Wearables,5473,-1.522634166,2.46502324,3.987657406,6.452680647,21.97833857,0.836408924,2429
2024-10-20,US,Fitness_Wearables,7175,-1.696478292,2.400924767,4.097403059,6.498327826,21.11158082,0.659550767,2593
2024-10-27,US,Fitness_Wearables,6246,-1.114344601,2.626085971,3.740430571,6.366516542,21.82651863,0.87713315,2528
2024-11-03,US,Fitness_Wearables,9003,-0.144143345,3.163579879,3.307723224,6.471303103,22.06900331,1.02279442,3061
2024-11-10,US,Fitness_Wearables,4370,-0.611334507,3.015751868,3.627086375,6.642838242,20.98411401,0.717432808,2135
2024-11-17,US,Fitness_Wearables,2368,0.08094716,3.389832617,3.308885457,6.698718073,21.28602493,0.797952575,1437
2024-11-24,US,Fitness_Wearables,3606,-1.264637197,3.187249576,4.451886772,7.639136348,20.30402686,0.687190527,1896
2024-12-01,US,Fitness_Wearables,2647,-0.62838623,3.165778463,3.794164692,6.959943155,20.80479334,0.748721477,1566
2024-12-08,US,Fitness_Wearables,2743,-0.874767082,3.284770849,4.15953793,7.444308779,20.70198214,0.695320979,1673
2024-12-15,US,Fitness_Wearables,1963,-0.132375681,3.452745668,3.585121349,7.037867017,20.93856638,0.777658704,1263
2024-12-22,US,Fitness_Wearables,1355,0.16737187,3.762472305,3.595100435,7.35757274,21.04263132,0.790754063,913
2024-12-29,US,Fitness_Wearables,1565,-1.016677457,3.218130042,4.234807499,7.452937541,21.14906571,0.726807073,1101
2025-01-05,US,Fitness_Wearables,2456,0.179255632,3.304212249,3.124956617,6.429168866,20.86245905,0.692501052,1551
2025-01-12,US,Fitness_Wearables,2235,0.088578678,3.545602594,3.457023916,7.00262651,21.02907088,0.830910727,1422
2025-01-19,US,Fitness_Wearables,2372,-0.162771863,3.291850192,3.454622055,6.746472246,21.26872017,0.800654356,1566
2025-01-26,US,Fitness_Wearables,2026,-0.03737229,3.321598891,3.358971181,6.680570072,21.67589319,0.83063475,1303
2025-02-02,US,Fitness_Wearables,2488,0.006174458,3.350789088,3.34461463,6.695403718,20.79868284,0.791284007,1545
2025-02-09,US,Fitness_Wearables,2179,-0.146611818,3.260227571,3.406839389,6.66706696,21.12078794,0.742440782,1450
2025-02-16,US,Fitness_Wearables,2035,0.224799164,3.410500456,3.185701292,6.596201748,21.62414633,0.786968972,1379
2025-02-23,US,Fitness_Wearables,2125,0.198228505,3.447467375,3.249238869,6.696706244,21.20455492,0.87256616,1393
2025-03-02,US,Fitness_Wearables,1912,0.611472909,3.573512297,2.962039388,6.535551684,21.81613986,1.046255632,1276
2025-03-09,US,Fitness_Wearables,2043,-0.422433341,3.261746711,3.684180052,6.945926762,21.04797046,0.820259976,1350
2025-03-16,US,Fitness_Wearables,2013,-0.552334245,3.185995437,3.738329681,6.924325118,21.11456445,0.883762072,1291
2025-03-23,US,Fitness_Wearables,2075,0.007939215,3.478583413,3.470644199,6.949227612,21.72778809,0.784815668,1315
2025-03-30,US,Fitness_Wearables,2338,-0.531007515,3.068875199,3.599882714,6.668757913,21.62775953,0.92839492,1511
2025-04-06,US,Fitness_Wearables,2151,0.127329774,3.455785773,3.328456,6.784241773,21.61761143,0.879793396,1288
2025-04-13,US,Fitness_Wearables,2821,-1.159665362,2.790492966,3.950158328,6.740651294,21.74894639,0.866203306,1574
2025-04-20,US,Fitness_Wearables,2297,0.331253061,3.494288924,3.163035863,6.657324787,21.35043451,0.834908361,1520
2025-04-27,US,Fitness_Wearables,1954,0.24028316,3.444452339,3.204169179,6.648621518,21.14378878,0.804639854,1279
2025-05-04,US,Fitness_Wearables,2210,0.214953195,3.212314477,2.997361282,6.209675759,21.27216541,0.90123109,1450
2025-05-11,US,Fitness_Wearables,2073,0.32140047,3.514553274,3.193152804,6.707706078,21.42265441,0.829297693,1393
2025-05-18,US,Fitness_Wearables,1922,0.43255011,3.594921787,3.162371677,6.757293464,21.71811018,0.846340026,1310
2025-05-25,US,Fitness_Wearables,1952,0.34468268,3.513030453,3.168347773,6.681378226,21.64494537,0.862653542,1269
2025-06-01,US,Fitness_Wearables,1713,0.576128205,3.461872582,2.885744377,6.347616959,21.49808322,0.904365837,1127
2025-06-08,US,Fitness_Wearables,2649,-0.811602348,3.107090326,3.918692674,7.025783001,21.46722656,0.739505541,1598
2025-06-29,US,Fitness_Wearables,1538,-0.973782833,2.745389778,3.719172611,6.464562389,22.00198103,0.679637628,1058
2025-07-06,US,Fitness_Wearables,2265,-0.136042016,3.459304504,3.59534652,7.054651023,20.99735473,0.787464958,1430
2025-07-13,US,Fitness_Wearables,3095,-0.813862401,3.074943041,3.888805442,6.963748483,20.64444591,0.774726017,1539
2025-07-20,US,Fitness_Wearables,2005,0.457883536,3.552004318,3.094120782,6.646125101,21.11219579,0.762882488,1303
2025-07-27,US,Fitness_Wearables,1712,0.523070825,3.450342285,2.92727146,6.377613745,21.46569402,0.824269126,1160
2025-08-03,US,Fitness_Wearables,1946,0.065113613,3.497374641,3.432261028,6.929635669,21.26389375,0.827798533,1238
2025-08-10,US,Fitness_Wearables,1805,0.359501871,3.501726328,3.142224458,6.643950786,21.42280066,0.879747039,1216
2025-08-17,US,Fitness_Wearables,1778,0.526945946,3.72105979,3.194113844,6.915173634,21.47608569,0.873687625,1147
2025-08-24,US,Fitness_Wearables,2406,-0.238799712,3.322122419,3.560922131,6.883044549,21.27646498,0.923873643,1570
2025-08-31,US,Fitness_Wearables,1970,-0.191993982,3.410754508,3.602748491,7.013502999,21.04816024,0.782850778,1388
2025-09-07,US,Fitness_Wearables,1857,0.338759133,3.51950413,3.180744996,6.700249126,21.60867653,0.899344906,1218
2025-09-14,US,Fitness_Wearables,2567,0.302131337,3.441673833,3.139542496,6.581216329,21.29177767,0.887596926,1485
2025-09-21,US,Fitness_Wearables,2492,0.11021211,3.405144036,3.294931925,6.700075961,21.7908796,0.885020989,1499
2025-09-28,US,Fitness_Wearables,1699,0.636779238,3.736651882,3.099872644,6.836524525,21.62596316,0.886296373,1221
2025-10-05,US,Fitness_Wearables,1705,0.691680929,3.763509396,3.071828467,6.835337862,21.28565239,0.922791773,1223
2025-10-12,US,Fitness_Wearables,1836,0.987249555,3.88765574,2.900406185,6.788061925,21.4011627,0.748826113,1275
2025-10-19,US,Fitness_Wearables,2085,0.683960399,3.7567836,3.072823201,6.829606801,21.18608374,0.832242699,1292
2025-10-26,US,Fitness_Wearables,1896,0.723832767,3.547347412,2.823514645,6.370862056,21.54618645,0.971225139,1226
2025-11-02,US,Fitness_Wearables,2113,-0.071021193,3.354082369,3.425103562,6.779185931,20.69684761,0.799317173,1340
2025-11-09,US,Fitness_Wearables,1911,0.192757729,3.540149909,3.34739218,6.887542089,20.98771565,0.820563447,1213
2025-11-16,US,Fitness_Wearables,1767,0.254877426,3.61202803,3.357150604,6.969178634,20.9892315,0.78048457,1193
2025-11-23,US,Fitness_Wearables,1594,-0.0998824,3.388367403,3.488249803,6.876617206,21.23284304,0.762224344,1060
2025-11-30,US,Fitness_Wearables,1773,0.451329065,3.596456246,3.145127181,6.741583427,20.6455513,0.799387026,1091
2025-12-07,US,Fitness_Wearables,1619,-0.313661867,3.306234079,3.619895945,6.926130024,20.55121108,0.706381915,1070
2025-12-14,US,Fitness_Wearables,1383,0.614819073,3.675206308,3.060387236,6.735593544,21.14674718,0.725317815,956
2025-12-21,US,Fitness_Wearables,1407,-0.472228907,3.405133455,3.877362362,7.282495818,21.3578539,0.878909584,897
2025-12-28,US,Fitness_Wearables,1101,-0.412098398,3.429244178,3.841342575,7.270586753,21.09484735,0.675010176,797
2026-01-04,US,Fitness_Wearables,2093,-1.444339005,3.104170144,4.548509149,7.652679294,21.04262429,0.794552077,1378
2026-01-11,US,Fitness_Wearables,2461,-1.146154187,3.18734867,4.333502857,7.520851528,21.19605335,0.79698413,1598
2026-01-18,US,Fitness_Wearables,1779,-0.028505302,3.315746835,3.344252137,6.659998972,21.22330551,0.81009564,1151
2026-01-25,US,Fitness_Wearables,2409,-1.28071148,3.007918306,4.288629787,7.296548093,21.38864192,0.878971318,1330
2026-02-01,US,Fitness_Wearables,2599,-1.361474703,3.013902778,4.375377481,7.389280259,20.87610602,0.753388109,1633
2026-02-08,US,Fitness_Wearables,1758,-0.373169137,3.346740755,3.719909892,7.066650646,20.88852639,0.751342957,1193
2026-02-15,US,Fitness_Wearables,1626,0.141907238,3.375374049,3.233466811,6.60884086,21.0180416,0.923379257,1146
2026-02-22,US,Fitness_Wearables,2491,-1.204136449,3.02789278,4.232029229,7.259922008,20.62855378,0.855335549,1477
2026-03-01,US,Fitness_Wearables,7573,-3.28203252,2.397072549,5.679105069,8.076177618,19.97124672,0.779366815,2702
2026-03-08,US,Fitness_Wearables,3946,-1.846589609,2.839547648,4.686137256,7.525684904,20.56849485,0.70457325,1905
2026-03-15,US,Fitness_Wearables,3157,-1.845526244,2.868543805,4.714070049,7.582613854,20.52180508,0.806051759,1636
2026-03-22,US,Fitness_Wearables,2516,-1.232291776,2.989006728,4.221298505,7.210305233,21.03660136,0.777664381,1471
2026-03-29,US,Fitness_Wearables,2191,-1.120044307,3.001602635,4.121646942,7.123249576,21.05700478,0.773748805,1341
2026-04-05,US,Fitness_Wearables,3360,-1.759364659,2.931658328,4.691022987,7.622681315,20.8315283,0.678019733,1701
2026-04-12,US,Fitness_Wearables,3551,-1.293122552,3.02319411,4.316316661,7.339510771,20.97158333,0.787846857,1700
2026-04-19,US,Fitness_Wearables,2664,-0.769898898,3.165313091,3.935211989,7.100525079,20.45588064,0.825143159,1499
2026-04-26,US,Fitness_Wearables,2133,-0.285997559,3.320743291,3.60674085,6.927484141,20.95593838,0.822699826,1317
2026-05-03,US,Fitness_Wearables,2299,-0.684258622,3.07256834,3.756826963,6.829395303,20.91688603,0.861476086,1499
2026-05-10,US,Fitness_Wearables,2723,-0.214298506,3.295811801,3.510110307,6.805922108,21.30552704,0.748603818,1491
2026-05-17,US,Fitness_Wearables,2633,-0.076591572,3.237769721,3.314361294,6.552131015,21.79762099,0.846359614,1551
2026-05-24,US,Fitness_Wearables,2774,-0.732158839,3.215043819,3.947202658,7.162246477,20.95698406,0.690208475,1553
2026-05-31,US,Fitness_Wearables,3871,-1.658464428,3.045886408,4.704350836,7.750237245,20.51000893,0.707275511,1833
2026-06-07,US,Fitness_Wearables,3456,-1.193968487,2.918615539,4.112584026,7.031199564,21.23651224,0.687298083,1809
2026-06-14,US,Fitness_Wearables,3641,-0.732927849,3.280496518,4.013424367,7.293920885,20.76342001,0.724522804,1724
2026-06-21,US,Fitness_Wearables,3398,1.743183622,4.835410573,3.092226951,7.927637525,22.42801618,0.880546874,1489
2026-06-28,US,Fitness_Wearables,2857,-0.930732218,3.392368728,4.323100946,7.715469674,20.56297543,0.788286697,1559
2026-07-05,US,Fitness_Wearables,3847,-1.87803053,3.053584788,4.931615318,7.985200106,20.46588709,0.807874989,1851
2026-07-12,US,Fitness_Wearables,1855,-0.15158773,3.316804758,3.468392488,6.785197247,20.89548609,0.717840855,1202
2026-07-19,US,Fitness_Wearables,1719,-0.090963043,3.369274169,3.460237212,6.829511381,21.23465297,0.773467125,1154
2026-07-26,US,Fitness_Wearables,2457,-1.236617631,2.894922266,4.131539896,7.026462162,20.42255866,0.819476936,1488
2026-08-02,US,Fitness_Wearables,1800,-0.464579219,3.318689686,3.783268905,7.101958592,20.8363224,0.669694155,1067
2026-08-09,US,Fitness_Wearables,1819,0.077432793,3.351673197,3.274240404,6.625913601,21.18024752,0.643003442,1128
2026-08-16,US,Fitness_Wearables,2366,-0.062595235,3.402333043,3.464928278,6.867261322,20.63927774,0.928536569,1222
2026-08-23,US,Fitness_Wearables,678,-0.235060037,3.092303295,3.327363332,6.419666627,21.35561658,0.840446678,492
2023-01-01,US,Nutrition_Diets,99686,-1.881792412,2.764467375,4.646259787,7.410727162,22.04503519,0.760474123,8073
2023-01-08,US,Nutrition_Diets,114690,-1.526292294,2.8404515,4.366743794,7.207195295,22.2429564,0.790532173,8289
2023-01-15,US,Nutrition_Diets,100878,-1.622912637,2.84972401,4.472636647,7.322360656,22.30088205,0.80989054,8180
2023-01-22,US,Nutrition_Diets,103944,-1.779506047,2.732466397,4.511972444,7.244438841,22.30771525,0.796134154,8306
2023-01-29,US,Nutrition_Diets,105663,-1.651546307,2.797660106,4.449206413,7.246866519,22.63235349,0.787683795,8188
2023-02-05,US,Nutrition_Diets,99972,-1.596546233,2.842489865,4.439036098,7.281525963,22.55433691,0.820319751,7661
2023-02-12,US,Nutrition_Diets,101276,-1.795802472,2.773370115,4.569172587,7.342542702,22.46840196,0.820364529,7722
2023-02-19,US,Nutrition_Diets,98842,-1.700933354,2.831607604,4.532540958,7.364148563,22.44985977,0.816908811,7641
2023-02-26,US,Nutrition_Diets,107995,-1.753385765,2.784321848,4.537707613,7.322029461,22.43977302,0.792519416,7868
2023-03-05,US,Nutrition_Diets,109834,-1.664424274,2.796567282,4.460991556,7.257558838,22.51395653,0.809957125,7827
2023-03-12,US,Nutrition_Diets,104884,-1.475471924,2.852074191,4.327546115,7.179620306,22.67998897,0.793675348,7703
2023-03-19,US,Nutrition_Diets,109709,-1.7622738,2.75428414,4.51655794,7.27084208,22.23546779,0.832874298,11253
2023-03-26,US,Nutrition_Diets,164132,-1.95946618,2.629796827,4.589263007,7.219059834,22.15463726,0.814550751,12243
2023-04-02,US,Nutrition_Diets,150497,-1.756455211,2.700112931,4.456568141,7.156681072,22.04524755,0.789429564,11900
2023-04-09,US,Nutrition_Diets,153984,-1.719520579,2.779559041,4.49907962,7.278638661,22.11335414,0.793387518,11825
2023-04-16,US,Nutrition_Diets,158140,-1.694106106,2.77550256,4.469608666,7.245111226,22.21637109,0.777261842,12317
2023-04-23,US,Nutrition_Diets,160841,-1.420664144,2.880722837,4.301386981,7.182109818,22.34225749,0.782256876,12249
2023-04-30,US,Nutrition_Diets,165019,-1.584825251,2.791467718,4.376292969,7.167760687,22.36248056,0.812013718,12200
2023-05-07,US,Nutrition_Diets,168862,-1.728249291,2.759773754,4.488023045,7.247796798,22.56687918,0.823745736,11999
2023-05-14,US,Nutrition_Diets,154465,-1.580630907,2.810815477,4.391446385,7.202261862,22.39003155,0.816059345,11918
2023-05-21,US,Nutrition_Diets,149345,-1.620865679,2.838091015,4.458956695,7.29704771,22.46424095,0.792957052,11995
2023-05-28,US,Nutrition_Diets,139627,-1.63268972,2.839018796,4.471708516,7.310727312,22.34471304,0.79075289,11844
2023-06-04,US,Nutrition_Diets,135458,-1.483931283,2.864643257,4.34857454,7.213217797,22.41374094,0.826015745,11781
2023-06-11,US,Nutrition_Diets,141071,-1.620620409,2.831006972,4.451627381,7.282634353,22.41442283,0.795958902,11829
2023-06-18,US,Nutrition_Diets,138207,-1.687147918,2.825585089,4.512733006,7.338318095,22.20149554,0.769802411,11780
2023-06-25,US,Nutrition_Diets,140865,-1.545444448,2.879095863,4.424540311,7.303636174,22.38431393,0.763302286,11814
2023-07-02,US,Nutrition_Diets,122524,-1.685157576,2.78084567,4.466003246,7.246848916,22.500306,0.83270454,11358
2023-07-09,US,Nutrition_Diets,132098,-1.61766807,2.764101507,4.381769577,7.145871084,22.39840556,0.782166669,11632
2023-07-16,US,Nutrition_Diets,136001,-1.456283962,2.813806985,4.270090947,7.083897932,22.16295126,0.768938202,11867
2023-07-23,US,Nutrition_Diets,131452,-1.530486672,2.796404595,4.326891266,7.123295861,22.22850282,0.773837576,11620
2023-07-30,US,Nutrition_Diets,132671,-1.447515795,2.894200346,4.341716141,7.235916486,22.29597499,0.807640758,11716
2023-08-06,US,Nutrition_Diets,136859,-1.739456021,2.729941124,4.469397145,7.199338268,22.33211025,0.778926942,11599
2023-08-13,US,Nutrition_Diets,124245,-1.620894718,2.777589966,4.398484685,7.176074651,22.36007864,0.774151131,11407
2023-08-20,US,Nutrition_Diets,119868,-1.603243128,2.779882553,4.383125681,7.163008233,22.30436241,0.769121384,11543
2023-08-27,US,Nutrition_Diets,124620,-1.664410642,2.730390506,4.394801148,7.125191654,22.35243636,0.777056184,11540
2023-09-03,US,Nutrition_Diets,119439,-1.503733161,2.827889016,4.331622177,7.159511192,22.20993264,0.788788525,11574
2023-09-10,US,Nutrition_Diets,141071,-1.44066371,2.873505196,4.314168905,7.187674101,21.99835224,0.789821558,11923
2023-09-17,US,Nutrition_Diets,135703,-1.464258798,2.891003203,4.355262001,7.246265204,22.12035455,0.822349477,11661
2023-09-24,US,Nutrition_Diets,126323,-1.445292181,2.861199531,4.306491712,7.167691243,22.19188675,0.783823709,11659
2023-10-01,US,Nutrition_Diets,130890,-1.326612628,2.956591585,4.283204213,7.239795798,22.14332998,0.791688085,11640
2023-10-08,US,Nutrition_Diets,128055,-1.583911911,2.851591102,4.435503013,7.287094115,22.23723861,0.807253086,11401
2023-10-15,US,Nutrition_Diets,133679,-1.71806286,2.847276439,4.565339299,7.412615739,22.22119797,0.791527191,11479
2023-10-22,US,Nutrition_Diets,142701,-1.900485638,2.746337003,4.646822641,7.393159643,22.26185781,0.819427826,11384
2023-10-29,US,Nutrition_Diets,138707,-1.558774703,2.919715551,4.478490254,7.398205805,22.17717221,0.867348927,11382
2023-11-05,US,Nutrition_Diets,134446,-1.549646011,2.875937824,4.425583835,7.30152166,22.19980314,0.830434358,11263
2023-11-12,US,Nutrition_Diets,140031,-1.742155036,2.796185822,4.538340859,7.334526681,22.09430313,0.852872695,11176
2023-11-19,US,Nutrition_Diets,114847,-1.765763837,2.83397576,4.599739597,7.433715358,22.25451952,0.753611489,10560
2023-11-26,US,Nutrition_Diets,122127,-1.636596728,2.8579242,4.494520927,7.352445127,22.22839997,0.775426056,10796
2023-12-03,US,Nutrition_Diets,127210,-1.933249826,2.846787998,4.780037824,7.626825823,22.22965521,0.763003365,10835
2023-12-10,US,Nutrition_Diets,128097,-1.803497662,2.826813488,4.630311149,7.457124637,22.17328765,0.747163502,10875
2023-12-17,US,Nutrition_Diets,118429,-1.840913645,2.829638805,4.67055245,7.500191254,22.25369389,0.730751375,10563
2023-12-24,US,Nutrition_Diets,93115,-1.838494563,2.784522876,4.623017439,7.407540315,22.33344851,0.740349971,9504
2023-12-31,US,Nutrition_Diets,104141,-1.909669682,2.704682445,4.614352127,7.319034572,22.37246681,0.76690999,10018
2024-01-07,US,Nutrition_Diets,126447,-2.012166803,2.654357641,4.666524443,7.320882084,22.15851646,0.751245381,10765
2024-01-14,US,Nutrition_Diets,111568,-1.753480177,2.79799199,4.551472168,7.349464158,22.20844186,0.79018392,10360
2024-01-21,US,Nutrition_Diets,117276,-1.658455122,2.774987098,4.43344222,7.208429318,22.23494487,0.773170588,10691
2024-01-28,US,Nutrition_Diets,126732,-1.787113335,2.688367116,4.475480451,7.163847567,22.14405538,0.841613295,10626
2024-02-04,US,Nutrition_Diets,128109,-1.506038208,2.899750653,4.405788861,7.305539514,22.20888902,0.798824758,11000
2024-02-11,US,Nutrition_Diets,116657,-1.796658106,2.755929956,4.552588062,7.308518017,22.19211728,0.795902668,10977
2024-02-18,US,Nutrition_Diets,121165,-1.608651412,2.827505105,4.436156517,7.263661622,22.33709151,0.798456774,10996
2024-02-25,US,Nutrition_Diets,131897,-1.521523904,2.856093581,4.377617485,7.233711066,22.2081357,0.779802056,11062
2024-03-03,US,Nutrition_Diets,131302,-1.444759953,2.881118124,4.325878077,7.206996201,22.35062586,0.776246788,11101
2024-03-10,US,Nutrition_Diets,129112,-1.480619256,2.862099504,4.34271876,7.204818264,22.40191893,0.777269095,11036
2024-03-17,US,Nutrition_Diets,134364,-1.697178006,2.825509186,4.522687192,7.348196377,22.2959037,0.768459721,11145
2024-03-24,US,Nutrition_Diets,122286,-1.608095031,2.789645739,4.39774077,7.187386509,22.32827227,0.757498597,10915
2024-03-31,US,Nutrition_Diets,122377,-1.720704665,2.748393078,4.469097743,7.21749082,22.12183374,0.767138859,11066
2024-04-07,US,Nutrition_Diets,121792,-1.643511787,2.819995475,4.463507261,7.283502736,22.22147291,0.742166429,11114
2024-04-14,US,Nutrition_Diets,117431,-1.646909924,2.818860646,4.465770569,7.284631215,22.15645861,0.760202975,10705
2024-04-21,US,Nutrition_Diets,128572,-1.48292156,2.840224158,4.323145718,7.163369876,22.14391323,0.744658879,10831
2024-04-28,US,Nutrition_Diets,124114,-1.607113474,2.817512779,4.424626253,7.242139033,22.08892026,0.750927082,10569
2024-05-05,US,Nutrition_Diets,120578,-1.370177715,2.84910105,4.219278764,7.068379814,22.29980737,0.777092989,10350
2024-05-12,US,Nutrition_Diets,115149,-1.406725462,2.874605958,4.28133142,7.155937378,22.31889098,0.786742952,10346
2024-05-19,US,Nutrition_Diets,119592,-1.733258524,2.795662825,4.528921348,7.324584173,22.33499232,0.76934607,10274
2024-05-26,US,Nutrition_Diets,110334,-1.645221485,2.814887546,4.460109031,7.274996576,22.28025946,0.736841678,10367
2024-06-02,US,Nutrition_Diets,125929,-1.695994061,2.714547051,4.410541113,7.125088164,22.24525638,0.7277193,10352
2024-06-09,US,Nutrition_Diets,122158,-1.767382124,2.778873486,4.54625561,7.325129096,22.28608347,0.716974198,10302
2024-06-16,US,Nutrition_Diets,113819,-1.546147997,2.834004523,4.38015252,7.214157043,22.33821324,0.745344806,10173
2024-06-23,US,Nutrition_Diets,127957,-1.969065068,2.818877536,4.787942605,7.606820141,22.36539723,0.734307228,10282
2024-06-30,US,Nutrition_Diets,98344,-1.493838075,2.849984478,4.343822553,7.193807031,22.3250817,0.721880078,9841
2024-07-07,US,Nutrition_Diets,115705,-1.42823796,2.863494269,4.291732229,7.155226499,22.19246583,0.737719681,10108
2024-07-14,US,Nutrition_Diets,127320,-1.613197674,2.828137317,4.441334991,7.269472308,22.3235018,0.753638087,10398
2024-07-21,US,Nutrition_Diets,120188,-1.310008766,2.91330281,4.223311576,7.136614385,22.13501087,0.82970726,10355
2024-07-28,US,Nutrition_Diets,109210,-1.561926204,2.8301492,4.392075404,7.222224604,22.21108566,0.75673736,10024
2024-08-04,US,Nutrition_Diets,106563,-1.653114111,2.758829854,4.411943965,7.17077382,22.18087025,0.741791118,9816
2024-08-11,US,Nutrition_Diets,112655,-1.609263721,2.788052858,4.397316579,7.185369437,22.15963828,0.707587991,9895
2024-08-18,US,Nutrition_Diets,112594,-1.553662921,2.850925219,4.40458814,7.255513359,22.14299837,0.748986259,9992
2024-08-25,US,Nutrition_Diets,112931,-1.734395655,2.763417063,4.497812718,7.261229781,22.0369575,0.747521338,10017
2024-09-01,US,Nutrition_Diets,107772,-1.6034354,2.802289193,4.405724593,7.208013786,22.13678882,0.723281688,9926
2024-09-08,US,Nutrition_Diets,119385,-1.62613798,2.758303149,4.384441128,7.142744277,22.17578481,0.736009419,10118
2024-09-15,US,Nutrition_Diets,118983,-1.905797298,2.741169716,4.646967014,7.38813673,22.24034763,0.744040298,10041
2024-09-22,US,Nutrition_Diets,117313,-1.683604905,2.887357533,4.570962438,7.458319971,22.17820241,0.77217712,10070
2024-09-29,US,Nutrition_Diets,111886,-1.66543038,2.902404898,4.567835278,7.470240176,22.18999314,0.826797114,10081
2024-10-06,US,Nutrition_Diets,116301,-1.486723014,3.076582901,4.563305916,7.639888817,22.20709872,0.846727011,10222
2024-10-13,US,Nutrition_Diets,114728,-1.561002933,2.864155321,4.425158254,7.289313574,22.13009507,0.755550826,10009
2024-10-20,US,Nutrition_Diets,116917,-1.750387096,2.813599735,4.563986831,7.377586566,22.0209302,0.760960434,10065
2024-10-27,US,Nutrition_Diets,111072,-1.534456808,2.914378661,4.44883547,7.363214131,22.20497426,0.781971269,9902
2024-11-03,US,Nutrition_Diets,118769,-1.179666437,2.983452427,4.163118863,7.14657129,22.26289117,0.817094324,10120
2024-11-10,US,Nutrition_Diets,119688,-1.251068954,3.016305043,4.267373998,7.283679041,22.30299858,0.772160889,10111
2024-11-17,US,Nutrition_Diets,117882,-1.502775956,2.938337789,4.441113745,7.379451534,22.18852793,0.77774525,9989
2024-11-24,US,Nutrition_Diets,102044,-1.377898002,2.921587741,4.299485743,7.221073484,22.26361316,0.789037966,9600
2024-12-01,US,Nutrition_Diets,118152,-1.753609357,2.895763788,4.649373146,7.545136934,22.14807218,0.716097153,9908
2024-12-08,US,Nutrition_Diets,114413,-1.55471299,3.04051906,4.595232051,7.635751111,22.10489227,0.760332505,9918
2024-12-15,US,Nutrition_Diets,112389,-1.840067599,2.883128952,4.723196551,7.606325504,22.18875027,0.766409642,9666
2024-12-22,US,Nutrition_Diets,82057,-2.146501654,2.84474095,4.991242604,7.835983554,22.2623056,0.734141282,8335
2024-12-29,US,Nutrition_Diets,92567,-1.711876695,2.983124631,4.695001325,7.678125956,21.97226525,0.780813526,8910
2025-01-05,US,Nutrition_Diets,114328,-1.680634219,2.896049916,4.576684135,7.472734051,22.13081213,0.782441548,9728
2025-01-12,US,Nutrition_Diets,121984,-1.645765495,2.901758214,4.547523709,7.449281923,22.35756467,0.800114316,9835
2025-01-19,US,Nutrition_Diets,125365,-1.516512346,2.974186748,4.490699094,7.464885843,22.14315578,0.82955894,10087
2025-01-26,US,Nutrition_Diets,129321,-1.800055792,2.741990963,4.542046755,7.284037718,22.05498708,0.815502474,9667
2025-02-02,US,Nutrition_Diets,137659,-1.548820274,2.772307004,4.321127279,7.093434283,22.14420368,0.874089902,9769
2025-02-09,US,Nutrition_Diets,119612,-1.562676687,2.880550278,4.443226965,7.323777243,22.28527178,0.851164177,9623
2025-02-16,US,Nutrition_Diets,117971,-1.663491275,2.785577481,4.449068756,7.234646237,22.1147289,0.815031932,9576
2025-02-23,US,Nutrition_Diets,128050,-1.429697674,2.954624546,4.384322221,7.338946767,22.14069109,0.850712738,9592
2025-03-02,US,Nutrition_Diets,136035,-1.616306041,2.856964688,4.473270729,7.330235418,22.31830188,0.842660235,9806
2025-03-09,US,Nutrition_Diets,127098,-1.665749577,2.764328645,4.430078222,7.194406867,22.26696572,0.816906308,9685
2025-03-16,US,Nutrition_Diets,118505,-1.695764262,2.784436381,4.480200643,7.264637024,22.1191176,0.841586354,9462
2025-03-23,US,Nutrition_Diets,115392,-1.580979737,2.851499369,4.432479106,7.283978474,22.14038743,0.802933272,9422
2025-03-30,US,Nutrition_Diets,136434,-1.630705817,2.820448945,4.451154762,7.271603708,22.16377089,0.834325686,9869
2025-04-06,US,Nutrition_Diets,136994,-1.675597544,2.773840318,4.449437861,7.223278179,22.41580848,0.863931025,9517
2025-04-13,US,Nutrition_Diets,119265,-1.639120899,2.825578236,4.464699136,7.290277372,22.34562964,0.843746259,9334
2025-04-20,US,Nutrition_Diets,113328,-1.745640382,2.903663157,4.649303539,7.552966696,22.17990802,0.805665104,9443
2025-04-27,US,Nutrition_Diets,113814,-1.748448322,2.915926647,4.664374969,7.580301616,22.32817993,0.83230173,9302
2025-05-04,US,Nutrition_Diets,110874,-1.52915741,2.96356757,4.49272498,7.45629255,22.32337706,0.817089828,9442
2025-05-11,US,Nutrition_Diets,119375,-1.635281264,2.920048888,4.555330153,7.475379041,22.38949581,0.801692557,9494
2025-05-18,US,Nutrition_Diets,120879,-1.900737543,2.884863997,4.78560154,7.670465538,22.278842,0.795899227,9376
2025-05-25,US,Nutrition_Diets,106236,-1.608393288,2.96805197,4.576445257,7.544497227,22.26601252,0.758133351,9194
2025-06-01,US,Nutrition_Diets,116371,-2.035722327,2.861453339,4.897175666,7.758629006,22.33352034,0.772784575,9286
2025-06-08,US,Nutrition_Diets,105356,-1.940664481,2.821986801,4.762651281,7.584638082,22.26692997,0.778615214,9099
2025-06-29,US,Nutrition_Diets,64270,-1.781849029,2.999120754,4.780969783,7.780090536,22.42211846,0.783632629,7840
2025-07-06,US,Nutrition_Diets,108832,-1.774274793,2.938994479,4.713269273,7.652263752,22.15898743,0.803970449,9161
2025-07-13,US,Nutrition_Diets,112536,-1.817516423,2.864766785,4.682283207,7.547049992,22.48061774,0.743104823,9175
2025-07-20,US,Nutrition_Diets,108030,-1.843743914,2.903990568,4.747734482,7.651725049,22.24538597,0.762644321,9155
2025-07-27,US,Nutrition_Diets,121912,-1.74419225,2.889486169,4.633678419,7.523164588,22.37935422,0.809616169,9386
2025-08-03,US,Nutrition_Diets,112946,-1.812424256,2.859449904,4.67187416,7.531324064,22.20953487,0.786618241,9333
2025-08-10,US,Nutrition_Diets,113568,-2.101665159,2.778736555,4.880401714,7.659138269,22.20708214,0.753025321,8994
2025-08-17,US,Nutrition_Diets,105589,-1.97753348,2.893675082,4.871208562,7.764883644,22.24104929,0.778196564,9005
2025-08-24,US,Nutrition_Diets,112045,-2.15825348,2.83519487,4.99344835,7.82864322,22.06048215,0.777328413,9172
2025-08-31,US,Nutrition_Diets,111353,-2.064352469,2.856999696,4.921352165,7.778351861,22.02979653,0.795757379,9036
2025-09-07,US,Nutrition_Diets,104784,-1.906050023,2.932370848,4.838420871,7.770791718,22.25336799,0.780893102,9157
2025-09-14,US,Nutrition_Diets,105269,-1.759585186,2.947739827,4.707325014,7.655064841,22.07480881,0.816431946,9082
2025-09-21,US,Nutrition_Diets,114215,-1.783054751,2.894307683,4.677362434,7.571670116,22.11887058,0.807067172,9382
2025-09-28,US,Nutrition_Diets,116769,-1.87585217,2.817947038,4.693799208,7.511746246,22.45595445,0.804395537,9328
2025-10-05,US,Nutrition_Diets,104887,-1.388130027,3.201340385,4.589470412,7.790810798,22.07463936,0.763527787,9132
2025-10-12,US,Nutrition_Diets,106249,-1.554643631,3.053573847,4.608217478,7.661791325,22.21493176,0.806720163,9214
2025-10-19,US,Nutrition_Diets,113529,-1.967327562,2.868216697,4.83554426,7.703760957,22.10806347,0.833616469,9102
2025-10-26,US,Nutrition_Diets,118368,-1.820243068,2.890829111,4.71107218,7.601901291,22.2730847,0.789738859,9199
2025-11-02,US,Nutrition_Diets,122251,-1.722339074,2.86891727,4.591256344,7.460173614,22.27474561,0.757360155,9094
2025-11-09,US,Nutrition_Diets,116150,-1.490669966,2.998596373,4.489266339,7.487862713,22.15097064,0.771865753,9072
2025-11-16,US,Nutrition_Diets,107340,-1.658094938,2.978075393,4.636170331,7.614245724,21.9370803,0.778615695,8972
2025-11-23,US,Nutrition_Diets,90307,-1.673395946,2.889066187,4.562462133,7.45152832,21.98882627,0.785699116,8623
2025-11-30,US,Nutrition_Diets,109764,-1.973881843,2.89975244,4.873634283,7.773386724,22.02502363,0.767035385,8931
2025-12-07,US,Nutrition_Diets,104969,-1.6796627,3.039594502,4.719257203,7.758851705,21.84336503,0.753580348,8889
2025-12-14,US,Nutrition_Diets,124720,-2.175008879,2.842663551,5.017672429,7.86033598,22.00353033,0.76978943,8973
2025-12-21,US,Nutrition_Diets,76679,-1.735410794,3.026536566,4.761947359,7.788483925,22.15117389,0.771066377,7793
2025-12-28,US,Nutrition_Diets,95125,-2.269358479,2.738231389,5.007589869,7.745821258,21.97089662,0.817957981,8005
2026-01-04,US,Nutrition_Diets,146235,-2.312303975,2.75088019,5.063184165,7.814064355,21.72989216,0.896927611,8987
2026-01-11,US,Nutrition_Diets,109756,-1.58716355,3.024446902,4.611610452,7.636057354,22.04335461,0.783401663,8895
2026-01-18,US,Nutrition_Diets,95186,-1.576035401,3.03383221,4.609867611,7.643699821,22.10721261,0.796968352,8685
2026-01-25,US,Nutrition_Diets,103933,-1.748763459,2.852626159,4.601389618,7.454015778,22.17981143,0.753539256,8714
2026-02-01,US,Nutrition_Diets,98012,-1.525239423,2.997267136,4.522506559,7.519773695,22.17856798,0.776967235,8590
2026-02-08,US,Nutrition_Diets,100865,-1.658236654,2.97714231,4.635378964,7.612521274,22.10321922,0.749446017,8650
2026-02-15,US,Nutrition_Diets,94232,-1.611318804,2.935253005,4.546571809,7.481824814,21.92578849,0.736320501,8540
2026-02-22,US,Nutrition_Diets,115218,-1.859372933,2.849202724,4.708575657,7.557778381,21.9342602,0.750618093,8849
2026-03-01,US,Nutrition_Diets,107890,-2.100201773,2.78663717,4.886838943,7.673476113,22.19010618,0.811373637,8811
2026-03-08,US,Nutrition_Diets,108737,-2.090758959,2.784608296,4.875367256,7.659975552,22.26372841,0.755868152,8653
2026-03-15,US,Nutrition_Diets,97586,-1.845136521,2.862128862,4.707265383,7.569394245,22.43210268,0.727202211,8537
2026-03-22,US,Nutrition_Diets,105951,-2.128373678,2.71946954,4.847843217,7.567312757,22.45320895,0.697635686,8478
2026-03-29,US,Nutrition_Diets,95891,-1.889691289,2.824205668,4.713896957,7.538102625,22.5563975,0.717794863,8154
2026-04-05,US,Nutrition_Diets,91715,-1.746643207,2.936746576,4.683389783,7.620136358,22.67682349,0.767436169,8196
2026-04-12,US,Nutrition_Diets,95658,-1.823102018,2.887827519,4.710929537,7.598757056,22.44330237,0.752166782,8336
2026-04-19,US,Nutrition_Diets,96643,-1.937361728,2.799132249,4.736493977,7.535626226,22.38167082,0.759676795,8266
2026-04-26,US,Nutrition_Diets,96513,-1.978794802,2.875167432,4.853962234,7.729129667,22.55033322,0.747543998,8187
2026-05-03,US,Nutrition_Diets,105614,-2.075605145,2.78622457,4.861829715,7.648054285,22.53338963,0.714687015,8344
2026-05-10,US,Nutrition_Diets,101067,-1.969856532,2.880961103,4.850817635,7.731778737,22.27295809,0.712971789,8375
2026-05-17,US,Nutrition_Diets,102484,-1.958901639,2.866587829,4.825489468,7.692077297,22.11444638,0.717583689,8300
2026-05-24,US,Nutrition_Diets,88164,-1.981188646,2.922389011,4.903577656,7.825966667,22.3077765,0.675829288,7952
2026-05-31,US,Nutrition_Diets,93908,-2.039165488,2.87599108,4.915156568,7.791147647,22.29231422,0.710851519,8266
2026-06-07,US,Nutrition_Diets,85411,-1.662458602,2.949692396,4.612150998,7.561843394,22.24405484,0.717803087,7921
2026-06-14,US,Nutrition_Diets,79776,-1.63016579,3.005095274,4.635261064,7.640356339,22.28129744,0.704583587,7919
2026-06-21,US,Nutrition_Diets,88126,-1.653930653,2.990152556,4.644083209,7.634235765,22.35262389,0.691134746,7960
2026-06-28,US,Nutrition_Diets,78465,-1.63721491,3.020338309,4.657553219,7.677891527,22.4236991,0.68981804,7893
2026-07-05,US,Nutrition_Diets,79498,-1.72094156,2.96137187,4.68231343,7.643685299,22.28926697,0.685514194,7779
2026-07-12,US,Nutrition_Diets,91749,-1.824849517,2.867008642,4.691858159,7.558866801,22.21770032,0.703989441,7820
2026-07-19,US,Nutrition_Diets,88073,-2.064580264,2.785680096,4.85026036,7.635940456,22.27524738,0.704200914,7722
2026-07-26,US,Nutrition_Diets,86559,-1.894423318,2.866509298,4.760932616,7.627441914,22.29310917,0.693974974,7775
2026-08-02,US,Nutrition_Diets,89383,-1.77025817,2.917319397,4.687577567,7.604896964,22.19885906,0.665984053,7601
2026-08-09,US,Nutrition_Diets,87716,-1.890333548,2.845751469,4.736085017,7.581836485,22.23052989,0.668792674,7671
2026-08-16,US,Nutrition_Diets,90899,-2.140456004,2.755022046,4.89547805,7.650500096,22.17484285,0.681475525,7585
2026-08-23,US,Nutrition_Diets,33797,-1.676224642,2.894588772,4.570813414,7.465402186,22.31639888,0.729478608,5667
2023-01-01,ZA,Fashion_Beauty,42,3.491334165,5.397029624,1.905695459,7.302725083,24.90699333,0.509978617,35
2023-01-08,ZA,Fashion_Beauty,41,2.385645779,4.588750777,2.203104998,6.791855774,24.16440817,0.559617356,34
2023-01-15,ZA,Fashion_Beauty,43,1.175042699,4.292786917,3.117744218,7.410531134,25.23363722,0.508639405,29
2023-01-22,ZA,Fashion_Beauty,108,0.428711077,3.597664021,3.168952943,6.766616964,22.56311554,0.239005987,82
2023-01-29,ZA,Fashion_Beauty,58,1.163836938,3.885735605,2.721898667,6.607634272,25.24297714,0.790628767,33
2023-02-05,ZA,Fashion_Beauty,64,0.159155029,3.965321037,3.806166008,7.771487046,27.77081516,0.371933292,41
2023-02-12,ZA,Fashion_Beauty,91,-1.981983318,3.224696394,5.206679711,8.431376105,23.42462482,0.318662138,69
2023-02-19,ZA,Fashion_Beauty,42,0.732656771,4.025035944,3.292379173,7.317415117,25.65011569,0.639784679,27
2023-02-26,ZA,Fashion_Beauty,44,1.101908233,3.961966733,2.8600585,6.822025233,26.86785362,0.527129068,30
2023-03-05,ZA,Fashion_Beauty,39,2.430657123,4.6398763,2.209219177,6.849095477,24.64331548,0.532079899,33
2023-03-12,ZA,Fashion_Beauty,40,0.718466668,4.172739232,3.454272564,7.627011797,24.54852352,0.445878071,19
2023-03-19,ZA,Fashion_Beauty,23,-0.137474255,3.47513314,3.612607395,7.087740534,22.65736835,0.434575798,18
2023-03-26,ZA,Fashion_Beauty,66,0.984907067,3.708600216,2.723693149,6.432293365,19.80785559,0.941327085,49
2023-04-02,ZA,Fashion_Beauty,23,-1.353418483,2.974850478,4.328268961,7.303119439,20.16315644,0.612544104,16
2023-04-09,ZA,Fashion_Beauty,16,-0.609584521,3.465158624,4.074743145,7.53990177,21.62850575,0.670270444,12
2023-04-16,ZA,Fashion_Beauty,29,-0.304196967,3.384955211,3.689152178,7.074107389,23.50170682,0.506121123,22
2023-04-23,ZA,Fashion_Beauty,41,1.480052948,4.601416693,3.121363745,7.722780439,24.32100058,0.697740886,31
2023-04-30,ZA,Fashion_Beauty,45,2.105950763,4.560230076,2.454279313,7.014509389,25.01359866,0.445453485,38
2023-05-07,ZA,Fashion_Beauty,61,1.402271611,4.402892343,3.000620732,7.403513075,26.12467824,0.270616324,39
2023-05-14,ZA,Fashion_Beauty,45,1.839034024,5.262341256,3.423307232,8.685648488,25.1385454,0.552560115,35
2023-05-21,ZA,Fashion_Beauty,63,0.478625489,3.947289691,3.468664202,7.415953893,24.43974488,0.627212552,43
2023-05-28,ZA,Fashion_Beauty,64,-0.831682215,3.172685376,4.004367591,7.177052968,23.60695804,0.436097562,45
2023-06-04,ZA,Fashion_Beauty,56,-0.7694945,3.633819354,4.403313854,8.037133208,25.50434647,0.314393809,39
2023-06-11,ZA,Fashion_Beauty,57,1.020202024,4.586558954,3.566356931,8.152915885,24.31391481,0.487776267,46
2023-06-18,ZA,Fashion_Beauty,41,0.815607153,4.109006804,3.293399652,7.402406456,24.28125487,0.482581195,33
2023-06-25,ZA,Fashion_Beauty,34,0.99066857,4.190675065,3.200006495,7.390681559,23.15231092,0.427818031,25
2023-07-02,ZA,Fashion_Beauty,73,-3.286317819,3.548389272,6.834707092,10.38309636,25.03126405,0.295015281,50
2023-07-09,ZA,Fashion_Beauty,57,-0.977916573,3.72847885,4.706395423,8.434874273,25.74036927,0.476074519,35
2023-07-16,ZA,Fashion_Beauty,49,2.187641621,4.161424453,1.973782832,6.135207285,24.45547419,0.160738935,40
2023-07-23,ZA,Fashion_Beauty,56,-0.716853959,3.710952079,4.427806039,8.138758118,23.33615727,0.367621873,46
2023-07-30,ZA,Fashion_Beauty,65,0.046461043,3.701756484,3.655295441,7.357051926,24.40101335,0.421246914,49
2023-08-06,ZA,Fashion_Beauty,36,1.394331885,4.781177137,3.386845252,8.16802239,24.10285686,0.489441775,29
2023-08-13,ZA,Fashion_Beauty,59,1.224168428,3.980397248,2.756228821,6.736626069,24.9530649,0.59842467,44
2023-08-20,ZA,Fashion_Beauty,66,-2.007234447,3.213794262,5.221028708,8.43482297,22.01740403,0.451220479,55
2023-08-27,ZA,Fashion_Beauty,61,-0.609184065,3.424052541,4.033236607,7.457289148,23.19339061,0.592300481,44
2023-09-03,ZA,Fashion_Beauty,70,0.269850283,3.627865282,3.358015,6.985880282,24.75151222,0.783097877,48
2023-09-10,ZA,Fashion_Beauty,36,0.10449549,3.505001761,3.400506271,6.905508032,24.13442033,0.512876861,28
2023-09-17,ZA,Fashion_Beauty,49,1.105855993,4.01732375,2.911467757,6.928791508,23.614302,0.650452267,41
2023-09-24,ZA,Fashion_Beauty,59,0.799191493,4.331752893,3.5325614,7.864314292,25.11758459,0.46701438,48
2023-10-01,ZA,Fashion_Beauty,51,1.242604803,3.754666659,2.512061856,6.266728515,21.46346644,0.705616029,38
2023-10-08,ZA,Fashion_Beauty,77,0.926594266,3.752536185,2.825941919,6.578478104,21.77994076,0.42627965,64
2023-10-15,ZA,Fashion_Beauty,43,0.810622368,3.553022256,2.742399888,6.295422144,23.955316,0.662140628,33
2023-10-22,ZA,Fashion_Beauty,34,1.955962607,4.826779348,2.87081674,7.697596088,23.55815315,0.542571132,26
2023-10-29,ZA,Fashion_Beauty,42,1.525656054,4.608926679,3.083270626,7.692197305,24.17539656,0.424230815,30
2023-11-05,ZA,Fashion_Beauty,49,1.929851467,4.332316255,2.402464789,6.734781044,24.56097911,0.514116412,41
2023-11-12,ZA,Fashion_Beauty,50,0.80904023,4.26829576,3.45925553,7.72755129,25.34533708,0.444778082,33
2023-11-19,ZA,Fashion_Beauty,44,1.937085417,4.704760608,2.767675192,7.4724358,22.88623239,0.737398477,38
2023-11-26,ZA,Fashion_Beauty,47,1.59213148,4.081427267,2.489295787,6.570723054,24.29930452,0.424600975,31
2023-12-03,ZA,Fashion_Beauty,29,0.178378431,3.612548611,3.43417018,7.046718792,25.53588433,0.627790822,20
2023-12-10,ZA,Fashion_Beauty,40,1.303220095,4.16541359,2.862193495,7.027607086,26.45673121,0.331061102,26
2023-12-17,ZA,Fashion_Beauty,63,0.454684653,4.900813976,4.446129323,9.346943299,28.0742795,0.393034064,39
2023-12-24,ZA,Fashion_Beauty,46,-0.032903139,4.065174757,4.098077895,8.163252652,24.89852379,0.371937102,29
2023-12-31,ZA,Fashion_Beauty,88,2.653035759,4.756863009,2.10382725,6.86069026,23.12939474,1.169152113,76
2024-01-07,ZA,Fashion_Beauty,72,0.084443794,3.64419053,3.559746736,7.203937266,25.47126729,0.577162922,41
2024-01-14,ZA,Fashion_Beauty,39,0.661198829,3.715491226,3.054292397,6.769783623,23.87109362,0.482016944,35
2024-01-21,ZA,Fashion_Beauty,85,2.70083405,4.687880628,1.987046578,6.674927206,25.45174817,0.46674267,52
2024-01-28,ZA,Fashion_Beauty,44,0.383556442,4.094783553,3.711227112,7.806010665,25.88691637,0.651796978,39
2024-02-04,ZA,Fashion_Beauty,36,-0.110381878,3.363419442,3.47380132,6.837220761,24.21086831,0.314380914,28
2024-02-11,ZA,Fashion_Beauty,32,1.043280758,3.828162451,2.784881693,6.613044145,20.795984,0.421560214,28
2024-02-18,ZA,Fashion_Beauty,49,0.54276437,4.029933951,3.487169581,7.517103532,24.3150205,0.438441255,40
2024-02-25,ZA,Fashion_Beauty,72,-0.598002723,3.131572093,3.729574816,6.861146909,24.85069441,0.736668885,56
2024-03-03,ZA,Fashion_Beauty,51,0.709900347,3.687055491,2.977155144,6.664210635,22.90216713,0.410300951,44
2024-03-10,ZA,Fashion_Beauty,28,2.604444116,4.935859999,2.331415883,7.267275882,24.00352773,0.482925774,24
2024-03-17,ZA,Fashion_Beauty,89,1.518404864,4.064027192,2.545622328,6.60964952,23.31872091,1.714237883,82
2024-03-24,ZA,Fashion_Beauty,84,-2.57873094,2.252775461,4.8315064,7.084281861,20.04491817,0.163870963,76
2024-03-31,ZA,Fashion_Beauty,29,-1.251482847,3.961680213,5.21316306,9.174843273,23.26791616,0.869764987,26
2024-04-07,ZA,Fashion_Beauty,152,0.490547287,3.827577439,3.337030152,7.164607591,24.44137048,0.513804825,90
2024-04-14,ZA,Fashion_Beauty,39,1.181930503,4.619635935,3.437705432,8.057341366,23.74258807,0.444760558,28
2024-04-21,ZA,Fashion_Beauty,30,0.304005617,4.248977004,3.944971387,8.193948391,26.67554055,0.532769732,27
2024-04-28,ZA,Fashion_Beauty,63,0.659199699,3.945220181,3.286020481,7.231240662,23.22947734,0.358882051,38
2024-05-05,ZA,Fashion_Beauty,79,0.897768662,3.929744342,3.03197568,6.961720022,22.17639784,0.728088717,60
2024-05-12,ZA,Fashion_Beauty,38,1.312176663,4.422926949,3.110750287,7.533677236,24.25551958,0.550232654,26
2024-05-19,ZA,Fashion_Beauty,40,-0.550062533,3.902706673,4.452769206,8.35547588,22.61030947,0.910015806,34
2024-05-26,ZA,Fashion_Beauty,63,0.004776779,3.792854273,3.788077494,7.580931767,24.17422907,0.777552971,45
2024-06-02,ZA,Fashion_Beauty,43,0.156767014,3.95674091,3.799973896,7.756714806,22.70169541,0.601854709,29
2024-06-09,ZA,Fashion_Beauty,83,-0.674789921,4.092817996,4.767607917,8.860425913,22.9324804,0.303289503,37
2024-06-16,ZA,Fashion_Beauty,42,-0.585788216,3.850187671,4.435975887,8.286163558,23.11799367,0.53120195,34
2024-06-23,ZA,Fashion_Beauty,40,0.246097043,3.517816243,3.2717192,6.789535443,26.67176855,0.526778873,31
2024-06-30,ZA,Fashion_Beauty,43,0.681913371,3.873115266,3.191201895,7.064317161,23.48420383,0.716766013,28
2024-07-07,ZA,Fashion_Beauty,76,0.935229438,4.069991847,3.134762409,7.204754256,24.28313328,0.565980141,55
2024-07-14,ZA,Fashion_Beauty,60,1.161234416,4.406492486,3.24525807,7.651750556,24.86431579,0.612173783,44
2024-07-21,ZA,Fashion_Beauty,50,0.793944951,4.370386889,3.576441938,7.946828827,22.56028691,0.502648103,41
2024-07-28,ZA,Fashion_Beauty,29,0.528704112,3.68160928,3.152905168,6.834514448,25.00208308,0.634276504,26
2024-08-04,ZA,Fashion_Beauty,45,0.757013592,4.621500872,3.86448728,8.485988151,21.75556986,0.405410883,33
2024-08-11,ZA,Fashion_Beauty,59,0.960735583,4.082840024,3.122104442,7.204944466,22.87274422,0.549176602,34
2024-08-18,ZA,Fashion_Beauty,25,1.821709863,4.038230074,2.21652021,6.254750284,26.41452317,0.993260542,18
2024-08-25,ZA,Fashion_Beauty,102,2.189479633,4.578288556,2.388808924,6.96709748,25.66802679,0.273676598,51
2024-09-01,ZA,Fashion_Beauty,67,2.804586537,5.047022965,2.242436428,7.289459393,23.39964242,0.502068255,41
2024-09-08,ZA,Fashion_Beauty,43,1.384217423,4.900089941,3.515872519,8.41596246,24.50212941,0.448775402,36
2024-09-15,ZA,Fashion_Beauty,80,3.787437346,5.595009667,1.807572322,7.402581989,23.55868123,0.155838593,32
2024-09-22,ZA,Fashion_Beauty,44,0.646579039,4.435294819,3.788715781,8.2240106,22.87961908,0.597143979,34
2024-09-29,ZA,Fashion_Beauty,59,2.741101047,4.594192329,1.853091283,6.447283612,26.63522105,0.376591647,36
2024-10-06,ZA,Fashion_Beauty,39,0.733415042,3.825222809,3.091807768,6.917030577,23.66424906,0.514125034,34
2024-10-13,ZA,Fashion_Beauty,45,-0.273091174,4.018599394,4.291690568,8.310289962,21.9589759,0.737496526,35
2024-10-20,ZA,Fashion_Beauty,88,-1.90988945,2.158766078,4.068655528,6.227421606,28.13933876,0.122180724,38
2024-10-27,ZA,Fashion_Beauty,45,-0.284976982,3.871619872,4.156596854,8.028216725,21.99044435,0.733506781,31
2024-11-03,ZA,Fashion_Beauty,37,0.59835262,3.959725527,3.361372907,7.321098435,22.50410818,0.530017711,32
2024-11-10,ZA,Fashion_Beauty,73,-0.249410357,4.37718693,4.626597287,9.003784216,25.30190684,0.503687742,49
2024-11-17,ZA,Fashion_Beauty,54,1.204729744,4.430229408,3.225499665,7.655729073,24.58165773,0.416882676,41
2024-11-24,ZA,Fashion_Beauty,61,1.721318313,4.956068356,3.234750043,8.190818399,23.30936674,0.434887714,48
2024-12-01,ZA,Fashion_Beauty,48,2.443541112,5.133870803,2.690329691,7.824200494,22.43343863,0.649937344,40
2024-12-08,ZA,Fashion_Beauty,54,0.583667212,4.345616335,3.761949123,8.107565458,22.88074695,0.355848231,37
2024-12-15,ZA,Fashion_Beauty,67,-0.138142237,3.996450591,4.134592828,8.131043419,22.74612901,0.392463539,50
2024-12-22,ZA,Fashion_Beauty,34,-0.28077915,4.347532718,4.628311868,8.975844586,24.86031986,0.329400956,26
2024-12-29,ZA,Fashion_Beauty,43,1.101334681,4.369644342,3.268309661,7.637954002,23.69749633,0.436451033,27
2025-01-05,ZA,Fashion_Beauty,21,1.239112539,4.985892258,3.746779718,8.732671976,24.99203703,0.291567818,15
2025-01-12,ZA,Fashion_Beauty,20,-0.335454775,4.172562323,4.508017097,8.68057942,23.10994711,0.450249756,18
2025-01-19,ZA,Fashion_Beauty,28,1.446157281,4.806230532,3.360073251,8.166303783,22.14339173,0.330532663,23
2025-01-26,ZA,Fashion_Beauty,31,1.818341237,4.656090416,2.837749179,7.493839594,21.83302137,0.731927322,25
2025-02-02,ZA,Fashion_Beauty,53,0.583994285,4.10240867,3.518414385,7.620823054,23.61796531,0.690613226,35
2025-02-09,ZA,Fashion_Beauty,39,0.682378497,4.673346173,3.990967676,8.664313849,21.83289934,0.47217578,30
2025-02-16,ZA,Fashion_Beauty,30,0.107384854,4.081794072,3.974409218,8.05620329,25.49614089,0.546653295,23
2025-02-23,ZA,Fashion_Beauty,34,-0.043711354,3.801979382,3.845690736,7.647670118,22.94025988,0.337181919,24
2025-03-02,ZA,Fashion_Beauty,32,0.482940891,4.324449035,3.841508144,8.165957179,23.89374986,0.391403956,27
2025-03-09,ZA,Fashion_Beauty,46,-0.285712925,4.330730989,4.616443914,8.947174903,23.88148502,0.541065412,33
2025-03-16,ZA,Fashion_Beauty,48,-0.441470021,3.650321858,4.091791879,7.742113738,26.27405413,0.445625306,31
2025-03-23,ZA,Fashion_Beauty,37,0.199825871,4.407931404,4.208105533,8.616036937,23.20739554,0.333770742,27
2025-03-30,ZA,Fashion_Beauty,49,1.343985826,4.914987848,3.571002022,8.485989871,23.99464272,0.667014717,36
2025-04-06,ZA,Fashion_Beauty,35,1.010432693,4.49529734,3.484864647,7.980161988,23.41078966,0.728264856,29
2025-04-13,ZA,Fashion_Beauty,50,0.078635931,4.155799556,4.077163625,8.232963181,25.6328324,0.581408291,31
2025-04-20,ZA,Fashion_Beauty,41,-0.923362496,4.061911567,4.985274062,9.047185629,25.37657332,0.241485932,24
2025-04-27,ZA,Fashion_Beauty,62,-0.177856012,4.620687314,4.798543327,9.419230641,24.38292649,0.489797477,42
2025-05-04,ZA,Fashion_Beauty,57,1.153355889,4.548364264,3.395008375,7.943372638,23.81840235,0.615412542,41
2025-05-11,ZA,Fashion_Beauty,34,1.185937632,4.547124064,3.361186432,7.908310496,24.42241027,0.511970786,25
2025-05-18,ZA,Fashion_Beauty,62,0.967250198,4.672984837,3.705734639,8.378719476,24.03862596,0.60395452,46
2025-05-25,ZA,Fashion_Beauty,63,-0.014277869,3.922179983,3.936457852,7.858637835,23.04977744,0.510692671,41
2025-06-01,ZA,Fashion_Beauty,71,-0.323055409,3.8929707,4.216026109,8.108996808,22.90096978,0.477366728,51
2025-06-08,ZA,Fashion_Beauty,35,-0.911886696,4.114532824,5.026419521,9.140952345,24.11017685,0.566974485,22
2025-06-29,ZA,Fashion_Beauty,42,-1.318395665,3.934337441,5.252733106,9.187070547,24.738028,0.376197015,30
2025-07-06,ZA,Fashion_Beauty,66,1.660686986,4.392132082,2.731445096,7.123577178,24.0404183,0.454730428,46
2025-07-13,ZA,Fashion_Beauty,48,0.929617524,4.500187942,3.570570417,8.070758359,26.00792921,0.464018487,32
2025-07-20,ZA,Fashion_Beauty,46,0.682927693,4.044584337,3.361656644,7.406240981,25.79446778,0.301326819,32
2025-07-27,ZA,Fashion_Beauty,49,1.62688788,4.805276783,3.178388903,7.983665687,25.27842413,0.513087143,27
2025-08-03,ZA,Fashion_Beauty,56,1.049460765,4.736682569,3.687221804,8.423904373,23.46425904,0.433667795,41
2025-08-10,ZA,Fashion_Beauty,84,-1.172293435,3.579182583,4.751476018,8.330658602,26.32746636,0.389241351,52
2025-08-17,ZA,Fashion_Beauty,36,-0.265942151,3.654906787,3.920848938,7.575755725,21.85630223,0.312325505,25
2025-08-24,ZA,Fashion_Beauty,47,-0.047929499,4.518295093,4.566224592,9.084519685,22.7257486,0.288807917,40
2025-08-31,ZA,Fashion_Beauty,48,-1.072344945,3.813623725,4.88596867,8.699592395,22.49287383,0.300339419,38
2025-09-07,ZA,Fashion_Beauty,57,1.165426965,4.243452616,3.07802565,7.321478266,26.49842241,0.403315364,42
2025-09-14,ZA,Fashion_Beauty,58,-0.211190083,4.150103027,4.36129311,8.511396137,27.07079274,0.384246909,33
2025-09-21,ZA,Fashion_Beauty,42,0.969245114,4.402262186,3.433017072,7.835279258,23.96419147,0.632951185,30
2025-09-28,ZA,Fashion_Beauty,41,1.508877297,4.721841608,3.212964311,7.934805919,23.63890282,0.350799061,30
2025-10-05,ZA,Fashion_Beauty,42,1.451886635,4.316032865,2.86414623,7.180179095,22.73761081,0.525061557,37
2025-10-12,ZA,Fashion_Beauty,62,-0.53593163,3.245918967,3.781850597,7.027769564,23.28995949,0.261788154,52
2025-10-19,ZA,Fashion_Beauty,46,0.011039205,4.233124178,4.222084973,8.455209151,21.75794641,0.651262148,36
2025-10-26,ZA,Fashion_Beauty,43,1.39840057,4.621232236,3.222831666,7.844063902,23.28990276,0.553881015,33
2025-11-02,ZA,Fashion_Beauty,61,-0.698019321,3.983784103,4.681803424,8.665587526,22.31057706,0.58849814,48
2025-11-09,ZA,Fashion_Beauty,64,0.635652564,3.876427915,3.240775352,7.117203267,21.31857223,0.558390645,39
2025-11-16,ZA,Fashion_Beauty,33,0.841642416,3.945707178,3.104064762,7.049771941,24.49646502,0.471508321,26
2025-11-23,ZA,Fashion_Beauty,58,1.451242772,4.385757716,2.934514944,7.320272661,23.95965137,0.46166674,38
2025-11-30,ZA,Fashion_Beauty,60,0.677614934,4.411390385,3.733775451,8.145165835,22.88615169,0.395710805,33
2025-12-07,ZA,Fashion_Beauty,51,1.205972766,4.878869135,3.67289637,8.551765505,24.06665676,0.248775406,37
2025-12-14,ZA,Fashion_Beauty,60,0.064416475,4.18654328,4.122126805,8.308670085,23.15375211,0.37890029,42
2025-12-21,ZA,Fashion_Beauty,35,1.339137609,4.700284598,3.361146989,8.061431586,24.46110606,0.23923516,28
2025-12-28,ZA,Fashion_Beauty,38,0.433497311,4.776457004,4.342959692,9.119416696,24.95362053,0.288355142,26
2026-01-04,ZA,Fashion_Beauty,30,1.166659459,5.000860203,3.834200744,8.835060947,26.01881627,0.28712611,22
2026-01-11,ZA,Fashion_Beauty,44,0.306534003,4.040303759,3.733769756,7.774073515,25.37085394,0.256625557,23
2026-01-18,ZA,Fashion_Beauty,41,1.093209142,4.57467029,3.481461148,8.056131438,26.06000964,0.341520486,30
2026-01-25,ZA,Fashion_Beauty,36,2.315258682,5.216447548,2.901188866,8.117636414,23.91355409,0.48082894,25
2026-02-01,ZA,Fashion_Beauty,50,0.627913646,3.764194063,3.136280418,6.900474481,23.21804939,0.432254979,28
2026-02-08,ZA,Fashion_Beauty,73,0.757334004,4.407470423,3.650136419,8.057606842,22.38113058,0.27940276,49
2026-02-15,ZA,Fashion_Beauty,50,-1.524161959,2.759601746,4.283763704,7.04336545,19.65433075,0.220597638,38
2026-02-22,ZA,Fashion_Beauty,65,1.835687505,4.085825066,2.25013756,6.335962626,22.54511635,0.981696711,52
2026-03-01,ZA,Fashion_Beauty,35,0.222136568,4.531099948,4.30896338,8.840063328,23.83862381,0.286234057,30
2026-03-08,ZA,Fashion_Beauty,46,2.696441649,5.344605799,2.64816415,7.992769949,22.42448282,0.42065891,32
2026-03-15,ZA,Fashion_Beauty,64,-1.590786072,3.715812783,5.306598855,9.022411638,25.24991638,0.25757175,43
2026-03-22,ZA,Fashion_Beauty,41,1.401281223,4.280093965,2.878812742,7.158906707,23.48406073,0.387772631,31
2026-03-29,ZA,Fashion_Beauty,58,0.807808916,4.157201969,3.349393053,7.506595022,26.25595835,0.371481876,27
2026-04-05,ZA,Fashion_Beauty,53,1.072817274,4.249504405,3.176687131,7.426191537,26.4177156,0.491309787,30
2026-04-12,ZA,Fashion_Beauty,37,1.097813377,4.399800792,3.301987415,7.701788207,24.52538967,0.567334944,30
2026-04-19,ZA,Fashion_Beauty,36,1.764057567,4.718181801,2.954124234,7.672306036,25.65886957,0.404027322,24
2026-04-26,ZA,Fashion_Beauty,76,2.332523228,5.357526648,3.025003421,8.382530069,25.24012325,0.541647456,61
2026-05-03,ZA,Fashion_Beauty,61,1.436733339,5.12874149,3.692008151,8.820749642,21.90002784,0.387915808,42
2026-05-10,ZA,Fashion_Beauty,32,0.767413238,4.203045468,3.43563223,7.638677698,23.45377106,0.29254297,24
2026-05-17,ZA,Fashion_Beauty,38,0.438568303,4.461716136,4.023147832,8.484863968,23.95966759,0.394590384,29
2026-05-24,ZA,Fashion_Beauty,20,0.841834918,4.665154885,3.823319967,8.488474852,24.50811174,0.30499832,17
2026-05-31,ZA,Fashion_Beauty,37,1.402859304,4.645904642,3.243045338,7.888949979,24.9270211,0.240460236,30
2026-06-07,ZA,Fashion_Beauty,144,0.75423182,4.15320406,3.398972239,7.552176299,21.89611475,0.227486416,92
2026-06-14,ZA,Fashion_Beauty,101,0.395084731,3.911959954,3.516875223,7.428835177,21.56641855,0.419896452,61
2026-06-21,ZA,Fashion_Beauty,36,1.29274577,4.644447601,3.351701831,7.996149431,25.25689832,0.421258928,28
2026-06-28,ZA,Fashion_Beauty,49,1.077476117,4.222760152,3.145284035,7.368044188,25.28197457,0.525876739,38
2026-07-05,ZA,Fashion_Beauty,59,0.669835413,4.367046572,3.697211159,8.064257732,24.35176359,0.544210059,45
2026-07-12,ZA,Fashion_Beauty,55,0.640854245,4.363460233,3.722605988,8.086066221,25.32087964,0.294921725,33
2026-07-19,ZA,Fashion_Beauty,39,-0.158045635,3.656772594,3.814818229,7.471590823,23.83357099,0.38825207,35
2026-07-26,ZA,Fashion_Beauty,29,0.193003668,3.874044474,3.681040806,7.55508528,24.55167658,0.529359408,28
2026-08-02,ZA,Fashion_Beauty,38,-0.360211107,3.759452781,4.119663888,7.879116669,24.88645253,0.429418269,30
2026-08-09,ZA,Fashion_Beauty,47,-0.135428154,3.974790815,4.110218969,8.085009784,23.68977012,0.486584745,34
2026-08-16,ZA,Fashion_Beauty,64,-2.43152214,2.994475518,5.425997658,8.420473177,21.17697029,0.270751832,44
2026-08-23,ZA,Fashion_Beauty,27,-1.347210479,3.933478095,5.280688574,9.214166669,21.82447743,0.509945701,19
2023-01-01,ZA,Fitness_Wearables,7,2.725631287,3.876570007,1.150938719,5.027508726,20.82698016,0.553407506,4
2023-01-08,ZA,Fitness_Wearables,7,3.008653679,4.3183606,1.309706921,5.62806752,23.14271272,0.792411468,7
2023-01-15,ZA,Fitness_Wearables,8,3.994492334,5.381064486,1.386572152,6.767636638,25.01543371,0.481735441,6
2023-01-22,ZA,Fitness_Wearables,3,0.792957099,4.204736071,3.411778972,7.616515044,23.14105782,0.470225798,3
2023-01-29,ZA,Fitness_Wearables,7,4.827080509,6.059624004,1.232543495,7.292167498,26.55420444,0.9987294,7
2023-02-05,ZA,Fitness_Wearables,8,-0.414872746,2.531788624,2.946661369,5.478449993,26.20489234,0.324606215,6
2023-02-12,ZA,Fitness_Wearables,3,0.214362272,2.141561547,1.927199274,4.068760821,28.15875175,0.321199879,2
2023-02-19,ZA,Fitness_Wearables,9,0.728779253,3.088737222,2.359957969,5.448695191,26.99933302,0.829183686,8
2023-02-26,ZA,Fitness_Wearables,6,2.682227365,4.718119941,2.035892576,6.754012517,24.95161562,1.364495426,6
2023-03-05,ZA,Fitness_Wearables,7,-0.150971272,3.960303491,4.111274764,8.071578255,23.21604858,0.533484109,7
2023-03-12,ZA,Fitness_Wearables,14,1.540537561,3.51872512,1.978187559,5.49691268,23.65799485,0.742633682,11
2023-03-19,ZA,Fitness_Wearables,13,1.35756982,3.664068096,2.306498277,5.970566373,21.59798176,0.821805072,13
2023-03-26,ZA,Fitness_Wearables,2,0.524215368,4.163284632,3.639069264,7.802353896,21.84726732,0.25974026,2
2023-04-02,ZA,Fitness_Wearables,3,0.507264795,2.4559441,1.948679305,4.404623405,19.76344048,0.526087511,3
2023-04-09,ZA,Fitness_Wearables,3,4.408057282,5.669752932,1.261695651,6.931448583,18.94021068,0.391006843,3
2023-04-16,ZA,Fitness_Wearables,7,-2.9627734,2.747566264,5.710339664,8.457905928,21.21319183,0.6697953,7
2023-04-23,ZA,Fitness_Wearables,9,0.107542602,3.179404164,3.071861562,6.251265727,21.7216376,0.723360878,9
2023-04-30,ZA,Fitness_Wearables,18,4.08270562,5.25935626,1.17665064,6.436006901,21.97714754,0.767496247,15
2023-05-07,ZA,Fitness_Wearables,64,3.284101544,4.558413624,1.27431208,5.832725704,27.31065611,0.321924807,22
2023-05-14,ZA,Fitness_Wearables,7,1.790154262,4.720047852,2.92989359,7.649941442,27.29143846,0.480112714,6
2023-05-21,ZA,Fitness_Wearables,99,1.385982116,3.399091483,2.013109367,5.41220085,26.62641677,0.569541635,28
2023-05-28,ZA,Fitness_Wearables,16,2.845548449,4.22227222,1.37672377,5.59899599,20.90224831,0.372397211,12
2023-06-04,ZA,Fitness_Wearables,8,1.334411491,4.392147021,3.057735529,7.44988255,22.07746398,0.16152684,7
2023-06-11,ZA,Fitness_Wearables,25,2.720056983,4.87815754,2.158100557,7.036258098,24.12637276,0.216635455,21
2023-06-18,ZA,Fitness_Wearables,9,2.782480263,3.890108399,1.107628136,4.997736536,24.11911628,1.313447431,5
2023-06-25,ZA,Fitness_Wearables,7,1.87139713,3.605309324,1.733912194,5.339221518,25.77489834,0.385988736,6
2023-07-02,ZA,Fitness_Wearables,20,0.529828904,3.393113903,2.863284999,6.256398902,26.2973841,0.281335299,16
2023-07-09,ZA,Fitness_Wearables,13,1.599880737,4.492249533,2.892368796,7.384618329,24.50620453,0.376964585,12
2023-07-16,ZA,Fitness_Wearables,25,0.156133972,3.543374273,3.387240301,6.930614574,26.68430343,0.217961643,17
2023-07-23,ZA,Fitness_Wearables,15,1.05397438,3.210035281,2.156060901,5.366096182,19.300929,0.41278168,13
2023-07-30,ZA,Fitness_Wearables,5,1.797525194,4.926395509,3.128870316,8.055265825,27.11750717,0.13215859,5
2023-08-06,ZA,Fitness_Wearables,9,1.387187863,3.552105736,2.164917873,5.717023609,23.13070272,0.627022049,9
2023-08-13,ZA,Fitness_Wearables,10,1.342459682,4.215010351,2.87255067,7.087561021,23.7316758,0.285954233,9
2023-08-20,ZA,Fitness_Wearables,15,3.282686196,4.428110148,1.145423953,5.573534101,21.39653853,0.444435443,14
2023-08-27,ZA,Fitness_Wearables,14,2.860853889,5.046615415,2.185761526,7.232376941,21.86040312,0.780181371,13
2023-09-03,ZA,Fitness_Wearables,11,0.919206252,4.099951176,3.180744924,7.2806961,25.21316263,0.551666828,10
2023-09-10,ZA,Fitness_Wearables,71,4.216989021,5.668039768,1.451050747,7.119090515,24.24796887,0.605684425,36
2023-09-17,ZA,Fitness_Wearables,5,4.36329867,5.70859539,1.345296719,7.053892109,25.82084425,0.621856212,4
2023-09-24,ZA,Fitness_Wearables,9,3.104920866,4.811006916,1.706086051,6.517092967,23.74382795,0.886479217,9
2023-10-01,ZA,Fitness_Wearables,17,2.750324539,4.981489288,2.231164749,7.212654037,26.68807888,0.995898157,13
2023-10-15,ZA,Fitness_Wearables,9,2.602946861,4.084036609,1.481089748,5.565126356,18.45839772,0.336773299,9
2023-10-22,ZA,Fitness_Wearables,12,2.948703613,5.163221508,2.214517896,7.377739404,21.43395174,0.389955276,12
2023-10-29,ZA,Fitness_Wearables,27,-0.013891987,3.309240236,3.323132223,6.632372459,25.40979993,0.417133395,22
2023-11-05,ZA,Fitness_Wearables,7,-0.552535562,3.432870647,3.985406209,7.418276856,21.7927193,0.323478346,7
2023-11-12,ZA,Fitness_Wearables,20,0.744416162,3.912880841,3.168464678,7.081345519,25.67934352,0.328215505,17
2023-11-19,ZA,Fitness_Wearables,34,3.067144422,4.113204902,1.04606048,5.159265381,22.26892884,0.650905439,20
2023-11-26,ZA,Fitness_Wearables,9,2.288003533,5.723101282,3.435097749,9.158199031,22.85781997,0.820848197,9
2023-12-03,ZA,Fitness_Wearables,6,0.75266987,4.058598133,3.305928263,7.364526396,25.07340504,0.572847339,6
2023-12-10,ZA,Fitness_Wearables,9,3.938650022,5.099276057,1.160626035,6.259902093,25.2247432,0.714902003,8
2023-12-17,ZA,Fitness_Wearables,5,1.08812949,3.826220213,2.738090724,6.564310937,25.49882385,0.575785168,5
2023-12-24,ZA,Fitness_Wearables,5,2.456897878,5.600124644,3.143226766,8.74335141,23.20312205,0.933003851,5
2023-12-31,ZA,Fitness_Wearables,13,3.585691926,5.075693536,1.49000161,6.565695146,24.18920389,0.639803721,11
2024-01-07,ZA,Fitness_Wearables,6,3.238782567,5.144835465,1.906052898,7.050888362,26.08545998,0.264230057,5
2024-01-14,ZA,Fitness_Wearables,4,0.725972395,4.212758393,3.486785998,7.699544391,25.27766329,0.094902386,3
2024-01-21,ZA,Fitness_Wearables,38,0.05292574,2.951043249,2.898117509,5.849160758,28.9834244,0.128965697,15
2024-01-28,ZA,Fitness_Wearables,8,3.319901862,5.352487117,2.032585255,7.385072372,22.95498676,0.331089901,7
2024-02-04,ZA,Fitness_Wearables,23,2.044622983,4.887686057,2.843063074,7.73074913,20.57241579,0.653915089,18
2024-02-11,ZA,Fitness_Wearables,4,6.562397076,7.603708986,1.04131191,8.645020896,21.61308054,0.098523453,4
2024-02-18,ZA,Fitness_Wearables,11,2.731363973,4.651904471,1.920540498,6.572444969,22.70076016,0.703904662,11
2024-02-25,ZA,Fitness_Wearables,12,0.351500519,2.929074212,2.577573693,5.506647906,21.32767855,0.164060992,11
2024-03-03,ZA,Fitness_Wearables,3,5.754029279,6.643768566,0.889739287,7.533507853,23.12230643,0.535847429,3
2024-03-10,ZA,Fitness_Wearables,10,1.324501536,4.448598072,3.124096536,7.572694608,24.94601824,0.320934382,10
2024-03-17,ZA,Fitness_Wearables,6,3.309631255,4.88674834,1.577117085,6.463865424,18.63593987,0.567076257,6
2024-03-24,ZA,Fitness_Wearables,6,3.108397236,4.865701335,1.757304099,6.623005435,23.12244981,0.458949965,6
2024-03-31,ZA,Fitness_Wearables,12,1.80021518,4.310004478,2.509789298,6.819793775,21.05463941,0.858563502,8
2024-04-07,ZA,Fitness_Wearables,6,3.473704772,5.241103391,1.767398619,7.00850201,20.79756746,0.999287958,6
2024-04-14,ZA,Fitness_Wearables,9,2.716534606,4.79512194,2.078587334,6.873709274,23.24628181,0.617864444,9
2024-04-21,ZA,Fitness_Wearables,10,2.323586588,4.081972415,1.758385827,5.840358242,23.10299858,0.11180945,10
2024-04-28,ZA,Fitness_Wearables,11,3.997912037,5.779621484,1.781709447,7.561330931,23.34111703,1.463780408,10
2024-05-05,ZA,Fitness_Wearables,3,1.689133341,4.77102907,3.081895729,7.852924799,21.16508041,0.270022782,3
2024-05-12,ZA,Fitness_Wearables,7,2.225549642,3.876312224,1.650762582,5.527074805,22.865131,0.680827906,7
2024-05-19,ZA,Fitness_Wearables,6,1.102610935,4.089564843,2.986953908,7.076518752,26.00388206,0.433694318,6
2024-05-26,ZA,Fitness_Wearables,18,0.088066071,3.860500146,3.772434075,7.632934221,24.99263031,0.182259172,14
2024-06-02,ZA,Fitness_Wearables,24,2.402381839,4.332482269,1.93010043,6.262582699,24.07718145,0.142000197,18
2024-06-09,ZA,Fitness_Wearables,22,-3.019888154,1.570083441,4.589971594,6.160055035,22.56521701,0.574171007,16
2024-06-16,ZA,Fitness_Wearables,4,2.403357421,4.125036594,1.721679174,5.846715768,22.35809412,0.273571965,4
2024-06-23,ZA,Fitness_Wearables,13,2.965864988,4.250196366,1.284331378,5.534527745,23.67200951,0.439520686,12
2024-06-30,ZA,Fitness_Wearables,4,1.895335149,4.377373536,2.482038387,6.859411923,26.78621542,0.403287383,3
2024-07-07,ZA,Fitness_Wearables,12,2.70938452,4.212445101,1.503060581,5.715505682,24.11897382,0.314914262,12
2024-07-14,ZA,Fitness_Wearables,13,1.251012228,3.849939604,2.598927376,6.44886698,23.28146841,0.372136013,13
2024-07-21,ZA,Fitness_Wearables,8,4.330784084,5.283696375,0.952912291,6.236608666,23.49408797,0.27010025,8
2024-07-28,ZA,Fitness_Wearables,5,2.790659713,4.698259743,1.90760003,6.605859773,25.43591261,0.188017316,3
2024-08-04,ZA,Fitness_Wearables,14,1.554158725,3.444682868,1.890524143,5.335207011,22.53429248,0.750533714,10
2024-08-11,ZA,Fitness_Wearables,30,5.347956972,6.316600016,0.968643045,7.285243061,20.40148096,0.54660992,27
2024-08-18,ZA,Fitness_Wearables,5,3.977485528,5.502075193,1.524589665,7.026664858,21.10781234,0.471582573,5
2024-08-25,ZA,Fitness_Wearables,11,2.4097235,4.757293621,2.347570121,7.104863742,21.34230925,0.152298408,9
2024-09-01,ZA,Fitness_Wearables,35,3.579679607,4.776326858,1.196647252,5.97297411,19.94448909,0.554991022,22
2024-09-08,ZA,Fitness_Wearables,17,1.62670972,4.504153862,2.877444142,7.381598004,24.39496105,0.360464809,13
2024-09-15,ZA,Fitness_Wearables,8,1.656326369,4.761449165,3.105122796,7.866571961,22.84328975,0.847057987,6
2024-09-22,ZA,Fitness_Wearables,9,3.343270856,5.058641833,1.715370977,6.77401281,25.40564178,0.783392684,8
2024-09-29,ZA,Fitness_Wearables,12,3.449476903,4.637183393,1.18770649,5.824889883,20.27377277,0.641608554,9
2024-10-06,ZA,Fitness_Wearables,34,1.440280615,3.236485763,1.796205148,5.032690912,30.83055462,0.116585234,17
2024-10-13,ZA,Fitness_Wearables,6,4.051791169,4.867351799,0.81556063,5.682912429,21.35011433,0.224495674,6
2024-10-20,ZA,Fitness_Wearables,5,-0.238586296,3.410675542,3.649261838,7.05993738,25.12248659,0.687628108,5
2024-10-27,ZA,Fitness_Wearables,8,5.007876049,6.414202632,1.406326582,7.820529214,22.40241013,0.554038339,8
2024-11-03,ZA,Fitness_Wearables,9,3.620715163,4.998537001,1.377821838,6.376358838,25.12112162,0.197294421,9
2024-11-10,ZA,Fitness_Wearables,10,4.397636578,5.7405161,1.342879522,7.083395622,22.9612842,0.209393611,10
2024-11-17,ZA,Fitness_Wearables,5,4.986335378,6.908902325,1.922566947,8.831469272,22.57635703,0.553739524,5
2024-11-24,ZA,Fitness_Wearables,8,3.584859494,5.225308587,1.640449093,6.86575768,26.10160267,0.451662654,6
2024-12-01,ZA,Fitness_Wearables,17,1.584683911,3.913456562,2.328772651,6.242229213,19.82293543,0.272809926,15
2024-12-08,ZA,Fitness_Wearables,19,3.579742977,4.432078371,0.852335394,5.284413766,17.2977054,0.400620372,15
2024-12-15,ZA,Fitness_Wearables,15,3.059773842,4.884956974,1.825183131,6.710140105,22.98293233,0.428381325,14
2024-12-22,ZA,Fitness_Wearables,7,1.781187183,4.413098133,2.63191095,7.045009083,24.46634652,0.137589227,6
2024-12-29,ZA,Fitness_Wearables,13,-1.117628444,3.556977059,4.674605503,8.231582562,22.03920717,0.616405465,11
2025-01-05,ZA,Fitness_Wearables,3,1.464597693,3.479519639,2.014921946,5.494441585,24.28641986,0.222440298,3
2025-01-12,ZA,Fitness_Wearables,5,2.156871892,4.664032859,2.507160967,7.171193825,21.69536945,0.264012559,5
2025-01-19,ZA,Fitness_Wearables,7,3.88280668,6.172424177,2.289617497,8.462041673,25.89188022,0.165078612,6
2025-01-26,ZA,Fitness_Wearables,2,4.195804196,4.895104895,0.699300699,5.594405594,17.83216783,0.34965035,1
2025-02-02,ZA,Fitness_Wearables,8,-0.350516956,2.861635882,3.212152838,6.07378872,20.58101837,0.406447997,8
2025-02-16,ZA,Fitness_Wearables,9,2.825264812,4.840164992,2.01490018,6.855065172,25.06892103,0.08076923,9
2025-02-23,ZA,Fitness_Wearables,11,2.527090489,4.457324694,1.930234205,6.387558899,22.82669837,0.344364306,10
2025-03-02,ZA,Fitness_Wearables,10,3.525614474,5.584300824,2.05868635,7.642987175,22.42110569,0.49898787,9
2025-03-09,ZA,Fitness_Wearables,9,3.462557975,5.465373254,2.002815279,7.468188534,25.19838931,0.14955804,9
2025-03-16,ZA,Fitness_Wearables,23,0.708922714,3.356578709,2.647655994,6.004234703,28.83594849,0.316718811,20
2025-03-23,ZA,Fitness_Wearables,6,-0.874094784,4.211583107,5.085677891,9.297260998,25.18264552,0.22831205,6
2025-03-30,ZA,Fitness_Wearables,11,4.709352001,5.996237095,1.286885094,7.283122188,19.48586391,0.521263304,10
2025-04-06,ZA,Fitness_Wearables,3,3.992214236,5.0528272,1.060612964,6.113440164,20.74973482,0.345421285,3
2025-04-13,ZA,Fitness_Wearables,6,0.462530574,4.062308952,3.599778379,7.662087331,24.86472943,0.784985383,6
2025-04-20,ZA,Fitness_Wearables,2,1.831792452,4.635902771,2.804110318,7.440013089,25.22849482,0.184661519,2
2025-04-27,ZA,Fitness_Wearables,4,2.475440704,5.163521532,2.688080828,7.85160236,27.48780398,0.146085045,3
2025-05-04,ZA,Fitness_Wearables,26,2.334916059,3.937754963,1.602838904,5.540593866,21.4849641,0.607611847,16
2025-05-11,ZA,Fitness_Wearables,5,2.793879169,4.14656542,1.352686252,5.499251672,25.83037775,0.370996655,4
2025-05-18,ZA,Fitness_Wearables,8,4.217924954,5.982324298,1.764399344,7.746723642,24.90130172,0.923786394,6
2025-05-25,ZA,Fitness_Wearables,7,2.226373332,4.123933442,1.897560111,6.021493553,23.05375397,0.079879267,7
2025-06-01,ZA,Fitness_Wearables,4,2.748187609,4.206036023,1.457848413,5.663884436,28.24454158,0.281150157,2
2025-06-08,ZA,Fitness_Wearables,37,2.641366196,4.308876293,1.667510097,5.97638639,25.26820007,0.223020598,26
2025-07-06,ZA,Fitness_Wearables,9,2.042623743,4.682376337,2.639752595,7.322128932,25.63265194,0.282895363,8
2025-07-13,ZA,Fitness_Wearables,10,2.780289362,4.56990028,1.789610917,6.359511197,26.26283383,0.783601819,8
2025-07-20,ZA,Fitness_Wearables,18,2.944047516,4.869825114,1.925777598,6.795602712,22.93407931,0.547442419,13
2025-07-27,ZA,Fitness_Wearables,16,3.015604684,4.897249283,1.881644598,6.778893881,22.44826309,0.515629795,13
2025-08-03,ZA,Fitness_Wearables,12,2.878547059,4.276307034,1.397759976,5.67406701,22.05388436,0.784497281,12
2025-08-10,ZA,Fitness_Wearables,9,4.885679531,5.83905558,0.953376049,6.792431629,23.5980906,0.420363394,8
2025-08-17,ZA,Fitness_Wearables,24,2.068303573,3.505913401,1.437609828,4.943523228,23.87251526,0.790248987,14
2025-08-24,ZA,Fitness_Wearables,7,0.365943558,3.156263737,2.790320179,5.946583916,24.64043384,0.211809059,6
2025-08-31,ZA,Fitness_Wearables,14,0.302942304,3.234293022,2.931350717,6.165643739,24.47768431,0.679738209,12
2025-09-07,ZA,Fitness_Wearables,10,3.492191928,5.243293724,1.751101796,6.994395519,22.96466439,0.398001518,10
2025-09-14,ZA,Fitness_Wearables,12,1.88275128,3.817754558,1.935003278,5.752757837,16.51164173,0.038261242,9
2025-09-21,ZA,Fitness_Wearables,32,3.181742615,5.349057849,2.167315234,7.516373083,21.13137007,0.926373145,27
2025-09-28,ZA,Fitness_Wearables,10,2.748070357,5.115529742,2.367459385,7.482989127,22.30749796,0.913665934,10
2025-10-05,ZA,Fitness_Wearables,10,2.985269514,5.181897967,2.196628453,7.378526421,20.03498929,0.463122756,8
2025-10-12,ZA,Fitness_Wearables,7,3.689197521,5.351709682,1.662512161,7.014221843,27.00889157,0.488568096,7
2025-10-19,ZA,Fitness_Wearables,9,2.052379291,4.782075706,2.729696415,7.511772121,19.66651024,0.404528606,9
2025-10-26,ZA,Fitness_Wearables,22,4.571761722,5.865998633,1.294236911,7.160235544,22.76600732,0.923878277,18
2025-11-02,ZA,Fitness_Wearables,3,4.106148401,5.057141715,0.950993313,6.008135028,20.23045918,0.344565383,3
2025-11-09,ZA,Fitness_Wearables,6,4.886544477,6.268106839,1.381562362,7.649669201,19.64177582,0.622844955,6
2025-11-16,ZA,Fitness_Wearables,12,3.631084753,5.838149602,2.207064849,8.045214451,27.00426703,0.262663586,9
2025-11-23,ZA,Fitness_Wearables,8,3.346229075,4.933704948,1.587475874,6.521180822,23.46047466,0.270824812,7
2025-11-30,ZA,Fitness_Wearables,9,3.329981657,5.560942819,2.230961162,7.791903982,24.83883073,0.439720167,6
2025-12-07,ZA,Fitness_Wearables,9,3.908741313,5.481132235,1.572390923,7.053523158,22.15114491,0.674643555,7
2025-12-14,ZA,Fitness_Wearables,16,3.01819367,5.323378578,2.305184909,7.628563487,21.83776824,0.368072308,14
2025-12-21,ZA,Fitness_Wearables,3,2.614660783,4.284826085,1.670165302,5.954991386,28.01452977,1.27799307,2
2025-12-28,ZA,Fitness_Wearables,32,-0.506211898,4.494831881,5.001043779,9.49587566,28.25074201,0.280012949,18
2026-01-04,ZA,Fitness_Wearables,4,1.820887701,4.557518758,2.736631057,7.294149815,31.60648444,0.222609113,3
2026-01-11,ZA,Fitness_Wearables,27,3.727836359,5.222771769,1.49493541,6.717707179,19.65721722,0.229837615,24
2026-01-18,ZA,Fitness_Wearables,20,10.31896949,11.15573462,0.83676513,11.99249975,24.99451561,0.333076028,17
2026-01-25,ZA,Fitness_Wearables,11,2.453031368,5.703041187,3.250009819,8.953051005,27.06296475,0.326785547,8
2026-02-01,ZA,Fitness_Wearables,7,1.506260332,4.317774462,2.81151413,7.129288592,29.22362678,0.679790534,4
2026-02-08,ZA,Fitness_Wearables,8,1.994510687,4.776336946,2.781826259,7.558163205,22.93832849,0.905331855,8
2026-02-15,ZA,Fitness_Wearables,5,2.98666174,4.963482355,1.976820615,6.94030297,16.37410842,0.58128048,4
2026-02-22,ZA,Fitness_Wearables,2,4.417169607,6.399914887,1.98274528,8.382660167,24.65858093,0.625773754,2
2026-03-01,ZA,Fitness_Wearables,11,1.044009331,4.15092098,3.106911649,7.257832629,28.74623424,0.253543427,9
2026-03-08,ZA,Fitness_Wearables,15,2.278927807,4.441406705,2.162478898,6.603885603,21.37905557,0.470649254,12
2026-03-15,ZA,Fitness_Wearables,4,3.174079533,5.931713552,2.757634019,8.689347572,31.04569307,0.300681556,4
2026-03-22,ZA,Fitness_Wearables,12,1.804438384,4.295386865,2.490948481,6.786335346,26.97231111,0.322161019,11
2026-03-29,ZA,Fitness_Wearables,8,2.93385419,5.59426316,2.660408969,8.254672129,28.23305914,0.29094705,7
2026-04-05,ZA,Fitness_Wearables,8,1.118378941,4.213552047,3.095173106,7.308725154,24.92479301,0.387134333,8
2026-04-12,ZA,Fitness_Wearables,8,5.017417327,5.904426794,0.887009467,6.791436261,21.98481141,0.608099942,8
2026-04-19,ZA,Fitness_Wearables,9,2.555178078,5.220460393,2.665282315,7.885742707,27.84110032,0.511986862,7
2026-04-26,ZA,Fitness_Wearables,12,2.087076935,4.397876773,2.310799837,6.70867661,25.17147658,0.535815139,10
2026-05-03,ZA,Fitness_Wearables,9,3.052094983,4.526002079,1.473907096,5.999909176,23.03677171,0.640699602,6
2026-05-10,ZA,Fitness_Wearables,5,1.555532166,5.847798249,4.292266083,10.14006433,24.13280301,0.570918822,5
2026-05-17,ZA,Fitness_Wearables,8,3.013113148,4.25571396,1.242600812,5.498314772,20.70593106,0.088559668,8
2026-05-24,ZA,Fitness_Wearables,20,3.236877699,4.88765412,1.650776421,6.538430541,23.06320428,0.248005108,16
2026-05-31,ZA,Fitness_Wearables,6,0.79248135,3.811455112,3.018973762,6.830428874,22.79114951,0.142259557,5
2026-06-07,ZA,Fitness_Wearables,8,2.007395059,4.60881078,2.601415722,7.210226502,27.29875405,0.347562274,6
2026-06-14,ZA,Fitness_Wearables,6,5.223429549,6.750172072,1.526742524,8.276914596,20.21019597,0.460154588,5
2026-06-21,ZA,Fitness_Wearables,10,2.711037504,3.940033295,1.228995791,5.169029086,26.23132604,0.469512313,8
2026-06-28,ZA,Fitness_Wearables,5,2.12037585,3.345969647,1.225593797,4.571563444,19.87488554,0.381677995,5
2026-07-05,ZA,Fitness_Wearables,13,1.787041341,4.453491347,2.666450006,7.119941353,22.39432193,0.226279367,13
2026-07-12,ZA,Fitness_Wearables,7,0.783061635,4.786132031,4.003070396,8.789202428,23.13104136,0.659917624,7
2026-07-19,ZA,Fitness_Wearables,5,2.255163606,5.100899789,2.845736183,7.946635972,27.13458383,0.190145272,5
2026-07-26,ZA,Fitness_Wearables,9,2.472789102,4.613737843,2.140948741,6.754686584,24.89792499,0.636673601,9
2026-08-02,ZA,Fitness_Wearables,13,1.502117922,4.561910041,3.059792119,7.621702161,25.11276442,0.296848191,7
2026-08-09,ZA,Fitness_Wearables,21,-0.212487346,3.83512038,4.047607726,7.882728106,22.27468076,0.748919483,14
2026-08-16,ZA,Fitness_Wearables,20,-1.951784683,3.091257799,5.043042482,8.134300281,22.96179231,0.517626989,19
2026-08-23,ZA,Fitness_Wearables,5,1.636413174,5.194192535,3.557779361,8.751971895,20.42044862,0.534467265,5
2023-01-01,ZA,Nutrition_Diets,416,1.77347759,5.433430806,3.659953217,9.093384023,25.92234564,0.644212613,125
2023-01-08,ZA,Nutrition_Diets,571,1.723033138,5.411988796,3.688955658,9.100944454,26.45887141,0.436795926,155
2023-01-15,ZA,Nutrition_Diets,591,1.398049341,4.566422543,3.168373201,7.734795744,24.63757219,0.597272103,190
2023-01-22,ZA,Nutrition_Diets,603,1.232771982,4.395339712,3.16256773,7.557907441,24.51993268,0.583195326,206
2023-01-29,ZA,Nutrition_Diets,475,0.743850965,4.196370494,3.452519528,7.648890022,25.66850765,0.623061096,183
2023-02-05,ZA,Nutrition_Diets,515,0.023246168,4.102875997,4.079629829,8.182505827,24.82404616,0.377912274,195
2023-02-12,ZA,Nutrition_Diets,532,-0.123903449,4.233023141,4.35692659,8.589949731,24.32229373,0.444490757,250
2023-02-19,ZA,Nutrition_Diets,591,0.622675611,4.383573701,3.760898091,8.144471792,24.55252141,0.465142637,227
2023-02-26,ZA,Nutrition_Diets,516,0.335660465,4.283101946,3.947441481,8.230543427,25.14257087,0.473691259,173
2023-03-05,ZA,Nutrition_Diets,562,1.44852749,4.802007922,3.353480432,8.155488353,24.71596686,0.419228965,204
2023-03-12,ZA,Nutrition_Diets,514,-0.277388306,3.909312818,4.186701124,8.096013942,25.5468284,0.445029404,205
2023-03-19,ZA,Nutrition_Diets,287,-0.429696065,3.729422498,4.159118562,7.88854106,23.06574878,0.524597076,176
2023-03-26,ZA,Nutrition_Diets,247,-1.107317164,3.27552435,4.382841514,7.658365865,19.94161424,0.809833402,160
2023-04-02,ZA,Nutrition_Diets,185,-1.306656686,3.200966511,4.507623196,7.708589707,20.02770747,0.754131116,124
2023-04-09,ZA,Nutrition_Diets,208,-2.972760862,2.933620334,5.906381196,8.840001529,22.06646749,0.717128763,152
2023-04-16,ZA,Nutrition_Diets,293,0.487719329,4.357805674,3.870086345,8.227892019,23.97818977,0.621249959,142
2023-04-23,ZA,Nutrition_Diets,667,1.590836135,4.635033052,3.044196917,7.679229969,24.53405807,0.602621922,270
2023-04-30,ZA,Nutrition_Diets,574,2.067466823,5.053942763,2.98647594,8.040418703,24.27868024,0.576144673,180
2023-05-07,ZA,Nutrition_Diets,493,0.77237867,4.518475353,3.746096683,8.264572036,25.09724363,0.508734496,179
2023-05-14,ZA,Nutrition_Diets,905,-1.991022828,3.020558604,5.011581432,8.032140035,24.46078754,0.451855589,468
2023-05-21,ZA,Nutrition_Diets,624,-0.15028884,4.114566972,4.264855813,8.379422785,24.80241509,0.443545809,266
2023-05-28,ZA,Nutrition_Diets,570,0.438527603,4.130894012,3.69236641,7.823260422,24.69838774,0.515609827,254
2023-06-04,ZA,Nutrition_Diets,705,1.40505021,4.372496729,2.967446519,7.339943248,22.73499869,0.539896564,240
2023-06-11,ZA,Nutrition_Diets,566,0.829301019,4.279647519,3.4503465,7.729994019,24.32386597,0.50101845,239
2023-06-18,ZA,Nutrition_Diets,624,1.835985803,4.717380881,2.881395079,7.59877596,22.97110843,0.397586592,203
2023-06-25,ZA,Nutrition_Diets,769,1.276176391,4.578216086,3.302039695,7.880255781,24.4613311,0.372305236,236
2023-07-02,ZA,Nutrition_Diets,506,1.284487711,4.490942638,3.206454927,7.697397565,24.2020945,0.41830674,182
2023-07-09,ZA,Nutrition_Diets,532,1.268586865,4.322497152,3.053910287,7.376407439,24.81159673,0.396820657,214
2023-07-16,ZA,Nutrition_Diets,609,0.759253229,4.396784473,3.637531244,8.034315717,25.02830538,0.454844861,210
2023-07-23,ZA,Nutrition_Diets,813,0.981529208,4.40651719,3.424987982,7.831505172,25.5410977,0.506267479,223
2023-07-30,ZA,Nutrition_Diets,637,0.932552395,4.496205363,3.563652967,8.05985833,25.06653179,0.543554286,263
2023-08-06,ZA,Nutrition_Diets,459,1.17741397,4.73802393,3.56060996,8.29863389,25.83927689,0.425439902,161
2023-08-13,ZA,Nutrition_Diets,578,0.48572673,3.985921994,3.500195264,7.486117258,24.37607676,0.379497669,230
2023-08-20,ZA,Nutrition_Diets,548,1.646398413,4.994201906,3.347803493,8.342005399,25.19901277,0.482903499,210
2023-08-27,ZA,Nutrition_Diets,691,0.062418271,4.319420284,4.257002014,8.576422298,25.29768775,0.422072994,238
2023-09-03,ZA,Nutrition_Diets,538,0.923130523,4.24924791,3.326117387,7.575365297,25.25896573,0.600729768,171
2023-09-10,ZA,Nutrition_Diets,671,1.882200042,5.131325589,3.249125547,8.380451137,24.21376366,0.594839924,304
2023-09-17,ZA,Nutrition_Diets,526,1.222985442,4.424804422,3.201818981,7.626623403,24.34477655,0.483717697,213
2023-09-24,ZA,Nutrition_Diets,675,1.135295472,4.539204088,3.403908616,7.943112704,25.16359368,0.633192403,231
2023-10-01,ZA,Nutrition_Diets,328,0.288717814,3.871085575,3.582367761,7.453453335,23.78213232,0.451112287,179
2023-10-08,ZA,Nutrition_Diets,507,0.372210175,4.101691335,3.72948116,7.831172494,24.91603002,0.519504663,222
2023-10-15,ZA,Nutrition_Diets,471,0.626589221,3.907361272,3.280772052,7.188133324,24.87492109,0.622931606,198
2023-10-22,ZA,Nutrition_Diets,423,0.605974847,4.280088248,3.674113401,7.954201649,24.62357025,0.503832535,196
2023-10-29,ZA,Nutrition_Diets,512,-0.144345928,3.713775692,3.85812162,7.571897312,24.08341666,0.438339425,245
2023-11-05,ZA,Nutrition_Diets,609,2.071529431,5.061821996,2.990292565,8.052114561,26.05034447,0.489871888,183
2023-11-12,ZA,Nutrition_Diets,427,1.159410856,4.466432334,3.307021478,7.773453811,26.29108436,0.450890469,156
2023-11-19,ZA,Nutrition_Diets,618,1.461582436,4.787109108,3.325526671,8.112635779,25.32374717,0.685029775,228
2023-11-26,ZA,Nutrition_Diets,659,0.610170507,4.390702954,3.780532447,8.171235402,23.69395273,0.528496813,270
2023-12-03,ZA,Nutrition_Diets,875,0.488359266,3.713691396,3.22533213,6.939023526,23.54759938,0.597109214,444
2023-12-10,ZA,Nutrition_Diets,748,-0.442896595,4.090021226,4.532917821,8.622939048,24.65676251,0.521041705,298
2023-12-17,ZA,Nutrition_Diets,514,0.392161451,4.349326795,3.957165344,8.306492139,26.02584868,0.62531412,201
2023-12-24,ZA,Nutrition_Diets,591,1.286392289,4.906337739,3.61994545,8.526283189,25.44441543,0.562283649,211
2023-12-31,ZA,Nutrition_Diets,461,0.959420851,4.40339542,3.443974569,7.847369988,25.99764818,0.671047676,189
2024-01-07,ZA,Nutrition_Diets,539,0.266901696,4.269941393,4.003039697,8.272981091,25.53724036,0.531679205,200
2024-01-14,ZA,Nutrition_Diets,620,-1.770211459,3.631064655,5.401276114,9.032340769,23.88041796,0.392822664,328
2024-01-21,ZA,Nutrition_Diets,465,0.027805876,3.909967936,3.882162059,7.792129995,24.60309965,0.45874369,224
2024-01-28,ZA,Nutrition_Diets,986,-0.002350956,3.883793684,3.88614464,7.769938323,17.92234076,0.304899866,238
2024-02-04,ZA,Nutrition_Diets,2318,0.017259918,3.731392427,3.714132509,7.445524935,13.5344394,0.121603865,230
2024-02-11,ZA,Nutrition_Diets,2148,0.07983623,3.68962344,3.60978721,7.29941065,13.52737512,0.086232618,255
2024-02-18,ZA,Nutrition_Diets,2409,0.063146534,3.814675132,3.751528598,7.56620373,14.19237821,0.095310756,200
2024-02-25,ZA,Nutrition_Diets,2897,-0.088661212,3.726484752,3.815145965,7.541630717,14.35232624,0.121361764,302
2024-03-03,ZA,Nutrition_Diets,1653,0.196327456,3.867079952,3.670752496,7.537832449,14.76344419,0.132666462,187
2024-03-10,ZA,Nutrition_Diets,1694,0.308001929,3.751366021,3.443364092,7.194730113,15.97233803,0.137207247,271
2024-03-17,ZA,Nutrition_Diets,2756,-0.048475428,3.632612727,3.681088155,7.313700882,13.85595219,0.124192451,365
2024-03-24,ZA,Nutrition_Diets,1593,-0.029667535,3.700536851,3.730204386,7.430741237,15.10183195,0.150082604,244
2024-03-31,ZA,Nutrition_Diets,2364,-0.066237572,3.784846363,3.851083934,7.635930297,14.84121869,0.14253173,276
2024-04-07,ZA,Nutrition_Diets,1933,-0.194466166,3.75553373,3.949999896,7.705533626,15.50408245,0.141988745,308
2024-04-14,ZA,Nutrition_Diets,1370,0.074487469,3.733956789,3.659469319,7.393426108,15.51948964,0.193482931,240
2024-04-21,ZA,Nutrition_Diets,694,-1.998932139,3.030624271,5.02955641,8.060180681,24.14663555,0.43990446,393
2024-04-28,ZA,Nutrition_Diets,1617,0.217718074,3.835280255,3.617562181,7.452842436,13.83838469,0.104647659,139
2024-05-05,ZA,Nutrition_Diets,1679,0.229586725,3.831408237,3.601821512,7.433229749,14.90282008,0.138984996,174
2024-05-12,ZA,Nutrition_Diets,2245,0.059212355,3.795277616,3.73606526,7.531342876,13.71440408,0.089113628,169
2024-05-19,ZA,Nutrition_Diets,2233,0.01370835,3.868751266,3.855042916,7.723794183,14.21193882,0.14443721,251
2024-05-26,ZA,Nutrition_Diets,2334,0.202158815,3.815201267,3.613042452,7.428243718,13.55530271,0.091137471,182
2024-06-02,ZA,Nutrition_Diets,2640,-0.291670997,3.68559858,3.977269577,7.662868157,13.76610351,0.078672183,270
2024-06-09,ZA,Nutrition_Diets,2729,-0.181120323,3.788086351,3.969206674,7.757293025,13.9842801,0.075214313,257
2024-06-16,ZA,Nutrition_Diets,1405,0.674297133,4.359901247,3.685604113,8.04550536,16.11493923,0.142563531,184
2024-06-23,ZA,Nutrition_Diets,839,0.607651539,4.054014485,3.446362946,7.50037743,17.49516147,0.241260209,174
2024-06-30,ZA,Nutrition_Diets,1709,0.585029589,3.995408093,3.410378504,7.405786597,14.45063591,0.139497531,159
2024-07-07,ZA,Nutrition_Diets,1941,0.025515573,3.737065299,3.711549725,7.448615024,13.81269476,0.108342719,191
2024-07-14,ZA,Nutrition_Diets,2339,0.176510446,3.76045003,3.583939584,7.344389613,14.56793807,0.093245748,214
2024-07-21,ZA,Nutrition_Diets,1830,0.071005932,3.78834791,3.717341979,7.505689889,13.3968412,0.092427744,188
2024-07-28,ZA,Nutrition_Diets,2416,0.003935324,3.765788022,3.761852698,7.52764072,12.82326012,0.067147963,145
2024-08-04,ZA,Nutrition_Diets,3057,0.075133969,3.719233478,3.644099508,7.363332986,13.12354057,0.069820451,153
2024-08-11,ZA,Nutrition_Diets,1393,0.268252785,3.89729087,3.629038085,7.526328956,15.52204739,0.132354918,150
2024-08-18,ZA,Nutrition_Diets,463,-0.679084781,3.704139837,4.383224617,8.087364454,24.64615397,0.541609946,213
2024-08-25,ZA,Nutrition_Diets,434,-0.094395544,3.731950166,3.82634571,7.558295877,25.11738695,0.446377946,202
2024-09-01,ZA,Nutrition_Diets,858,2.432504278,4.615864091,2.183359813,6.799223904,23.02436265,0.514192195,321
2024-09-08,ZA,Nutrition_Diets,477,1.313997411,4.57586982,3.261872409,7.83774223,25.12377933,0.414312164,165
2024-09-15,ZA,Nutrition_Diets,332,0.2886122,4.014806602,3.726194403,7.741001005,24.94587097,0.634368339,154
2024-09-22,ZA,Nutrition_Diets,503,0.903055376,4.36414597,3.461090594,7.825236564,25.99220182,0.58237808,193
2024-09-29,ZA,Nutrition_Diets,415,1.203232119,4.58525799,3.382025871,7.967283861,24.16734763,0.667723778,196
2024-10-06,ZA,Nutrition_Diets,537,-0.587373354,3.882463928,4.469837281,8.352301209,23.82173683,0.581957283,261
2024-10-13,ZA,Nutrition_Diets,604,-1.501447913,3.331319186,4.832767098,8.164086284,22.67660983,0.555244402,354
2024-10-20,ZA,Nutrition_Diets,386,0.150271807,4.055867925,3.905596118,7.961464042,25.23912692,0.431687887,168
2024-10-27,ZA,Nutrition_Diets,510,0.811903947,4.312798935,3.500894988,7.813693923,25.58526405,0.466756121,184
2024-11-03,ZA,Nutrition_Diets,408,1.764539542,4.955928116,3.191388574,8.14731669,24.33443687,0.651433596,167
2024-11-10,ZA,Nutrition_Diets,430,0.647261227,4.314437208,3.66717598,7.981613188,24.395292,0.469448253,204
2024-11-17,ZA,Nutrition_Diets,350,0.356301804,3.936970865,3.580669061,7.517639926,24.91461312,0.568892678,153
2024-11-24,ZA,Nutrition_Diets,334,0.147202803,4.115446049,3.968243245,8.083689294,24.24747603,0.508201241,156
2024-12-01,ZA,Nutrition_Diets,400,0.093057899,3.921191684,3.828133784,7.749325468,23.48432208,0.683650927,192
2024-12-08,ZA,Nutrition_Diets,352,0.534572994,4.137668877,3.603095884,7.740764761,25.68520724,0.461563472,155
2024-12-15,ZA,Nutrition_Diets,375,0.966094049,4.488074346,3.521980298,8.010054644,25.17336321,0.526927995,164
2024-12-22,ZA,Nutrition_Diets,319,0.256282987,4.025919614,3.769636627,7.795556241,26.16021146,0.447605573,128
2024-12-29,ZA,Nutrition_Diets,309,0.548610053,4.3702069,3.821596847,8.191803747,24.15895884,0.509794964,154
2025-01-05,ZA,Nutrition_Diets,315,0.514051164,4.224394809,3.710343646,7.934738455,26.1987349,0.527041155,131
2025-01-12,ZA,Nutrition_Diets,325,1.640941306,4.925396549,3.284455243,8.209851792,25.78763093,0.415551422,122
2025-01-19,ZA,Nutrition_Diets,272,0.525563986,4.26964528,3.744081294,8.013726574,25.40313627,0.51892978,137
2025-01-26,ZA,Nutrition_Diets,220,0.996554145,4.321771354,3.325217209,7.646988563,23.38726515,0.482199296,131
2025-02-02,ZA,Nutrition_Diets,313,-0.01079129,4.192995228,4.203786518,8.396781746,23.98847168,0.481312547,155
2025-02-09,ZA,Nutrition_Diets,359,0.627810901,4.493116714,3.865305813,8.358422527,24.17846615,0.47931351,195
2025-02-16,ZA,Nutrition_Diets,314,0.735334848,4.375702668,3.640367819,8.016070487,24.19446579,0.565380596,147
2025-02-23,ZA,Nutrition_Diets,372,0.509391638,4.293121927,3.783730288,8.076852215,24.73122585,0.474986119,172
2025-03-02,ZA,Nutrition_Diets,310,1.171129429,4.757244312,3.586114883,8.343359194,25.05024157,0.494818236,162
2025-03-09,ZA,Nutrition_Diets,368,1.052770973,4.635782112,3.583011139,8.218793252,25.2031915,0.502657835,147
2025-03-16,ZA,Nutrition_Diets,445,0.579072725,4.431722712,3.852649988,8.2843727,24.86327771,0.477019556,224
2025-03-23,ZA,Nutrition_Diets,297,0.437628121,4.277581127,3.839953006,8.117534133,25.15995539,0.396145189,143
2025-03-30,ZA,Nutrition_Diets,258,0.725848436,4.818143311,4.092294875,8.910438186,23.09832455,0.439384321,154
2025-04-06,ZA,Nutrition_Diets,296,0.595484404,4.386791505,3.791307101,8.178098606,24.66282159,0.52628884,150
2025-04-13,ZA,Nutrition_Diets,296,0.81907472,4.495114441,3.676039721,8.171154161,25.42802137,0.459280426,123
2025-04-20,ZA,Nutrition_Diets,423,-0.131687889,4.039663651,4.171351539,8.21101519,24.46926744,0.547588365,230
2025-04-27,ZA,Nutrition_Diets,271,1.210067522,4.7077501,3.497682578,8.205432677,25.6897234,0.494680012,112
2025-05-04,ZA,Nutrition_Diets,348,0.682868892,4.231785946,3.548917054,7.780703,24.437949,0.617323331,182
2025-05-11,ZA,Nutrition_Diets,417,1.01747541,4.69829268,3.68081727,8.37910995,25.00939759,0.468034038,176
2025-05-18,ZA,Nutrition_Diets,451,1.307203277,5.013352694,3.706149417,8.719502111,25.31355272,0.461456045,174
2025-05-25,ZA,Nutrition_Diets,418,1.570800731,4.763418068,3.192617338,7.956035406,25.85986105,0.491676866,152
2025-06-01,ZA,Nutrition_Diets,317,1.286941101,4.689198042,3.402256941,8.091454983,24.46938083,0.512663755,143
2025-06-08,ZA,Nutrition_Diets,448,0.9587735,4.525942439,3.567168939,8.093111378,25.46823233,0.425649996,162
2025-06-29,ZA,Nutrition_Diets,195,-0.816333951,3.856816618,4.673150568,8.529967186,23.95378754,0.433498682,108
2025-07-06,ZA,Nutrition_Diets,377,0.523386159,4.538189181,4.014803021,8.552992202,25.3930693,0.492378911,157
2025-07-13,ZA,Nutrition_Diets,516,0.301559465,4.261540279,3.959980814,8.221521093,25.57134321,0.539681144,229
2025-07-20,ZA,Nutrition_Diets,479,0.882517562,4.340757721,3.458240159,7.79899788,24.43298174,0.569901229,251
2025-07-27,ZA,Nutrition_Diets,381,0.767689651,4.45736677,3.689677119,8.14704389,26.48978609,0.408760233,142
2025-08-03,ZA,Nutrition_Diets,335,-0.337967458,4.105431962,4.44339942,8.548831382,26.0138053,0.46946016,145
2025-08-10,ZA,Nutrition_Diets,306,0.175378711,4.259789705,4.084410994,8.344200699,25.6936965,0.4363973,139
2025-08-17,ZA,Nutrition_Diets,389,0.640014579,4.269119976,3.629105396,7.898225372,25.36213134,0.392006035,190
2025-08-24,ZA,Nutrition_Diets,460,1.343182309,4.959757542,3.616575233,8.576332775,23.58618746,0.507564396,193
2025-08-31,ZA,Nutrition_Diets,313,-0.013810466,4.394739761,4.408550227,8.803289988,24.24726742,0.540250182,191
2025-09-07,ZA,Nutrition_Diets,308,0.163554425,4.260992873,4.097438448,8.358431321,25.34709023,0.439535718,146
2025-09-14,ZA,Nutrition_Diets,374,-0.650284557,3.975389776,4.625674333,8.601064109,25.5101069,0.562420235,159
2025-09-21,ZA,Nutrition_Diets,340,0.693960818,4.315220509,3.621259691,7.936480199,25.42461408,0.466687304,155
2025-09-28,ZA,Nutrition_Diets,265,0.839608639,4.525537438,3.685928799,8.211466237,25.64133591,0.463353093,108
2025-10-05,ZA,Nutrition_Diets,257,1.012074415,4.597676313,3.585601898,8.183278211,25.27161931,0.540202731,121
2025-10-12,ZA,Nutrition_Diets,333,0.494319804,4.259783444,3.76546364,8.025247083,26.28690095,0.475162961,135
2025-10-19,ZA,Nutrition_Diets,300,1.199948135,4.642971121,3.443022986,8.085994107,25.3428022,0.504027147,130
2025-10-26,ZA,Nutrition_Diets,340,2.093060155,5.19976683,3.106706675,8.306473505,25.11166151,0.451515991,140
2025-11-02,ZA,Nutrition_Diets,253,0.587421758,4.567683733,3.980261974,8.547945707,24.69410655,0.473339446,139
2025-11-09,ZA,Nutrition_Diets,301,0.971256114,4.542877623,3.57162151,8.114499133,24.85266141,0.43023126,146
2025-11-16,ZA,Nutrition_Diets,397,1.464524507,4.804364426,3.339839919,8.144204344,25.50059716,0.434571956,150
2025-11-23,ZA,Nutrition_Diets,368,1.04397967,4.665274565,3.621294895,8.28656946,25.58376171,0.512940549,150
2025-11-30,ZA,Nutrition_Diets,410,-0.082730138,4.115768117,4.198498255,8.314266373,24.82740922,0.469142571,168
2025-12-07,ZA,Nutrition_Diets,371,0.788915822,4.642879048,3.853963225,8.496842273,25.54785199,0.449564431,134
2025-12-14,ZA,Nutrition_Diets,277,1.394366039,4.754713317,3.360347278,8.115060594,25.79391854,0.437336765,117
2025-12-21,ZA,Nutrition_Diets,300,0.945707595,4.770961982,3.825254386,8.596216368,26.31066859,0.341698822,112
2025-12-28,ZA,Nutrition_Diets,244,1.330242468,4.626273987,3.296031519,7.922305506,26.01468752,0.4255133,109
2026-01-04,ZA,Nutrition_Diets,371,1.165718357,4.832741425,3.667023068,8.499764492,26.55682798,0.370958833,132
2026-01-11,ZA,Nutrition_Diets,495,-1.569838267,3.608075807,5.177914074,8.785989881,25.75199715,0.317560265,221
2026-01-18,ZA,Nutrition_Diets,403,0.510162683,4.499374059,3.989211376,8.488585435,26.05153529,0.344566849,140
2026-01-25,ZA,Nutrition_Diets,304,0.743358904,4.711552444,3.96819354,8.679745985,26.18958399,0.348644499,116
2026-02-01,ZA,Nutrition_Diets,296,0.870911397,4.639129642,3.768218245,8.407347886,24.85210769,0.486741943,123
2026-02-08,ZA,Nutrition_Diets,502,1.403961721,5.061203569,3.657241848,8.718445417,24.96351699,0.353745197,182
2026-02-15,ZA,Nutrition_Diets,272,1.193878336,4.546824534,3.352946198,7.899770732,23.70767597,0.638035971,136
2026-02-22,ZA,Nutrition_Diets,358,0.939420017,4.536168518,3.596748501,8.132917019,24.80065686,0.437724282,154
2026-03-01,ZA,Nutrition_Diets,445,0.965565984,4.527360767,3.561794783,8.08915555,24.78390703,0.44437144,212
2026-03-08,ZA,Nutrition_Diets,358,1.441322898,4.92743714,3.486114242,8.413551382,25.2967625,0.393056313,136
2026-03-15,ZA,Nutrition_Diets,427,1.543607914,4.379073423,2.835465509,7.214538932,24.18916998,0.661223639,239
2026-03-22,ZA,Nutrition_Diets,555,0.928168328,4.130575874,3.202407545,7.332983419,25.25089703,0.487975174,266
2026-03-29,ZA,Nutrition_Diets,364,0.532639349,4.477147425,3.944508076,8.421655501,27.3850607,0.461185324,117
2026-04-05,ZA,Nutrition_Diets,395,0.465955996,4.600439662,4.134483666,8.734923328,27.42653526,0.37434154,125
2026-04-12,ZA,Nutrition_Diets,413,0.711632422,4.688710145,3.977077723,8.665787867,26.3814629,0.415081426,148
2026-04-19,ZA,Nutrition_Diets,330,0.310803304,4.582502421,4.271699117,8.854201538,26.10275876,0.33482574,139
2026-04-26,ZA,Nutrition_Diets,409,1.638354027,5.087406068,3.449052041,8.536458108,26.28191692,0.40826796,146
2026-05-03,ZA,Nutrition_Diets,290,0.816589085,4.526627688,3.710038602,8.23666629,25.7088296,0.38442022,122
2026-05-10,ZA,Nutrition_Diets,311,0.551118282,4.385467336,3.834349054,8.21981639,27.11409873,0.419682364,124
2026-05-17,ZA,Nutrition_Diets,479,-1.52528637,3.951711582,5.476997951,9.428709533,22.88018815,0.456583158,262
2026-05-24,ZA,Nutrition_Diets,641,-2.41276139,3.573047957,5.985809347,9.558857305,23.11521737,0.34646541,362
2026-05-31,ZA,Nutrition_Diets,386,-0.436137161,3.63347748,4.069614641,7.70309212,24.72354962,0.576958635,268
2026-06-07,ZA,Nutrition_Diets,319,0.170206089,4.267366684,4.097160595,8.364527279,25.73217766,0.465649465,165
2026-06-14,ZA,Nutrition_Diets,256,0.833661273,4.646812636,3.813151363,8.459963999,25.4280681,0.426379342,128
2026-06-21,ZA,Nutrition_Diets,304,-0.182751428,4.164436976,4.347188404,8.511625379,25.78680156,0.514500482,152
2026-06-28,ZA,Nutrition_Diets,296,0.274332556,4.431992114,4.157659558,8.589651671,26.71787622,0.378809031,115
2026-07-05,ZA,Nutrition_Diets,372,0.373288595,4.418790944,4.04550235,8.464293294,25.5594567,0.468337025,149
2026-07-12,ZA,Nutrition_Diets,450,0.371298041,4.421949902,4.050651862,8.472601764,26.38700373,0.392474538,173
2026-07-19,ZA,Nutrition_Diets,352,0.477311342,4.538004268,4.060692926,8.598697194,25.77131167,0.431258598,147
2026-07-26,ZA,Nutrition_Diets,333,0.306109181,4.465310202,4.159201021,8.624511223,25.55483823,0.397016009,141
2026-08-02,ZA,Nutrition_Diets,303,0.043346922,4.520033351,4.476686429,8.996719781,26.57745276,0.424407581,116
2026-08-09,ZA,Nutrition_Diets,346,0.427952126,4.304084704,3.876132578,8.180217283,25.28798006,0.447072685,162
2026-08-16,ZA,Nutrition_Diets,343,-0.017536853,4.058045262,4.075582115,8.133627377,25.86068687,0.441860145,149
2026-08-23,ZA,Nutrition_Diets,127,0.088278534,4.184421573,4.09614304,8.280564613,25.40889655,0.533522886,72
