Week_Start,Country_Code,Total_Events,Media_Volume,Total_Sources,Total_Mentions,Avg_Articles_Per_Event,Source_Diversity,Media_Tone,Avg_Goldstein,Root_Event_Count,Positive_Event_Count,Negative_Event_Count
2023-01-01,AE,1233,6453,1246,6581,5.23357664233576,1.0105433901054344,0.14599340121819951,2.954257907542579,820,652,547
2023-01-08,AE,1910,9373,1940,9679,4.9073298429319356,1.015706806282723,1.7724535943675959,2.7764397905759171,1464,1390,436
2023-01-15,AE,2385,12065,2425,12704,5.0587002096436064,1.0167714884696017,1.7655100062589408,2.8065408805031451,1815,1775,550
2023-01-22,AE,1570,8403,1592,8642,5.3522292993630574,1.0140127388535034,0.57795834104301813,2.69203821656051,1150,861,659
2023-01-29,AE,1370,7229,1403,7500,5.2766423357664234,1.024087591240876,1.0905263961633325,3.13102189781022,952,829,496
2023-02-05,AE,1566,8326,1597,8565,5.3167305236270774,1.0197956577266927,0.86687638492449215,3.1478927203065123,1086,970,572
2023-02-12,AE,2088,11114,2134,11461,5.3227969348659014,1.0220306513409958,1.7134299568146294,3.0854885057471262,1635,1516,498
2023-02-19,AE,1613,9212,1646,9378,5.7110973341599491,1.0204587724736514,1.7923755046676804,3.094110353378797,1190,1182,365
2023-02-26,AE,1544,8211,1610,8391,5.3180051813471509,1.0427461139896375,1.2798230369232075,2.948056994818653,1116,1063,445
2023-03-05,AE,1534,8283,1558,8542,5.3996088657105608,1.0156453715775755,1.779043473107941,2.9583441981747063,1127,1148,333
2023-03-12,AE,1535,8004,1566,8314,5.214332247557004,1.0201954397394137,2.0633474685605298,3.0371335504885986,1180,1158,332
2023-03-19,AE,1412,7845,1505,8077,5.5559490084985832,1.0658640226628893,1.0932254701323878,3.1602691218130303,962,912,491
2023-03-26,AE,1800,8878,1838,9406,4.9322222222222205,1.0211111111111113,1.3159104923774614,2.878000000000001,1270,1136,615
2023-04-02,AE,1711,8857,1761,9070,5.176504967855057,1.029222676797195,1.4685873374188796,3.1234950321449446,1208,1264,434
2023-04-09,AE,1710,9096,1871,9294,5.3192982456140347,1.0941520467836257,1.3375583348794107,3.2412280701754383,1128,1115,566
2023-04-16,AE,1679,8606,1720,8800,5.1256700416914835,1.0244192972007147,0.41230775547178145,3.1262060750446694,1054,912,726
2023-04-23,AE,1591,8447,1654,8604,5.3092394720301677,1.0395977372721559,0.56784598790962315,3.1362036455059714,1149,960,588
2023-04-30,AE,1679,8613,1748,8794,5.1298391899940432,1.0410958904109591,1.7935998326069342,3.1041691483025615,1168,1204,445
2023-05-07,AE,1754,8875,1815,9132,5.0598631698973779,1.0347776510832383,1.5076831047914794,3.2025655644241731,1157,1186,523
2023-05-14,AE,1594,8289,1643,8571,5.2001254705144309,1.0307402760351321,1.5064345611331129,3.0459222082810533,1202,1049,497
2023-05-21,AE,1849,9499,1901,9655,5.1373715521903733,1.0281233098972422,1.5150842637398172,3.1186046511627912,1403,1251,558
2023-05-28,AE,1562,8152,1602,8270,5.2189500640204862,1.0256081946222793,2.2686496535521434,2.9762483994878353,1099,1212,311
2023-06-04,AE,1675,8575,1768,8660,5.1194029850746245,1.0555223880597013,1.2557757778109504,2.7991044776119405,1173,1056,573
2023-06-11,AE,1658,8498,1697,8702,5.125452352231604,1.0235223160434259,1.8582450119389582,2.895235223160435,1157,1175,454
2023-06-18,AE,1962,9907,2114,10113,5.0494393476044834,1.0774719673802242,1.4471148741110793,3.3237512742099895,1278,1309,587
2023-06-25,AE,1407,7158,1436,7316,5.0874200426439229,1.0206112295664533,1.36925934730934,3.0216062544420761,898,890,481
2023-07-02,AE,1328,7079,1393,7223,5.330572289156625,1.04894578313253,1.4317006437640292,3.0278614457831328,905,882,420
2023-07-09,AE,1990,9447,2058,9610,4.7472361809045225,1.0341708542713568,2.1638120683012114,3.1776381909547746,1344,1523,396
2023-07-16,AE,1919,9341,1981,9685,4.8676393955184984,1.0323084940072957,1.5319417220542539,3.1776446065659196,1307,1287,569
2023-07-23,AE,1352,6963,1386,7090,5.1501479289940821,1.0251479289940832,0.62195442208628982,3.1259615384615378,911,751,545
2023-07-30,AE,1238,6267,1251,6439,5.0621970920840074,1.0105008077544428,1.3558249924940489,2.8176898222940219,837,758,450
2023-08-06,AE,1344,6644,1352,6712,4.9434523809523814,1.0059523809523812,1.080038069051138,3.0479166666666662,894,845,463
2023-08-13,AE,1386,6916,1429,7220,4.98989898989899,1.031024531024531,1.2877412279256717,3.0050505050505056,959,910,444
2023-08-20,AE,1263,6055,1321,6147,4.7941409342834538,1.0459224069675377,1.211527755496288,3.5083135391923985,843,825,397
2023-08-27,AE,1440,7643,1459,7866,5.3076388888888895,1.0131944444444445,1.3285810056527603,3.1310416666666661,1023,935,475
2023-09-03,AE,1990,10633,2114,10878,5.34321608040201,1.0623115577889448,0.83035497347701881,3.0448241206030149,1289,1153,763
2023-09-10,AE,2141,10418,2238,10548,4.8659504904250372,1.0453059318075666,0.89496976242338577,3.5350303596450257,1411,1279,815
2023-09-17,AE,1926,10202,2094,10484,5.296988577362411,1.0872274143302181,1.8788115400331296,2.8442886812045689,1249,1349,533
2023-09-24,AE,1639,8431,1686,8700,5.1439902379499687,1.0286760219646127,1.8267606318265164,3.086455155582672,1153,1154,459
2023-10-01,AE,1879,10083,1913,10331,5.3661522086216076,1.018094731240021,1.4151286640462881,3.0827567855242148,1343,1288,556
2023-10-08,AE,2149,10522,2201,10778,4.8962308050255947,1.0241973010702656,0.840350036222522,2.9029781293624937,1410,1274,820
2023-10-15,AE,2427,12239,2496,12537,5.04285125669551,1.0284301606922126,0.63460965408156678,3.0748248866913888,1469,1466,929
2023-10-22,AE,1824,9059,1878,9267,4.96655701754386,1.0296052631578949,1.2336184096166081,2.7683114035087724,1257,1165,617
2023-10-29,AE,2251,11318,2327,11510,5.0279875610839619,1.0337627721012876,0.977739679551574,2.9140382052421141,1493,1388,809
2023-11-05,AE,2068,10739,2124,11267,5.1929400386847187,1.0270793036750485,0.34194621261600311,3.0656189555125728,1270,1119,896
2023-11-12,AE,2071,11781,2206,11929,5.6885562530178664,1.0651859005311441,1.1004474136744873,3.0943505552872996,1382,1299,635
2023-11-19,AE,2191,11570,2280,11885,5.2806937471474207,1.0406207211319032,0.55200481317577865,3.21036056595162,1542,1227,907
2023-11-26,AE,7164,34460,7695,34967,4.8101619207146893,1.0741206030150749,0.15301516142237714,3.0558905639307663,4702,3794,3117
2023-12-03,AE,5802,28438,6023,28966,4.901413305756634,1.0380903136849364,0.061062008122403068,2.824853498793519,3936,2966,2700
2023-12-10,AE,3134,16378,3258,16653,5.2259093809827695,1.0395660497766432,0.48720497279167319,2.9150606253988522,2080,1738,1305
2023-12-17,AE,1759,9117,1789,9348,5.1830585559977269,1.0170551449687328,0.64495128615040276,3.1083570210346791,1236,1006,701
2023-12-24,AE,1277,6642,1306,6762,5.2012529365700857,1.0227094753328114,0.41127668798977157,3.1064212999216911,787,669,580
2023-12-31,AE,1363,6375,1376,6568,4.6771826852531184,1.0095377842993396,0.81290281004676257,3.1940572267057963,924,817,498
2024-01-07,AE,2081,8613,2118,8775,4.13887554060548,1.0177799135031236,0.52254202859017307,2.9591542527630943,1403,1121,893
2024-01-14,AE,1386,7309,1432,7520,5.2734487734487745,1.0331890331890334,0.96713653745866868,3.2668109668109668,1004,837,521
2024-01-21,AE,1277,6630,1303,6890,5.19185591229444,1.0203602192638996,1.2178041135734081,3.3570086139389193,896,805,443
2024-01-28,AE,1569,7681,1605,7871,4.8954748247291278,1.0229445506692161,2.1294855148369325,3.0792861695347353,1055,1096,442
2024-02-04,AE,1608,7984,1648,8139,4.965174129353235,1.0248756218905473,1.6910119378056212,3.1715174129353239,1062,1103,463
2024-02-11,AE,3055,13739,3109,14077,4.4972176759410818,1.0176759410801965,1.5633844061094095,2.936628477905074,2002,2213,776
2024-02-18,AE,1522,7793,1561,8013,5.120236530880419,1.0256241787122213,1.5318808131080721,3.0766754270696453,1066,1012,492
2024-02-25,AE,1757,9750,1794,10092,5.5492316448491747,1.0210586226522482,1.4698820504423853,3.0508252703471825,1300,1134,562
2024-03-03,AE,1495,7911,1521,8016,5.2916387959866213,1.0173913043478262,1.3105025444628726,3.2636120401337805,1030,987,486
2024-03-10,AE,1323,6823,1361,6910,5.1572184429327281,1.0287226001511722,1.2170866576550166,3.5906273620559328,887,843,462
2024-03-17,AE,1268,6566,1281,6726,5.1782334384858055,1.0102523659305995,1.700818172462081,3.2244479495268132,910,841,404
2024-03-24,AE,1091,5732,1131,5782,5.2538955087076085,1.0366636113657193,1.71978291971696,3.3757103574702096,726,727,359
2024-03-31,AE,1461,7983,1490,8107,5.4640657084188913,1.0198494182067077,1.9893798458867773,2.8851471594798088,998,1046,402
2024-04-07,AE,1035,5160,1062,5299,4.9855072463768142,1.0260869565217392,1.2225273284096365,3.0414492753623188,698,630,367
2024-04-14,AE,1668,8309,1721,8353,4.9814148681055146,1.0317745803357319,-1.0203459556386,2.9988609112709832,1029,642,988
2024-04-21,AE,1496,7803,1523,7933,5.21590909090909,1.0180481283422462,1.4850612457273753,3.0510695187165777,1015,1027,456
2024-04-28,AE,1388,7282,1412,7474,5.2463976945244939,1.0172910662824206,1.1267191685449933,3.1322046109510082,996,916,450
2024-05-05,AE,1438,7090,1440,7198,4.9304589707927686,1.0013908205841451,1.8186639030494924,2.9675938803894293,1094,1003,410
2024-05-12,AE,1589,7918,1633,8131,4.983008181246066,1.0276903713027059,1.9059674520066496,3.2116425424795469,1073,1116,449
2024-05-19,AE,1386,7062,1436,7241,5.0952380952380949,1.0360750360750364,1.2795878412199029,2.9951659451659447,955,898,440
2024-05-26,AE,1556,8247,1600,8536,5.3001285347043705,1.02827763496144,1.7000173206850393,3.2606041131105394,994,1028,507
2024-06-02,AE,1392,7430,1515,7543,5.3376436781609193,1.0883620689655171,0.2727356368194514,3.0038074712643681,875,745,615
2024-06-09,AE,1196,6174,1221,6351,5.1622073578595327,1.0209030100334446,1.6121873663789048,3.2910535117056856,741,794,372
2024-06-16,AE,926,4999,977,5042,5.3984881209503248,1.0550755939524838,1.3460275666582326,3.3475161987041036,624,603,276
2024-06-23,AE,982,5192,1024,5354,5.2871690427698574,1.0427698574338087,1.5501958807133902,3.3472505091649696,719,664,307
2024-06-30,AE,900,4804,933,4899,5.3377777777777773,1.0366666666666666,2.1146036573388804,3.2254444444444443,630,608,269
2024-07-07,AE,1209,5923,1235,6086,4.8990901571546734,1.0215053763440864,0.15420642581799293,3.3397022332506205,820,619,540
2024-07-14,AE,1058,5546,1064,5665,5.2419659735349713,1.005671077504726,1.2877493279222147,3.4037807183364839,746,653,368
2024-07-21,AE,1069,5453,1085,5544,5.1010289990645461,1.0149672591206733,1.1370567333521919,2.9987839101964453,734,697,351
2024-07-28,AE,912,4668,921,4872,5.118421052631577,1.0098684210526314,0.85726443083347914,3.4165570175438598,616,529,373
2024-08-04,AE,894,4818,907,4967,5.3892617449664426,1.0145413870246085,0.070473042468388036,3.1180089485458615,656,499,389
2024-08-11,AE,1064,5414,1168,5502,5.0883458646616555,1.0977443609022557,-0.58063947341275968,3.3769736842105265,559,483,567
2024-08-18,AE,1603,7309,1834,7451,4.5595757953836564,1.14410480349345,-3.281416529980461,3.1997504678727386,658,540,1042
2024-08-25,AE,1480,7007,1497,7091,4.73445945945946,1.0114864864864868,1.0070250519372885,3.1278378378378378,1030,959,488
2024-09-01,AE,1329,6683,1423,6864,5.0285929270127916,1.0707298720842737,0.7040650407319472,3.0141459744168553,887,814,491
2024-09-08,AE,1636,7216,1671,7370,4.4107579462102695,1.0213936430317851,1.8784286953576395,3.2183374083129581,1156,1141,469
2024-09-15,AE,1245,6523,1284,6815,5.2393574297188765,1.0313253012048191,1.8723246500791189,3.3752610441767064,882,832,393
2024-09-22,AE,1398,7393,1458,7581,5.2882689556509295,1.0429184549356227,1.0476059024240207,3.19928469241774,962,829,537
2024-09-29,AE,1140,5709,1153,5871,5.007894736842105,1.01140350877193,1.360155036315952,3.3175438596491227,791,708,400
2024-10-06,AE,1367,6928,1393,7090,5.0680321872713971,1.0190197512801753,1.2424538583757412,3.1984637893196779,864,854,499
2024-10-13,AE,1334,7136,1363,7196,5.3493253373313348,1.0217391304347829,1.5498628734576818,3.3167916041979009,906,889,411
2024-10-20,AE,1457,6875,1469,7156,4.71859986273164,1.0082361015785863,1.3879177283559367,2.9443376801647223,1032,952,458
2024-10-27,AE,1638,7640,1702,8074,4.6642246642246645,1.0390720390720396,1.3469816040728222,3.092368742368742,1096,1077,520
2024-11-03,AE,1139,5863,1163,5964,5.1474978050921862,1.0210711150131695,1.8266817200506982,3.2006145741878846,779,790,322
2024-11-10,AE,1280,7030,1332,7203,5.4921875,1.0406250000000001,1.6504663553068939,3.024609375,890,856,384
2024-11-17,AE,1298,6600,1332,6718,5.0847457627118624,1.0261941448382128,1.9890228272161103,3.2113251155624036,874,887,372
2024-11-24,AE,1570,7486,1600,7622,4.7681528662420387,1.0191082802547771,1.3920785320626898,3.2513375796178337,1100,999,554
2024-12-01,AE,1652,8023,1674,8150,4.8565375302663432,1.0133171912832928,1.108697417809233,3.0894067796610165,1188,959,645
2024-12-08,AE,1732,9295,1840,9966,5.3666281755196321,1.0623556581986144,1.4587989427462325,3.0906466512702075,1203,1067,634
2024-12-15,AE,1274,6487,1289,6659,5.091836734693878,1.0117739403453692,1.5911447575980247,3.1063579277864997,799,885,367
2024-12-22,AE,934,4792,961,4896,5.1306209850107072,1.0289079229122056,0.57255613615151013,2.9836188436830833,654,549,380
2024-12-29,AE,944,4829,953,4936,5.1154661016949143,1.0095338983050848,0.98225223050990773,3.3771186440677958,624,587,341
2025-01-05,AE,1398,6635,1424,6777,4.7460658082975682,1.0185979971387702,1.2124298454305176,3.282832618025751,1029,885,475
2025-01-12,AE,1572,7938,1596,8083,5.0496183206106871,1.0152671755725191,2.3897251718435331,3.1398218829516535,1181,1175,371
2025-01-19,AE,1438,7280,1476,7413,5.0625869262865075,1.0264255910987483,1.8829788813181316,3.29221140472879,1027,978,428
2025-01-26,AE,1407,7089,1420,7175,5.0383795309168447,1.0092395167022035,2.0504401149435245,3.0035536602700779,988,984,401
2025-02-02,AE,1450,7860,1530,8157,5.4206896551724153,1.0551724137931036,1.9015566565824806,3.4173103448275861,1028,982,450
2025-02-09,AE,2352,11407,2379,11635,4.8499149659863958,1.011479591836735,1.6633520668906328,2.7585034013605432,1770,1558,723
2025-02-16,AE,1918,9114,1973,9249,4.751824817518246,1.0286757038581857,0.579875846104931,3.0793534932221065,1308,959,898
2025-02-23,AE,1209,6830,1216,7147,5.6492969396195214,1.0057899090157154,2.7044676213100445,3.1946236559139791,847,881,293
2025-03-02,AE,1400,6989,1417,7095,4.9921428571428574,1.0121428571428572,0.52602910573593986,3.0888571428571421,983,697,632
2025-03-09,AE,1321,6605,1370,6748,5.0,1.037093111279334,0.521698861359958,3.1497350492051468,862,620,678
2025-03-16,AE,1602,7223,1632,7335,4.5087390761548072,1.0187265917602997,1.1421637140783987,3.142446941323346,1030,921,665
2025-03-23,AE,1202,6047,1209,6197,5.0307820299500827,1.0058236272878536,1.2477175821144615,3.384276206322796,829,704,465
2025-03-30,AE,987,4767,989,4949,4.8297872340425529,1.0020263424518743,0.17320461501474957,3.27386018237082,633,476,469
2025-04-06,AE,1775,7980,1794,8118,4.4957746478873251,1.0107042253521126,2.4363279006081409,2.9458591549295776,1275,1217,504
2025-04-13,AE,1453,7154,1486,7466,4.923606331727461,1.0227116311080522,1.5991418079175306,3.2810736407432888,1039,933,446
2025-04-20,AE,1646,8172,1706,8310,4.9647630619684096,1.0364520048602672,1.5556218467049936,3.2068651275820166,1146,1111,517
2025-04-27,AE,1390,7754,1492,7851,5.5784172661870484,1.0733812949640291,2.1385056469173485,3.013884892086331,1002,1009,355
2025-05-04,AE,1558,7885,1595,8018,5.0609756097560972,1.0237483953786908,1.6220260263625226,3.3566752246469833,1123,1015,500
2025-05-11,AE,2776,11467,2878,11762,4.1307636887608083,1.0367435158501441,1.4851815586490671,3.1570605187319885,1787,1756,937
2025-05-18,AE,1548,7650,1607,7853,4.9418604651162781,1.0381136950904395,1.5283122270764349,3.1836563307493542,1019,972,557
2025-05-25,AE,1415,6954,1442,7098,4.9144876325088349,1.0190812720848057,1.1755888929775422,3.1992932862190813,979,833,572
2025-06-01,AE,1031,4851,1045,4874,4.7051406401551885,1.0135790494665375,0.56514090534996442,3.1233753637245396,747,550,454
2025-06-08,AE,945,4810,957,4900,5.089947089947092,1.0126984126984129,1.2399964884613723,3.4802116402116394,611,573,359
2025-06-15,AE,14,56,17,56,4.0,1.2142857142857142,0.10819817382599028,2.6785714285714284,9,4,10
2025-06-22,AE,16,89,16,97,5.5625,1.0,-0.40160187636445221,2.725,15,6,10
2025-06-29,AE,637,3194,667,3252,5.0141287284144447,1.0470957613814762,1.4414383143132288,2.991365777080063,499,389,233
2025-07-06,AE,1315,6302,1405,6580,4.7923954372623561,1.0684410646387834,0.8601192961373888,3.53490494296578,872,744,533
2025-07-13,AE,1483,6699,1553,6891,4.5171948752528657,1.0472016183412005,2.4749279451356756,2.8297370195549569,1125,1149,307
2025-07-20,AE,894,4494,906,4561,5.0268456375838921,1.0134228187919463,1.0231764191008974,3.0580536912751675,580,547,338
2025-07-27,AE,769,3960,810,4042,5.1495448634590382,1.0533159947984392,0.66490500718333545,3.2130039011703517,523,434,315
2025-08-03,AE,1102,5057,1155,5149,4.5889292196007254,1.0480943738656989,0.32997137341223526,3.1887477313974593,682,567,502
2025-08-10,AE,844,4306,847,4402,5.1018957345971581,1.0035545023696684,0.98419473602450691,3.186729857819905,521,519,310
2025-08-17,AE,810,4190,825,4247,5.1728395061728394,1.0185185185185186,1.2832692578382003,3.1830864197530873,547,492,296
2025-08-24,AE,943,4756,971,4833,5.0434782608695645,1.0296924708377519,1.0749406996614286,3.4214209968186635,639,563,340
2025-08-31,AE,879,4461,889,4569,5.0750853242320817,1.011376564277588,0.48400618610351392,3.2259385665529008,629,470,370
2025-09-07,AE,1323,6126,1342,6181,4.6303854875283443,1.014361300075586,0.691324967331975,2.8879818594104307,912,772,535
2025-09-14,AE,1092,5161,1108,5283,4.7261904761904763,1.0146520146520148,1.407884634792236,3.0674908424908423,744,692,378
2025-09-21,AE,1278,5969,1309,6233,4.6705790297339576,1.0242566510172146,1.6487447139562599,3.0186228482003132,868,818,430
2025-09-28,AE,1180,5986,1259,6111,5.0728813559322035,1.0669491525423729,1.6382101680412173,3.3005932203389827,746,768,394
2025-10-05,AE,1308,6628,1321,6852,5.0672782874617743,1.0099388379204894,1.4954824819706256,3.1652140672782871,887,862,413
2025-10-12,AE,1259,6374,1286,6577,5.0627482128673549,1.0214455917394758,2.2707796453197076,3.0391580619539322,730,926,317
2025-10-19,AE,1181,6262,1253,6351,5.3022861981371712,1.0609652836579173,1.4008112903646159,3.1314987298899233,814,747,410
2025-10-26,AE,1212,6317,1239,6462,5.2120462046204628,1.0222772277227727,2.2922583588564711,3.2036303630363032,849,877,318
2025-11-02,AE,1389,7363,1421,7621,5.30093592512599,1.0230381569474443,1.6409871940081118,3.245644348452124,986,936,429
2025-11-09,AE,1243,6218,1315,6363,5.0024135156878522,1.0579243765084474,1.5019535509186592,3.0831053901850369,928,786,419
2025-11-16,AE,2145,10941,2193,11294,5.1006993006993007,1.0223776223776224,1.4424574509820249,3.1121678321678314,1551,1430,646
2025-11-23,AE,1524,7337,1602,7482,4.8143044619422586,1.0511811023622051,1.0008871470296763,3.5146325459317587,957,922,576
2025-11-30,AE,1031,4963,1047,5051,4.81377303588749,1.0155189136760427,1.5373319057384023,2.9188166828322015,652,715,296
2025-12-07,AE,1134,6192,1141,6338,5.46031746031746,1.0061728395061729,2.2766131427813532,3.4359788359788359,828,854,272
2025-12-14,AE,823,4402,832,4550,5.3487241798298912,1.0109356014580801,0.99457456192042837,3.099756986634266,587,530,271
2025-12-21,AE,873,4334,875,4512,4.9644902634593349,1.002290950744559,1.5322058344077147,3.1806414662084763,588,578,266
2025-12-28,AE,910,4572,919,4642,5.0241758241758241,1.0098901098901094,-0.35041229260162554,3.0856043956043955,644,434,434
2026-01-04,AE,1043,5213,1073,5380,4.9980824544582942,1.0287631831255992,0.61992554489687046,3.0341323106423777,725,601,400
2026-01-11,AE,1396,6782,1411,6973,4.8581661891117491,1.0107449856733524,1.3855574679159393,3.0534383954154731,990,957,411
2026-01-18,AE,1894,8826,1942,8957,4.6599788806758191,1.0253431890179519,0.6946269548776246,3.6969904963041178,1245,1064,743
2026-01-25,AE,1627,7746,1653,8003,4.7609096496619534,1.0159803318992011,0.92385532908867529,3.2789797172710506,1114,932,615
2026-02-01,AE,2802,13299,2859,13577,4.7462526766595277,1.0203426124197001,0.89613723413549,3.4769093504639539,1961,1648,1060
2026-02-08,AE,1432,6646,1470,6711,4.6410614525139655,1.026536312849162,0.82724088826971331,3.222765363128492,989,826,562
2026-02-15,AE,1195,5598,1223,5713,4.6845188284518828,1.0234309623430966,0.89987612487923019,3.638744769874477,795,678,489
2026-02-22,AE,1513,7226,1568,7352,4.77594183740912,1.0363516192994051,-0.34054411052488742,2.9787177792465309,888,642,849
2026-03-01,AE,5465,28489,6176,29327,5.2129917657822507,1.1301006404391583,-2.4193750199211288,2.8925160109789574,3172,793,4555
2026-03-08,AE,2420,12422,2510,12724,5.133057851239669,1.0371900826446281,-1.578153632051684,2.8458677685950411,1578,658,1740
2026-03-15,AE,2155,9994,2210,10152,4.6375870069605565,1.0255220417633417,-2.422385490171465,3.0436194895591639,1485,463,1659
2026-03-22,AE,1198,5548,1262,5612,4.6310517529215351,1.0534223706176964,-1.3315281795058822,3.3064273789649423,707,377,794
2026-03-29,AE,1152,6188,1182,6303,5.3715277777777777,1.0260416666666667,-0.60562570249921588,3.3237847222222228,757,457,663
2026-04-05,AE,1262,6961,1420,7089,5.5158478605388259,1.1251980982567353,-0.95738659708933072,3.0650554675118853,807,438,789
2026-04-12,AE,1333,6528,1381,6642,4.8972243060765193,1.0360090022505628,-0.074903240002231364,3.0760690172543139,752,615,697
2026-04-19,AE,965,4925,998,5036,5.10362694300518,1.0341968911917099,-0.58427699387463383,3.5448704663212429,620,423,533
2026-04-26,AE,1144,6091,1200,6182,5.3243006993007009,1.0489510489510487,0.31542871081660362,3.56048951048951,786,587,522
2026-05-03,AE,1502,7727,1554,7817,5.1444740346205045,1.0346205059920108,-0.3442793509824939,3.2840213049267639,1064,715,766
2026-05-10,AE,2027,8626,2101,8707,4.2555500740009888,1.0365071534287122,0.3044198987108751,2.8511100148001978,1465,1035,956
2026-05-17,AE,1434,6827,1480,6960,4.7608089260808928,1.0320781032078106,0.56937693909046161,3.0970711297071132,939,766,622
2026-05-24,AE,961,4216,974,4286,4.3870967741935489,1.0135275754422475,-0.18302751381314197,3.2258064516129026,545,439,504
2026-05-31,AE,986,4521,1003,4643,4.5851926977687629,1.017241379310345,-0.056145190323722755,3.0121703853955379,711,403,560
2026-06-07,AE,976,4782,998,4842,4.8995901639344277,1.0225409836065575,0.47498914144097165,3.1276639344262294,590,529,441
2026-06-14,AE,1231,5863,1258,6045,4.7627944760357428,1.0219333874898457,0.43471793896591759,3.2076360682372047,709,611,574
2026-06-21,AE,1397,7061,1578,7116,5.0544022906227628,1.1295633500357911,-0.09654949641749945,3.5186828919112383,757,622,746
2026-06-28,AE,908,4498,923,4800,4.9537444933920707,1.0165198237885462,1.4051053359898102,3.0333700440528633,646,575,320
2026-07-05,AE,712,3930,750,3990,5.5196629213483153,1.053370786516854,0.6281338863753122,3.3056179775280894,486,388,315
2026-07-12,AE,876,4349,893,4432,4.9646118721461185,1.0194063926940635,0.16132246507938081,3.477739726027397,588,438,426
2026-07-19,AE,684,3585,724,3734,5.24122807017544,1.0584795321637428,0.71642043475008288,3.2856725146198831,446,382,292
2026-07-26,AE,715,3752,738,3844,5.2475524475524482,1.0321678321678323,0.45147828369028375,3.0524475524475525,463,394,314
2026-08-02,AE,647,3108,654,3145,4.80370942812983,1.0108191653786709,-0.036915389599263528,3.14080370942813,374,302,336
2026-08-09,AE,623,3124,638,3224,5.0144462279293744,1.0240770465489566,-0.32478819490717242,3.5388443017656508,401,307,306
2026-08-16,AE,866,4072,874,4179,4.7020785219399537,1.0092378752886837,-0.30037296241807421,3.0971131639722862,490,391,462
2026-08-23,AE,269,1369,273,1433,5.0892193308550189,1.0148698884758365,1.1402344011591268,3.1531598513011154,209,172,97
2023-01-01,AU,726,4198,773,4263,5.7823691460055109,1.0647382920110195,0.3768893965012628,2.9690082644628086,411,372,332
2023-01-08,AU,680,4393,703,4541,6.4602941176470567,1.0338235294117641,-1.098893739781587,3.0655882352941175,465,271,388
2023-01-15,AU,739,4691,745,4869,6.3477672530446547,1.0081190798376183,-0.69656528153187991,2.6696887686062243,488,303,403
2023-01-22,AU,816,5052,831,5181,6.1911764705882364,1.0183823529411766,-0.6543188025650688,2.8056372549019608,500,324,474
2023-01-29,AU,966,5894,995,6087,6.1014492753623175,1.0300207039337472,-1.0715179979972347,2.7991718426501038,662,364,576
2023-02-05,AU,879,5300,910,5507,6.0295790671217286,1.0352673492605229,-0.54077316210561888,3.5229806598407278,588,327,507
2023-02-12,AU,856,5300,897,5510,6.1915887850467293,1.0478971962616825,-0.96946559796044551,3.0408878504672896,494,327,509
2023-02-19,AU,834,4803,850,5011,5.7589928057553958,1.0191846522781776,-1.2023027906631985,2.6314148681055158,499,254,555
2023-02-26,AU,876,5151,901,5259,5.8801369863013715,1.0285388127853876,0.056282433397688882,2.8569634703196347,651,419,438
2023-03-05,AU,794,4807,813,5174,6.0541561712846352,1.0239294710327456,-0.62519221596050567,2.8103274559193951,533,321,449
2023-03-12,AU,651,3997,663,4276,6.1397849462365581,1.0184331797235024,-0.6360600057998107,3.1491551459293392,420,248,385
2023-03-19,AU,819,5022,843,5215,6.1318681318681314,1.0293040293040292,-0.37805694082413555,2.5133089133089133,571,345,436
2023-03-26,AU,1258,8072,1294,8484,6.4165341812400642,1.0286168521462637,-0.35881593710817605,2.3624006359300478,897,564,658
2023-04-02,AU,985,5951,992,6495,6.0416243654822335,1.0071065989847714,-0.35597905450931194,3.0904568527918785,586,440,511
2023-04-09,AU,1004,6146,1039,6455,6.121513944223107,1.0348605577689245,-0.63098718621833827,2.8799800796812747,695,444,532
2023-04-16,AU,1218,7297,1252,8001,5.9909688013136293,1.027914614121511,0.019678955216806519,2.6567323481116585,849,581,609
2023-04-23,AU,1395,8858,1422,9324,6.3498207885304652,1.0193548387096771,0.048331714208930426,2.8240860215053765,968,733,616
2023-04-30,AU,1057,6459,1129,6570,6.1106906338694422,1.0681173131504254,-0.064143684807855789,2.83774834437086,719,526,498
2023-05-07,AU,1359,7993,1453,8244,5.8815305371596773,1.069168506254599,-0.28304122673565324,2.8346578366445918,985,640,660
2023-05-14,AU,1047,6604,1098,6894,6.3075453677172879,1.0487106017191976,-0.58693655350832741,2.9550143266475644,712,420,597
2023-05-21,AU,1247,7601,1275,8079,6.0954290296712115,1.0224538893344026,-0.85666477741071911,2.8596631916599842,786,464,743
2023-05-28,AU,1495,8843,1536,9463,5.9150501672240807,1.0274247491638795,-0.91431943549188477,3.1060200668896321,938,484,955
2023-06-04,AU,1458,8748,1495,9197,5.9999999999999991,1.0253772290809331,-0.57204921641333306,3.104115226337449,1040,591,834
2023-06-11,AU,1276,7584,1305,7962,5.9435736677115987,1.0227272727272729,-0.17113984984078345,2.9258620689655173,780,575,655
2023-06-18,AU,1177,7459,1193,7765,6.337298215802889,1.0135938827527615,-0.083457649827402558,3.0043330501274434,813,575,570
2023-06-25,AU,1038,6479,1051,6777,6.2418111753371868,1.0125240847784203,-0.29475424373800158,3.187090558766859,705,460,559
2023-07-02,AU,1232,7750,1249,8032,6.2905844155844166,1.0137987012987015,-0.29709407062807935,2.89586038961039,929,533,651
2023-07-09,AU,883,5654,894,5942,6.40317100792752,1.012457531143828,-0.22272367027437814,2.7785956964892411,663,409,430
2023-07-16,AU,1273,6804,1281,6960,5.3448546739984275,1.0062843676355069,0.16747294315847597,2.3896307934014138,870,682,526
2023-07-23,AU,1918,12962,1929,13586,6.758081334723669,1.0057351407716373,2.0695056767697442,2.6988529718456729,858,1504,387
2023-07-30,AU,1267,7424,1285,7829,5.8595106550907641,1.0142067876874508,1.1658627838921889,2.7039463299131805,549,840,411
2023-08-06,AU,748,4790,767,5086,6.4037433155080228,1.0254010695187168,-0.62442205553714691,2.9128342245989303,533,314,415
2023-08-13,AU,765,4968,820,5126,6.4941176470588244,1.0718954248366011,-1.3512053799691783,2.9389542483660129,548,278,446
2023-08-20,AU,819,5114,837,5349,6.2442002442002442,1.0219780219780219,-0.8345338514456937,3.0264957264957268,572,307,477
2023-08-27,AU,852,5047,875,5380,5.9237089201877922,1.0269953051643192,-0.231452579045326,2.6907276995305165,609,455,363
2023-09-03,AU,901,5708,916,6070,6.3351831298557162,1.016648168701443,-0.78639867666599472,2.8345172031076573,646,346,536
2023-09-10,AU,1071,6974,1110,7267,6.5116713352007478,1.0364145658263306,-0.63548884782713533,2.9364145658263303,806,436,593
2023-09-17,AU,1125,6840,1166,7167,6.08,1.0364444444444447,-0.41291068905044326,2.7811555555555549,791,456,623
2023-09-24,AU,1162,7291,1175,7541,6.2745266781411351,1.0111876075731503,0.0086286987402259922,2.9326161790017209,819,561,568
2023-10-01,AU,990,6539,1016,6865,6.605050505050504,1.0262626262626264,-0.65459959225382947,3.0015151515151519,701,411,527
2023-10-08,AU,1324,7527,1352,7777,5.6850453172205455,1.0211480362537761,-1.051319470630941,2.794108761329305,806,449,836
2023-10-15,AU,953,5805,976,5985,6.0912906610703041,1.0241343126967473,-1.0930172396404192,2.5863588667366217,611,344,586
2023-10-22,AU,1095,6257,1119,6561,5.7141552511415536,1.0219178082191782,-0.30326325617319921,3.0208219178082194,690,478,592
2023-10-29,AU,841,5676,948,6010,6.7491082045184285,1.127229488703924,-0.565590098922375,3.2183115338882282,553,362,461
2023-11-05,AU,958,6518,1025,6789,6.8037578288100216,1.0699373695198331,-0.48156626869996477,2.6413361169102303,667,401,520
2023-11-12,AU,989,6397,1024,6641,6.4681496461071806,1.0353892821031343,-0.1656893940760655,2.8427704752275025,708,462,484
2023-11-19,AU,1071,6622,1081,6919,6.1830065359477118,1.0093370681605978,-0.5171053851950187,2.7624649859943977,713,478,548
2023-11-26,AU,1440,8867,1460,9144,6.1576388888888882,1.0138888888888891,-0.81449821932900113,3.0715277777777779,976,552,825
2023-12-03,AU,1103,6626,1115,6810,6.007252946509519,1.0108794197642792,-1.119666119877532,2.6467815049864005,751,484,591
2023-12-10,AU,1129,7089,1157,7405,6.2790079716563314,1.0248007085916739,-0.33911535647905161,2.8886625332152347,786,497,594
2023-12-17,AU,922,5582,930,5834,6.0542299349240771,1.0086767895878526,-0.26979126033469497,2.955097613882864,656,467,418
2023-12-24,AU,765,4688,789,5010,6.1281045751633982,1.0313725490196077,-0.3603972667089318,3.1793464052287579,492,347,399
2023-12-31,AU,673,4591,717,4814,6.8216939078751864,1.065378900445765,-0.3577784029178514,2.5514115898959888,469,287,375
2024-01-07,AU,872,6576,995,6901,7.5412844036697235,1.1410550458715598,-0.63312157049844442,2.8874999999999997,611,325,510
2024-01-14,AU,1199,7904,1251,8214,6.59216013344454,1.0433694745621349,-0.43251732386335412,2.7086738949124274,857,509,648
2024-01-21,AU,1063,7167,1116,7484,6.7422389463781753,1.0498588899341486,-1.1458829036774687,2.6845719661335838,685,351,671
2024-01-28,AU,1139,6982,1202,7320,6.1299385425812112,1.05531167690957,-1.1299671102743143,3.6330114135206317,786,394,713
2024-02-04,AU,813,5609,896,5997,6.8991389913899139,1.1020910209102093,-0.39401327628846872,2.7991389913899134,536,363,413
2024-02-11,AU,835,5490,859,6192,6.5748502994011977,1.0287425149700598,-0.38234556374636069,2.92562874251497,517,379,443
2024-02-18,AU,1033,6934,1067,7340,6.7124878993223627,1.0329138431752181,-0.41795446865841429,2.7131655372700871,749,489,496
2024-02-25,AU,1176,7283,1208,7641,6.1930272108843551,1.0272108843537417,-0.68083541106603651,3.0853741496598635,793,503,620
2024-03-03,AU,1181,7252,1201,7608,6.1405588484335318,1.0169348010160884,-0.59779537041999986,2.9380186282811174,763,492,657
2024-03-10,AU,1268,8276,1314,8704,6.5268138801261841,1.0362776025236593,-0.41549876956639786,2.7752365930599372,855,586,644
2024-03-17,AU,1326,7676,1354,7966,5.7888386123680249,1.0211161387631977,-0.70986022900226509,2.934690799396682,969,605,666
2024-03-24,AU,860,5767,905,6135,6.7058139534883718,1.0523255813953489,-0.51371037474337666,2.8563953488372089,604,397,449
2024-03-31,AU,1184,7382,1211,7689,6.2347972972972965,1.0228040540540544,-1.0139133423794087,2.740625,840,486,653
2024-04-07,AU,1094,6789,1137,7314,6.2056672760511891,1.0393053016453382,-1.4712200159196953,2.9136197440585008,677,376,687
2024-04-14,AU,855,5626,914,5975,6.5801169590643278,1.0690058479532165,-0.939487311664304,2.6065497076023387,587,320,511
2024-04-21,AU,928,6215,942,6633,6.6971982758620685,1.0150862068965518,-0.15042067953927851,2.9505387931034481,656,396,473
2024-04-28,AU,846,5819,895,6226,6.878250591016549,1.0579196217494091,-0.0890862907296899,2.5767139479905437,541,399,434
2024-05-05,AU,878,5498,896,5784,6.261958997722096,1.0205011389521641,-0.77428128787549722,2.8365603644646926,626,336,524
2024-05-12,AU,1016,6154,1031,6572,6.0570866141732269,1.014763779527559,-0.27706096047333023,3.1947834645669291,701,475,519
2024-05-19,AU,1116,6886,1151,7192,6.1702508960573477,1.031362007168459,0.031445724986950037,2.8870071684587817,739,561,506
2024-05-26,AU,932,5906,940,6235,6.336909871244635,1.0085836909871242,0.2091813152311699,2.8746781115879827,665,489,417
2024-06-02,AU,940,6535,965,7021,6.9521276595744688,1.0265957446808511,-0.19296448819245487,2.8736170212765955,664,432,481
2024-06-09,AU,1031,6933,1056,7176,6.72453928225024,1.0242483026188167,-0.326676515579042,2.7492725509214364,732,473,525
2024-06-16,AU,994,6834,1021,7148,6.8752515090543271,1.0271629778672036,-0.44495558019182491,2.875855130784708,713,447,513
2024-06-23,AU,979,6328,1022,6781,6.4637385086823276,1.0439223697650664,-0.2062938940668263,2.94688457609806,730,438,520
2024-06-30,AU,1211,7118,1258,7401,5.8777869529314621,1.0388109000825765,0.21631694597850681,3.0669694467382329,831,627,512
2024-07-07,AU,2064,9791,2117,10132,4.7437015503875974,1.0256782945736433,1.4756892783884838,2.9041182170542634,1298,1418,593
2024-07-14,AU,714,4766,756,5078,6.6750700280112047,1.0588235294117652,-0.79480859816761007,2.8142857142857145,470,274,416
2024-07-21,AU,761,4910,771,5878,6.45203679369251,1.0131406044678057,-0.44205453083270135,2.3873850197109072,538,360,376
2024-07-28,AU,818,5586,944,5788,6.82885085574572,1.1540342298288508,-0.92003370951972752,2.6605134474327632,532,318,480
2024-08-04,AU,1149,7078,1179,7365,6.1601392515230637,1.0261096605744127,-2.1409739943693396,2.8094865100087034,679,318,801
2024-08-11,AU,825,4973,849,5242,6.0278787878787883,1.0290909090909091,-0.74007700122976627,2.5712727272727269,558,311,468
2024-08-18,AU,799,4899,815,5127,6.1314142678347938,1.020025031289111,-0.42577574777102128,2.7480600750938673,500,342,434
2024-08-25,AU,853,5484,889,5628,6.4290738569753811,1.0422039859320049,-1.0330996475878134,3.06483001172333,585,365,473
2024-09-01,AU,842,5569,876,5726,6.6140142517814731,1.0403800475059382,-0.30896121157275536,2.9583135391923987,590,424,396
2024-09-08,AU,1071,7405,1212,7623,6.9140989729225018,1.1316526610644257,-0.42416394349105735,2.77563025210084,743,485,532
2024-09-15,AU,1585,9838,1634,10103,6.2069400630914835,1.0309148264984227,-1.854407660285186,3.6317981072555212,1063,497,1044
2024-09-22,AU,911,6170,941,6360,6.7727771679473108,1.0329308452250276,-0.34793966719180336,2.7261251372118545,596,406,483
2024-09-29,AU,1306,9359,1371,9705,7.16615620214395,1.0497702909647784,-0.008299118021640281,3.0591883614088817,921,668,580
2024-10-06,AU,852,5983,861,6341,7.02230046948357,1.0105633802816902,-0.37398628809764756,2.8971830985915492,581,406,415
2024-10-13,AU,853,5685,880,5945,6.6647127784290738,1.0316529894490036,-0.37383641646997778,2.8651817116060956,623,389,427
2024-10-20,AU,923,6435,940,6959,6.9718309859154921,1.0184182015167929,-0.16868320301985371,2.821776814734561,655,449,439
2024-10-27,AU,770,4828,784,5147,6.2701298701298693,1.0181818181818181,-0.47338029449336994,2.8293506493506491,538,372,386
2024-11-03,AU,844,5473,863,5879,6.4845971563981051,1.0225118483412321,-0.25868555340762178,2.7579383886255924,588,406,418
2024-11-10,AU,760,4804,781,5055,6.3210526315789464,1.0276315789473685,-0.44137452206142369,3.0744736842105262,527,314,415
2024-11-17,AU,1080,6854,1101,7197,6.3462962962962974,1.0194444444444446,-0.21551258910473886,2.8520370370370371,776,531,508
2024-11-24,AU,1098,6702,1153,7028,6.1038251366120235,1.0500910746812389,0.072574079629610891,3.1668488160291437,783,552,498
2024-12-01,AU,984,5755,999,6012,5.8485772357723569,1.0152439024390243,0.11116054652598101,2.881910569105691,642,463,498
2024-12-08,AU,1146,6949,1173,7292,6.0636998254799295,1.0235602094240839,-0.73782192000668845,3.1751308900523552,792,469,652
2024-12-15,AU,882,5400,893,5671,6.1224489795918373,1.0124716553287982,-0.39218665732959335,3.0196145124716556,635,415,450
2024-12-22,AU,635,4218,649,4458,6.6425196850393693,1.0220472440944883,-0.29692582850882121,3.0579527559055113,476,272,335
2024-12-29,AU,748,5072,766,5421,6.7807486631016056,1.0240641711229947,-0.39891529638372525,3.130882352941176,542,328,400
2025-01-05,AU,1527,10408,1613,10803,6.815979043876883,1.0563195808775376,-0.40507055743696169,3.0081204977079237,1036,604,817
2025-01-12,AU,933,6194,963,6392,6.6387995712754551,1.0321543408360132,-0.42783864207811195,3.0702036441586276,638,403,515
2025-01-19,AU,920,5807,934,6050,6.31195652173913,1.0152173913043478,-0.679228241923237,2.9070652173913047,641,376,517
2025-01-26,AU,862,5233,873,5469,6.0707656612528993,1.0127610208816704,-0.42504731063402262,3.0946635730858469,615,375,465
2025-02-02,AU,876,5521,922,5778,6.3025114155251138,1.0525114155251141,-0.47519863298326953,2.9315068493150691,564,378,479
2025-02-09,AU,962,6561,1048,6779,6.8201663201663223,1.0893970893970895,-0.40032063592549905,2.5945945945945947,687,463,468
2025-02-16,AU,1155,7501,1190,7931,6.4943722943722948,1.0303030303030305,-2.249863322729472,3.1163636363636362,698,352,751
2025-02-23,AU,1020,6200,1034,6360,6.0784313725490184,1.0137254901960784,-0.41487788622529653,3.0955882352941182,731,440,553
2025-03-02,AU,1115,6732,1199,7039,6.0376681614349756,1.0753363228699557,-0.51715903814886655,2.9069058295964125,748,504,578
2025-03-09,AU,970,6120,979,6317,6.3092783505154655,1.0092783505154639,-0.46676286069829465,2.8601030927835049,646,453,495
2025-03-16,AU,890,5710,900,6000,6.4157303370786511,1.0112359550561794,-0.63749476316317744,3.0439325842696627,619,396,470
2025-03-23,AU,926,6655,968,6953,7.1868250539956806,1.0453563714902812,-0.63884530892846914,2.8757019438444926,664,398,506
2025-03-30,AU,883,5582,894,5922,6.32163080407701,1.012457531143828,-0.895440572462579,2.8674971687429216,617,362,494
2025-04-06,AU,1038,5839,1053,6203,5.6252408477842,1.0144508670520229,-0.09574646780506052,2.7220616570327558,689,543,474
2025-04-13,AU,715,4899,721,5185,6.85174825174825,1.0083916083916085,-0.979817987226577,3.0295104895104892,493,318,383
2025-04-20,AU,946,5723,973,6149,6.0496828752642715,1.0285412262156448,-0.42764927591437324,2.8312896405919661,572,410,507
2025-04-27,AU,908,5623,930,5855,6.1927312775330412,1.0242290748898681,-0.538382679949109,2.9958149779735685,599,412,471
2025-05-04,AU,896,5715,908,6565,6.3783482142857153,1.0133928571428574,-0.797644285096353,3.0446428571428572,589,375,483
2025-05-11,AU,964,6018,972,6211,6.2427385892116183,1.008298755186722,-0.37249658053088763,3.1476141078838169,720,450,478
2025-05-18,AU,1112,6787,1131,7005,6.1034172661870505,1.017086330935252,0.23750477373912038,2.9888489208633096,802,616,451
2025-05-25,AU,947,5799,976,5916,6.1235480464625143,1.0306230200633579,-0.62491648567410329,3.2888067581837377,658,408,512
2025-06-01,AU,1027,5865,1036,6065,5.71080817916261,1.0087633885102241,-0.75690615822853879,3.2175267770204474,699,393,613
2025-06-08,AU,1550,10326,1623,10574,6.661935483870967,1.0470967741935482,-2.7710897959433938,3.027290322580646,863,364,1168
2025-06-15,AU,9,67,9,87,7.4444444444444446,1.0,1.7241496868274591,1.4555555555555555,6,6,3
2025-06-22,AU,12,38,12,38,3.1666666666666665,1.0,1.2430897312909686,4.1333333333333337,5,9,2
2025-06-29,AU,680,4099,699,4187,6.0279411764705886,1.0279411764705884,-0.67595755391307943,3.0905882352941179,494,317,345
2025-07-06,AU,863,5826,918,5909,6.750869061413673,1.0637311703360373,-0.20490385852201295,3.1205098493626879,678,447,395
2025-07-13,AU,1034,6162,1056,6226,5.9593810444874293,1.0212765957446808,-1.026549118556453,2.7552224371373311,677,438,561
2025-07-20,AU,812,5048,827,5267,6.2167487684729057,1.0184729064039406,-0.60519641068430829,2.734975369458128,628,365,408
2025-07-27,AU,845,5697,862,5789,6.7420118343195261,1.0201183431952663,-0.94122415760383449,2.7304142011834318,602,333,471
2025-08-03,AU,728,4617,738,4731,6.3420329670329663,1.0137362637362639,-1.2383861322882874,2.7387362637362642,506,270,440
2025-08-10,AU,661,4117,666,4188,6.2284417549167923,1.0075642965204237,-0.71159900583655078,2.8642965204236,476,286,358
2025-08-17,AU,1017,6188,1067,6293,6.0845624385447392,1.049164208456244,-0.064903161215466215,2.9670599803343158,690,494,489
2025-08-24,AU,838,5063,870,5117,6.0417661097852022,1.0381861575178999,-0.70920144398832319,2.7918854415274463,566,351,467
2025-08-31,AU,699,4313,709,4389,6.1702432045779663,1.0143061516452074,-0.92582335359426338,3.1643776824034333,508,271,403
2025-09-07,AU,1038,6787,1049,6977,6.5385356454720629,1.0105973025048169,-0.099604386108278348,2.78776493256262,704,569,443
2025-09-14,AU,1229,7785,1252,8034,6.334418226200162,1.0187144019528074,-0.22294334590843831,3.0035801464605365,882,573,608
2025-09-21,AU,1057,6603,1114,6729,6.2469252601702951,1.0539262062440873,-0.15903305132123827,2.7807947019867547,734,503,525
2025-09-28,AU,765,4920,770,5545,6.4313725490196072,1.0065359477124183,-0.35938863817087541,2.7986928104575162,562,331,404
2025-10-05,AU,834,5621,859,5695,6.7398081534772167,1.0299760191846525,-0.56137432309687851,2.5784172661870506,597,346,447
2025-10-12,AU,1012,6320,1033,6528,6.2450592885375489,1.0207509881422927,-0.29488235412436503,2.9727272727272722,728,462,491
2025-10-19,AU,918,6093,949,6135,6.6372549019607865,1.0337690631808278,-1.2226988195043038,2.8581699346405234,647,359,520
2025-10-26,AU,726,4462,733,4480,6.1460055096418733,1.0096418732782371,0.63158648361530922,3.2893939393939391,492,430,272
2025-11-02,AU,887,5692,896,5810,6.4171364148816235,1.0101465614430665,-0.40779070736913009,3.1337091319052992,585,411,450
2025-11-09,AU,907,6001,935,6098,6.6163175303197344,1.0308710033076072,-0.24366299714874057,2.9037486218302098,591,461,428
2025-11-16,AU,939,6093,954,6155,6.4888178913738024,1.0159744408945683,-0.60235850840579641,2.9691160809371668,685,387,529
2025-11-23,AU,889,5652,904,5698,6.3577052868391446,1.0168728908886391,-0.16401082022729085,3.0554555680539934,683,434,424
2025-11-30,AU,1361,8014,1385,8146,5.8883174136664218,1.0176340925789864,-0.3521822805559458,2.8101396032329169,969,642,663
2025-12-07,AU,937,6048,951,6257,6.4546424759871943,1.014941302027748,-1.189838205080082,2.8557097118463179,661,352,570
2025-12-14,AU,732,4609,747,4677,6.2964480874316928,1.0204918032786885,-0.044443714116251032,2.9844262295081965,508,351,369
2025-12-21,AU,482,2891,490,2932,5.9979253112033186,1.0165975103734439,-0.71859650080010318,2.760995850622407,309,215,261
2025-12-28,AU,454,3137,461,3193,6.9096916299559474,1.0154185022026432,-0.717136274485037,2.4799559471365642,345,179,243
2026-01-04,AU,527,3168,540,3224,6.0113851992409861,1.0246679316888045,-0.68102636000261885,3.4605313092979135,346,225,288
2026-01-11,AU,842,4983,853,5150,5.918052256532067,1.0130641330166272,-0.582265070628465,2.8377672209026126,595,392,424
2026-01-18,AU,706,4176,711,4312,5.9150141643059495,1.0070821529745042,-0.29528044515076834,3.1290368271954674,533,352,334
2026-01-25,AU,896,5395,927,5489,6.0212053571428568,1.0345982142857144,-0.77521897272532636,2.8106026785714286,686,372,499
2026-02-01,AU,821,4468,826,4506,5.4421437271619979,1.0060901339829478,-0.37645482963164778,3.2836784409257009,493,393,394
2026-02-08,AU,770,5235,777,5370,6.7987012987012987,1.009090909090909,-0.69197969868101317,2.7892207792207784,551,346,397
2026-02-15,AU,1332,7790,1347,8014,5.848348348348348,1.0112612612612613,-0.4072768382294738,2.7536036036036031,944,674,627
2026-02-22,AU,846,5288,869,5398,6.2505910165484648,1.0271867612293146,-1.0039475425733833,2.7468085106382976,586,326,499
2026-03-01,AU,894,5201,922,5301,5.8176733780760621,1.0313199105145419,-1.0568944695483666,2.5176733780760623,634,342,533
2026-03-08,AU,783,5350,819,5458,6.8326947637292479,1.0459770114942528,-0.7707734975462549,3.0338441890166026,540,300,464
2026-03-15,AU,1017,6126,1034,6264,6.0235988200589965,1.0167158308751227,-0.40371094064675439,3.4124877089478876,694,496,513
2026-03-22,AU,587,4155,591,4266,7.0783645655877336,1.0068143100511073,-0.86794969460255156,3.0342419080068144,393,233,335
2026-03-29,AU,614,4111,632,4184,6.6954397394136809,1.0293159609120524,-0.76783485595259982,2.4703583061889245,434,278,322
2026-04-05,AU,537,3603,554,3695,6.70949720670391,1.031657355679702,-0.56957511332495736,3.0983240223463691,367,229,291
2026-04-12,AU,905,5235,917,5287,5.7845303867403315,1.0132596685082875,0.4838128689044453,2.880994475138122,602,518,371
2026-04-19,AU,793,5152,816,5277,6.4968474148802029,1.0290037831021437,-0.37868122174879765,3.1112232030264817,582,360,427
2026-04-26,AU,791,5023,809,5044,6.350189633375475,1.02275600505689,-0.23670335840348966,2.7659924146649812,547,415,356
2026-05-03,AU,853,5394,880,5441,6.32356389214537,1.0316529894490034,-0.60656832599098964,2.6132473622508794,581,345,474
2026-05-10,AU,1100,6499,1110,6901,5.90818181818182,1.0090909090909093,-0.25351213419040652,2.5113636363636358,748,540,502
2026-05-17,AU,916,5851,925,5983,6.3875545851528379,1.009825327510917,-0.16192312425820526,2.9302401746724889,691,443,439
2026-05-24,AU,806,5199,814,5240,6.4503722084367245,1.0099255583126552,-1.03137643972782,2.7504962779156328,585,331,460
2026-05-31,AU,812,4913,829,4963,6.0504926108374395,1.0209359605911328,-0.62755073738499,2.9621921182266013,568,350,450
2026-06-07,AU,756,4699,767,4824,6.2156084656084643,1.0145502645502646,0.42297453205637003,2.8436507936507938,554,464,274
2026-06-14,AU,789,5414,854,5490,6.8618504435994936,1.0823827629911282,0.033725497831493256,2.8456273764258562,548,398,333
2026-06-21,AU,802,5463,809,5531,6.8117206982543639,1.0087281795511223,0.068471256812256465,3.0900249376558597,596,408,347
2026-06-28,AU,735,5190,800,5283,7.0612244897959187,1.08843537414966,0.26035849718776793,3.021360544217687,522,395,327
2026-07-05,AU,670,4244,681,4306,6.3343283582089551,1.0164179104477613,-1.0688963888785232,2.955223880597015,442,243,412
2026-07-12,AU,568,3646,581,3727,6.4190140845070411,1.0228873239436618,-0.25434556060444508,2.972359154929578,395,249,286
2026-07-19,AU,688,4298,703,4388,6.2470930232558137,1.0218023255813953,-1.123302616750854,2.8755813953488367,493,253,422
2026-07-26,AU,599,4068,604,4298,6.7913188647746248,1.008347245409015,0.1118078404754855,2.8711185308848082,474,295,278
2026-08-02,AU,696,4367,715,4503,6.2744252873563209,1.0272988505747127,-0.96144316762958693,3.2251436781609191,499,232,446
2026-08-09,AU,755,4624,757,4709,6.1245033112582785,1.0026490066225167,-0.665315036945116,2.9884768211920529,551,277,449
2026-08-16,AU,537,3567,543,3618,6.6424581005586587,1.011173184357542,-0.92251070489138765,2.987150837988827,413,217,311
2026-08-23,AU,369,1966,370,1986,5.3279132791327912,1.0027100271002709,-0.97287122646229007,2.6471544715447157,323,83,281
2023-01-01,BR,5382,34979,5510,36636,6.4992567818654861,1.0237829803047178,-0.19579566402082826,2.6884429580081743,3530,2618,2535
2023-01-08,BR,8895,59430,9559,61508,6.6812816188870192,1.0746486790331655,-2.4615999349290281,1.8416863406408113,5251,1627,7090
2023-01-15,BR,4856,34032,4966,35286,7.008237232289952,1.0226523887973649,-1.4445018886587198,2.4500823723228997,3129,1400,3286
2023-01-22,BR,5389,36417,5576,37973,6.7576544813508965,1.0347003154574144,-1.108316821559441,2.6129151976247895,3378,1894,3323
2023-01-29,BR,5022,35390,5170,36559,7.0469932297889271,1.0294703305455997,-0.91344961784158862,2.5978096375945832,3226,1886,2999
2023-02-05,BR,4729,32486,4888,34083,6.869528441530977,1.0336223303023897,-0.82741677217953435,2.8058786212729969,3048,1725,2822
2023-02-12,BR,3601,26224,3681,27526,7.2824215495695661,1.0222160510969176,-0.63384504438261335,2.5907247986670381,2462,1499,1999
2023-02-19,BR,3902,27934,4021,29504,7.1588928754484868,1.0304971809328549,-1.125488777109803,2.8427985648385437,2698,1318,2434
2023-02-26,BR,4507,31244,4595,32497,6.9323274905702288,1.0195251830485914,-0.73187710587868882,2.7381628577767914,3140,1733,2596
2023-03-05,BR,4282,30139,4381,30991,7.0385333956095266,1.023120037365717,-0.8156523928788576,2.8053012610929473,2931,1592,2483
2023-03-12,BR,4161,29404,4256,30252,7.0665705359288653,1.0228310502283107,-0.89810112473756654,2.7515260754626296,2833,1614,2401
2023-03-19,BR,4379,31016,4480,32181,7.082895638273583,1.0230646266270835,-0.55545126343194973,2.6648778259876686,2982,1862,2344
2023-03-26,BR,6610,46143,6806,47935,6.9807866868381243,1.0296520423600606,-0.9020484362242539,2.5970650529500761,4636,2469,3963
2023-04-02,BR,5675,40213,5856,41500,7.08599118942731,1.0318942731277538,-1.0548608607248333,2.7830132158590297,3917,2257,3249
2023-04-09,BR,6815,46343,7007,48095,6.8001467351430662,1.0281731474688192,-0.3624650842285852,2.6903008070432866,4482,3189,3366
2023-04-16,BR,8297,53216,8599,54913,6.4138845365794879,1.0363986983246958,-0.752156438397261,2.6449680607448469,5416,3328,4682
2023-04-23,BR,6904,47543,7082,49355,6.8862977983777531,1.025782155272307,-0.78912432515083586,2.568554461181924,4687,2753,3975
2023-04-30,BR,6224,44501,6393,46330,7.149903598971723,1.0271529562982009,-0.59953600194444834,2.6214010282776341,4252,2664,3305
2023-05-07,BR,5551,40216,5700,41643,7.2448207530174722,1.026842010448568,-0.84969542381087,2.781282651774454,3870,2254,3113
2023-05-14,BR,5212,38787,5365,40328,7.4418649270913262,1.0293553338449728,-0.55918222092471026,2.7840560245587103,3577,2276,2791
2023-05-21,BR,5920,42324,6068,43961,7.1493243243243256,1.0250000000000004,-0.33313242102044105,2.601030405405405,4052,2662,3057
2023-05-28,BR,7083,49587,7231,51746,7.0008470986869966,1.0208951009459271,-0.5984504148033285,2.4986164054779048,4943,2964,3884
2023-06-04,BR,5404,38951,5607,40759,7.2078090303478914,1.037564766839379,-0.49063519342929834,2.4783863804589195,3746,2351,2855
2023-06-11,BR,5427,40185,5571,42281,7.4046434494195692,1.026533996683251,-0.12070810239888947,2.7187949143173022,3914,2715,2514
2023-06-18,BR,6280,43711,6455,45583,6.9603503184713347,1.0278662420382163,-0.41678565560209024,2.7012898089171973,4323,2761,3291
2023-06-25,BR,5236,38607,5361,39891,7.3733766233766236,1.023873185637892,-0.57953802279833133,2.7544690603514139,3586,2256,2832
2023-07-02,BR,4682,35460,4756,36486,7.5736864587783,1.0158052114480998,-0.42874016592574443,2.7789833404527982,3319,2125,2388
2023-07-09,BR,4975,36923,5042,38034,7.4217085427135689,1.0134673366834173,-0.38402495748844345,2.5524824120603009,3525,2266,2509
2023-07-16,BR,4776,34090,4890,35161,7.1377721943048584,1.0238693467336688,-0.30140710392756331,2.6784128978224451,3331,2278,2367
2023-07-23,BR,4856,35555,4945,36807,7.3218698517298186,1.0183278418451398,-0.29609363188839011,2.6508237232289948,3435,2353,2345
2023-07-30,BR,5520,39617,5612,40846,7.1769927536231881,1.0166666666666675,-0.55073540445770131,2.6446195652173921,3813,2484,2879
2023-08-06,BR,6260,44631,6413,45894,7.1295527156549481,1.0244408945686905,-0.43763639565187162,2.6817731629392982,4289,2699,3369
2023-08-13,BR,5481,39756,5592,41274,7.2534209085933217,1.0202517788724683,-0.4945908089590435,2.5645320197044343,3811,2500,2824
2023-08-20,BR,6117,41180,6239,42979,6.7320581984632977,1.0199444171979728,-0.29908345491270288,2.6481281674023212,4123,2878,3004
2023-08-27,BR,5300,39623,5441,41345,7.4760377358490571,1.0266037735849056,-0.38072552574272822,2.6180188679245284,3729,2390,2731
2023-09-03,BR,5045,35808,5182,37295,7.0977205153617433,1.0271555996035679,-0.44924602051431306,2.8071357779980168,3518,2371,2488
2023-09-10,BR,6015,40851,6195,42296,6.7915211970074809,1.0299251870324193,-0.6108772205942804,2.6534995843724021,4013,2771,3037
2023-09-17,BR,5808,41141,6003,42422,7.0835055096418751,1.033574380165289,-0.19504641934610367,2.6561639118457303,3809,2648,2948
2023-09-24,BR,6112,43818,6251,45331,7.16917539267016,1.0227421465968598,0.061639227810059004,2.7094404450261775,3954,3223,2716
2023-10-01,BR,5600,40915,5692,42673,7.3062499999999995,1.0164285714285719,-0.37471794469451486,2.6482857142857155,3785,2595,2811
2023-10-08,BR,5818,40522,5926,41936,6.9649364042626321,1.0185630800962533,-0.72414618678070752,2.8308009625300778,3647,2506,3125
2023-10-15,BR,5234,38342,5390,39714,7.3255636224684766,1.0298051203668328,-0.8366040638954525,2.8306457776079479,3576,2164,2912
2023-10-22,BR,5059,37527,5136,39021,7.4178691440996225,1.015220399288397,-0.71960786456003112,2.6761217631943079,3562,2213,2695
2023-10-29,BR,4385,32680,4460,34318,7.4526795895096924,1.017103762827823,-0.602384159327058,2.6553021664766252,3119,1961,2311
2023-11-05,BR,5015,37978,5151,39832,7.5728813559322,1.0271186440677966,-0.56132119920000512,2.7705084745762711,3570,2214,2614
2023-11-12,BR,4644,34785,4739,36443,7.4903100775193812,1.0204565030146429,-0.6689683483674016,2.7963824289405683,3299,1920,2569
2023-11-19,BR,4855,35256,4978,36625,7.2617919670442843,1.0253347064881568,-0.52970138306102565,2.6717198764160655,3353,2158,2541
2023-11-26,BR,5641,40804,5826,42209,7.2334692430420162,1.03279560361638,-0.3181063579320646,2.7205105477752167,3862,2676,2772
2023-12-03,BR,5664,39919,5794,41818,7.0478460451977423,1.0229519774011298,-0.436252357331754,2.72736581920904,3881,2545,2941
2023-12-10,BR,5017,37010,5112,38703,7.3769184771775951,1.0189356188957546,-0.56072301724188489,2.5855292007175597,3335,2215,2647
2023-12-17,BR,3863,30090,3966,31156,7.7892829407196515,1.0266632151177846,-0.589112723827109,2.7834584519803256,2539,1721,2053
2023-12-24,BR,3025,23161,3082,24015,7.6565289256198348,1.0188429752066115,-0.75674444202191615,2.8127933884297525,2007,1239,1713
2023-12-31,BR,2975,22947,3021,23786,7.7132773109243695,1.0154621848739498,-0.4764033403489778,2.7714957983193278,2054,1256,1616
2024-01-07,BR,4181,31514,4327,32222,7.5374312365462792,1.03491987562784,-0.68036716958562382,2.5677828270748613,2847,1697,2260
2024-01-14,BR,4176,31185,4253,32357,7.4676724137931023,1.0184386973180082,-0.26315547377250248,2.8349377394636011,3047,1987,2048
2024-01-21,BR,4474,33040,4574,34220,7.3848904783191776,1.0223513634331705,-0.16269027567035674,2.7653330353151548,3151,2203,2123
2024-01-28,BR,4333,33502,4430,34436,7.731825525040386,1.0223863374105697,-0.29677102397489086,2.6150242326332793,3174,2083,2133
2024-02-04,BR,4578,34778,4686,35901,7.5967671472258633,1.0235910878112713,-0.59121262942912789,2.6464613368283088,3133,1875,2549
2024-02-11,BR,4156,29875,4357,31169,7.1884023099133758,1.0483638113570739,-0.41479923379956335,2.6975216554379209,2846,1822,2167
2024-02-18,BR,7736,50023,7977,51571,6.4662616339193386,1.0311530506721815,-1.3425246294481106,2.4714581178903821,5298,2453,5062
2024-02-25,BR,5654,41801,5848,43490,7.3931729748850357,1.0343119915104353,-0.72096207472125773,2.5662362928899891,3885,2254,3234
2024-03-03,BR,4723,36626,4891,37730,7.7548168536946855,1.0355706118992163,-0.58447052978664948,2.6647258098666109,3318,2142,2476
2024-03-10,BR,4862,37336,5001,38510,7.6791443850267385,1.0285890580008232,-0.74641078892597956,2.6500205676676272,3396,2028,2654
2024-03-17,BR,4673,34739,4765,36072,7.4339824523860463,1.0196875668735288,-0.703041012141,2.6104857693130747,3225,1973,2554
2024-03-24,BR,5274,37546,5462,38953,7.1190747061054243,1.0356465680697771,-0.47911230492678869,2.6136139552521795,3573,2327,2787
2024-03-31,BR,4776,35113,4837,36254,7.3519681742043579,1.0127721943048578,-0.64387328185987291,2.6574120603015068,3232,2174,2493
2024-04-07,BR,5175,37636,5271,39003,7.2726570048309185,1.0185507246376815,-0.77922398943964888,2.639768115942029,3506,2245,2795
2024-04-14,BR,5153,38032,5339,39276,7.3805550164952463,1.0360954783621192,-0.41594747621611405,2.5951096448670681,3428,2301,2617
2024-04-21,BR,4688,35860,4766,37035,7.649317406143342,1.0166382252559727,-0.54470577981090684,2.5751493174061437,3323,1961,2606
2024-04-28,BR,4078,30324,4161,31248,7.4359980382540467,1.0203531142717017,-0.52936574590093111,2.8634870034330553,2848,1855,2103
2024-05-05,BR,5346,39215,5473,40438,7.3353909465020575,1.0237560793116351,-1.2631614951546675,3.3395061728395055,3821,1978,3233
2024-05-12,BR,4610,35340,4705,36717,7.6659436008676787,1.0206073752711498,-0.65128585368944536,3.0264859002169184,3275,2001,2484
2024-05-19,BR,4913,36834,4998,38444,7.497252188072463,1.0173010380622844,-0.56125351874434637,2.707164665174028,3512,2203,2590
2024-05-26,BR,4227,31813,4296,32834,7.5261414714927861,1.0163236337828245,-0.53256291126085409,2.6872722971374503,2858,1828,2217
2024-06-02,BR,4491,33972,4538,35654,7.56446225784903,1.0104653751948347,-0.26630142808345342,2.6870630149187265,3211,2089,2278
2024-06-09,BR,4885,36694,4990,37998,7.5115660184237472,1.0214943705220061,-0.38437827124608392,2.7122620266120778,3394,2291,2437
2024-06-16,BR,4804,35838,4894,37054,7.4600333055786869,1.0187343880099917,-0.72570651488401772,2.6257493755204,3295,2092,2550
2024-06-23,BR,4462,33554,4580,34959,7.5199462124607814,1.0264455401165391,-0.57408124861661713,2.6558045719408336,3348,1949,2392
2024-06-30,BR,4539,33631,4670,34484,7.4093412645957253,1.0288609825952855,-0.8048606603680748,2.71185283102005,3074,1821,2566
2024-07-07,BR,4374,31607,4429,32834,7.2261088248742595,1.0125743026977596,-0.62003359459087637,2.7021033379058075,3107,1834,2401
2024-07-14,BR,4083,30880,4158,32178,7.5630663727651246,1.0183688464364438,-0.37695183659953663,2.6584864070536374,2932,1868,2065
2024-07-21,BR,4504,32892,4586,34206,7.3028419182948472,1.0182060390763765,-0.25303300486996982,2.8236678507992905,3027,2108,2270
2024-07-28,BR,4397,31627,4466,32791,7.1928587673413711,1.0156925176256539,-0.48409461267793663,2.7851034796452128,3053,1935,2321
2024-08-04,BR,5103,37325,5281,38615,7.3143249069174994,1.0348814422888497,-1.0700450302399429,2.7793258867332944,3706,1901,3072
2024-08-11,BR,4998,37466,5183,38805,7.4961984793917562,1.0370148059223689,-0.86229824028990731,2.625670268107243,3458,1978,2870
2024-08-18,BR,4615,34533,4714,36285,7.4827735644637023,1.0214517876489713,-0.56390635367525266,2.567670639219934,3260,2076,2396
2024-08-25,BR,4928,37086,5036,38469,7.5255681818181817,1.0219155844155849,-1.04328748727272,2.5613433441558442,3513,1851,2980
2024-09-01,BR,4911,36035,5022,37131,7.3376094481775622,1.0226023213194868,-0.918475167664492,2.598676440643453,3355,1928,2842
2024-09-08,BR,5615,40446,5729,41661,7.203205699020482,1.0203027604630455,-0.808328230068234,2.595173642030276,3899,2274,3196
2024-09-15,BR,4930,37627,5044,39156,7.6322515212981719,1.023123732251521,-1.0096736410338409,2.5645638945233267,3340,1963,2848
2024-09-22,BR,4965,35723,5059,36634,7.1949647532729095,1.0189325276938572,-0.58359148141788131,2.7623967774420946,3486,2155,2627
2024-09-29,BR,4417,32092,4496,33567,7.2655648630292067,1.017885442608105,-0.48216672413922923,2.7684853973285035,3053,1916,2350
2024-10-06,BR,4782,35366,4940,36975,7.3956503554997894,1.0330405687996651,-0.34135166158881,2.7324759514847341,3417,2204,2391
2024-10-13,BR,4562,33861,4606,35277,7.4224024550635681,1.0096448925909696,-0.38670716756860607,2.6595352915387993,3200,2090,2338
2024-10-20,BR,5328,37558,5437,39201,7.0491741741741736,1.020457957957958,-0.6162145526617413,2.7743243243243243,3563,2257,2888
2024-10-27,BR,5322,39916,5458,41492,7.5001878992859821,1.0255543028936496,-0.51831890473864994,2.6753851935362643,3700,2340,2822
2024-11-03,BR,4661,34261,4781,35434,7.3505685475219931,1.02574554816563,-0.3855508535002018,2.5753271830079383,3322,2164,2348
2024-11-10,BR,5730,41765,5908,43309,7.2888307155322858,1.0310645724258292,-0.18608857333684506,2.5746596858638737,4029,2736,2792
2024-11-17,BR,10497,62719,10915,64741,5.974945222444509,1.0398209012098703,0.076850536658600963,2.6676860055253879,6476,5263,4980
2024-11-24,BR,5193,38916,5336,40528,7.4939341421143837,1.0275370691315238,-0.580003876604665,2.6510494896976695,3474,2117,2938
2024-12-01,BR,4689,34576,4776,36088,7.3738537001492848,1.0185540626999361,-0.17299674305784887,2.6040093836638945,3146,2305,2285
2024-12-08,BR,4563,34171,4672,35903,7.4887135656366421,1.0238877931185626,-0.827361518850519,2.7006136313828621,3155,1762,2693
2024-12-15,BR,3992,30958,4068,31842,7.755010020040082,1.0190380761523048,-0.6278016034658167,2.7799098196392782,2809,1635,2236
2024-12-22,BR,3102,23858,3195,24614,7.69116698903933,1.0299806576402319,-1.3164267437959389,2.6384912959381048,2177,1071,1938
2024-12-29,BR,2967,21694,3046,22243,7.3117627232895188,1.0266262217728346,-0.36907069370890383,2.7966295921806541,2061,1354,1533
2025-01-05,BR,3725,26681,3761,27803,7.1626845637583889,1.0096644295302015,-1.0042059098953071,2.5762953020134232,2609,1531,2108
2025-01-12,BR,3566,27328,3625,28338,7.6634885025238377,1.0165451486259116,-0.63512608563536888,2.8791923724060573,2476,1523,1973
2025-01-19,BR,3788,28725,3836,30710,7.5831573389651563,1.0126715945089757,-0.38441329322499268,2.7863780359028509,2647,1732,1920
2025-01-26,BR,4577,33590,4642,35180,7.3388682543150541,1.0142014419925724,-1.0234344596978426,2.7511688879178497,3145,1784,2676
2025-02-02,BR,4053,31413,4128,32454,7.7505551443375262,1.0185048112509258,-0.48376421650296231,2.7981741919565746,2836,1896,2052
2025-02-09,BR,4172,31690,4248,32878,7.595877277085334,1.0182166826462129,-0.50858992727060626,2.7639261744966448,2913,1858,2182
2025-02-16,BR,5003,36798,5091,38323,7.3551868878672808,1.0175894463322008,-0.99496972829644,2.6116729962022789,3335,1935,2917
2025-02-23,BR,4118,30872,4205,32037,7.4968431277319079,1.0211267605633805,-0.321349665484083,2.7271491015055842,2850,2009,1986
2025-03-02,BR,3494,26016,3582,26923,7.4459072696050379,1.0251860331997709,-0.18177204339301831,2.8181740125930168,2488,1669,1686
2025-03-09,BR,4066,30607,4109,31846,7.5275454992621764,1.0105755041810138,-0.65452543363273974,2.58898180029513,2811,1713,2240
2025-03-16,BR,3977,31058,4036,32165,7.8094040734221775,1.0148353029922059,-0.428457634859218,2.6968066381694737,2827,1808,2058
2025-03-23,BR,4403,31892,4504,33042,7.243243243243243,1.0229389052918474,-0.35760454546300119,2.6148535089711564,3069,2067,2229
2025-03-30,BR,4180,30917,4248,32123,7.3964114832535879,1.0162679425837324,-0.41621709615703273,2.5221531100478458,2947,1953,2113
2025-04-06,BR,4346,33006,4390,34116,7.5945697192821005,1.0101242521859184,-0.55186203635998277,2.5671421997238837,3191,1849,2375
2025-04-13,BR,4038,30314,4094,31347,7.5071817731550272,1.0138682516097075,-1.0567396388657251,2.7140416047548284,2794,1634,2314
2025-04-20,BR,5221,37136,5326,38412,7.1128136372342441,1.0201110898295345,-0.68131218854698283,2.6522313733001344,3418,2161,2875
2025-04-27,BR,4303,30891,4364,31989,7.1789449221473385,1.0141761561701139,-0.42568855720739113,2.7295375319544508,2903,1867,2263
2025-05-04,BR,5284,36446,5353,37748,6.8974261922785765,1.0130582891748678,-0.27669403765737693,2.7286903860711575,3615,2570,2581
2025-05-11,BR,5204,35734,5254,36898,6.8666410453497315,1.009607993850884,-0.17756396498064525,2.7128170637970781,3622,2490,2598
2025-05-18,BR,4763,36232,4812,37305,7.6069703968087339,1.0102876338442159,-0.37996901347212036,2.7240814612639106,3305,2193,2444
2025-05-25,BR,4397,33564,4446,35068,7.6333863998180584,1.0111439617921314,-0.47878416469473523,2.6830111439617919,3046,1889,2413
2025-06-01,BR,4844,35296,4915,36644,7.286540049545831,1.0146573080099095,-0.39834058799862876,2.5047481420313797,3332,2235,2520
2025-06-08,BR,4379,32892,4428,34224,7.5113039506736667,1.0111897693537342,-0.56612689995144072,2.6165106188627552,2944,1825,2405
2025-06-15,BR,28,230,28,230,8.2142857142857135,1.0,-1.2213398649429081,3.4321428571428574,23,5,20
2025-06-22,BR,52,294,52,314,5.6538461538461542,1.0,-0.82597951338264064,2.85576923076923,40,25,27
2025-06-29,BR,3566,24669,3637,25402,6.917835109366238,1.0199102636006732,-0.059783022591220925,2.6071228266965791,2329,1742,1738
2025-07-06,BR,7876,49643,8316,51379,6.30307262569832,1.0558659217877104,0.021577283193359883,2.6480700863382407,5069,3789,3890
2025-07-13,BR,5429,39721,5567,41267,7.3164487014183086,1.0254190458648005,-0.90334576092072683,2.6640633634186774,3649,1862,3393
2025-07-20,BR,4416,33776,4487,35145,7.6485507246376807,1.0160778985507253,-0.96522947388254665,2.6582427536231883,3072,1702,2640
2025-07-27,BR,4960,37199,5054,38631,7.4997983870967735,1.0189516129032259,-1.0905821197603551,2.5484677419354838,3319,1697,3100
2025-08-03,BR,5811,41252,5957,42564,7.0989502667355042,1.0251247633797969,-1.1383902409181965,1.9776630528308385,3999,2024,3599
2025-08-10,BR,4759,34746,4802,35862,7.3011136793444,1.0090355116621139,-0.71147604595056679,2.6852700147089732,3288,1942,2653
2025-08-17,BR,4676,34730,4737,35640,7.4272882805816947,1.0130453378956374,-0.56038395584419987,2.6048759623609934,3287,2030,2497
2025-08-24,BR,5658,38396,5731,39643,6.7861435136090495,1.0129020855425945,0.0854503766021735,2.696907034287733,3999,2995,2518
2025-08-31,BR,4812,35686,4872,36752,7.4160432252701582,1.0124688279301748,-0.64532837670615728,2.6967165419783887,3240,2029,2640
2025-09-07,BR,5479,39684,5651,41534,7.2429275415221763,1.0313925898886658,-1.3168857981014535,2.4260996532213919,3437,1964,3377
2025-09-14,BR,4880,36840,4993,38470,7.5491803278688518,1.0231557377049185,-0.98593098054579875,2.6559631147540994,3297,1939,2844
2025-09-21,BR,4976,35877,5060,37338,7.2100080385852063,1.0168810289389068,-0.74984983699658281,2.372608520900322,3318,2060,2763
2025-09-28,BR,4190,32767,4214,33912,7.8202863961813813,1.0057279236276853,-0.50823199963816323,2.70252983293556,2969,1888,2186
2025-10-05,BR,4762,34858,4875,36391,7.3200335993280143,1.023729525409492,-0.19338634829715096,2.6380932381352373,3369,2367,2245
2025-10-12,BR,4925,35538,5052,37265,7.2158375634517782,1.0257868020304568,-0.10106530370625566,2.6563654822335021,3388,2497,2229
2025-10-19,BR,5153,37309,5233,38495,7.2402483989908788,1.0155249369299442,-0.27520636065564452,2.6792159906850372,3518,2481,2550
2025-10-26,BR,6198,45290,6362,46663,7.3071958696353638,1.0264601484349796,-1.5302966909627018,2.4475153275250072,3815,2207,3839
2025-11-02,BR,6943,48867,7352,50436,7.038311968889527,1.0589082529166067,-0.2286612769628322,2.7120985164914311,4627,3272,3435
2025-11-09,BR,7313,51866,7750,54202,7.092301381102148,1.0597565978394643,-0.65269329566186107,2.5619308081498695,4842,2943,4151
2025-11-16,BR,6472,45675,6657,47061,7.0573238566131042,1.0285846724351055,-0.87414978223458961,2.5154666254635352,4124,2428,3867
2025-11-23,BR,5409,38987,5518,40291,7.207801811795159,1.0201515991865417,-1.0038153757324126,2.6042521723054182,3593,2052,3247
2025-11-30,BR,4450,33378,4524,34631,7.5006741573033713,1.0166292134831467,-0.65170861914379241,2.6071685393258437,2984,1859,2497
2025-12-07,BR,4514,33627,4691,34860,7.449490474080636,1.0392113424900309,-0.90086850480504077,2.67306158617634,3096,1770,2612
2025-12-14,BR,4641,34923,4786,36368,7.524886877828056,1.0312432665373843,-0.90244074175688038,2.5537599655246717,3082,1839,2718
2025-12-21,BR,3157,23391,3196,24325,7.4092492872980689,1.0123535001583783,-1.0923810646827632,2.732214127336078,2179,1144,1931
2025-12-28,BR,2944,22448,2982,23212,7.6249999999999991,1.0129076086956523,-1.5632007212583909,2.871603260869565,1994,926,1943
2026-01-04,BR,3696,26586,3759,27520,7.1931818181818192,1.0170454545454544,-1.088354693270865,2.6262175324675323,2487,1276,2326
2026-01-11,BR,3881,28536,3922,29794,7.3527441381087355,1.0105642875547547,-0.51728444845519261,2.5483895903117753,2679,1728,2034
2026-01-18,BR,4276,31767,4324,33280,7.4291393826005612,1.0112254443405047,-0.41061281084996049,2.6550046772684746,3073,2028,2122
2026-01-25,BR,4211,30896,4263,31727,7.3369745903585848,1.0123486107812871,-0.53890694595804656,2.6483020660175725,2880,1823,2267
2026-02-01,BR,4337,32998,4391,34301,7.608485127968641,1.0124510029974638,-0.62741439995349335,2.5794327876412257,3061,1905,2293
2026-02-08,BR,3890,29157,3992,30427,7.49537275064267,1.0262210796915168,-0.50961653557955966,2.6684832904884321,2705,1799,1973
2026-02-15,BR,3938,26419,4010,27412,6.7087353986795337,1.0182833925850683,0.05302491114418531,2.7234382935500254,2806,2041,1776
2026-02-22,BR,4599,34670,4676,36084,7.5385953468145219,1.0167427701674279,-0.56037167446775671,2.6384431398130026,3191,2061,2397
2026-03-01,BR,3730,28543,3771,29346,7.6522788203753365,1.0109919571045576,-0.75335227020080131,2.6567828418230555,2714,1511,2116
2026-03-08,BR,5033,37281,5095,38347,7.4073117424995027,1.012318696602424,-0.70912160643269728,2.5791178223723428,3376,2022,2863
2026-03-15,BR,4328,33447,4381,34711,7.7280499075785585,1.0122458410351207,-0.62274277294842673,2.5724121996303149,2942,1821,2417
2026-03-22,BR,4299,33727,4346,35089,7.8453128634566154,1.0109327750639685,-0.88439650423554383,2.5481507327285415,3115,1701,2454
2026-03-29,BR,3539,27994,3572,28998,7.9101441085052278,1.009324667985307,-0.59941770994996257,2.80762927380616,2561,1545,1874
2026-04-05,BR,3813,29801,3853,31060,7.81563073695253,1.0104904274849207,-0.44207827235021885,2.7250721216889597,2735,1738,1970
2026-04-12,BR,4231,31458,4299,32909,7.4351217206334175,1.0160718506263293,-0.48556741492112782,2.6267785393523981,2953,1832,2273
2026-04-19,BR,3822,27860,3845,29254,7.2893772893772892,1.0060177917320776,-0.4780408887752437,2.7547619047619047,2676,1669,1995
2026-04-26,BR,3643,28024,3705,29087,7.6925610760362346,1.0170189404337084,-0.51512000143893155,2.7441668954158667,2626,1584,1936
2026-05-03,BR,4670,34064,4794,35183,7.29421841541756,1.0265524625267659,-1.0030187603644196,2.6706423982869381,3218,1747,2779
2026-05-10,BR,4544,34243,4595,35663,7.53587147887324,1.0112235915492964,-0.53531818393265551,2.7628301056338036,3056,1973,2448
2026-05-17,BR,4259,32983,4336,34130,7.7443061751584885,1.01807936135243,-0.55065350278759639,2.648015966189246,2928,1806,2329
2026-05-24,BR,4686,35583,4730,37477,7.5934699103713177,1.0093896713615023,-0.75173148888233265,2.6883696116090481,3305,1990,2602
2026-05-31,BR,4091,30769,4176,32387,7.5211439745783473,1.0207773160596434,-0.74545751477183408,2.59753116597409,2815,1751,2254
2026-06-07,BR,3762,28970,3805,29931,7.7006911217437537,1.0114300903774589,-0.472060083672921,2.6246145667198317,2583,1752,1874
2026-06-14,BR,4037,30385,4061,31378,7.5266286846668313,1.0059450086698043,-0.47650494554250217,2.6704731236066386,2771,1810,2105
2026-06-21,BR,3813,28763,3855,29795,7.5434041437188553,1.0110149488591662,-0.57066864775208614,2.7208234985575674,2560,1664,2049
2026-06-28,BR,3592,27996,3624,28880,7.7939866369710442,1.0089086859688199,-0.51740369912794615,2.8828229398663692,2446,1563,1904
2026-07-05,BR,3285,25571,3322,26815,7.7841704718417031,1.0112633181126329,-0.87256867441410624,2.6687366818873679,2128,1232,1948
2026-07-12,BR,3919,29470,3964,30956,7.5197754529216638,1.0114825210512892,-0.76530287823884791,2.6358764991069159,2435,1527,2287
2026-07-19,BR,4227,30534,4278,31549,7.2235628105039016,1.0120652945351314,-0.49734947643153493,2.6445942748994562,2696,1802,2303
2026-07-26,BR,5303,37348,5341,38511,7.0428059588911944,1.0071657552328872,-0.53125502654297252,2.6084857627757869,3541,2298,2851
2026-08-02,BR,5010,36072,5056,37911,7.2,1.0091816367265471,-0.3847913046781985,2.7108383233532933,3212,2203,2674
2026-08-09,BR,4261,32322,4306,33907,7.5855432996949075,1.0105609011969023,-0.70337101999674512,2.7402018305562064,2676,1664,2434
2026-08-16,BR,4877,36256,4916,38040,7.4340783268402708,1.0079967192946488,-0.66738871294248625,2.5993848677465645,3228,2048,2694
2026-08-23,BR,1808,13407,1819,14374,7.41537610619469,1.00608407079646,-0.645065821848131,2.5188606194690264,1182,819,949
2023-01-01,CA,4459,22863,4620,23610,5.12738282126037,1.0361067503924652,-0.718189475890009,2.8799730881363561,2664,1940,2450
2023-01-08,CA,7096,35602,7481,36398,5.01719278466742,1.0542559188275085,-0.61828932061702824,3.0501832018038293,4212,3034,3844
2023-01-15,CA,6148,31999,6324,32730,5.2047820429407938,1.0286271958360447,-0.26283818044851642,3.1543103448275867,3740,2880,3050
2023-01-22,CA,6445,34573,6879,35713,5.3643134212567904,1.0673390224980603,-0.44979926832482142,3.1082544608223426,3845,2981,3321
2023-01-29,CA,6242,32828,6712,34200,5.2592117910925964,1.0752963793655876,-0.68037432471661063,3.0442966997757135,3577,2781,3258
2023-02-05,CA,7162,37462,7601,38948,5.2306618263055036,1.0612957274504327,-0.57635783940987928,3.2656101647584461,3926,3091,3851
2023-02-12,CA,7219,37370,7690,38392,5.1766172600083129,1.0652444936971879,-0.685880061217758,3.0175232026596492,3893,2903,4169
2023-02-19,CA,6378,33070,6770,34183,5.1850109752273426,1.0614612731263713,-0.40876726442771566,3.0321103794292896,3601,2801,3386
2023-02-26,CA,6779,35984,7190,37820,5.3081575453606717,1.0606284112700985,-0.20862691825681268,3.1503171559227021,3747,3380,3223
2023-03-05,CA,7258,37445,7783,38728,5.1591347478644227,1.0723339763020114,-0.2235513103484526,3.0588316340589707,3978,3456,3612
2023-03-12,CA,6365,34544,6750,35876,5.4271798900235657,1.060487038491752,-0.26394098349956691,3.1272584446190108,3503,3037,3233
2023-03-19,CA,8738,44958,9455,46702,5.1451132982375807,1.0820553902494852,-0.49683233635511642,3.0206340123598094,4977,3765,4722
2023-03-26,CA,11085,60205,11980,62352,5.4312133513757335,1.0807397383852053,-0.6059863186894282,3.0316914749661708,6207,4788,6059
2023-04-02,CA,9895,53403,10540,55156,5.3969681657402733,1.0651844365841339,-0.61027323981239,3.1731783729156149,5649,4300,5368
2023-04-09,CA,9435,49341,9990,51300,5.2295707472178057,1.0588235294117649,-0.2185498166692538,3.1411234764175942,5564,4569,4624
2023-04-16,CA,10293,56615,11126,58558,5.500340036918292,1.0809287865539685,-0.52263781286434,3.2699407364228104,5891,4618,5445
2023-04-23,CA,10249,55173,11064,56661,5.3832569031124979,1.0795199531661626,-0.47991332400224,3.2460825446385018,5974,4720,5323
2023-04-30,CA,10942,56310,11977,58188,5.1462255529153715,1.094589654542131,-0.10820600191170007,3.0137452019740456,6162,5526,5180
2023-05-07,CA,10607,55731,11377,57475,5.254171773357216,1.0725935702837748,-0.40352070779549432,3.0631281229376834,6239,4965,5422
2023-05-14,CA,10528,54707,11422,56650,5.1963335866261415,1.0849164133738598,-0.30010633157724931,3.0487272036474176,6148,4881,5380
2023-05-21,CA,8598,45066,9132,46524,5.2414515003489175,1.0621074668527568,-0.070029955908834221,3.1671318911374731,5033,4306,4083
2023-05-28,CA,8843,48099,9317,49660,5.4392174601379617,1.0536017188736848,-0.1532523744032068,3.1907158204229336,5269,4336,4289
2023-06-04,CA,11043,57708,11634,59703,5.2257538712306415,1.0535180657430054,-0.54023833258123288,3.1276736394095797,6638,4618,6114
2023-06-11,CA,10452,55764,11048,57493,5.3352468427095321,1.0570225794106389,-0.46517013523348738,3.2421546115575972,6238,4614,5582
2023-06-18,CA,10889,59375,11844,61441,5.452750482137934,1.087703186702176,-0.53705674995895936,3.318807971347232,6006,4513,6095
2023-06-25,CA,9549,52569,10206,53993,5.50518378887842,1.0688030160226205,-0.3288215166336993,3.1266415331448307,5737,4268,4945
2023-07-02,CA,8183,43228,8627,44720,5.2826591714530142,1.0542588292802151,-0.37895190580505272,3.2238298912379313,4951,3649,4296
2023-07-09,CA,9173,49585,9742,51063,5.4055379919328468,1.062029870271449,-0.16167350470332309,3.06859260874305,5524,4593,4356
2023-07-16,CA,8677,46474,9159,47778,5.3559986170335359,1.0555491529330416,-0.38619321805289442,3.12608044254927,5173,3973,4473
2023-07-23,CA,7916,42652,8404,44677,5.3880747852450721,1.0616472966144521,-0.37249163121329487,3.1925214754926738,4667,3640,3979
2023-07-30,CA,7442,40321,7862,41810,5.4180327868852469,1.0564364418167158,-0.041937314370848133,3.1761488847084105,4402,3711,3546
2023-08-06,CA,7055,38057,7442,39305,5.394330262225373,1.0548547129695245,-0.26797118093771477,3.2519347980155926,4191,3380,3495
2023-08-13,CA,8589,44660,9110,45885,5.1996740016299912,1.0606589824193737,-1.0986862467684271,3.1382349516823829,4918,3259,5201
2023-08-20,CA,8762,46136,9322,47516,5.26546450582059,1.0639123487788174,-0.62699432598996363,3.2054896142433238,5206,3760,4790
2023-08-27,CA,8235,44261,8734,45500,5.3747419550698226,1.0605950212507591,-0.45491460865944144,3.0791742562234368,4968,3624,4376
2023-09-03,CA,8309,44085,8897,45421,5.3056926224575749,1.0707666385846679,-0.311750677799067,3.075941749909735,4935,3892,4218
2023-09-10,CA,10757,54140,11471,55531,5.0330017662917186,1.066375383471228,-0.66482725799805231,3.03337361717951,6285,4435,6009
2023-09-17,CA,14842,71517,15856,73041,4.8185554507478727,1.0683196334725777,-1.2225607135484675,2.7337622961864971,8097,5413,9030
2023-09-24,CA,13383,65346,14274,66908,4.8827617126204848,1.0665770006724953,-1.1208193517432004,2.7855338862736314,7549,4958,8084
2023-10-01,CA,9482,50802,10168,51988,5.3577304366167491,1.0723476059902965,-0.61701989071366625,3.1085003163889486,5582,4056,5168
2023-10-08,CA,9600,49281,10217,50563,5.1334374999999994,1.0642708333333333,-0.76835536484965816,3.0443645833333344,5507,3932,5431
2023-10-15,CA,9660,49910,10300,51061,5.1666666666666661,1.0662525879917184,-0.74287547670220744,2.9563250517598352,5518,4051,5396
2023-10-22,CA,9466,50745,10123,52042,5.3607648425945467,1.0694062962180435,-0.65966193538888462,3.0099725332769922,5418,3786,5441
2023-10-29,CA,9337,48653,9873,50297,5.21077433865267,1.0574060190639398,-0.40177337621496428,3.0108064688872225,5338,4282,4841
2023-11-05,CA,10376,53852,11138,56372,5.190053970701622,1.0734387047031615,-0.69468710468230943,2.9989494988434848,5681,4357,5789
2023-11-12,CA,9251,48974,9924,51341,5.2939141714409264,1.0727488920116739,-0.58020128070616794,3.0920008647713764,5286,4062,5003
2023-11-19,CA,8749,45598,9369,46682,5.2117956337867177,1.0708652417419133,-0.68460579499545926,3.0543833580980673,4911,3670,4851
2023-11-26,CA,8128,43023,8632,44375,5.29318405511811,1.0620078740157477,-0.751419880178368,3.1514517716535431,4579,3484,4498
2023-12-03,CA,8223,42615,8792,43428,5.1824151769427242,1.0691961571202724,-0.64528644590926643,3.1839353034172451,4704,3514,4505
2023-12-10,CA,7881,42690,8417,43640,5.4168252759802042,1.0680116736454761,-0.43667226056825648,3.3655754345895192,4344,3463,4249
2023-12-17,CA,6998,37600,7405,38347,5.3729637039154046,1.0581594741354676,-0.51356287724249627,3.2767362103458129,4140,3281,3527
2023-12-24,CA,4370,23081,4615,23755,5.2816933638443953,1.0560640732265449,-0.47153059861739866,3.253135011441648,2564,2046,2216
2023-12-31,CA,5531,30185,5934,30925,5.45742180437534,1.0728620502621584,-0.61192494672945408,3.2298499367203042,3208,2430,2968
2024-01-07,CA,7282,39199,7756,39887,5.3829991760505367,1.0650920076901951,-0.64211481191080844,3.1551908816259253,4219,3171,3888
2024-01-14,CA,7637,39863,8106,41139,5.21971978525599,1.0614115490375802,-0.42788428024381731,3.1932696084850063,4500,3599,3859
2024-01-21,CA,8681,47088,9228,48125,5.4242598778942526,1.0630111738278998,-0.87165613663832731,3.3884921092040092,5077,3537,4954
2024-01-28,CA,8816,46155,9525,47198,5.2353675136116147,1.0804219600725959,-0.76638932640073809,3.4728788566243187,4988,3815,4795
2024-02-04,CA,8758,46305,9392,47717,5.28716601963919,1.0723909568394612,-0.34979266807934067,3.215757022151176,5151,4150,4379
2024-02-11,CA,9320,48455,10091,50127,5.1990343347639483,1.0827253218884128,-0.4375559884593383,3.1165128755364813,5406,4180,4937
2024-02-18,CA,8800,45913,9379,46951,5.2173863636363622,1.065795454545454,-0.43437368701060963,3.2728977272727269,5074,3934,4593
2024-02-25,CA,10375,54228,10970,55130,5.226795180722891,1.0573493975903629,-0.27122715254971996,3.1434891566265049,6026,4770,5356
2024-03-03,CA,9701,51082,10423,52396,5.2656427172456439,1.0744253169776303,-0.607013750675293,3.1908566127203386,5933,4286,5100
2024-03-10,CA,9038,47139,9531,48474,5.2156450542155373,1.0545474662535956,-0.232910557923446,3.0089732241646385,5155,4216,4642
2024-03-17,CA,8565,46757,9068,48312,5.4590776415645061,1.0587273788674831,-0.364601797119301,3.18059544658494,4968,3833,4531
2024-03-24,CA,8001,42571,8456,43576,5.3207099112610887,1.05686789151356,-0.30740091061802688,3.0737657792775894,4634,3730,4077
2024-03-31,CA,7834,41606,8377,42587,5.31095225938218,1.0693132499361757,-0.45608988369926856,3.1867500638243547,4514,3720,3941
2024-04-07,CA,8810,45856,9393,47224,5.2049943246311008,1.066174801362088,-0.26704192798625143,3.1419069239500574,4966,4073,4483
2024-04-14,CA,8099,43535,8618,44825,5.3753549820965549,1.0640819854302999,-0.37916489618270632,3.1805408075070996,4709,3776,4127
2024-04-21,CA,8413,43628,8848,44708,5.1857839058599771,1.0517056935694764,-0.28351376855942051,3.1758706763342457,4674,4057,4197
2024-04-28,CA,8712,45680,9181,46962,5.243342516069788,1.0538337924701557,-0.66097220550483415,2.7225780532598702,4873,3809,4722
2024-05-05,CA,8810,46944,9355,48427,5.3284903518728735,1.0618615209988658,-0.42803890898101221,2.8759477866061287,5286,3969,4664
2024-05-12,CA,8881,47286,9363,48445,5.324400405359758,1.0542731674361,-0.19508242086001107,3.0105843936493621,5208,4323,4317
2024-05-19,CA,7580,39491,8153,40716,5.2098944591029053,1.0755936675461752,-0.30251994226633072,3.0269788918205807,4392,3703,3709
2024-05-26,CA,8084,43364,8490,44402,5.3641761504205849,1.0502226620484905,-0.46461766405216404,3.0685922810489865,4633,3661,4250
2024-06-02,CA,9238,47467,9867,48690,5.1382333838493217,1.0680883308075342,-0.19367919051783936,3.1181099805152632,5253,4399,4636
2024-06-09,CA,9010,46009,9464,47171,5.1064372918978886,1.0503884572697009,-0.261931171373803,3.2415871254162041,5236,4106,4664
2024-06-16,CA,8729,45687,9270,46863,5.2339328674533165,1.0619773169893456,-0.2666412130137879,3.09075495474854,5088,4248,4257
2024-06-23,CA,8312,43788,8795,45009,5.2680461982675695,1.0581087584215589,-0.28688710454078703,3.2220283926852744,5029,4083,4001
2024-06-30,CA,6857,37195,7325,38273,5.4243838413300249,1.0682514219046235,-0.31559162612431446,3.1715473239025811,4144,3204,3463
2024-07-07,CA,7567,40719,7939,41776,5.3811285846438484,1.0491608299193866,-0.28651237012080394,3.1997092639090781,4479,3513,3854
2024-07-14,CA,7502,40537,8016,41404,5.4034924020261279,1.0685150626499602,-0.27497911828913246,3.1569848040522537,4523,3618,3669
2024-07-21,CA,7673,40833,8197,41921,5.3216473348103728,1.0682914114427211,-0.44469391195029978,3.1412615665319952,4356,3426,4056
2024-07-28,CA,6798,36024,7181,36894,5.2992056487202115,1.0563401000294195,-0.5804358999761704,3.2792880258899668,3994,2998,3662
2024-08-04,CA,6492,33552,6917,34212,5.1682070240295737,1.0654651879235986,-0.35108010868812051,3.0150646950092423,3970,3160,3169
2024-08-11,CA,6977,37278,7401,38288,5.3429840905833466,1.0607711050594808,-0.41328975906086113,3.2123118818976635,4117,3108,3706
2024-08-18,CA,7693,41417,8218,42752,5.3837254647081743,1.0682438580527753,-0.51722246169442387,3.1642792148706613,4483,3364,4130
2024-08-25,CA,7118,38911,7584,39708,5.4665636414723231,1.065467828041585,-0.26285874491817396,3.0553807249227316,4310,3338,3649
2024-09-01,CA,7042,37047,7478,37874,5.2608633910820757,1.0619142289122412,-0.53535642455154,3.1025134904856557,4188,3178,3729
2024-09-08,CA,8413,44001,8849,45384,5.23012005230001,1.0518245572328546,-0.33546091381804044,3.1481278973017965,4822,3946,4282
2024-09-15,CA,8474,45515,8973,46677,5.3711352371961292,1.0588860042482879,0.019614174516264828,3.1633585083785691,5136,4240,3965
2024-09-22,CA,8869,45246,9254,46220,5.1015898071935917,1.0434096290449884,-0.011884238704124899,2.9445935280189435,4983,4402,4196
2024-09-29,CA,8233,43033,8633,44090,5.2268917769950187,1.0485849629539659,0.022166490775714427,3.1026357342402533,4709,4204,3854
2024-10-06,CA,7751,40024,8156,40978,5.1637208102180354,1.0522513224100114,-0.37730685193887892,2.9376725583795626,4405,3629,3962
2024-10-13,CA,8339,41753,8730,42672,5.0069552704161184,1.0468881160810646,-1.1638361418504664,2.9770715913179031,4414,3246,4940
2024-10-20,CA,8381,44347,8979,45293,5.2913733444696351,1.0713518673189348,-0.60869101557719463,3.0947977568309271,4660,3598,4608
2024-10-27,CA,8101,42341,8523,43072,5.2266386865819019,1.0520923342797188,-0.61528162020750077,3.1591038143439065,4778,3609,4290
2024-11-03,CA,9358,47728,9873,49007,5.1002350929685862,1.0550331267364823,-0.47287889858818949,2.7468903611882878,5323,4474,4702
2024-11-10,CA,8703,45146,9289,46415,5.1874066413880273,1.0673331035275198,-0.28525142628101086,3.0252671492588754,5039,4343,4150
2024-11-17,CA,8734,46414,9239,47591,5.31417449049691,1.0578200137394089,-0.47502046297906775,3.0277994046256014,5039,3988,4540
2024-11-24,CA,10634,53711,11334,55115,5.0508745533195425,1.0658265939439531,-0.65017741288479591,2.995514387812678,6149,4304,6077
2024-12-01,CA,9223,47809,9861,49134,5.1836712566410057,1.0691748888647932,-0.43681714637744329,3.1063211536376443,5335,4054,4948
2024-12-08,CA,8630,44516,9111,45532,5.1582850521436852,1.0557358053302435,-0.42962563448304231,3.2319698725376593,4860,3843,4621
2024-12-15,CA,8657,46324,9204,47617,5.3510453967887237,1.063185861152824,-0.56820208230492064,3.3071040776250444,4683,3513,4937
2024-12-22,CA,4805,25623,5058,26498,5.332570239334026,1.0526534859521333,-0.39995590170987322,3.16942767950052,2723,2080,2585
2024-12-29,CA,5187,26682,5471,27411,5.1440138808559865,1.0547522652785801,-0.31133946579420424,3.161557740505109,2771,2513,2540
2025-01-05,CA,10089,50277,10694,51387,4.983348201011002,1.0599662999306181,-0.71771465430590231,3.2357319853305579,5755,3907,5754
2025-01-12,CA,8930,45790,9377,46964,5.1276595744680851,1.0500559910414327,-0.42706662702484227,3.2487681970884656,5196,3789,4866
2025-01-19,CA,9152,45803,9826,46858,5.0046984265734276,1.0736451048951046,-0.49894906293272112,3.1705528846153852,5077,3799,5119
2025-01-26,CA,9084,46872,9578,48216,5.15984147952444,1.0543813298106559,-0.33418549392785607,3.1622302950242194,5094,4083,4756
2025-02-02,CA,11172,55715,11895,56980,4.9870211242391695,1.064715359828142,-0.40410156599587505,3.0001879699248151,6432,4491,6336
2025-02-09,CA,9844,49319,10383,50819,5.0100568874441294,1.0547541649735876,-0.19676694244052223,3.028291344981715,5684,4513,5098
2025-02-16,CA,8834,46068,9596,47029,5.2148517093049591,1.0862576409327591,-0.41913044524447624,2.9827711116142184,4983,3723,4889
2025-02-23,CA,10152,50768,10742,52121,5.0007880220646177,1.0581166272655638,-0.23104881998343008,3.0319838455476753,5818,4657,5200
2025-03-02,CA,11444,56296,12273,57658,4.9192590003495269,1.0724397063963644,-0.33420303212017927,3.0152656413841323,6823,4814,6288
2025-03-09,CA,12416,59899,13226,61279,4.8243395618556706,1.065238402061855,-0.57470606491146958,3.0303076675257743,7084,4967,7063
2025-03-16,CA,11378,59933,12507,61459,5.2674459483213223,1.0992265776059058,-0.32195492131838305,2.9437335208296718,6490,5153,5815
2025-03-23,CA,10620,55479,11339,56738,5.2240112994350332,1.0677024482109216,-0.50054831897444019,3.0732580037664765,5825,4370,5992
2025-03-30,CA,9794,50115,10413,51377,5.1169083112109455,1.0632019603839078,-0.44096939131696011,2.8130488053910563,5459,4161,5348
2025-04-06,CA,9674,47981,10223,49371,4.959789125491004,1.0567500516849284,-0.4362935674403311,2.8711701467851962,5384,4289,5074
2025-04-13,CA,8350,42390,8781,43525,5.0766467065868222,1.0516167664670648,-0.39807049331396732,2.9285149700598794,4541,3708,4468
2025-04-20,CA,9503,47265,10089,48536,4.9736925181521592,1.0616647374513313,-0.2827354931178877,2.7933705145743426,4959,4459,4725
2025-04-27,CA,10890,55510,11451,56843,5.0973370064279155,1.0515151515151508,-0.331520153557519,2.8770798898071637,6001,5068,5495
2025-05-04,CA,10703,53197,11359,54259,4.9702887041016508,1.061291226758853,-0.034166503154588336,2.9281416425301328,6107,5350,5084
2025-05-11,CA,8348,43818,8860,45096,5.2489218974604723,1.0613320555821755,-0.039172181255321369,2.9547077144226139,4787,4213,3918
2025-05-18,CA,9096,47115,9580,48561,5.17974934036939,1.0532102022867198,-0.13322162946485547,2.9266930518909406,5153,4558,4355
2025-05-25,CA,10893,56695,11627,58881,5.2047186266409629,1.0673827228495363,0.18727965523288664,2.8999449187551645,5807,6199,4452
2025-06-01,CA,9441,48906,9996,50382,5.1801715919923756,1.0587861455354304,-0.061304024111669873,2.991028492744412,5399,4756,4390
2025-06-08,CA,9537,49385,10078,50496,5.1782531194295913,1.0567264338890638,-0.2954474974565065,3.0178043409877309,5414,4556,4762
2025-06-15,CA,146,779,163,779,5.3356164383561637,1.1164383561643836,0.057393548061020594,3.4904109589041092,58,71,64
2025-06-22,CA,174,899,187,899,5.1666666666666679,1.0747126436781609,-1.00539518783392,3.3890804597701152,77,56,118
2025-06-29,CA,4152,23330,4425,24168,5.6189788053949883,1.0657514450867043,-0.10727824506935792,3.3117774566473988,2300,2017,2039
2025-07-06,CA,7631,40304,8010,41365,5.2816144673044159,1.0496658367186473,-0.26781378624022789,3.1555759402437431,4451,3561,3883
2025-07-13,CA,7118,38328,7568,39292,5.38465861196965,1.0632200056195555,-0.1650123562647462,3.0254425400393368,4108,3412,3495
2025-07-20,CA,7909,42271,8393,43845,5.3446706283980294,1.0611961057023644,-0.26077590330129286,3.1965608800101148,4578,4028,3704
2025-07-27,CA,7488,39465,7927,40376,5.2704326923076934,1.0586271367521367,-0.21735511184251061,3.2465544871794858,4362,3377,3893
2025-08-03,CA,7110,37263,7491,38234,5.2409282700421951,1.0535864978902942,-0.044029855123136959,3.1127426160337555,4080,3653,3222
2025-08-10,CA,7207,39616,7764,40328,5.4968780352435145,1.0772859719716936,-0.43374349253804406,3.1818371028167038,4171,3213,3808
2025-08-17,CA,7821,39249,8215,40306,5.0184119677790573,1.0503771896176959,-0.48339756418412272,3.0045902058560277,4635,3462,4160
2025-08-24,CA,8142,41389,8493,42518,5.0833947433063145,1.0431098010316877,-0.091450151724913747,3.2755097027757309,4588,4218,3681
2025-08-31,CA,6918,36415,7285,37421,5.2638045677941578,1.0530500144550445,-0.065328652183605992,2.9832755131540911,4158,3343,3411
2025-09-07,CA,7372,38474,7790,39300,5.2189365165491042,1.0567010309278346,-0.211483024129294,3.2965816603364089,4281,3642,3556
2025-09-14,CA,8580,41639,8853,42677,4.8530303030303008,1.0318181818181822,0.056676903830701154,3.0546037296037296,5083,4575,3759
2025-09-21,CA,8609,44898,9079,46233,5.21523986525729,1.054594029504007,0.1220466369915726,3.1332791264955269,5005,4444,3875
2025-09-28,CA,8017,42681,8404,43853,5.32381189971311,1.0482724211051515,0.25425062322854985,3.1435324934514162,4676,4442,3428
2025-10-05,CA,8623,43639,9040,45066,5.0607677142525782,1.0483590397773401,0.13332652565573649,3.0582859793575334,5099,4668,3716
2025-10-12,CA,7578,37642,7993,38662,4.9672736869886513,1.0547637899181843,0.28344551092344361,3.1619820533122192,4158,4043,3214
2025-10-19,CA,8341,42522,8668,43829,5.0979498861047832,1.0392039323822089,-0.027823227984071094,3.1957678935379441,4903,4221,3906
2025-10-26,CA,9305,46024,9606,47850,4.94615797958087,1.0323481998925308,0.092213787245670031,3.0661579795808711,5072,4645,4421
2025-11-02,CA,8999,45778,9551,47127,5.0870096677408556,1.0613401489054344,0.45091611002187132,3.135570618957662,4816,4955,3781
2025-11-09,CA,9452,47547,9846,48548,5.0303639441388066,1.0416842996191285,0.239335064855585,3.0650021159542953,5644,5087,4216
2025-11-16,CA,8448,43129,8739,44320,5.105232007575756,1.0344460227272727,0.28617553303104165,3.1736032196969703,4905,4696,3549
2025-11-23,CA,8129,41351,8435,42616,5.0868495509902827,1.0376430065198672,0.207702402746629,3.1204576208635748,4578,4484,3449
2025-11-30,CA,7307,39512,7768,40840,5.4074175448200368,1.0630901874914465,0.28971068836314334,3.1929382783632123,4238,4057,3066
2025-12-07,CA,7396,39627,7786,40562,5.3578961600865336,1.0527312060573282,0.23779184572969855,3.2221200648999471,3981,4201,3031
2025-12-14,CA,6576,34952,6817,36123,5.3150851581508531,1.0366484184914839,-0.03700718060079207,3.2795924574209243,3758,3376,3011
2025-12-21,CA,4528,23843,4700,24697,5.2656802120141313,1.0379858657243815,-0.12012034629544985,3.1471510600706711,2546,2279,2092
2025-12-28,CA,4617,24636,4997,25167,5.3359324236517205,1.0823045267489713,-0.11808300990803308,3.2375351960147283,2409,2259,2230
2026-01-04,CA,6144,31135,6427,32036,5.0675455729166679,1.0460611979166665,-0.29820968089127819,3.1739746093749992,3365,2949,3014
2026-01-11,CA,8805,42348,9284,43499,4.8095400340715493,1.0544009085746726,-0.28163651306577564,3.0432140829074408,5041,4117,4440
2026-01-18,CA,9546,46762,9883,47693,4.8985962706892936,1.0353027446050704,-0.14998333427590679,3.0345380263984922,5438,4584,4733
2026-01-25,CA,9317,46528,9758,47859,4.9938821509069466,1.047332832456799,-0.16510423634295721,2.9921004615219493,5249,4459,4571
2026-02-01,CA,7626,39942,7905,41145,5.2376081825334362,1.0365853658536588,-0.26639198030812344,3.089942302648832,4438,3743,3720
2026-02-08,CA,8173,42983,8537,44100,5.2591459684326454,1.0445368897589622,-1.0141642486518245,3.1193441820628882,4587,3263,4755
2026-02-15,CA,7372,38706,7722,39729,5.250406945198046,1.0474769397721106,0.12925355622995408,3.1463917525773195,4102,3923,3267
2026-02-22,CA,7868,40518,8117,41798,5.1497203863751926,1.0316471784443315,-0.30647134368020651,3.13301982714794,4298,3705,3990
2026-03-01,CA,8620,42479,9020,43864,4.9279582366589345,1.046403712296984,-0.082158618850507084,2.9575638051044093,4677,4186,4267
2026-03-08,CA,8065,41631,8378,43192,5.1619342839429629,1.0388096714197146,-0.17815411215268112,3.0549783013019205,4502,3872,3958
2026-03-15,CA,7427,38510,7748,39618,5.1851353170863055,1.0432206812979667,-0.16469067343601287,3.1186347111889066,4035,3609,3586
2026-03-22,CA,7147,38409,7457,39264,5.3741429970617043,1.0433748425912968,-0.43076522341086926,2.9968798097103684,3964,3256,3761
2026-03-29,CA,6872,35713,7218,37066,5.1968859138533183,1.0503492433061699,0.14865178214945343,3.0980791618160644,3799,3838,2878
2026-04-05,CA,6777,35217,7113,36420,5.196547144754315,1.0495794599380248,0.13912632041127079,3.1383945698686739,3762,3645,2929
2026-04-12,CA,7230,38228,7598,39388,5.2874135546334733,1.0508990318118947,0.24975279802900291,3.1715076071922566,4363,4007,3058
2026-04-19,CA,7390,39517,7726,40480,5.347361299052773,1.0454668470906632,-0.27453305302958381,3.1505818673883623,4251,3449,3701
2026-04-26,CA,7052,38549,7410,39752,5.4663925127623365,1.0507657402155417,0.25849710729382191,3.2073312535450937,4131,3963,2926
2026-05-03,CA,8020,44320,8438,45636,5.5261845386533679,1.0521197007481293,-0.0376866461266034,3.039476309226933,4569,4077,3734
2026-05-10,CA,7226,38984,7544,40094,5.3949626349294224,1.0440077497924161,0.16371980222064306,3.0450318295045657,4232,3940,3160
2026-05-17,CA,6985,37075,7292,38275,5.3078024337866845,1.043951324266285,-0.10163762129100692,3.0040229062276302,4152,3566,3273
2026-05-24,CA,7774,40320,8132,41351,5.1865191664522774,1.0460509390275277,0.12089648446614011,3.0226524311808594,4490,4176,3304
2026-05-31,CA,7642,38641,7919,39972,5.0563988484689872,1.0362470557445693,0.22723816942832292,3.060847945563987,4158,4088,3335
2026-06-07,CA,7295,38005,7592,38815,5.2097326936257717,1.0407128169979432,0.13241598512831695,3.2835640849897185,4094,3968,3160
2026-06-14,CA,7916,40208,8364,41229,5.0793329964628642,1.0565942395149066,0.092101502307663688,3.1763137948458811,4232,4237,3459
2026-06-21,CA,6979,36090,7310,37170,5.1712279696231569,1.0474279982805554,0.16542753690610587,3.2940106032382861,3842,3939,2868
2026-06-28,CA,6560,34301,6823,35120,5.22881097560976,1.0400914634146343,0.2155152070479357,3.1231097560975596,3832,3651,2734
2026-07-05,CA,7080,36908,7387,37728,5.2129943502824858,1.0433615819209041,0.483601063264513,3.2326271186440678,3917,4184,2714
2026-07-12,CA,6429,33904,6759,34892,5.2736039819567573,1.051329911339244,-0.24267375584547468,3.2340643957069517,3573,3113,3156
2026-07-19,CA,7081,36443,7316,37222,5.1465894647648627,1.0331874029091934,0.10051017651175539,3.0816551334557252,4059,3716,3171
2026-07-26,CA,5945,30852,6196,31853,5.1895710681244767,1.042220353238015,0.17950399141924556,3.2061227922624056,3454,3287,2571
2026-08-02,CA,5597,29545,5877,30190,5.2787207432553123,1.0500268000714659,-0.11844742588380917,3.0887618366982306,3133,2655,2793
2026-08-09,CA,6750,34508,6972,35284,5.1122962962962957,1.0328888888888894,-0.099663172036649109,3.0934962962962946,3612,3301,3266
2026-08-16,CA,6890,34674,7213,35483,5.0325108853410736,1.046879535558781,-0.04562167241237447,3.1416981132075454,3805,3543,3170
2026-08-23,CA,3202,16197,3326,16623,5.05840099937539,1.038725796377264,-0.51643673074381835,3.1531230480949408,1681,1309,1773
2023-01-01,CH,10299,58959,10739,60651,5.7247305563647055,1.0427225944266436,-0.86616433861031839,2.8804058646470532,6358,3713,6339
2023-01-08,CH,11291,60854,11661,62787,5.3896023381454254,1.0327694624036847,-0.56500252187290734,2.9156584890620807,6988,4504,6399
2023-01-15,CH,10810,55119,11233,56884,5.0988899167437571,1.0391304347826087,-0.34835240512937671,2.9782701202590194,6523,4694,5806
2023-01-22,CH,8097,41407,8418,42602,5.1138693343213522,1.0396443127084116,-0.40121544276680693,3.0296529578856353,4740,3342,4541
2023-01-29,CH,9978,51917,10481,54098,5.2031469232311123,1.0504109039887759,-0.76351914061447734,2.9565744638204072,5817,3593,6160
2023-02-05,CH,10608,56169,11099,58055,5.2949660633484115,1.0462858220211169,-0.60109289931135768,3.0416289592760197,5925,4069,6233
2023-02-12,CH,11462,59788,12110,61531,5.2161926365381275,1.0565346361891468,-0.82578357644706213,2.8360757284941567,6779,4033,7090
2023-02-19,CH,13321,66181,13923,67392,4.9681705577659327,1.0451918024172353,-1.0774885197134874,3.2865850912093681,7741,4221,8674
2023-02-26,CH,13334,68802,13962,70603,5.1598920053997333,1.0470976451177441,-0.95415043922644238,3.0981250937453142,7831,4709,8252
2023-03-05,CH,12148,65257,12612,68241,5.3718307540335868,1.0381955877510705,-0.672001356408343,3.1480984524201512,6993,4896,6889
2023-03-12,CH,13248,69005,13949,71788,5.2087107487922655,1.0529136473429956,-0.5646800329057603,2.991719504830916,7505,5138,7603
2023-03-19,CH,16591,80928,17342,82833,4.8778253269845129,1.0452655053944917,-0.81982312253717848,2.948948224941232,9199,5741,10251
2023-03-26,CH,22262,108976,23561,112102,4.8951576677746829,1.0583505525110064,-0.36816682867210321,2.8902479561584755,12580,9371,12191
2023-04-02,CH,23394,111468,24697,114592,4.7648114901256724,1.0556980422330515,-0.48469475014801222,2.9069804223305127,13237,9125,13548
2023-04-09,CH,20642,101789,21703,103953,4.93115977133999,1.051400058133902,-0.789559732163569,2.9318961340955316,11784,7378,12685
2023-04-16,CH,17307,84333,18099,86249,4.8727682440630931,1.045761830473219,-0.54386310648122949,2.9790893857976544,10249,7153,9604
2023-04-23,CH,19139,91101,20058,93264,4.7599665604263581,1.0480171377814937,-0.37699397635430149,2.8875855582841319,11783,8017,10500
2023-04-30,CH,15943,76732,16841,78625,4.8128959417926369,1.0563256601643365,-0.46456711160857261,2.9168475192874617,9055,6635,8785
2023-05-07,CH,16072,79080,17121,81463,4.9203583872573438,1.0652687904430058,-0.647601029834706,2.8206819313091085,9392,6380,9218
2023-05-14,CH,16950,83965,18340,86519,4.9536873156342187,1.0820058997050155,-0.18836825768287263,3.0662005899705016,9830,7505,8906
2023-05-21,CH,16169,78567,16887,80683,4.8591131176943518,1.0444059620260997,-0.28509244854432647,2.8764920526934272,9657,6921,8730
2023-05-28,CH,15925,81762,17027,84388,5.1341915227629489,1.0691993720565143,-0.43587936004624384,2.8717174254317119,9484,7148,8264
2023-06-04,CH,14262,70766,14878,72364,4.9618566820922743,1.0431916982190439,-0.44330386206024625,2.9797083158042343,8388,5883,7899
2023-06-11,CH,16679,81242,17484,83336,4.8709155225133394,1.0482642844295231,0.020706782509917126,2.9128305054259829,9922,7726,8427
2023-06-18,CH,19106,89990,20278,92327,4.7100387312886,1.0613419868104252,-0.59474251915062826,2.8569559300743244,11144,7088,11355
2023-06-25,CH,15813,79635,16307,82444,5.0360462910263681,1.0312401188895217,0.19923371832878267,2.8468981217985192,9588,8130,7223
2023-07-02,CH,14319,73505,14956,75294,5.133389203156641,1.0444863468119288,-0.32464764869692841,2.8626370556603127,8637,6233,7576
2023-07-09,CH,15539,76427,16256,78968,4.9183988673659824,1.0461419653774375,-0.357165942015965,2.9414955917369223,9178,6492,8502
2023-07-16,CH,13168,65875,13627,67974,5.0026579586877276,1.0348572296476304,-0.34285936751036228,2.974293742405834,8082,5521,7211
2023-07-23,CH,14547,70375,15091,73011,4.8377672372310441,1.0373960266721667,0.015203683436542631,3.0392589537361645,9151,6878,7129
2023-07-30,CH,12062,61227,12463,63054,5.0760238766373744,1.0332449013430609,-0.13046430914418422,3.127582490465926,7510,5738,5920
2023-08-06,CH,12354,62203,12778,64749,5.035049376720087,1.034320867735147,-0.73771057299729792,2.9651529868868387,7335,4499,7364
2023-08-13,CH,12798,62836,13121,64969,4.9098296608845109,1.0252383184872633,-0.2547331766660143,3.03290357868417,7961,5686,6681
2023-08-20,CH,14273,69810,14747,71248,4.8910530372031129,1.0332095565052892,-0.010583354524344044,3.0858544104252794,8730,6520,7274
2023-08-27,CH,14976,78352,15773,80543,5.2318376068376029,1.0532184829059832,-0.51461815507168474,2.893342681623932,9135,5955,8430
2023-09-03,CH,17590,85429,18557,87653,4.8566799317794187,1.0549744172825466,-0.081112360039583026,2.8725866969869269,10252,8036,9056
2023-09-10,CH,17609,87058,18585,89317,4.9439491169288461,1.0554262025100796,0.287342667109909,2.9792208529729112,10539,9164,7832
2023-09-17,CH,18535,95140,19236,99652,5.1329916374426743,1.0378203398974915,0.25655035098773143,2.8466576746695447,11551,9251,8686
2023-09-24,CH,14600,72331,15157,74296,4.954178082191782,1.0381506849315063,0.21673364963744962,2.933657534246576,9051,7148,6974
2023-10-01,CH,10662,54713,11049,56054,5.1315888201087976,1.0362971299943728,-0.41394684778540874,3.1403676608516213,6266,4603,5697
2023-10-08,CH,11896,62422,12601,64081,5.2473100201748482,1.0592636180228645,-0.521327352441511,3.1653076664425019,7022,5199,6340
2023-10-15,CH,17539,87451,18451,89732,4.9860881464165585,1.0519984035577865,0.03665128305365007,2.8571868407548879,10973,8671,8304
2023-10-22,CH,16503,84003,17424,86608,5.09016542446828,1.0558080349027446,-0.2559635615417406,2.8977822214142877,9810,6989,8890
2023-10-29,CH,14230,71710,14947,73953,5.03935347856641,1.0503865073787777,-0.1581518999091234,2.8711946591707673,8648,6446,7280
2023-11-05,CH,14799,77121,15524,79820,5.2112304885465282,1.0489897966078796,0.060266324016323036,3.0104398945874715,8897,7067,7170
2023-11-12,CH,16902,85510,17762,87700,5.0591645959058082,1.0508815524789963,-0.4243174139872512,2.9350846053721447,9737,6846,9509
2023-11-19,CH,13262,66957,13674,69257,5.0487860051274325,1.0310662041924301,-0.4261672738017882,3.0361408535665806,8016,5657,7262
2023-11-26,CH,12372,64818,13078,66976,5.239088263821535,1.0570643388296148,-0.04163591437101416,3.0970740381506618,7736,5994,6047
2023-12-03,CH,12753,66560,13263,68914,5.2191641182466864,1.0399905904493063,0.080062207475579641,2.9685956245589273,7987,6438,6004
2023-12-10,CH,12792,64173,13448,66680,5.0166510318949369,1.0512820512820518,0.15784137245614124,2.9414008755472154,7598,6770,5664
2023-12-17,CH,10411,53334,10703,54632,5.1228508308519833,1.0280472577081938,-0.33192640508883825,3.224666218422823,6421,4759,5307
2023-12-24,CH,8272,43049,8468,44092,5.2041827852998086,1.0236943907156673,-0.18488946303678527,3.007664410058025,5119,3978,4085
2023-12-31,CH,7721,41434,7944,42520,5.3664033156326871,1.0288822691361221,-0.34360127673854035,3.0566895479860139,4589,3618,3888
2024-01-07,CH,11452,58942,12033,60887,5.1468739084876018,1.0507334963325183,-0.30199609805021149,3.0027593433461397,6655,4954,6144
2024-01-14,CH,12160,61372,12652,64377,5.04703947368421,1.0404605263157893,0.11123324326049909,2.947491776315788,7474,6028,5745
2024-01-21,CH,10759,55776,11169,57303,5.1841249186727412,1.038107630820708,0.14324218172783229,3.1338693187099165,6748,5442,4989
2024-01-28,CH,10278,53528,10505,56137,5.2080171239540771,1.0220860089511583,-0.038692923627610322,3.0906304728546408,6205,4802,5129
2024-02-04,CH,9365,50693,9676,52109,5.4130272290443129,1.0332087560064072,0.066652945081232318,3.0756219967965825,5981,4613,4522
2024-02-11,CH,6819,35469,7012,36144,5.2014958205015409,1.0283032702742341,-0.12685053923515044,3.0430415016864631,4300,2924,3715
2024-02-18,CH,10042,50995,10434,52196,5.0781716789484168,1.0390360485958974,-0.069749934023433324,2.9133041226847238,6124,4808,4910
2024-02-25,CH,9731,50959,10013,52325,5.2367690884801155,1.0289795498920979,0.14471882676062695,2.9577638474976884,6063,4826,4584
2024-03-03,CH,11020,57833,11471,59988,5.2480036297640646,1.0409255898366605,-0.24842498794878695,2.9412068965517237,6907,4991,5677
2024-03-10,CH,10077,53542,10393,55079,5.3132876848268324,1.0313585392477924,-0.39099207384219187,2.8235089808474743,6179,4164,5611
2024-03-17,CH,12723,61822,13227,63808,4.8590741177395262,1.0396132987502951,-0.31699319486652366,2.7898137231784959,7528,5759,6526
2024-03-24,CH,12151,61784,12507,63705,5.0846843881162043,1.0292980001645953,-0.32162669017665063,2.8138424821002386,7481,5527,6297
2024-03-31,CH,12927,62583,13430,64324,4.841262473891855,1.0389108068384,-0.27835675369835461,2.6766225729094137,7900,5361,7218
2024-04-07,CH,14828,71998,15307,74306,4.8555435662260571,1.0323037496628005,-0.082055976278680789,2.8302805503102237,9234,6755,7633
2024-04-14,CH,12671,64104,13136,65470,5.0591113566411527,1.036697971746509,-0.20406958210375689,2.8696077657643433,7838,5558,6640
2024-04-21,CH,14671,74063,15341,76171,5.0482584690886787,1.0456683252675361,-0.60392503350487148,3.0098357303523975,8970,5699,8547
2024-04-28,CH,12141,62206,12518,64063,5.1236306729264465,1.0310518079235649,-0.18548199973843893,2.9496581830162261,7575,5445,6353
2024-05-05,CH,14027,69481,14492,71146,4.9533756327083474,1.0331503528908539,0.10719401617342864,2.9104084978969116,8520,6797,6868
2024-05-12,CH,14625,76153,15147,78537,5.2070427350427391,1.0356923076923075,-0.08390425794042633,3.1099418803418821,9088,7000,7058
2024-05-19,CH,12047,63615,12468,65480,5.2805677762098453,1.0349464596995106,-0.28911990781374958,3.0097451647713132,7323,5291,6456
2024-05-26,CH,15366,75747,15897,78689,4.9295197188598223,1.0345568137446306,0.31315227895496339,3.0227970844722143,9637,8067,6794
2024-06-02,CH,12886,64769,13326,66647,5.0263076206735988,1.0341455843551139,0.18865346565576296,2.868555020952972,7982,6372,6151
2024-06-09,CH,11592,56469,11962,57871,4.8713768115942013,1.0319185645272606,-0.064041609244201284,2.9185127674258107,6887,5462,5807
2024-06-16,CH,14550,69830,15079,72660,4.7993127147766321,1.0363573883161512,-0.23948718430633634,2.8568384879725079,8669,6315,7791
2024-06-23,CH,12048,61252,12388,63035,5.0839973439575026,1.0282204515272244,0.33694423194408957,2.9477174634794161,7681,6313,5439
2024-06-30,CH,12427,62415,12825,64954,5.0225315844532048,1.0320270379013443,0.34022345901965323,2.9916311257745214,7702,6555,5497
2024-07-07,CH,13419,66335,13745,68304,4.9433638870258569,1.0242939116178555,0.29181192997060496,3.0822117892540417,8304,6610,6318
2024-07-14,CH,10039,51457,10280,52865,5.1257097320450224,1.0240063751369655,0.01360082301598969,3.0871600757047535,6214,4627,5126
2024-07-21,CH,13285,64021,13726,65886,4.8190440346255157,1.033195333082424,-0.17887949584270033,3.1173579224689494,8317,5962,6841
2024-07-28,CH,10125,49392,10340,51080,4.8782222222222194,1.0212345679012353,-0.16738958136280482,3.0909728395061729,6020,4650,5139
2024-08-04,CH,8579,43704,8911,44976,5.0943000349691117,1.0386991490849753,-0.033089285844849915,3.0627578971908154,5069,4029,4314
2024-08-11,CH,8656,44226,8914,45455,5.1092883548983341,1.0298059149722747,-0.089514801578591707,2.9561806839186708,5578,4088,4400
2024-08-18,CH,10797,55417,11160,57844,5.1326294341020677,1.033620450125035,0.37638953251341445,2.9535982217282548,6957,5666,4689
2024-08-25,CH,11928,59405,12440,61976,4.980298457411136,1.0429242119382962,-0.17924904524949989,2.9364268947015417,7379,5414,6152
2024-09-01,CH,13138,67296,13651,70200,5.1222408281321377,1.0390470391231541,0.73737093346997973,3.0243416045060139,8407,7662,5043
2024-09-08,CH,13891,68492,14386,70481,4.9306745374703045,1.0356345835433012,0.50452008332450349,3.0159455762724057,8844,7550,5922
2024-09-15,CH,10026,51137,10310,52131,5.1004388589666911,1.028326351486136,-0.062686692861713286,3.023459006582883,6296,4733,5116
2024-09-22,CH,11357,59375,11850,61459,5.2280531830589076,1.04340935106102,0.34648044980399861,2.9762173109095715,7114,5817,5235
2024-09-29,CH,8678,44579,8978,45586,5.137013136667437,1.034570177460244,-0.13113055128699719,3.0268725512790962,5239,3919,4543
2024-10-06,CH,9635,48475,9924,50052,5.0311364815775841,1.0299948105864036,-0.1670576929734591,2.9967825635703158,5914,4521,4908
2024-10-13,CH,12827,62763,13298,64904,4.8930381227099069,1.0367194199734941,0.58108378510026293,2.9813518359709983,8105,7325,5172
2024-10-20,CH,11772,57632,12081,59127,4.8956846755011867,1.0262487257900097,0.34090331544671454,3.0613489636425437,7375,6142,5235
2024-10-27,CH,9871,50782,10059,52137,5.14456488704285,1.0190456893931721,0.42231784151526408,3.0901124506129074,6269,5077,4373
2024-11-03,CH,11385,56803,11740,58771,4.989284145805887,1.0311813790074666,0.78888635675126517,2.9114097496706188,7418,6667,4459
2024-11-10,CH,11953,60540,12417,62263,5.0648372793440952,1.0388187066008536,0.46378767123719944,2.9347444156278759,7579,6197,5327
2024-11-17,CH,12418,62671,12917,64140,5.0467869222096926,1.0401836044451598,-0.012518773932111871,2.899855049122241,7504,5953,6153
2024-11-24,CH,11285,57937,11672,60070,5.1339831634913624,1.0342933097031455,0.066800939851394583,3.1012494461674782,7238,5476,5466
2024-12-01,CH,11296,57216,11597,59362,5.06515580736544,1.0266466005665729,0.40041302816885355,2.9453700424929181,7023,6133,4935
2024-12-08,CH,9866,50973,10067,52968,5.1665315224001604,1.0203729981755529,0.35970371385605937,2.9437259274275287,6295,5181,4395
2024-12-15,CH,10560,52494,10841,54171,4.971022727272727,1.0266098484848487,0.43375912023193675,3.1481818181818171,6439,5696,4652
2024-12-22,CH,8048,41351,8278,42175,5.13804671968191,1.0285785288270377,0.14726753026107114,2.9766898608349912,5041,3870,3950
2024-12-29,CH,6989,35809,7122,36831,5.1236228358849605,1.0190299041350694,0.029374450975670461,3.1030619544999283,4247,3452,3378
2025-01-05,CH,10133,50484,10471,51666,4.9821375703148147,1.0333563604065921,-0.33940682048625276,3.1681140827000873,6309,4426,5442
2025-01-12,CH,11362,58720,11705,60354,5.1681042070058076,1.0301883471219859,0.059940403610507648,2.9068649885583526,7067,5478,5523
2025-01-19,CH,12824,63419,13325,66612,4.9453368683718022,1.0390673736743608,0.029875797565065504,3.0206877729257626,7893,5812,6569
2025-01-26,CH,9927,51917,10333,53146,5.2298781102044929,1.0408985594842346,0.26605470298374834,3.0732849803566031,5680,4912,4748
2025-02-02,CH,11288,55616,11665,57458,4.9270021261516677,1.0333982990786688,-0.11747872234006686,3.0503543586109161,7131,4811,6140
2025-02-09,CH,9706,48871,9929,49991,5.0351329074799054,1.0229754790851027,-0.12328842989760283,3.0277972388213468,5961,4290,5096
2025-02-16,CH,10931,54568,11280,56802,4.992040984356418,1.0319275455127623,-0.1737255603163527,2.9580825176104657,6784,4932,5655
2025-02-23,CH,9541,48697,9845,50347,5.1039723299444493,1.0318624882087837,-0.38332391025178941,3.0802536421758728,5853,4080,5173
2025-03-02,CH,9253,49573,9512,52409,5.3575056738355107,1.0279909218631795,-0.16749031431900591,3.0739327785583055,5646,4265,4749
2025-03-09,CH,9489,49379,9844,51512,5.2038149436189265,1.0374117399093692,-0.51527745872699926,3.0570344609547897,5959,3822,5344
2025-03-16,CH,10376,52097,10635,54606,5.0209136468774114,1.024961449498843,-0.055693775260664762,2.9991229760986897,6536,4853,5205
2025-03-23,CH,11810,58189,12121,59912,4.9270956816257412,1.0263336155800167,0.20283078156805748,2.9409991532599489,7465,6029,5396
2025-03-30,CH,11816,58469,12206,60453,4.9482904536222048,1.0330060934326337,-0.33463964189145662,3.1144380501015574,6734,5162,6400
2025-04-06,CH,14245,70925,15052,72682,4.9789399789399766,1.0566514566514569,-0.78429932971648963,2.991189891189892,8491,4959,8824
2025-04-13,CH,14526,69492,15046,71708,4.7839735646427153,1.03579787966405,0.27336541995658103,2.9666460140437834,8752,6971,7233
2025-04-20,CH,13711,68679,14206,71449,5.0090438334184242,1.0361023995332213,0.08585598387896759,3.0993435927357598,8627,6557,6732
2025-04-27,CH,11743,59034,12056,61121,5.0271651196457459,1.0266541769564845,0.067344933230589127,2.9818274716852589,6866,5543,5888
2025-05-04,CH,12350,62168,12916,63908,5.0338461538461523,1.0458299595141702,-0.29288421481196347,3.0654817813765183,7579,5229,6663
2025-05-11,CH,13180,67014,13503,69813,5.0845220030348992,1.0245068285280727,0.50948205158295823,3.0885584218512911,8273,7263,5539
2025-05-18,CH,13376,65390,13586,68113,4.8886064593301413,1.0156997607655505,0.50843872182116223,3.089383971291864,8047,7431,5630
2025-05-25,CH,12481,62761,12844,65267,5.02852335550036,1.0290842079961544,0.34417617305154113,2.9678070667414462,7399,6444,5732
2025-06-01,CH,10562,53242,10914,54140,5.0409013444423447,1.0333270213974621,-0.4184699039934035,2.9562772202234413,6443,4373,5954
2025-06-08,CH,10035,53777,10355,55181,5.35894369706029,1.0318883906327854,0.12790148192624981,3.03542600896861,6192,4921,4817
2025-06-15,CH,131,709,132,717,5.4122137404580144,1.0076335877862594,0.15792721989353983,3.9664122137404583,83,75,51
2025-06-22,CH,149,694,152,704,4.6577181208053693,1.0201342281879195,-1.0720360180469157,3.2268456375838928,95,49,99
2025-06-29,CH,6491,33651,6711,34646,5.1842551224772748,1.033893082729934,0.11299757636802225,2.954460021568325,3916,3140,3131
2025-07-06,CH,11566,58165,11964,60077,5.0289642054297063,1.0344112052567882,0.099880683814903767,2.9452014525332859,7411,5622,5662
2025-07-13,CH,13504,66350,14099,68596,4.91335900473934,1.0440610189573458,0.1668777881694323,3.0412100118483409,8320,6703,6254
2025-07-20,CH,10937,57811,11391,60214,5.285818780287098,1.0415104690500143,-0.16167209372898378,3.2608119228307579,6664,5015,5515
2025-07-27,CH,10449,53788,10893,56056,5.1476696334577454,1.042492104507609,-0.14778819578417385,3.2541008708967354,6438,4806,5314
2025-08-03,CH,9172,46763,9459,48035,5.0984518098560851,1.0312908853030973,-0.63522042940992374,3.0681530745747931,5605,3647,5287
2025-08-10,CH,9148,45860,9541,48045,5.0131176213379982,1.0429602098819408,-0.33214206560994514,2.9628224748578931,5643,3762,5109
2025-08-17,CH,12238,56210,12820,57798,4.5930707631966019,1.0475567903252172,0.10631303265407242,2.9252328811897375,7714,5984,5883
2025-08-24,CH,13506,65638,13987,67765,4.8599141122464067,1.0356138012735085,0.17867481099331,2.9746409003405896,8663,6810,6195
2025-08-31,CH,25336,117169,26395,120225,4.6246053047047715,1.0417982317650778,0.29725878682049356,2.9869316387748697,16140,13295,10999
2025-09-07,CH,10681,54357,11045,55954,5.0891302312517537,1.034079206066848,-0.072226355557064026,2.9424304840370761,6698,4998,5304
2025-09-14,CH,12900,65842,13413,67695,5.1040310077519386,1.039767441860465,0.33855085433168042,3.028255813953487,8253,6607,5909
2025-09-21,CH,11076,57449,11579,59880,5.1868002889129654,1.0454135066811119,0.52320596280888565,2.9577103647526184,7047,5999,4742
2025-09-28,CH,8234,43147,8509,44700,5.2401020160310914,1.0333981054165653,0.272858894217589,3.0343453971338357,5224,4234,3773
2025-10-05,CH,8284,42027,8501,43536,5.0732737807822321,1.0261950748430717,0.047263778754213344,3.0717044905842594,5150,3981,4037
2025-10-12,CH,11689,61233,12196,63352,5.2385148430148005,1.0433741124133793,-0.37994536170270232,2.8843699204380191,7162,5096,6329
2025-10-19,CH,11241,54301,11650,55746,4.8306200515968358,1.0363846632861853,-0.19010096341505359,2.946161373543279,6891,4840,5969
2025-10-26,CH,16965,79878,18151,82235,4.7083996463306814,1.0699086354258769,0.22177893368029658,2.9039669908635428,10226,8142,8207
2025-11-02,CH,11519,57974,12079,60009,5.0329021616459784,1.0486153311919437,0.62726812277054667,3.0243944786873871,7619,6206,4952
2025-11-09,CH,9664,50145,9906,51894,5.1888451986754962,1.0250413907284766,0.052271444447986433,2.7796668046357609,6294,4812,4588
2025-11-16,CH,9800,50000,10181,51730,5.1020408163265287,1.0388775510204085,0.00037358979378178121,2.9521122448979593,5962,4811,4691
2025-11-23,CH,9018,46019,9327,48659,5.1030161898425375,1.0342648037258821,0.16693933068089051,2.9072743402084735,5762,4406,4374
2025-11-30,CH,8490,43866,8844,44732,5.1667844522968194,1.0416961130742053,0.36045836704452411,2.9196819787985886,5408,4584,3709
2025-12-07,CH,8568,44512,8835,45421,5.1951447245564912,1.0311624649859941,-0.089576370537260114,3.1214635854341726,5424,4199,4141
2025-12-14,CH,7523,39690,7761,40897,5.2758208161637654,1.031636315299747,-0.24677397063012543,2.8808321148478,4591,3540,3785
2025-12-21,CH,6142,32320,6327,33414,5.2621295994789961,1.0301204819277108,0.086062499326314448,2.9207261478345803,3693,3117,2876
2025-12-28,CH,7278,37960,7585,39239,5.2157186040120918,1.0421819181093708,-0.078072021500689565,3.00658147842814,4325,3626,3487
2026-01-04,CH,10946,54330,11291,56115,4.9634569705828611,1.0315183628722828,-0.17703570103878291,2.8935410195505189,6638,5121,5558
2026-01-11,CH,9952,50477,10385,52785,5.0720458199356919,1.0435088424437304,-0.066009922113527048,2.78870578778135,6075,4677,5027
2026-01-18,CH,9224,47572,9491,49556,5.1574154379878552,1.0289462272333043,-0.3899220895570325,2.954683434518647,5601,3925,4985
2026-01-25,CH,11686,58550,12312,60194,5.0102686975868584,1.0535683724114324,-0.17402950261952896,2.95,7094,5307,6029
2026-02-01,CH,9979,49755,10375,51891,4.9859705381300721,1.0396833350035077,-0.019634330812758571,2.9456358352540328,6230,4830,4898
2026-02-08,CH,9253,48457,9574,50151,5.2368961417918509,1.0346914514211603,0.05093381708008899,3.0272668323786887,5742,4505,4554
2026-02-15,CH,7188,37634,7349,39182,5.2356705620478587,1.0223984418475234,-0.075934764418489162,2.9515303283249854,4264,3314,3702
2026-02-22,CH,8210,42086,8499,43078,5.1261875761266769,1.0352009744214377,-0.028441702716557236,2.9694153471376357,5082,3719,4285
2026-03-01,CH,7436,40776,7735,42428,5.4835933297471788,1.0402097902097893,-0.46791397663462719,3.0128967186659494,4548,3111,4118
2026-03-08,CH,7997,43385,8228,45423,5.4251594347880454,1.0288858321870709,-0.083472110594258561,2.8839689883706385,4975,3677,4031
2026-03-15,CH,8649,44858,9137,46250,5.18649554861834,1.056422707827495,-0.46582382640305986,3.0191582841947038,5236,3431,4998
2026-03-22,CH,7329,37869,7504,39107,5.1670077773229659,1.0238777459407833,-0.075123942564668311,2.9212716605266746,4759,3361,3769
2026-03-29,CH,7940,40274,8255,41554,5.0722921914357659,1.0396725440806043,-0.3474302295492957,2.9693828715365238,4590,3461,4187
2026-04-05,CH,7914,41533,8326,42548,5.2480414455395463,1.0520596411422798,-0.19520977322591665,3.0315769522365423,4788,3551,4135
2026-04-12,CH,9446,47234,9796,49719,5.0004234596654662,1.0370527207283513,0.027595341423378345,2.8935845860681777,6210,4599,4614
2026-04-19,CH,8191,42051,8555,43847,5.1338053961665224,1.0444390184348671,0.25933438174716733,2.9288609449395677,5200,4186,3799
2026-04-26,CH,7760,39973,8038,41333,5.1511597938144309,1.0358247422680416,0.39779172738245977,2.979239690721649,5126,4249,3313
2026-05-03,CH,9020,46225,9422,47492,5.1247228381374725,1.0445676274944566,-0.51347952966798982,3.0934589800443457,5571,3860,4963
2026-05-10,CH,18819,92280,19978,94801,4.9035549179021176,1.0615866942983161,-0.54550869129738,2.9621871512832767,11398,7286,10776
2026-05-17,CH,14301,71701,14786,74239,5.0137053352912435,1.0339137123278102,0.10623531152242285,3.0610656597440751,8950,7081,6699
2026-05-24,CH,11437,57469,11790,58702,5.02483168663111,1.0308647372562736,0.56303613332347668,2.9428084287837715,6938,6339,4718
2026-05-31,CH,8468,45118,8748,46380,5.328058573453001,1.0330656589513463,0.29120410947083547,3.091544638639586,5319,4411,3785
2026-06-07,CH,8542,43981,8733,45666,5.1487941933973351,1.02236010302037,0.57158066965964494,3.0541559353781307,5421,4983,3311
2026-06-14,CH,7192,39134,7351,40175,5.4413236929922126,1.0221078976640718,0.8062914016461119,3.1204532814238042,4610,4257,2734
2026-06-21,CH,8521,44668,8821,47037,5.2421077338340583,1.0352071353127572,0.806039425980397,2.9896960450651342,5564,5111,3212
2026-06-28,CH,8445,44865,8631,46744,5.3126110124333943,1.0220248667850804,0.29321506714682055,2.9215512137359383,5307,4460,3804
2026-07-05,CH,8161,43700,8367,45072,5.3547359392231355,1.025242004656292,-0.0068351816634484239,3.0201445901237594,5124,3947,3937
2026-07-12,CH,8209,44093,8462,45844,5.3712997929102162,1.0308198318918265,0.30529327798021866,3.0398708734315991,5136,4522,3504
2026-07-19,CH,9517,51211,9909,53261,5.3810024167279629,1.0411894504570769,-0.026709791908648587,2.9137333193233164,5877,4513,4752
2026-07-26,CH,7550,41179,7739,42513,5.4541721854304637,1.0250331125827814,0.15733685096606234,3.1903443708609269,4646,3889,3492
2026-08-02,CH,6221,34146,6327,35055,5.48882816267481,1.0170390612441735,0.023288083109756972,2.9989069281466016,3719,3093,2974
2026-08-09,CH,6284,34512,6454,35426,5.4920432845321461,1.0270528325907069,-0.20601615990154099,3.1328294080203691,3847,2870,3290
2026-08-16,CH,7698,39404,7890,41133,5.11873213821772,1.0249415432579891,-0.12159653210209696,3.1106651078202132,4608,3729,3749
2026-08-23,CH,3427,18066,3575,19363,5.2716661803326508,1.0431864604610444,0.091774855641594585,3.0809746133644591,2087,1729,1618
2023-01-01,FR,5702,33397,5966,34208,5.8570676955454237,1.0462995440196434,-1.0597953297794023,2.8099438793405827,3674,2107,3450
2023-01-08,FR,6376,35911,6606,36577,5.6322145545796758,1.0360727728983694,-1.294260482589908,2.7074811794228384,3902,2214,4006
2023-01-15,FR,6513,38678,6777,39229,5.9385843697220952,1.0405343159834184,-1.2252448727530014,2.5205895900506672,4175,2176,4057
2023-01-22,FR,7246,41935,7537,42754,5.7873309412089453,1.0401600883245927,-0.87431832304943791,2.8747998895942586,4763,2748,4268
2023-01-29,FR,6934,39758,7195,40485,5.7337755985001433,1.0376406114796655,-1.0129286423164212,2.6162388231900762,4537,2479,4247
2023-02-05,FR,7856,44082,8194,44796,5.6112525458248488,1.0430244399185333,-0.82431269863770862,2.5762856415478637,4870,2995,4583
2023-02-12,FR,6304,36251,6504,36934,5.7504758883248721,1.031725888324873,-0.6462493022585637,2.5876586294416231,4022,2590,3509
2023-02-19,FR,6026,34088,6189,34724,5.6568204447394619,1.0270494523730507,-0.913037405979616,2.820444739462328,3674,2288,3525
2023-02-26,FR,6733,38715,7004,39471,5.750037130551017,1.0402495173028365,-0.55234275751281148,2.6709342046635984,4116,2696,3803
2023-03-05,FR,6697,40903,7073,41876,6.1076601463341813,1.0561445423323872,-1.1318890444243666,2.1702553382111396,4232,2259,4252
2023-03-12,FR,6930,45063,7214,46122,6.5025974025974085,1.0409812409812407,-1.5860969071476236,2.0367099567099562,4535,2322,4489
2023-03-19,FR,10770,64159,11380,65588,5.95719591457753,1.0566388115134635,-1.7233634435844776,1.693686165273909,6591,3345,7192
2023-03-26,FR,10845,67078,11246,68737,6.1851544490548669,1.0369755647763952,-1.63358662383086,2.1009036422314438,6990,3668,6902
2023-04-02,FR,10894,62782,11227,64475,5.762988801174961,1.030567284743896,-1.1349298586473398,2.5278410134018738,6726,3909,6607
2023-04-09,FR,10459,61518,10897,62661,5.8818242661822335,1.0418778085859071,-0.974486844116857,2.3295439334544406,6742,3984,6218
2023-04-16,FR,9553,55872,9889,57114,5.8486339369831493,1.0351721972155348,-1.1739543625152016,2.580498272793887,6119,3480,5792
2023-04-23,FR,9173,52121,9739,53343,5.68200152621825,1.0617028235037609,-0.91941494332387652,2.9244849013408913,6019,3615,5209
2023-04-30,FR,8217,47887,8464,48790,5.82779603261531,1.030059632469271,-0.66627530732312235,2.3088961908239014,5426,3524,4490
2023-05-07,FR,8035,45094,8321,46666,5.6121966397013061,1.0355942750466718,-0.77286683442352355,2.7955569383945233,5143,3451,4366
2023-05-14,FR,11112,58334,11957,59287,5.2496400287976916,1.0760439164866806,-0.48901095819090989,2.8140478761699059,6966,4852,5939
2023-05-21,FR,9050,49220,9348,50083,5.438674033149173,1.03292817679558,-0.41878750665132697,2.8612265193370154,6009,4105,4709
2023-05-28,FR,7291,40891,7499,41667,5.6084213413797848,1.0285283225894941,-0.21683132437897959,2.9084350569194894,4764,3445,3610
2023-06-04,FR,9265,53616,9727,54780,5.786940097139774,1.0498650836481382,-0.7606212961612151,2.6802914193200218,5920,3998,4958
2023-06-11,FR,8967,49643,9259,50771,5.5361882457901173,1.0325638452102162,-0.09535584872768095,2.7588156574105045,6050,4360,4318
2023-06-18,FR,13069,70564,13697,72339,5.3993419542428631,1.0480526436605715,-0.25259136184202524,2.8837860586119821,8463,5992,6583
2023-06-25,FR,9929,60412,10419,61331,6.0843992345654136,1.0493503877530463,-1.9443354562192308,2.2572766643166471,6321,3536,6162
2023-07-02,FR,10674,67416,11190,68719,6.3159078133783044,1.0483417650365374,-2.219547185930105,2.20215476859659,6959,3566,6873
2023-07-09,FR,10380,57314,10739,58473,5.5215799614643526,1.0345857418111764,0.067026343352898921,2.8107803468208097,6670,5614,4443
2023-07-16,FR,7556,42710,7731,43464,5.6524616199047131,1.0231604023292753,-0.18207372891486476,2.8705267337215465,5067,3613,3722
2023-07-23,FR,7994,44972,8324,45777,5.6257192894671011,1.0412809607205409,-0.48775398274861159,2.8615211408556411,5142,3414,4353
2023-07-30,FR,8348,46992,8595,47842,5.6291327264015365,1.0295879252515578,-1.4618663898339301,2.688895543842837,5085,2468,5669
2023-08-06,FR,6949,39216,7248,39872,5.6434019283350114,1.0430277737804,-1.3410385866428141,2.9690602964455324,4285,2327,4466
2023-08-13,FR,5917,34396,6164,34968,5.8130809531857359,1.0417441270914307,-1.0857959759712927,2.9080277167483524,3845,2182,3572
2023-08-20,FR,6097,34021,6265,34593,5.5799573560767595,1.0275545350172222,-0.67576053174219441,2.7994751517139571,3829,2477,3446
2023-08-27,FR,7909,46438,8235,47470,5.8715387533190055,1.0412188645846507,-1.1335087808954731,2.5693007965608796,5224,2530,5136
2023-09-03,FR,8420,47626,8641,48739,5.6562945368171036,1.0262470308788598,-0.6526681663946361,2.89437054631829,5577,3502,4688
2023-09-10,FR,9653,51847,10030,52678,5.3710763493214539,1.0390552159950279,-0.58294910585309834,2.9710763493214536,6124,4087,5282
2023-09-17,FR,10473,60499,11110,61885,5.7766638021579295,1.0608230688436937,-0.87058439705482726,2.7696648524778,6518,4088,6067
2023-09-24,FR,9488,56354,9820,57517,5.93950252951096,1.0349915682967961,-0.67929506644994453,3.2051011804384473,6259,3796,5448
2023-10-01,FR,8399,48388,8629,49397,5.76116204310037,1.0273842124062396,-0.60559598311731466,3.048077152041909,5425,3473,4693
2023-10-08,FR,8912,50610,9207,51477,5.6788599640933546,1.0331014362657089,-1.4584895878605144,2.7610076301615796,5651,3265,5408
2023-10-15,FR,9223,53201,9651,54044,5.76829664968015,1.0464057248183882,-1.6777173598597053,2.7117749105497131,5821,3312,5664
2023-10-22,FR,9107,48554,9580,49487,5.3315032392664969,1.0519380696167782,-1.5956174664441933,2.9304051828263957,5443,3037,5848
2023-10-29,FR,7413,41351,7678,42168,5.5781734790233353,1.0357480102522594,-0.715036987560276,2.7835694050991497,4633,3211,4022
2023-11-05,FR,9125,52610,9561,53629,5.7654794520548007,1.0477808219178077,-0.93344527353417017,2.8034630136986296,5783,3399,5516
2023-11-12,FR,8394,49296,8890,50799,5.8727662616154381,1.0590898260662378,-0.90573641900969615,2.4593876578508445,5426,3267,4861
2023-11-19,FR,7718,44313,7984,45208,5.7415133454262746,1.0344648872764974,-0.679499317997454,3.0511401917595222,5029,3232,4290
2023-11-26,FR,8801,50416,9257,51437,5.7284399500056828,1.0518122940574932,-0.78897840974532463,2.9179752300874897,5545,3722,4864
2023-12-03,FR,7578,44625,7805,45310,5.8887569279493261,1.0299551332805497,-1.0512539160985273,3.0113090525204527,4886,3014,4290
2023-12-10,FR,8251,48310,8524,49140,5.8550478729850939,1.03308689855775,-1.0986004956433486,3.0248697127620892,5254,3029,5008
2023-12-17,FR,7891,46461,8254,47436,5.8878469142060554,1.0460017741731091,-1.3780268988290505,3.0861614497528835,5146,2662,5039
2023-12-24,FR,5139,30073,5359,30632,5.8519167153142648,1.0428098851916714,-1.1284388927185931,2.86450671336836,3312,1898,3114
2023-12-31,FR,4774,27954,4958,28476,5.8554671135316294,1.038542103058232,-0.72582478981832665,3.0280268118977789,3099,1942,2699
2024-01-07,FR,6732,40409,7064,40995,6.0025252525252526,1.04931669637552,-0.5902985270426776,2.8724301841948896,4606,2865,3683
2024-01-14,FR,7521,44167,7800,45666,5.8724903603244245,1.0370961308336655,-0.75675372479319114,3.0089748703629828,5054,3125,4118
2024-01-21,FR,9163,51835,9430,52918,5.6569900687547729,1.0291389282985932,-0.813109617376538,2.5971952417330573,6163,3939,5024
2024-01-28,FR,10671,62139,11097,63380,5.8231655889794753,1.0399212819791959,-1.840134134367249,2.4495548683347383,6913,2949,7493
2024-02-04,FR,8142,47834,8487,48831,5.8749692950135088,1.0423728813559319,-1.2551650795561089,2.7104519774011293,5384,2879,4969
2024-02-11,FR,8782,50817,9203,51926,5.7864951036210437,1.047938966066956,-0.607779420823849,2.9613299931678436,5799,3779,4771
2024-02-18,FR,9067,51857,9446,52901,5.7193117900077244,1.0417999338259623,-1.1239781094951762,2.7847689423182973,6008,3315,5517
2024-02-25,FR,11371,64453,11883,65547,5.6681910122240788,1.0450268226189432,-1.2071815712052592,3.2008706358279846,7260,3661,7421
2024-03-03,FR,9382,54568,9701,56189,5.816243871242806,1.0340012790449802,-0.65863853550484219,2.990119377531443,6192,3734,5360
2024-03-10,FR,8150,46249,8378,46808,5.674723926380369,1.0279754601227002,-0.69721084381413212,3.128049079754601,5303,3279,4603
2024-03-17,FR,7977,46704,8167,47629,5.8548326438510694,1.0238184781246087,-0.7104327330023944,3.4117337344866483,5240,3086,4615
2024-03-24,FR,7897,46098,8160,46958,5.8374066101051012,1.0333037862479422,-0.78182209372711109,3.0665062682031143,5187,3287,4372
2024-03-31,FR,8110,46069,8331,46724,5.6805178791615276,1.027250308261406,-1.1747275370550663,3.1272626387176325,5534,2941,4967
2024-04-07,FR,7925,45870,8176,46983,5.7880126182965315,1.0316719242902213,-0.77919835581142416,3.0492113564668784,5218,3346,4364
2024-04-14,FR,7215,42534,7386,43550,5.8952182952182941,1.0237006237006232,-1.0040035389916653,2.9255717255717246,4756,2871,4101
2024-04-21,FR,7378,44257,7593,45404,5.9985090810517745,1.0291406885334786,-0.86653117862913676,2.8121306587150992,4902,3050,4114
2024-04-28,FR,8568,49819,8792,50819,5.8145424836601318,1.0261437908496738,-1.1442747413238381,2.6207516339869281,5752,3001,5266
2024-05-05,FR,10357,57909,10685,59167,5.59129091435744,1.0316694023365838,-0.50644876777929015,2.8612436033600455,6983,4272,5775
2024-05-12,FR,9492,55679,9887,56666,5.8658870627897173,1.0416139907290349,-1.1740297991148037,2.8936788874841981,6196,3907,5349
2024-05-19,FR,9224,52763,9641,55611,5.7201864700780591,1.0452081526452739,-1.1966472253126355,2.8435711188204693,5950,3373,5592
2024-05-26,FR,9685,54432,10042,55460,5.6202374806401654,1.036861125451731,-0.66500592145133119,3.0056582343830676,6289,3934,5375
2024-06-02,FR,15805,79505,16943,81667,5.0303701360329027,1.07200253084467,-0.64771176033494338,3.0188611198987658,9296,6005,9335
2024-06-09,FR,11036,63283,11396,64429,5.7342334179050365,1.032620514679232,-0.634279718826217,2.8519572308807559,6951,4485,6131
2024-06-16,FR,8161,50057,8379,51148,6.1336845974758027,1.0267124126945231,-0.75773025193063859,2.9113589020953308,5330,3300,4572
2024-06-23,FR,7611,47698,7910,48568,6.2669819997372231,1.0392852450400734,-0.75919829873917832,2.8611351990540017,5012,3078,4339
2024-06-30,FR,8474,54048,8851,55025,6.378097710644318,1.0444890252537171,-0.74637728890664823,2.8791833844701427,5358,3196,5003
2024-07-07,FR,8795,54783,9109,56022,6.228880045480385,1.03570210346788,-0.49571309200770419,2.93390562819784,5655,3576,4849
2024-07-14,FR,6686,41486,6866,42768,6.2049057732575541,1.0269219264134017,-0.43666489371838652,2.8596320670056827,4526,3005,3478
2024-07-21,FR,6520,39279,6724,40137,6.0243865030674817,1.0312883435582827,-0.26499459148495752,2.8045858895705522,4536,2999,3330
2024-07-28,FR,5995,35677,6221,36408,5.9511259382819013,1.0376980817347785,-0.62777616295394267,2.9803836530442034,4236,2617,3210
2024-08-04,FR,6342,36357,6592,37306,5.7327341532639542,1.0394197414064967,-0.81623627374837215,2.8713497319457586,4301,2729,3443
2024-08-11,FR,6172,33573,6451,33971,5.4395657809462081,1.0452041477640959,-0.86029146339921581,2.9897116007777051,4206,2418,3583
2024-08-18,FR,5907,34639,6002,35393,5.8640595903165753,1.0160826138479775,-0.61013871891317351,3.0375656001354332,4112,2528,3152
2024-08-25,FR,8914,51746,9356,52568,5.805025802109042,1.0495849225936731,-1.863961014050288,2.8970608032308718,5940,2826,5873
2024-09-01,FR,7427,46642,7840,47553,6.280059243301471,1.055607917059378,-1.0432956916526592,2.8364615591759779,4857,2847,4368
2024-09-08,FR,6784,41200,6980,42117,6.0731132075471708,1.0288915094339626,-0.700159758429657,2.8931161556603766,4445,2816,3792
2024-09-15,FR,7193,43800,7426,44532,6.0892534408452654,1.0323926039204778,-1.0608504153729326,2.943083553454747,4543,2837,4129
2024-09-22,FR,7742,47167,8033,47848,6.0923533970550237,1.0375871867734432,-0.86238956309141246,2.8589382588478429,4791,3174,4410
2024-09-29,FR,8410,47853,8737,50148,5.6900118906064225,1.0388822829964333,-0.73430079147336591,2.8937217598097522,5496,3469,4645
2024-10-06,FR,8448,46801,8669,47561,5.5398910984848477,1.0261600378787876,-1.0057293867052377,2.842637310606059,5475,3317,4912
2024-10-13,FR,7408,43530,7670,44361,5.8760799136069091,1.0353671706263492,-0.78895169047267477,3.0370140388768911,4943,3063,4194
2024-10-20,FR,7024,41660,7265,42672,5.9310933940774477,1.0343109339407746,-0.60304588223670152,2.97635250569476,4655,2939,3879
2024-10-27,FR,6124,35806,6277,36493,5.8468321358589161,1.0249836708033964,-0.47640865360324985,2.9294741998693654,4147,2689,3230
2024-11-03,FR,6737,38788,6973,39457,5.757458809559151,1.0350304289743206,-0.29256849430661808,2.8792043936470231,4377,3146,3400
2024-11-10,FR,8114,47747,8531,48601,5.8845205817106265,1.0513926546709396,-0.57442743557549292,3.0885876263248679,5301,3259,4580
2024-11-17,FR,7883,46665,8096,47582,5.9197006215907653,1.0270201699860466,-0.542415180990002,2.6599898515793496,5038,3386,4324
2024-11-24,FR,9198,52339,9495,53000,5.6902587519025865,1.0322896281800389,-0.71108206096063009,2.9831593824744527,5754,3584,5302
2024-12-01,FR,10865,61380,11265,62663,5.6493327197422909,1.0368154624942478,-0.50791546573439816,2.9251725724804412,7026,4901,5672
2024-12-08,FR,10043,55006,10316,56047,5.4770486906302889,1.0271831126157518,-0.36052000973328291,3.0880015931494564,6300,4524,5246
2024-12-15,FR,9065,51152,9448,52083,5.6428019856591325,1.042250413678985,-1.2636790043531034,3.1151020408163266,5303,3587,5294
2024-12-22,FR,4636,26985,4772,27493,5.8207506471095787,1.0293356341673854,-0.702329097764602,3.1047886108714406,2940,1884,2662
2024-12-29,FR,5993,32734,6270,33418,5.4620390455531469,1.0462205906891362,-1.4188463982424111,3.1313699315868511,3842,1935,3825
2025-01-05,FR,8044,45557,8333,46060,5.663475882645451,1.0359273993038296,-1.4099597790883045,3.0515539532570859,5097,2631,5179
2025-01-12,FR,7834,43980,8045,44838,5.6139902986979839,1.0269338779678328,-0.73149984534095558,3.1048634158794992,5011,3162,4424
2025-01-19,FR,7571,42928,7844,43751,5.6700567956676773,1.0360586448289533,-0.758028817565365,3.2024963677189273,4903,3039,4292
2025-01-26,FR,8184,45846,8445,46855,5.6019061583577727,1.0318914956011735,-0.89993577156512627,3.1668499511241444,5043,3165,4776
2025-02-02,FR,6964,41303,7197,42237,5.9309304997128081,1.0334577828834,-0.54958970670852192,3.0616886846639875,4550,2923,3821
2025-02-09,FR,11169,61007,11903,61980,5.4621720834452523,1.0657176112454123,0.12607615582888532,3.0389739457426805,7028,5653,5119
2025-02-16,FR,12705,65946,13258,67474,5.1905548996458082,1.0435261707988985,-0.71940115950695349,3.1087445887445879,7616,4637,7643
2025-02-23,FR,11143,58612,11999,59659,5.2599838463609467,1.0768195279547699,-0.91794240667285931,2.9860271022166383,6624,4325,6486
2025-03-02,FR,9969,55227,10515,56606,5.5398736081853741,1.0547697863376468,-0.62124151311517284,3.2900792456615511,6125,4074,5587
2025-03-09,FR,9186,50461,9529,51284,5.4932505987372062,1.0373394295667315,-0.44416128440980335,3.0905072937078155,5466,3983,4924
2025-03-16,FR,8996,50539,9371,51431,5.6179413072476665,1.0416851934192972,-0.60727873821179856,2.9726322810137833,5741,3841,4817
2025-03-23,FR,9367,53702,9840,54828,5.7331055834311941,1.0504964236148178,-0.90256513639868408,2.9884808369808908,6066,3812,5296
2025-03-30,FR,8226,48398,8531,49149,5.883539995137367,1.0370775589593975,-0.91739386368321063,3.2100413323608086,5354,3178,4797
2025-04-06,FR,8749,48314,9179,49303,5.5222311121271,1.0491484741113266,-0.42640097152709128,2.9328723282660887,5790,3833,4629
2025-04-13,FR,10608,54655,11110,55856,5.1522435897435894,1.0473227752639518,-1.0304636837290639,2.9318815987933631,6840,3829,6439
2025-04-20,FR,9060,47732,9687,48708,5.2684326710816789,1.0692052980132452,-0.88955678468033883,2.9432229580573948,5452,3255,5495
2025-04-27,FR,7615,42277,7825,43393,5.551805646749834,1.0275771503611291,-0.98474447568048507,2.9373998686802358,4756,2972,4418
2025-05-04,FR,8336,45057,8594,45872,5.405110364683301,1.0309500959692899,-0.53332007054041386,3.046593090211132,5452,3614,4487
2025-05-11,FR,9095,48948,9428,49836,5.3818581638262781,1.0366135239142384,-0.88957160293938375,2.9075536008796017,5682,3493,5321
2025-05-18,FR,8310,45787,8601,46739,5.5098676293622129,1.0350180505415163,-0.64291088305446165,2.9716365824308064,5284,3683,4407
2025-05-25,FR,8524,47005,8720,48075,5.5144298451431224,1.0229938995776626,-0.29165838935102834,2.8622595025809492,5646,3949,4348
2025-06-01,FR,8570,47440,8851,48363,5.5355892648774825,1.0327887981330228,-0.29500887128674397,2.9064994165694293,5538,4053,4311
2025-06-08,FR,8623,48352,9122,49431,5.6073292357648139,1.0578684912443466,-0.45875581224109552,2.862054969268236,5503,3932,4433
2025-06-15,FR,176,704,183,718,4.0,1.0397727272727271,-0.18984006269648535,3.1721590909090907,104,95,81
2025-06-22,FR,68,408,68,416,6.0,1.0,-0.83417262999151509,2.5647058823529409,46,35,33
2025-06-29,FR,4557,26641,4701,27145,5.8461707263550577,1.031599736668861,-0.93575483104713386,2.7948430985297339,2988,1802,2627
2025-07-06,FR,9529,52995,10207,54005,5.5614440130129088,1.071151222583693,-0.38453199977872343,2.92651904711932,6241,4288,4897
2025-07-13,FR,7845,44056,8062,44798,5.6158062460165725,1.0276609305289994,-0.37247419011931693,3.18374760994264,5062,3485,4159
2025-07-20,FR,8431,46497,8787,47527,5.5150041513462238,1.0422251215751401,-1.3270275399428593,3.1195587712015178,5481,2910,5287
2025-07-27,FR,7180,38696,7488,39637,5.38941504178273,1.0428969359331486,-1.0921503536902515,3.01857938718663,4371,2471,4547
2025-08-03,FR,6123,34384,6355,35176,5.6155479340192729,1.0378899232402419,-1.2865133230548231,2.898481136697697,3817,2016,3900
2025-08-10,FR,5537,29706,5756,30241,5.3649990969839259,1.0395521040274522,-1.0476819803343871,3.02057070615857,3551,1954,3378
2025-08-17,FR,7071,36168,7470,37068,5.1149766652524411,1.0564276622825628,-0.70852098433631649,2.970244661292603,4388,2765,3982
2025-08-24,FR,6668,38479,6887,39193,5.7706958608278338,1.0328434313137371,-1.1985632769887082,2.8629574085182981,4338,2344,4149
2025-08-31,FR,8211,46088,8438,46858,5.6129582267689715,1.0276458409450744,-0.83648369704264525,2.83483132383388,5408,3360,4589
2025-09-07,FR,7898,47961,8248,48853,6.0725500126614333,1.0443150164598634,-1.7020581610484673,2.6400101291466194,4954,2473,5256
2025-09-14,FR,7504,44784,7748,45884,5.9680170575692948,1.0325159914712154,-1.3066064704402696,2.5179237739872069,4824,2741,4613
2025-09-21,FR,9057,50104,9466,51000,5.5320746384012347,1.0451584409848738,-1.3708229806447576,2.98778845092194,6050,2858,5908
2025-09-28,FR,6542,39461,6901,40369,6.0319474166921445,1.0548761846530117,-0.84855892977257152,2.7172424335065717,4258,2690,3700
2025-10-05,FR,8303,50547,8811,51743,6.0877995905094533,1.0611827050463687,-0.814123529301858,3.0316873419246049,5501,3179,4923
2025-10-12,FR,7005,42062,7259,42972,6.0045681655960017,1.0362598144182731,-0.99334004643681517,2.8371306209850093,4588,2734,4099
2025-10-19,FR,7533,46114,7858,46983,6.1215983008097705,1.0431435019248638,-1.4262770420870268,2.9384574538696389,4909,2672,4692
2025-10-26,FR,6106,37284,6368,37819,6.1061251228300018,1.0429086144775628,-0.9024693128116047,3.046544382574516,4010,2554,3375
2025-11-02,FR,6409,39724,6676,40560,6.1981588391324705,1.0416601653924171,-0.72665566283706817,3.0386487751599307,4254,2760,3492
2025-11-09,FR,7209,44115,7471,45264,6.1194340407823553,1.0363434595644332,-0.99158207796756415,3.1915383548342353,4875,2744,4238
2025-11-16,FR,7120,41398,7312,42240,5.8143258426966291,1.0269662921348321,-0.43523976207648379,3.0616151685393258,4584,3101,3770
2025-11-23,FR,6616,38670,6777,39669,5.8449214026602165,1.024334945586457,-0.65495076490646131,2.8814993954050783,4271,2775,3666
2025-11-30,FR,7006,39642,7259,40899,5.6582928918070241,1.0361119040822149,-0.28403738493153846,2.9053382814730244,4524,3251,3577
2025-12-07,FR,6849,39727,7085,40419,5.8004088188056659,1.0344575850489124,-0.763665817975467,2.9029493356694407,4471,2667,3992
2025-12-14,FR,6015,36534,6163,37230,6.0738154613466335,1.024605153782211,-0.91363254847253828,2.8061346633416466,3851,2368,3453
2025-12-21,FR,4184,25439,4364,25999,6.0800669216061189,1.0430210325047806,-0.68959798569883957,2.9944550669216072,2747,1810,2282
2025-12-28,FR,4418,25665,4561,26390,5.8091896785875949,1.0323675871435036,-0.56546934374214886,2.9337256677229515,2765,1904,2371
2026-01-04,FR,9042,49174,9506,50033,5.4383985843839833,1.0513160805131609,-0.67052438624902522,3.1478323379783228,5685,3627,5081
2026-01-11,FR,6959,39761,7195,40776,5.7136082770513,1.033912918522776,-0.65257997511026922,3.1215404512142548,4448,2832,3909
2026-01-18,FR,7605,45165,7935,46315,5.9388560157790931,1.0433925049309662,-0.58167340570869674,3.0740433925049309,4897,2973,4300
2026-01-25,FR,6678,39186,6957,40430,5.8679245283018862,1.0417789757412406,-0.55151891645882922,2.8685235100329449,4543,3027,3450
2026-02-01,FR,6474,37102,6629,37766,5.7309236947791176,1.0239419215322842,-0.85791421766069109,3.0355112758727212,4275,2539,3743
2026-02-08,FR,7074,40916,7320,41593,5.783997738196212,1.0347752332485156,-0.746254396617832,3.15056545094713,4584,2827,4046
2026-02-15,FR,7594,42336,7900,43088,5.574927574400844,1.0402949697129311,-0.57110014193493419,2.8332894390308137,4936,3440,3972
2026-02-22,FR,6518,36777,6865,37699,5.6423749616446761,1.0532371893218779,-1.1217337501083353,2.9312212335072112,4165,2351,3996
2026-03-01,FR,7419,41829,7836,43082,5.6380913869793758,1.0562070359886779,-1.0397639838079697,3.018803073190456,4636,2701,4577
2026-03-08,FR,7715,43356,7906,44456,5.619701879455608,1.0247569669475052,-0.83260438802804215,3.0959300064808808,5009,3034,4377
2026-03-15,FR,7122,40830,7508,41799,5.7329401853411959,1.0541982589160348,-0.94596628951658257,3.0893709632125805,4497,2566,4359
2026-03-22,FR,7417,42759,7834,43685,5.7649993258729921,1.0562221922610218,-0.9666486945780034,2.8872724821356339,5041,2650,4554
2026-03-29,FR,5786,33915,6078,34582,5.8615623919806428,1.0504666436225376,-1.1637915070402394,2.8989630141721405,3617,2020,3650
2026-04-05,FR,5839,33133,6023,33884,5.67443055317691,1.0315122452474734,-0.75726854507096653,3.0709368042473013,3852,2312,3372
2026-04-12,FR,6974,40515,7314,41450,5.8094350444508143,1.0487525093203323,-0.67858841015694826,2.994536851161457,4727,2978,3756
2026-04-19,FR,6408,39365,6747,40363,6.1431023720349538,1.0529026217228463,-0.30218729800536448,2.9847534332084891,4230,2978,3273
2026-04-26,FR,5444,32835,5571,33629,6.03141072740632,1.0233284349742842,-0.50614428230487318,2.8000918442321825,3668,2495,2834
2026-05-03,FR,6431,36914,6722,37730,5.7400093298087409,1.045249572383766,-0.62988764177597256,2.9673456694137768,4281,2647,3604
2026-05-10,FR,8020,45043,8263,45702,5.6163341645885243,1.0302992518703242,-0.54069597459206931,2.914314214463841,5252,3428,4326
2026-05-17,FR,6410,38255,6574,38988,5.9680187207488293,1.0255850234009367,-0.6971675958522684,2.8024024960998428,4366,2771,3505
2026-05-24,FR,5989,35606,6175,37041,5.9452329270328939,1.0310569377191514,-0.417945633966244,2.8636500250459163,3982,2754,3068
2026-05-31,FR,6880,41069,7207,41831,5.9693313953488412,1.0475290697674422,-0.61450676637014179,2.8611046511627904,4525,3047,3634
2026-06-07,FR,7601,42474,8028,43920,5.58794895408499,1.0561768188396272,-0.67105483770945684,2.9168925141428752,4874,3522,3872
2026-06-14,FR,12048,61235,12810,62492,5.0825863213811431,1.063247011952192,0.056926889403423324,3.0361470783532525,7408,5705,5960
2026-06-21,FR,6362,37691,6559,38674,5.9243948443885595,1.0309651053127946,-0.53177558986618312,3.0646494812951914,4069,2646,3557
2026-06-28,FR,6033,36550,6201,37344,6.0583457649593893,1.027846842366982,-0.63037539360068584,3.0336979943643292,3952,2633,3255
2026-07-05,FR,6999,41865,7168,42685,5.9815687955422217,1.0241463066152303,-0.636026067582314,3.0676810972996136,4547,2848,3919
2026-07-12,FR,6424,38409,6675,39312,5.9789850560398525,1.0390722291407224,-0.042565350601035848,3.09662204234122,4314,3208,3054
2026-07-19,FR,5350,33929,5587,34569,6.3418691588785041,1.0442990654205608,-1.0284480671809393,3.0193457943925237,3537,2125,3115
2026-07-26,FR,6268,38255,6498,39239,6.1032227185705148,1.0366943203573711,-1.5961150610868902,2.9719049138481166,4137,2043,4071
2026-08-02,FR,4616,29600,4886,30291,6.412478336221838,1.0584922010398612,-0.75818360153894593,2.9956672443674175,2948,1860,2596
2026-08-09,FR,3975,25397,4073,25892,6.3891823899371074,1.0246540880503141,-0.79012275277382416,3.0208553459119494,2627,1673,2207
2026-08-16,FR,4180,25596,4276,26110,6.1234449760765548,1.0229665071770335,-0.75287109456660928,3.0521052631578947,2672,1735,2349
2026-08-23,FR,2158,12972,2186,13251,6.01112140871177,1.0129749768303991,-0.20442127553716824,2.9142261353104724,1486,1015,1073
2023-01-01,GM,5457,32649,5793,33308,5.9829576690489308,1.0615722924683917,-1.3679781163715585,3.1534542789078204,3302,1666,3611
2023-01-08,GM,6205,36641,6506,37509,5.905076551168424,1.0485092667203859,-1.6182269274222518,2.8099274778404464,4070,1739,4257
2023-01-15,GM,9639,54749,10125,55469,5.6799460524950725,1.0504201680672278,-1.5151750441879817,2.4193381056126171,5987,2669,6617
2023-01-22,GM,9254,51795,9912,52752,5.5970391182191506,1.0711043872919808,-1.3435311386039419,3.1744650961746279,5357,2663,6299
2023-01-29,GM,6288,35378,6506,36249,5.6262722646310461,1.0346692111959288,-1.4368337442280845,3.4113867684478381,3513,1811,4274
2023-02-05,GM,6480,35421,6732,36389,5.4662037037037079,1.0388888888888888,-0.94034980396301626,3.3620524691358047,3653,2160,3998
2023-02-12,GM,7856,43110,8622,43917,5.4875254582484709,1.0975050916496942,-1.0447199902064908,3.0870290224032595,4730,2689,4880
2023-02-19,GM,7870,40157,8227,41143,5.1025412960609913,1.0453621346886912,-1.0992066759748487,3.0145743329097838,4520,2534,5110
2023-02-26,GM,7171,40047,7547,40893,5.5845767675359053,1.0524334123553203,-0.96578182075087693,2.8200390461581355,4209,2543,4360
2023-03-05,GM,6395,36587,6695,37035,5.7211884284597341,1.0469116497263491,-1.1902533087624652,2.9109460516028149,3951,2363,3886
2023-03-12,GM,6280,36325,6530,36982,5.78423566878981,1.0398089171974523,-1.2537490707042194,2.736194267515923,3804,2042,4056
2023-03-19,GM,6108,34664,6280,35206,5.67518009168304,1.0281597904387685,-1.2593678467301315,2.7810412573673871,3708,2066,3846
2023-03-26,GM,10088,56311,10644,57982,5.581978588421892,1.0551149881046786,-0.53226389354614989,2.9501486915146709,6262,4537,5177
2023-04-02,GM,7396,40248,7761,41136,5.44186046511628,1.0493510005408342,-0.90733002047337685,3.0572742022714974,4280,2788,4361
2023-04-09,GM,6905,40077,7239,40556,5.8040550325850813,1.04837074583635,-1.3321848505423042,3.051252715423606,4372,2248,4449
2023-04-16,GM,8311,48814,8743,49723,5.8734207676573229,1.051979304536157,-0.86503289071783807,3.08933942967152,5305,3239,4727
2023-04-23,GM,7460,42742,7886,43683,5.7294906166219839,1.0571045576407514,-1.1807340362242542,3.0733512064343169,4799,2684,4501
2023-04-30,GM,7002,41128,7344,42148,5.8737503570408434,1.0488431876606685,-0.61661853939693634,2.9378034847186503,4651,3006,3765
2023-05-07,GM,8739,50386,9333,51267,5.7656482435061225,1.0679711637487121,-0.90346878451200885,3.0420070946332523,5676,3333,5130
2023-05-14,GM,8955,47396,9523,48311,5.2926856504745956,1.0634282523729757,-0.45241082848762371,3.121440536013401,5604,3701,4937
2023-05-21,GM,7829,44403,8092,45440,5.671605569038193,1.0335930514752847,-0.84122534675232052,3.0003831907012395,5113,3139,4445
2023-05-28,GM,6780,38740,7140,39746,5.7138643067846582,1.0530973451327428,-0.9891058391551194,2.9705604719763996,4392,2557,3967
2023-06-04,GM,7411,42728,7849,44041,5.7654837403859114,1.0591013358521115,-0.84575357596432588,2.956996356766969,4843,2967,4169
2023-06-11,GM,7647,45827,8049,47336,5.9928076369818211,1.0525696351510387,-0.83310958520551059,3.0266771282856011,4959,3110,4307
2023-06-18,GM,8290,46940,8732,48213,5.6622436670687586,1.0533172496984324,-0.639089063043071,3.0248733413751512,5422,3385,4619
2023-06-25,GM,6672,39522,6867,40213,5.9235611510791362,1.0292266187050363,-0.86724143637082873,3.0634142685851318,4287,2679,3800
2023-07-02,GM,6193,38610,6583,39385,6.2344582593250477,1.0629743258517681,-0.9890613149042915,3.0957209752946873,4132,2539,3458
2023-07-09,GM,6493,39275,6895,40387,6.0488218081010316,1.0619128292006774,-0.42715068083609409,3.1930232558139529,4215,2879,3376
2023-07-16,GM,5909,35388,6162,36107,5.9888305973938056,1.0428160433237432,-0.536967161751958,2.9296496869182613,3854,2678,3054
2023-07-23,GM,5465,32531,5636,33125,5.9526075022872842,1.0312900274473924,-0.854675244375615,3.0734126258005485,3570,2128,3200
2023-07-30,GM,5038,30844,5244,31503,6.1222707423580811,1.0408892417626039,-1.00687254621845,3.2808455736403324,3367,1943,2961
2023-08-06,GM,4947,30074,5083,30590,6.0792399434000437,1.0274914089347078,-0.93347242949441656,3.2554073175662008,3375,1896,2903
2023-08-13,GM,5284,31503,5473,32080,5.9619606358819084,1.0357683573050716,-0.8801934121809154,3.2422407267221809,3441,2085,3053
2023-08-20,GM,5073,31204,5258,31679,6.1509954661935753,1.0364675734279523,-0.88973306477898761,3.04695446481372,3419,2096,2809
2023-08-27,GM,5135,31113,5323,31748,6.0590068159688419,1.0366114897760466,-0.8845627731896536,2.9544693281402137,3387,2120,2878
2023-09-03,GM,6045,36552,6291,37290,6.046650124069477,1.0406947890818854,-0.55335528559639957,3.1131348221670785,4174,2589,3210
2023-09-10,GM,7653,44666,8087,45446,5.8364040245655318,1.0567097870116293,-0.57005913148670362,3.0763099438128849,5110,3274,4041
2023-09-17,GM,7640,44005,7947,45535,5.759816753926704,1.0401832460732987,-0.71366971117684763,2.9537958115183254,4996,3167,4222
2023-09-24,GM,7891,45850,8154,46573,5.8104169306805229,1.0333291091116457,-0.97366780088984228,3.3747940691927503,5160,2914,4724
2023-10-01,GM,7298,43071,7548,43930,5.9017539051795014,1.0342559605371331,-0.67138702196742917,3.0635516579884894,4801,3036,3962
2023-10-08,GM,8327,46790,8679,47409,5.61907049357512,1.0422721268163808,-1.5255304856617575,3.0259277050558415,5051,2622,5485
2023-10-15,GM,7911,45027,8251,45794,5.6916951080773615,1.0429781317153335,-1.7184692836528572,2.7868663885728737,4928,2403,5266
2023-10-22,GM,6337,37022,6541,37522,5.842196623007732,1.032191888906423,-1.1234520299000166,2.935127031718479,4016,2282,3903
2023-10-29,GM,7220,41288,7634,41849,5.7185595567867074,1.057340720221607,-1.0764284980883754,2.7718005540166186,4742,2665,4213
2023-11-05,GM,7449,45677,7914,46292,6.1319640220163745,1.0624244865082557,-1.1295608525077185,2.8602228487045243,4784,2761,4487
2023-11-12,GM,7496,43406,7864,44245,5.7905549626467492,1.0490928495197438,-0.872340942862995,3.14702508004269,4957,2894,4389
2023-11-19,GM,7513,43828,7947,44605,5.8336217223479325,1.0577665380007983,-0.62369499389813365,3.193038732863037,4874,3307,3973
2023-11-26,GM,7187,42269,7611,43171,5.881313482677057,1.0589954083762347,-1.0686744730192572,3.1480311673855574,4591,2691,4259
2023-12-03,GM,6387,38836,6642,39618,6.08047596680758,1.039924847346172,-1.1188730170869134,3.1211523406920314,4214,2421,3780
2023-12-10,GM,6158,37426,6507,38004,6.0776226047418,1.0566742448847029,-1.030059088958414,3.0299447872685947,3858,2300,3595
2023-12-17,GM,5688,34970,5976,35616,6.14803094233474,1.0506329113924044,-1.1086588023032293,3.1209563994374125,3733,2120,3412
2023-12-24,GM,4090,25029,4311,25436,6.1195599022004892,1.0540342298288516,-1.1940291732114072,3.1775550122249387,2586,1459,2524
2023-12-31,GM,4536,28172,4778,28755,6.2107583774250461,1.0533509700176356,-1.6943775823490053,3.1347001763668434,2868,1403,3007
2024-01-07,GM,6157,40319,6414,41136,6.5484814032808174,1.0417411076823124,-1.7599771845483709,2.4792756212441129,4202,1765,4267
2024-01-14,GM,6863,46211,7387,46923,6.7333527611831574,1.0763514498032933,-1.4325103839890441,2.6345475739472528,4711,2175,4489
2024-01-21,GM,8269,51578,8553,52419,6.2375136050308368,1.0343451445156604,-1.18906404627039,2.6443584472124813,5567,2799,5228
2024-01-28,GM,7301,45742,7646,46403,6.2651691549102884,1.0472538008491983,-1.2975400136179454,2.7306807286673074,4896,2480,4631
2024-02-04,GM,7179,43116,7604,43844,6.0058503969912245,1.0592004457445325,-0.98215199696938671,2.8615406045410223,4893,2616,4280
2024-02-11,GM,11789,63623,12725,64868,5.3968105861396225,1.0793960471626078,-0.97752221800779626,2.9534311646450062,7572,4559,6723
2024-02-18,GM,9575,54607,10175,56073,5.70308093994778,1.0626631853785904,-1.5937592634363675,2.9471644908616179,6175,2859,6363
2024-02-25,GM,9180,52360,9656,53339,5.7037037037037042,1.0518518518518529,-1.4065785580455206,3.0386601307189549,6323,2857,5959
2024-03-03,GM,9209,53135,9588,53709,5.7698990118362463,1.0411553914648712,-1.6714003278335861,2.6147355847540452,6085,2550,6482
2024-03-10,GM,8239,48358,8644,49243,5.869401626410971,1.04915645102561,-0.8678570721388883,2.9504672897196276,5492,3312,4672
2024-03-17,GM,7187,41557,7518,42406,5.782245721441492,1.0460553777654096,-1.0881047585394463,3.1518157784889378,4674,2616,4378
2024-03-24,GM,5460,33167,5626,33709,6.0745421245421252,1.0304029304029305,-1.1716968649719097,3.0514285714285716,3625,1967,3347
2024-03-31,GM,5341,32082,5616,32450,6.006740310803222,1.051488485302378,-1.099794636872375,3.0008238157648366,3404,1878,3310
2024-04-07,GM,6824,40514,7227,41214,5.9369871043376294,1.0590562719812424,-1.1890160809087502,3.1665298944900355,4408,2511,4148
2024-04-14,GM,7123,39831,7381,40412,5.5918854415274462,1.0362206935280074,-1.3882049425607668,2.9710234451775936,4329,2464,4475
2024-04-21,GM,7502,43935,7925,44514,5.8564382831245014,1.0563849640095968,-0.8733135958918542,3.0284857371367631,4989,2907,4370
2024-04-28,GM,5959,35938,6211,36481,6.03087766403759,1.0422889746601776,-1.2552525605359937,2.9459305252559163,3915,2190,3599
2024-05-05,GM,6797,41400,7122,42060,6.0909224657937342,1.0478152125937916,-1.2912509528025995,2.6937766661762543,4424,2361,4204
2024-05-12,GM,5661,36534,5981,37877,6.4536301006889243,1.0565271153506444,-0.98728808354057973,2.9941176470588236,3803,2204,3280
2024-05-19,GM,6448,39249,6769,39781,6.0870037220843676,1.0497828784119103,-1.1105243061741958,2.8911755583126557,4103,2410,3877
2024-05-26,GM,7324,43454,7768,44099,5.9330966684871633,1.0606226105953027,-1.0965345457282454,3.0707809939923538,4733,2565,4515
2024-06-02,GM,7680,47360,8219,48195,6.1666666666666687,1.0701822916666679,-1.3649477484831167,3.0545052083333322,4775,2451,5011
2024-06-09,GM,7610,44460,7947,45379,5.8423127463863347,1.0442838370565044,-0.63111161563767482,2.994835742444153,5062,3288,4043
2024-06-16,GM,6497,38113,6722,38550,5.8662459596736953,1.0346313683238411,-0.82754509991110259,2.955579498229953,4478,2419,3826
2024-06-23,GM,5697,35691,5902,36196,6.2648762506582409,1.0359838511497277,-0.83573684517355984,2.9411269088994207,4061,2317,3208
2024-06-30,GM,5091,31667,5327,32354,6.22019249656256,1.0463563150658017,-0.686644361825442,2.96967197014339,3550,2073,2826
2024-07-07,GM,5511,34483,5815,34930,6.2571221193975708,1.0551624024677919,-0.72518947962719515,3.2361458900381046,3528,2254,3084
2024-07-14,GM,5421,34522,5725,35253,6.3681977494927118,1.0560782143515952,-0.897891606096177,3.3052942261575349,3570,2086,3165
2024-07-21,GM,4856,30540,5060,31114,6.2891268533772635,1.0420098846787471,-1.0784023266883587,2.8958607907742997,3265,1869,2860
2024-07-28,GM,6576,37367,7060,37871,5.6823296836982946,1.0736009732360101,-2.0676929179027939,3.5986465936739664,4100,1769,4662
2024-08-04,GM,4689,28074,4923,28507,5.9872040946896972,1.0499040307101724,-1.2230552410837021,3.32597568777991,3002,1722,2845
2024-08-11,GM,5355,31785,5586,32548,5.9355742296918761,1.0431372549019606,-2.0098408699585604,2.4987114845938376,3451,1597,3630
2024-08-18,GM,5884,35155,6115,35857,5.9746770904146818,1.039259007477906,-1.3146690067143665,2.9838715159755265,3989,2168,3574
2024-08-25,GM,6466,42168,7008,42959,6.5214970615527372,1.0838230745437676,-2.1213433784582114,2.9943550881534171,4101,1969,4308
2024-09-01,GM,7836,48804,8261,49593,6.2281776416539074,1.0542368555385402,-1.059134218181677,2.8985451761102614,5155,3065,4528
2024-09-08,GM,7232,42978,7554,43799,5.9427544247787631,1.0445243362831853,-0.92147983766317931,2.881222345132743,4821,2750,4266
2024-09-15,GM,6304,39450,6596,40229,6.257931472081216,1.0463197969543139,-0.65728732857258754,3.0285532994923847,4204,2641,3443
2024-09-22,GM,6320,38412,6533,39003,6.0778481012658228,1.0337025316455697,-0.790008028739217,2.986091772151898,4145,2483,3624
2024-09-29,GM,5967,37204,6211,37910,6.2349589408412935,1.0408915703033346,-0.88246152060610783,2.8547846489022954,4024,2338,3437
2024-10-06,GM,7655,44363,8059,45047,5.7952971913781841,1.052775963422599,-1.1078307237316523,3.0741737426518614,5190,2859,4471
2024-10-13,GM,8856,50858,9396,51842,5.7427732610659445,1.0609756097560967,-0.62178624957028517,3.1338075880758813,5924,3557,4933
2024-10-20,GM,6557,38390,6832,39244,5.8548116516699693,1.0419399115449133,-0.41644254571059458,3.059737684916882,4400,2929,3437
2024-10-27,GM,5649,35750,6058,36564,6.3285537263232428,1.072402195078775,-1.6305821589757306,2.7542573906886179,3753,1868,3678
2024-11-03,GM,6694,40863,6964,41702,6.10442187033164,1.0403346280250971,-1.1165226489475439,3.0534807290110564,4398,2198,4284
2024-11-10,GM,7542,44545,7870,45405,5.9062582869265441,1.0434897905064964,-0.76500332602073129,2.9446698488464582,5191,2918,4338
2024-11-17,GM,6889,41285,7200,42150,5.9928872114965888,1.0451444331543041,-1.0511300233576633,2.7961532878501965,4580,2331,4321
2024-11-24,GM,6655,39641,6931,40407,5.9565740045078845,1.041472577009767,-0.70595870325740762,2.8668519909842223,4540,2550,3891
2024-12-01,GM,6722,38900,6923,39752,5.7869681642368338,1.0299018149360302,-0.75791191778340994,2.8472924724784292,4529,2702,3820
2024-12-08,GM,7455,41505,7801,42313,5.5674044265593583,1.0464118041582822,-1.0474257573300407,2.8933869885982553,4942,2743,4497
2024-12-15,GM,7397,44431,7708,45311,6.0066243071515473,1.0420440719210491,-1.6569251392415272,3.1510206840611068,4616,2406,4810
2024-12-22,GM,4977,29232,5209,29757,5.8734177215189876,1.0466144263612616,-2.0829114719937807,2.944082780791641,2984,1449,3418
2024-12-29,GM,5000,28494,5282,28807,5.6987999999999985,1.0563999999999996,-1.2824617002907035,3.0255799999999993,3055,1681,3185
2025-01-05,GM,6506,38846,6763,39671,5.9707961881340292,1.0395019981555487,-0.99809962983693035,3.0894405164463565,4378,2331,3927
2025-01-12,GM,6418,37077,6653,37572,5.7770333437207846,1.036615768152072,-1.0664485522490215,3.1387036459956366,4425,2345,3877
2025-01-19,GM,6180,35780,6385,36388,5.7896440129449847,1.0331715210355989,-1.1220314090648595,2.9433333333333338,3769,2273,3735
2025-01-26,GM,6745,40949,7073,41547,6.0710155670867323,1.0486286137879908,-1.3124074038978408,2.7880948851000746,4138,2173,4367
2025-02-02,GM,6428,39136,6718,39950,6.0883634100808948,1.045115121344119,-0.83950150445125649,2.6897479775980089,4357,2441,3758
2025-02-09,GM,12104,66458,12922,67679,5.4905816259087912,1.0675809649702579,-0.97812694839610748,2.7000743555849289,7408,4383,7262
2025-02-16,GM,11405,63766,11862,64814,5.5910565541429191,1.0400701446733889,-1.2237885705238771,2.9647610697062694,6589,3369,7671
2025-02-23,GM,8941,53844,9436,54623,6.0221451739179059,1.055362934794766,-0.97397462312076311,2.9616597696007152,5257,2931,5781
2025-03-02,GM,6925,41947,7253,42622,6.0573285198555977,1.047364620938628,-0.797541470940556,3.1878555956678714,4280,2551,4139
2025-03-09,GM,5870,37094,6114,38121,6.3192504258943778,1.0415672913117542,-1.1097165863628362,2.9429301533219761,3679,1870,3817
2025-03-16,GM,6055,36626,6272,37272,6.0488852188274178,1.0358381502890177,-1.1682932129624137,3.0421139554087522,3668,1896,3957
2025-03-23,GM,5701,35333,5970,36061,6.1976846167339081,1.0471847044378182,-1.3072338684841058,2.9976495351692689,3597,1817,3699
2025-03-30,GM,6265,36890,6487,37986,5.8882681564245809,1.0354349561053475,-0.85367521894546261,2.7133439744612926,4253,2473,3575
2025-04-06,GM,5845,34153,6058,34948,5.8431137724550926,1.0364414029084692,-0.85006589638451813,3.0069803250641574,3819,2243,3432
2025-04-13,GM,5233,30785,5391,30991,5.8828587808140629,1.0301930059239444,-1.30256551722501,3.0681062488056559,3266,1789,3316
2025-04-20,GM,5726,31168,5970,31724,5.4432413552217964,1.0426126440796366,-1.0430710440351738,3.0653859587844905,3440,1979,3611
2025-04-27,GM,5021,30635,5245,31254,6.1013742282413856,1.0446126269667397,-0.87153802131939,2.9304521011750637,3256,1857,2996
2025-05-04,GM,9177,51714,9590,53243,5.6351748937561306,1.0450038138825319,-0.89173965353149387,3.1313392176092409,5699,3197,5698
2025-05-11,GM,7277,41405,7530,41963,5.6898447162292163,1.0347670743438226,-0.79818088650352559,3.0078054143190873,4668,2877,4156
2025-05-18,GM,6516,37616,6764,38396,5.772866789441375,1.0380601596071215,-0.833824958895863,2.9635972989564148,4198,2600,3715
2025-05-25,GM,7526,42460,7893,43159,5.6417751793781532,1.0487642838161038,-1.2993296082160068,3.4788732394366204,4983,2523,4847
2025-06-01,GM,7152,40908,7541,41756,5.71979865771812,1.0543903803131986,-1.3779765489857365,3.0024049217002236,4504,2222,4712
2025-06-08,GM,5062,30162,5320,30610,5.9585144211774006,1.0509679968391934,-1.0913903800250435,3.0124061635717116,3267,1777,3092
2025-06-15,GM,56,219,56,219,3.9107142857142851,1.0,-0.17122207109305843,2.8089285714285714,17,25,31
2025-06-22,GM,61,335,62,335,5.4918032786885247,1.0163934426229508,-0.78029009866840748,3.4606557377049172,38,24,37
2025-06-29,GM,3617,21208,3739,21494,5.8634227260160383,1.0337296101741777,-0.99709945290576263,2.8043406137683142,2337,1293,2180
2025-07-06,GM,5591,33453,5791,34191,5.9833661241280653,1.035771776068682,-0.89936456489320327,3.0410302271507783,3736,2205,3231
2025-07-13,GM,6719,38242,6967,38977,5.6916207769013223,1.0369102545021578,-1.0923173941477826,3.1411519571364783,4235,2429,4075
2025-07-20,GM,6092,36116,6362,36569,5.9284307288246891,1.0443204202232428,-1.369069519426648,3.2586999343401173,4023,2005,3859
2025-07-27,GM,5452,33340,5797,33894,6.1151870873074126,1.0632795304475415,-1.37182986497515,3.1718635363169465,3562,1782,3500
2025-08-03,GM,4937,28638,5215,29257,5.8006886773344135,1.0563094996961715,-1.2338279629104849,3.0194652623050429,3311,1713,3081
2025-08-10,GM,7028,36423,7432,37081,5.1825554923164523,1.0574843483210019,-1.1202363026411195,3.0410216277746152,4443,2002,4694
2025-08-17,GM,6364,33587,6620,34119,5.2776555625392847,1.040226272784412,-1.0110857319679523,3.3342551854179745,4027,2369,3768
2025-08-24,GM,6838,38953,7046,39808,5.6965486984498384,1.0304182509505706,-1.2689671049594873,3.1282977478794969,4695,2409,4249
2025-08-31,GM,5738,33114,5956,33755,5.7710003485535024,1.0379923318229343,-0.87391441989325713,3.1202161031718361,3587,2200,3316
2025-09-07,GM,4870,30066,5097,30574,6.17371663244353,1.0466119096509239,-1.1596739872330293,3.2497535934291588,3137,1864,2873
2025-09-14,GM,5504,33475,5708,33909,6.0819404069767451,1.0370639534883721,-1.9268070160216617,3.1776707848837207,3719,1626,3777
2025-09-21,GM,5360,32798,5612,33254,6.1190298507462684,1.0470149253731345,-1.2062475657927263,2.855578358208954,3542,1928,3282
2025-09-28,GM,6092,35951,6337,36625,5.9013460275771523,1.0402166776099804,-1.1819801362081905,2.8962902166776106,3983,2147,3771
2025-10-05,GM,5417,33269,5605,33722,6.1415912866900468,1.0347055565811336,-1.0445437663214343,2.9487723832379533,3585,2098,3172
2025-10-12,GM,5641,33415,5880,34111,5.9235951072504864,1.0423683744017018,-0.568886657632359,2.9836199255451161,3598,2394,3080
2025-10-19,GM,5600,33900,5874,34557,6.0535714285714288,1.0489285714285712,-0.71284691880144513,2.8844464285714291,3864,2264,3199
2025-10-26,GM,5483,32877,5743,33614,5.9961699799379913,1.0474192960058359,-0.803618571904161,3.0429691774575955,3709,2161,3155
2025-11-02,GM,5746,34719,5950,35395,6.0422902888966235,1.0355029585798814,-1.0543383945805507,3.0987295509919952,3920,2155,3442
2025-11-09,GM,6156,38135,6369,38912,6.1947693307342426,1.0346003898635476,-0.90839922393521988,3.05428849902534,4153,2437,3543
2025-11-16,GM,6864,40138,7142,41004,5.8476107226107228,1.040501165501166,-0.68626502245051257,2.903234265734266,4482,2687,3943
2025-11-23,GM,6177,36607,6515,37249,5.9263396470778673,1.0547191193135828,-0.78595316723112374,2.9986077383843295,4060,2459,3568
2025-11-30,GM,6669,39871,6989,40728,5.9785575048732937,1.0479832058779424,-0.63137935300706371,2.7303493777177987,4679,2705,3743
2025-12-07,GM,7535,41256,7779,41835,5.4752488387524876,1.0323822163238223,-0.74205092774176185,2.9334571997345713,4891,2902,4425
2025-12-14,GM,7806,42535,8171,43091,5.4490135792979748,1.046758903407635,-0.67126812990624407,3.3463617729951323,5169,3032,4435
2025-12-21,GM,3516,20758,3613,21013,5.90386803185438,1.0275881683731514,-0.89003273588307641,3.1368031854379979,2212,1341,2107
2025-12-28,GM,2977,19033,3074,19227,6.3933490090695324,1.032583137386631,-1.0497184194461651,2.9641249580114217,1866,1074,1840
2026-01-04,GM,3952,23981,4053,24351,6.0680668016194312,1.0255566801619433,-0.9861174703253,3.0817560728744953,2571,1497,2343
2026-01-11,GM,5992,33981,6232,34428,5.6710614152202945,1.0400534045393857,-0.71999902796934145,3.23010680907877,3819,2494,3306
2026-01-18,GM,5641,32954,5836,33702,5.8418720085091307,1.0345683389469948,-1.0072673951206164,3.063942563375289,3714,2035,3449
2026-01-25,GM,4980,31503,5166,32038,6.3259036144578324,1.0373493975903618,-0.89542550672100685,2.917369477911647,3385,1940,2865
2026-02-01,GM,4350,27526,4518,28143,6.3278160919540225,1.0386206896551717,-0.89259381262387061,2.9042068965517238,2995,1665,2583
2026-02-08,GM,8336,48530,8889,49393,5.8217370441458733,1.0663387715930899,-0.98796429173585809,2.9930302303262954,5319,3005,4973
2026-02-15,GM,7912,42881,8159,43876,5.4197421638018222,1.0312184024266935,-0.92228913783073341,2.8548281092012129,5101,2785,4848
2026-02-22,GM,5660,32277,5924,32688,5.7026501766784454,1.0466431095406357,-0.64080755134468259,2.94309187279152,3773,2213,3293
2026-03-01,GM,6171,34580,6488,35262,5.6036298817047481,1.0513693080537998,-1.32490078011506,3.0665856425214715,3791,1998,4028
2026-03-08,GM,4842,30540,5049,31224,6.3073110285006182,1.0427509293680297,-1.0777266467777165,3.0061544816191659,3229,1720,2985
2026-03-15,GM,4923,30771,5106,31280,6.2504570383912235,1.0371724558196225,-1.1422024775630275,3.1043063172862069,3273,1731,3032
2026-03-22,GM,4272,27971,4543,28365,6.5475187265917594,1.0634363295880149,-1.0384376506607906,2.95121722846442,2952,1563,2611
2026-03-29,GM,4600,26982,4728,27456,5.8656521739130447,1.0278260869565217,-1.1676281691699544,3.0429130434782605,3024,1658,2844
2026-04-05,GM,3754,23965,3861,24357,6.3838572189664333,1.0285029302077782,-0.96685999933865618,3.0329515183803952,2487,1404,2252
2026-04-12,GM,5576,32367,5768,33036,5.8046987087517881,1.0344332855093259,-1.0477122462065858,2.9907101865136307,3597,2053,3365
2026-04-19,GM,5260,33311,5591,33931,6.332889733840303,1.0629277566539921,-0.81095150946909367,3.0625665399239539,3384,1989,3094
2026-04-26,GM,6216,36934,6453,37446,5.9417631917631937,1.038127413127413,-1.7735284563528597,3.8346364221364206,3970,1626,4438
2026-05-03,GM,7154,44344,7426,45130,6.1984903550461281,1.0380206877271461,-1.7068660208209787,3.6928431646631261,4478,1842,5109
2026-05-10,GM,5583,34729,5750,35163,6.2204907755686891,1.0299122335661828,-1.05044035994295,3.3983879634605048,3567,1899,3529
2026-05-17,GM,5497,34123,5715,35015,6.2075677642350371,1.0396579952701475,-1.0080658949308816,3.3582135710387475,3608,1959,3353
2026-05-24,GM,4316,27018,4403,27426,6.2599629286376253,1.0201575532900833,-1.1973095161577927,3.1670296570898984,2801,1509,2694
2026-05-31,GM,5139,33114,5378,33736,6.4436660828955032,1.0465071025491341,-0.82384689878998429,3.0928001556723088,3499,1982,3008
2026-06-07,GM,5537,33092,5723,33553,5.97652158208416,1.0335921979411236,-0.832858639872409,3.04692071518873,3583,2158,3216
2026-06-14,GM,5424,31911,5701,32436,5.8832964601769886,1.0510693215339229,-0.26059959690687734,3.1493362831858396,3478,2505,2777
2026-06-21,GM,4849,30829,4998,31202,6.3578057331408528,1.0307279851515776,-0.802767626368755,3.198350175293875,3111,1938,2788
2026-06-28,GM,4722,32214,4974,32992,6.8221092757306261,1.0533672172808124,-1.1824632921687974,2.846823379923761,3177,1745,2874
2026-07-05,GM,4926,31554,5111,32548,6.4056029232643139,1.037555826228177,-0.97595378520057308,3.0076938692651236,3285,1870,2908
2026-07-12,GM,4352,28427,4493,28835,6.5319393382352962,1.0323988970588236,-0.93771041447398362,3.0583639705882359,2875,1754,2484
2026-07-19,GM,4387,27594,4542,28250,6.2899475723729195,1.0353316617278323,-1.0271809604403623,3.1296330066104407,3084,1607,2595
2026-07-26,GM,4240,28877,4436,29346,6.8106132075471715,1.04622641509434,-2.0982618065299583,2.9938915094339622,2718,1241,2903
2026-08-02,GM,3921,25752,4069,26244,6.5677123182861514,1.037745473093598,-1.5793853100227171,3.1230298393267022,2621,1181,2626
2026-08-09,GM,3824,25383,3967,25859,6.63781380753138,1.0373953974895396,-1.5193716815027265,3.1411610878661089,2494,1191,2567
2026-08-16,GM,4225,27515,4405,28014,6.5124260355029584,1.0426035502958582,-1.3978726049128596,3.1974911242603543,2886,1423,2697
2026-08-23,GM,1991,13114,2082,13240,6.5866398794575582,1.0457056755399299,-1.1737215579326776,3.0257157207433445,1398,678,1246
2023-01-01,IN,10818,57004,11093,58072,5.26936587169532,1.0254205953041216,-1.2409064627307456,2.6254575707154704,7663,4264,6172
2023-01-08,IN,11189,59166,11507,60328,5.2878720171597111,1.0284207703995007,-0.79578749559907347,2.5141478237554757,7805,4852,6023
2023-01-15,IN,10887,57873,11178,59018,5.3157894736842071,1.026729126481124,-0.61228250405134976,2.73625424818591,7831,4884,5636
2023-01-22,IN,11068,58263,11306,59695,5.2640946873870629,1.0215034333212871,-0.60718079712315565,2.5494669316949761,7878,5253,5488
2023-01-29,IN,10476,57081,10731,58330,5.44873997709049,1.024341351660939,-0.89588905548434761,2.7242363497518145,7555,4492,5710
2023-02-05,IN,11226,61490,11529,62727,5.4774630322465852,1.0269909139497595,-0.82213858965109743,2.3621147336540158,7783,4633,6130
2023-02-12,IN,11292,63014,11713,64396,5.5804109103790269,1.0372830322352105,-0.57764972461035924,2.5925876726886283,8141,5128,5721
2023-02-19,IN,12019,62814,12410,63733,5.226225143522754,1.0325318246110329,-0.89704633452871618,2.574556951493467,8339,5043,6546
2023-02-26,IN,14421,72450,15014,73889,5.0239234449760746,1.0411205880313432,-0.98379508634403157,2.3624991332085163,9739,5843,8149
2023-03-05,IN,11159,57363,11460,58389,5.1405143830092292,1.0269737431669503,-1.0110884136620568,2.557128774979835,7842,4608,6134
2023-03-12,IN,11907,64233,12218,65579,5.39455782312925,1.0261190896111534,-0.971642391674978,2.41050642479214,8309,4797,6768
2023-03-19,IN,13659,69410,13923,70716,5.0816311589428187,1.0193279156600046,-1.484960267389277,2.1062010396075843,9252,4843,8399
2023-03-26,IN,19507,100572,19939,102665,5.1556877018506215,1.0221458963449017,-1.5764863214341271,2.1853078382119233,13127,6901,12036
2023-04-02,IN,17466,91174,17930,92774,5.2200847360586318,1.0265658994618119,-0.97732527124937152,2.5780774075346398,12248,7133,9799
2023-04-09,IN,20631,103021,21210,104840,4.99350491978091,1.0280645630362082,-0.81499980613717238,2.6753380834666283,14209,8499,11447
2023-04-16,IN,19905,101145,20353,103162,5.0813865862848555,1.0225069078121072,-0.98470514938336229,2.6613966340115565,13339,8085,11193
2023-04-23,IN,21719,106217,22282,108329,4.8905106128274785,1.025922003775495,-1.1381156959088397,2.8058428104424689,14122,8173,13002
2023-04-30,IN,21708,107492,22518,109220,4.9517228671457492,1.0373134328358213,-1.0519673862548307,2.7132439653583913,14291,8582,12472
2023-05-07,IN,19473,97917,19867,99592,5.0283469419195788,1.0202331433266574,-0.87959420030883639,2.721979150618806,12836,8172,10671
2023-05-14,IN,21269,107119,21891,109242,5.0363909915840006,1.0292444402651748,-0.45878646278546725,2.7609055432789522,14053,10365,10321
2023-05-21,IN,22717,112676,23475,114672,4.9599859136329627,1.0333670819210292,-0.28063465817171679,2.7242637672227832,15096,11057,11115
2023-05-28,IN,21311,107593,21754,109349,5.0487072403922859,1.020787386795551,-0.77747092888866831,2.6781615128337473,14233,9358,11341
2023-06-04,IN,20445,102629,20997,104374,5.0197603325996631,1.0269992663242848,-0.79429214438829887,2.5633308877476151,13876,8811,11003
2023-06-11,IN,19415,101856,19905,103570,5.2462528972444025,1.025238217872779,-1.0640554851908874,2.5987380891063609,12767,7619,11125
2023-06-18,IN,26433,126514,27149,128769,4.7862142019445422,1.02708735293005,-0.47146272351783375,2.654969167328717,17086,11966,13596
2023-06-25,IN,21095,107183,21462,108859,5.0809670538042218,1.0173974875562934,-0.7642893740022384,2.5289499881488515,14190,9050,11451
2023-07-02,IN,21293,110016,21848,112044,5.1667684215469887,1.0260649039590473,-0.89987407327370528,2.6884140327807247,14367,8613,12009
2023-07-09,IN,20856,107000,21296,109229,5.130418105101648,1.021097046413503,-1.0603491088369659,2.7181003068661278,14048,8559,11684
2023-07-16,IN,23327,116400,23879,118361,4.9899258370129038,1.02366356582501,-0.99640781132494849,2.6388776953744575,15468,9187,13379
2023-07-23,IN,19660,102326,20031,104095,5.2047812817904369,1.0188708036622582,-1.2120690810760861,2.4368158697863693,13299,7538,11452
2023-07-30,IN,19481,101476,19765,102758,5.2089728453364827,1.0145783070684256,-1.2272152593492516,2.4657050459421996,13195,7499,11432
2023-08-06,IN,17948,96243,18206,97863,5.3623244929797211,1.014374860708714,-1.2319949001941266,2.6786215734343637,12197,6667,10763
2023-08-13,IN,17118,91014,17483,92277,5.316859446196986,1.021322584414067,-0.56398717506483509,2.7690559644818316,11604,7692,8963
2023-08-20,IN,20740,104609,21182,106224,5.0438283510125359,1.021311475409836,-0.2855326718652722,2.7623143683702995,14464,10090,10017
2023-08-27,IN,19378,97733,19797,99646,5.04350294148003,1.0216224584580449,-0.47503049326726932,2.63389410671896,13176,8816,9881
2023-09-03,IN,28123,132599,29156,135117,4.7149663976105058,1.0367315009067328,-0.11083706493512899,2.7480140810013167,19094,14260,12822
2023-09-10,IN,24644,118554,25352,120557,4.810663853270575,1.0287291024184388,-0.37257767021010052,2.73400422009414,16648,11840,12071
2023-09-17,IN,20410,101344,21096,103569,4.9654091131798124,1.0336109750122495,-1.2309993511555053,2.5921313081822639,13320,7577,12280
2023-09-24,IN,21591,105937,22084,107688,4.9065351303784031,1.0228335880691022,-1.0552068990734007,2.3944004446297069,14413,8425,12500
2023-10-01,IN,19222,97421,19604,99192,5.0682031006138777,1.0198730621163252,-1.2707243376489787,2.484694620747061,12649,7336,11315
2023-10-08,IN,16628,85357,16941,87363,5.133329324031755,1.018823670916527,-0.82168866439766008,2.7271229251864311,11512,6898,9167
2023-10-15,IN,15981,81051,16238,82553,5.0717101558100213,1.0160815968963139,-0.5942725209437888,2.841730805331331,11175,7362,8254
2023-10-22,IN,14235,73391,14499,74973,5.1556726378644182,1.0185458377239196,-0.82033563548533173,2.6388408851422556,9827,6002,7879
2023-10-29,IN,16782,86445,17416,88034,5.1510547014658545,1.0377785722798247,-0.98738649493055375,2.6517161244190208,11387,6842,9549
2023-11-05,IN,15812,80946,16297,82296,5.1192764988616251,1.0306729066531757,-0.73935852549076631,2.7389893751581083,10780,6927,8447
2023-11-12,IN,14000,72851,14293,73981,5.203642857142861,1.0209285714285721,-0.7447494864983667,2.9660142857142868,9357,5907,7714
2023-11-19,IN,15102,80572,15469,81756,5.3351873923983542,1.0243014170308566,-0.85632276100101667,3.0019533836577939,10360,6158,8466
2023-11-26,IN,16320,85931,16650,87394,5.265379901960781,1.0202205882352946,-0.60112856718393559,2.9898774509803929,11011,7427,8433
2023-12-03,IN,17580,89778,18064,90927,5.1068259385665495,1.0275312855517631,-0.633431348913758,2.8386973833902149,11805,8098,8880
2023-12-10,IN,17426,89569,17742,91181,5.1399632732698235,1.0181338230230692,-1.0774825377775135,2.4242798117755067,11714,7267,9670
2023-12-17,IN,17261,90356,17611,91772,5.2346909217310689,1.0202769248595114,-1.1032118742889432,2.5334800996466025,12058,6800,9928
2023-12-24,IN,16004,80683,16281,82097,5.0414271432141984,1.0173081729567608,-0.84314696748227547,2.7506810797300667,11126,6868,8732
2023-12-31,IN,15284,79466,15445,81144,5.1992933786966748,1.0105338916514002,-0.78796211664631688,2.7746270609788,10422,6656,8140
2024-01-07,IN,19823,100104,20078,102191,5.049891540130151,1.0128638450285024,-0.48997897215410668,2.8193109014780791,13252,9175,10049
2024-01-14,IN,17179,87837,17475,89603,5.1130449967984175,1.0172303393678337,-0.5395657344746464,2.8321206123755762,11877,7667,8941
2024-01-21,IN,18643,92311,18965,94079,4.951509950115323,1.0172718982996296,-0.046721720960127028,2.8038352196534886,12306,9460,8625
2024-01-28,IN,17360,91737,17579,93282,5.2843894009216568,1.0126152073732715,-0.7057195036982381,2.6808064516129031,11806,7191,9654
2024-02-04,IN,18272,93574,18616,94950,5.121169001751313,1.0188266199649731,-0.98142446710081843,2.4695709281961471,12577,7468,10304
2024-02-11,IN,20419,104389,20753,106431,5.1123463440912857,1.0163573142661244,-1.1004879423110787,2.4368137518977426,13821,7976,11988
2024-02-18,IN,20166,106183,20594,108201,5.2654467916294729,1.0212238421104831,-0.800671589193156,2.53857978776158,13628,8857,10830
2024-02-25,IN,18700,96322,19040,98062,5.1509090909090895,1.0181818181818185,-0.73306390124884147,2.6480962566844912,12920,7975,10099
2024-03-03,IN,20131,101437,20475,104008,5.0388455615717049,1.0170880731210574,-0.75789811309139277,2.8188217177487465,14119,8756,10730
2024-03-10,IN,18689,96572,18982,98524,5.16731767349778,1.0156776713574827,-0.6665077421456036,2.6830970089357384,12987,8049,10001
2024-03-17,IN,18896,96485,19229,98231,5.106107112616427,1.0176227773073656,-0.90132523106237794,2.7800275190516519,13111,7769,10560
2024-03-24,IN,16717,82795,16916,84208,4.9527427169946776,1.0119040497696952,-1.0935617262558015,2.5645211461386626,11371,6241,9925
2024-03-31,IN,16361,82203,16599,83407,5.0243261414338969,1.0145467880936381,-1.1513767740096483,2.7165576676242287,11329,5777,10065
2024-04-07,IN,16052,80159,16225,81867,4.9937079491652119,1.0107774732120616,-1.1144314700044768,2.5397894343383984,10946,5990,9624
2024-04-14,IN,14555,74694,14703,76028,5.1318447268979739,1.0101683270353832,-1.2242314978763436,2.7140776365510115,9862,5124,8942
2024-04-21,IN,14024,72549,14200,73547,5.1732030804335416,1.0125499144324017,-1.2570424338135546,2.4907658300057047,9541,4977,8679
2024-04-28,IN,14689,74669,14938,75882,5.0833276601538557,1.016951460276398,-1.3351205176181984,2.5952821839471709,10079,4938,9342
2024-05-05,IN,14902,75108,15150,76601,5.0401288417662071,1.0166420614682596,-1.3084213713771176,2.791182391625286,10196,5001,9400
2024-05-12,IN,14793,74434,14969,75623,5.0317041844115433,1.0118975190968706,-1.3450273469081739,2.6224362874332465,9947,4991,9377
2024-05-19,IN,14623,75518,14783,76988,5.1643301648088631,1.0109416672365463,-1.3954210752818768,2.5251726731860762,10007,5112,9139
2024-05-26,IN,14742,77452,15019,79039,5.2538325871659195,1.0187898521231846,-1.3222383439861944,2.6016144349477681,10089,5425,8861
2024-06-02,IN,18536,91210,18869,93291,4.9206948640483414,1.0179650410012948,-0.066329761526596628,2.875005394907209,12671,9771,8243
2024-06-09,IN,19191,92805,19595,94426,4.8358605596373305,1.0210515345734985,-0.512558889819147,2.6809546141420468,13043,9209,9431
2024-06-16,IN,18924,94842,19299,96662,5.01173113506658,1.0198161065313878,-1.1438385179492379,2.3636387655886706,12977,7888,10603
2024-06-23,IN,17160,90515,17475,92704,5.2747668997668971,1.0183566433566436,-1.3674528511923907,2.4140034965034967,12029,6554,10188
2024-06-30,IN,17345,89370,17868,91115,5.1524935139809749,1.0301527817814935,-1.7277258268481339,2.5317151916978959,12280,6176,10778
2024-07-07,IN,17702,89273,18017,91114,5.04310247429669,1.0177945994802842,-0.99308290607012906,2.6652977064738468,12359,7213,9964
2024-07-14,IN,16044,83441,16305,85128,5.200760408875591,1.0162677636499629,-1.1455173761165183,2.6376838693592619,11370,6125,9468
2024-07-21,IN,16771,87555,17076,89352,5.2206189255262094,1.0181861546717557,-0.94582754006782732,2.6366048536163609,11585,6644,9695
2024-07-28,IN,15561,79179,15793,80712,5.088297667245036,1.0149090675406474,-1.0045471756026025,2.8178716020821275,10351,6391,8803
2024-08-04,IN,18741,90752,19154,92522,4.8424310335627823,1.022037244544048,-1.3583459492217032,2.574873272504135,12657,6851,11414
2024-08-11,IN,17880,90713,18218,92601,5.0734340044742723,1.0189038031319908,-1.7136904393269414,1.9920022371364652,11653,6365,11080
2024-08-18,IN,21025,104399,21434,106439,4.9654696789536219,1.0194530321046367,-1.3574703448688219,2.1510439952437572,13969,8165,12337
2024-08-25,IN,19027,95858,19385,97620,5.03799863352079,1.0188153676354654,-1.2719209987369786,2.3750512429705135,12868,7560,10933
2024-09-01,IN,18273,93107,18709,94734,5.0953319104689969,1.0238603403929296,-1.1939960665028679,2.5395282657472751,12176,7377,10446
2024-09-08,IN,19882,97702,20208,99597,4.9140931495825413,1.0163967407705459,-1.0601807635159217,2.6689065486369574,13473,7857,11507
2024-09-15,IN,17935,91728,18310,93279,5.1144689155282963,1.0209088374686364,-0.9468503709295687,2.6301979369947044,11911,7371,10051
2024-09-22,IN,18790,94630,19157,96422,5.0361894624800421,1.0195316657796718,-0.60532005262767175,2.6267855242150073,12467,8670,9713
2024-09-29,IN,17265,87650,17510,89498,5.0767448595424254,1.0141905589342604,-0.75915725444721538,2.4990501013611355,11786,7434,9346
2024-10-06,IN,17812,86081,18204,87829,4.8327532000898259,1.0220076353020444,-0.2415428166361627,2.6049741747136754,11952,8918,8423
2024-10-13,IN,20006,96196,20317,97677,4.8083574927521715,1.0155453363990805,-1.5561847475013322,2.6270868739378193,13089,7589,12002
2024-10-20,IN,19042,93099,19359,94914,4.8891397962398884,1.0166474109862407,-0.72249128943438978,2.8567850015754637,12926,8756,9791
2024-10-27,IN,13292,65396,13555,66868,4.9199518507372844,1.0197863376467045,-0.66294658536004536,2.7904829972916039,9245,6076,6925
2024-11-03,IN,14405,72231,14634,73756,5.0143005900728923,1.0158972578965635,-0.74906784708476948,2.5974522735161392,10005,6261,7804
2024-11-10,IN,15456,78648,15707,79944,5.0885093167701854,1.0162396480331257,-0.81467654506859455,2.598673654244307,10491,6524,8544
2024-11-17,IN,17269,85011,17418,86600,4.9227517516937889,1.00862817765939,-0.7203329136141825,2.6371416989982044,11524,7757,9050
2024-11-24,IN,17885,89340,18336,90962,4.9952474140341074,1.0252166620072689,-0.7060166646579652,2.5330500419345827,12432,8109,9406
2024-12-01,IN,18151,90397,18382,92125,4.9802765687840864,1.0127265715387579,-1.0613413898330333,2.2990083191008779,12435,7492,10175
2024-12-08,IN,17401,89435,17649,91193,5.1396471467157054,1.0142520544796279,-1.1297033640007941,2.4603298660996491,12245,7095,9980
2024-12-15,IN,19100,94582,19417,96380,4.95193717277487,1.0165968586387433,-1.1033263183965205,2.0615078534031412,13172,7769,10874
2024-12-22,IN,16414,83049,16738,84714,5.0596442061654683,1.0197392469842814,-0.93611540426693507,2.4680151090532489,11055,6774,9244
2024-12-29,IN,15398,78656,15660,80048,5.1081958695934526,1.017015196778803,-1.2887325699615868,2.4104234316144937,10660,6176,8801
2025-01-05,IN,16060,84561,16345,86170,5.265317559153174,1.0177459526774595,-0.84704836091141167,2.6769676214196769,11064,7012,8697
2025-01-12,IN,16841,84258,17204,85813,5.0031470815272314,1.0215545395166559,-0.28312614025227173,2.6493141737426513,11819,8521,7900
2025-01-19,IN,17853,88320,18191,89984,4.9470677197109714,1.0189323923150166,-0.40870689898134654,2.7879572060718076,12269,8607,8828
2025-01-26,IN,16898,85325,17339,86967,5.0494141318499253,1.0260977630488819,-0.36799487934191016,2.7012545863415789,11464,7994,8498
2025-02-02,IN,17626,86628,17937,88225,4.9147849767389058,1.0176443889708386,-0.87922561365446394,2.5691989107001034,12338,7568,9575
2025-02-09,IN,21446,99153,21876,100797,4.6233796512170056,1.020050359041313,-0.63418089088871588,2.7611489322018068,14552,9549,11325
2025-02-16,IN,18786,91406,19081,93426,4.8656446289790267,1.0157031832215482,-0.91451165565297865,2.8202597679122761,12773,7816,10595
2025-02-23,IN,17413,88237,17782,90092,5.0673060357204438,1.0211910641474757,-0.56207566411763488,2.8000746568655615,12025,7858,9181
2025-03-02,IN,16156,80974,16331,82707,5.01200792275316,1.0108318890814556,-0.8332184366499924,2.5124350086655114,11135,6976,8801
2025-03-09,IN,15356,76221,15568,77587,4.9635972909611867,1.0138056785621261,-0.964351185649744,2.5349895806199538,10581,6294,8711
2025-03-16,IN,18997,90379,19270,92215,4.7575406643154192,1.0143706901089655,-0.80914695087445143,2.3136495236089902,12606,8424,10167
2025-03-23,IN,17535,85195,17785,86906,4.8585685771314528,1.0142571998859433,-1.0906589479356252,2.5218933561448522,11984,7076,9966
2025-03-30,IN,18200,90289,18394,92319,4.9609340659340644,1.0106593406593403,-0.63266648541419435,2.4436538461538468,12117,7788,9865
2025-04-06,IN,19913,91465,20162,93142,4.5932305529051369,1.012504394114397,-0.88854761034895891,2.4897604579922668,13193,8234,11284
2025-04-13,IN,15847,80112,16104,81604,5.0553417050545795,1.0162175806146272,-1.2097793242813091,2.3458888117624772,10664,6446,9059
2025-04-20,IN,26383,117680,27167,119774,4.460448015767728,1.0297161050676582,-2.6665078857774951,2.36025470947201,15414,7656,18292
2025-04-27,IN,19045,91312,19328,92955,4.79453924914676,1.0148595431871883,-2.0688440149237031,2.5150223155683893,12370,5611,13136
2025-05-04,IN,20909,100632,21322,101936,4.8128557080682972,1.0197522597924342,-2.651368937995302,2.71498397819121,13054,5150,15314
2025-05-11,IN,18937,89441,19194,90834,4.7230817975392068,1.0135713154142678,-1.7360795448244997,2.8225220467867156,12377,5710,12725
2025-05-18,IN,18366,88343,18644,89851,4.8101382990308226,1.0151366655776983,-1.4020290503213197,2.8502722421866507,12056,6359,11610
2025-05-25,IN,18813,89124,19072,90864,4.7373624621272512,1.0137670759581148,-1.1311036155800029,2.7384521341625478,12554,6941,11429
2025-06-01,IN,19511,89936,19824,91554,4.6095023320178381,1.0160422325867458,-0.95053731336171954,2.6870790835938703,12861,7738,11171
2025-06-08,IN,18011,88553,18548,90423,4.9166065182388543,1.0298151129865083,-1.7055508503502645,2.7793515074121364,11535,5940,11691
2025-06-15,IN,221,956,235,956,4.3257918552036188,1.063348416289593,-0.59187469164585482,2.77420814479638,107,88,127
2025-06-22,IN,250,1133,257,1145,4.5320000000000018,1.028,-0.099231739946870123,2.1612,167,127,101
2025-06-29,IN,10315,50405,10575,51275,4.8865729520116341,1.02520601066408,-0.48168202602578375,2.6631895298109578,6819,4711,5394
2025-07-06,IN,16940,83042,17324,84713,4.9021251475796941,1.0226682408500587,-0.91847434571639586,2.5592266824084993,11361,6909,9651
2025-07-13,IN,17628,86917,18211,88588,4.930621738143862,1.0330723848422965,-0.82797272848835746,2.620887224869525,12134,7568,9691
2025-07-20,IN,17181,84986,17646,86510,4.94651068040277,1.027064780862581,-1.2203939224746987,2.7313311215878011,11597,6580,10192
2025-07-27,IN,17142,83986,17589,85810,4.89942830474857,1.026076303815191,-1.5421513489910212,2.6662408120406016,11446,6162,10676
2025-08-03,IN,18811,89690,19229,91517,4.7679549199936195,1.0222210408803361,-1.384082896508223,2.7105470203604276,12508,6389,11976
2025-08-10,IN,16226,81188,16619,82915,5.003574510045607,1.024220387033157,-1.0603006575164104,2.4443300875138676,11223,6320,9475
2025-08-17,IN,18537,90262,19140,91897,4.8692884501267688,1.0325295355235473,-0.90942675652160276,2.7649188110265959,12647,7557,10525
2025-08-24,IN,17470,83264,17973,85105,4.7661133371494007,1.0287922152261022,-0.809672099934203,2.7671780194619338,11485,7302,9775
2025-08-31,IN,19280,90077,19951,91557,4.67204356846473,1.0348029045643157,-0.68349740365721612,2.7584439834024885,12942,8481,10253
2025-09-07,IN,16945,82831,17432,84683,4.8882266155208045,1.0287400413101211,-0.82361349253394978,2.7387488934789017,11386,7107,9413
2025-09-14,IN,15860,79486,16235,81186,5.0117276166456479,1.0236443883984871,-0.7534867294445855,2.8108575031525844,11046,6912,8545
2025-09-21,IN,16545,83180,16981,85065,5.02750075551526,1.0263523723179209,-0.74079167730340967,2.7850710184345706,11303,7298,8861
2025-09-28,IN,14978,72951,15444,74307,4.8705434637468263,1.031112298037121,-0.90685322573169314,2.6626719188142625,10167,6543,8121
2025-10-05,IN,19384,92526,19963,94119,4.7733182005777959,1.0298699958728836,-0.23078023235327091,2.68424473792819,13264,9558,9259
2025-10-12,IN,18672,88336,19216,89933,4.7309340188517552,1.029134532990575,-0.31254102292286196,2.7523939588688946,12500,8946,9289
2025-10-19,IN,13897,68676,14269,69867,4.9417859969777647,1.0267683672735128,-0.40242769869903483,2.7393610131683084,9245,6477,7089
2025-10-26,IN,17333,83559,17753,85285,4.8208042462355047,1.0242312352160621,-0.37456967899315008,2.7903132752552926,11743,7978,8933
2025-11-02,IN,15895,78972,16304,80822,4.96835482856244,1.0257313620635429,-0.54328953883804876,2.6747656495753382,10951,7171,8395
2025-11-09,IN,18235,87316,18697,89149,4.7883740060323579,1.0253358925143949,-1.0702045328619234,2.806487523992319,12492,7747,10166
2025-11-16,IN,18561,88786,19020,90529,4.7834707181725147,1.0247292710522073,-0.606935482092531,2.79706912343085,12799,8751,9474
2025-11-23,IN,16330,82342,16826,84055,5.0423759951010378,1.0303735456215557,-0.27831856723088993,2.686736068585426,10934,8029,7927
2025-11-30,IN,19393,94934,20047,96571,4.8952714897127834,1.0337235084824423,-0.4600011243528232,2.7025524673851393,13100,8979,9957
2025-12-07,IN,16079,82339,16666,84107,5.1209030412339063,1.0365072454754649,-0.4738869098264698,2.7769637415262132,10922,7404,8261
2025-12-14,IN,15527,77495,15838,78996,4.9909834481870305,1.0200296258131,-0.73005723274785728,2.6101307400012894,10448,6912,8252
2025-12-21,IN,13789,68295,14097,69905,4.9528609761404025,1.0223366451519331,-1.1811438731665234,2.3243382406265862,9170,5806,7711
2025-12-28,IN,12696,63595,12963,64778,5.00905797101449,1.0210302457466918,-1.48534488907267,2.6151386263390033,8274,4763,7716
2026-01-04,IN,13911,69518,14147,70729,4.9973402343469182,1.0169649917331609,-1.2776209923096846,2.3949464452591482,9787,5666,7848
2026-01-11,IN,15561,76094,15891,77423,4.8900456268877335,1.0212068633121267,-0.3674781772773672,2.5641411220358585,10694,7462,7816
2026-01-18,IN,16005,80083,16474,81579,5.0036238675413935,1.0293033427054037,-0.16266767515332817,2.8082599187753821,11042,8379,7338
2026-01-25,IN,15929,83815,16351,85340,5.2617866783853353,1.0264925607382762,-0.47183435801923457,2.6986565383891028,10962,7733,7812
2026-02-01,IN,15871,80591,16233,82044,5.0778778904920889,1.0228088967298845,-0.55419572932370464,2.6988973599647146,10739,7573,7961
2026-02-08,IN,15135,77815,15464,79280,5.1413941195903519,1.0217376940865543,-0.6491725563324916,2.6689725801123236,10525,7043,7812
2026-02-15,IN,20484,98987,21231,100735,4.8324057801210705,1.0364674868189814,0.35649658624770492,2.6422378441710626,14175,12185,7899
2026-02-22,IN,17458,84209,17967,85671,4.82351930347119,1.0291556879367627,-0.69556867733239292,2.5700481154771428,11890,8110,8961
2026-03-01,IN,15953,75484,16449,77173,4.7316492195825246,1.0310913307841774,-0.89315066832785339,2.5353413151131439,10821,6486,9096
2026-03-08,IN,14544,77302,14906,78876,5.31504400440044,1.0248899889988998,-1.0161454108498695,2.655404290429042,9584,5760,8439
2026-03-15,IN,13457,70729,13762,72192,5.2559262837185168,1.0226647841272196,-0.90859904140241909,2.79648510069109,9374,5535,7646
2026-03-22,IN,12703,67597,13027,68633,5.3213414154136851,1.0255057860347956,-1.0295732667873234,2.7532551365819082,8721,5168,7271
2026-03-29,IN,12391,63876,12634,64797,5.155031877975949,1.0196110079896705,-0.92652649591003611,2.7787103542894021,8623,5114,6952
2026-04-05,IN,12411,62448,12725,63442,5.031665458061398,1.0253001369752641,-0.88673652952495186,2.8146402384981077,8633,5228,6821
2026-04-12,IN,11902,62076,12143,63295,5.2155940178121316,1.0202486976978655,-0.78086908992958248,2.6551840026886242,8365,5178,6404
2026-04-19,IN,12542,64611,12937,65978,5.1515707223728269,1.031494179556689,-0.89529419292895962,2.7065300590017536,8618,5491,6718
2026-04-26,IN,12353,66010,12614,67063,5.3436412207560924,1.0211284708168054,-0.81920360643523349,2.7761191613373284,8758,5500,6480
2026-05-03,IN,15112,76765,15442,77884,5.079737956590793,1.0218369507676022,-0.1399599597980577,2.7093832715722597,10544,8194,6624
2026-05-10,IN,16453,82023,16842,83551,4.985291436212238,1.0236431046009848,-0.45344779090619386,2.6327964504953512,11284,8070,8003
2026-05-17,IN,17060,83170,17628,84664,4.8751465416178217,1.0332942555685825,-0.60644263117241648,2.7435756154747941,11397,8326,8360
2026-05-24,IN,18758,89844,19498,91286,4.7896364217933671,1.0394498347371781,-0.57833807162802686,2.7636954899242991,12678,8811,9419
2026-05-31,IN,16537,84126,17134,85841,5.0871379331196733,1.0361008647275802,-0.36805651887755753,2.6549192719356594,11082,8091,8103
2026-06-07,IN,16158,82541,16505,84105,5.108367372199532,1.0214754301274911,-0.96019618522300865,2.6077113504146556,10640,6778,9123
2026-06-14,IN,16850,84617,17395,86284,5.0217804154302712,1.0323442136498533,-0.37614530282509051,2.7482492581602376,11422,7962,8598
2026-06-21,IN,15780,80729,16169,82306,5.1159062103929012,1.0246514575411922,-0.64824169620050676,2.7979277566539924,10823,6991,8523
2026-06-28,IN,15249,77479,15603,78862,5.0809233392353592,1.0232146370253794,-0.70624983377069217,2.7787658207095571,10194,6929,8071
2026-07-05,IN,14698,78956,15117,80568,5.3718873316097406,1.0285072799020274,-0.75876165024687336,2.8255408899169976,9787,6636,7770
2026-07-12,IN,16162,82987,16484,84443,5.1346986759064466,1.0199232768221753,-1.2792533940612063,2.0999690632347479,10695,6179,9640
2026-07-19,IN,22927,119146,23452,121413,5.1967549177825294,1.0228987656474919,-3.0698456880639569,0.79243686483185771,14310,5326,17351
2026-07-26,IN,17500,91417,17733,93322,5.2238285714285677,1.0133142857142861,-1.9208867972302612,1.8590914285714308,11527,5751,11441
2026-08-02,IN,16520,87115,16885,88601,5.273305084745763,1.0220944309927362,-1.6080040861454414,2.1487651331719126,11130,6065,10090
2026-08-09,IN,16637,88664,17013,90256,5.3293262006371327,1.0226002284065641,-1.4444455602977226,2.2651920418344655,10779,6209,10085
2026-08-16,IN,17480,87756,17880,89704,5.02036613272311,1.0228832951945075,-1.0978637668475537,2.1492963386727708,11326,7172,9931
2026-08-23,IN,7238,37276,7407,38226,5.150041447913785,1.0233489914340976,-1.0414033615516762,2.3548079579994479,4752,2968,4041
2023-01-01,KE,885,4543,892,4588,5.1333333333333346,1.0079096045197744,-1.2246792910956636,3.1457627118644069,530,275,573
2023-01-08,KE,1079,5499,1089,5558,5.0963855421686732,1.0092678405931423,0.010730807911401675,2.9612604263206666,670,587,467
2023-01-15,KE,1144,5901,1146,6047,5.1582167832167842,1.0017482517482519,-0.5232880328925974,3.0909090909090904,799,476,603
2023-01-22,KE,1056,5218,1063,5425,4.9412878787878789,1.0066287878787881,-1.1825093281806707,2.766382575757576,677,400,587
2023-01-29,KE,1215,6145,1222,6353,5.05761316872428,1.0057613168724282,-1.2640523648683502,3.0474074074074076,726,469,728
2023-02-05,KE,1378,7067,1384,7223,5.1284470246734406,1.0043541364296082,-1.4242213970963564,3.1060232220609576,867,476,880
2023-02-12,KE,1170,6004,1200,6072,5.1316239316239329,1.0256410256410258,-0.97456715673870087,3.0619658119658117,775,477,669
2023-02-19,KE,1572,8099,1723,8350,5.1520356234096685,1.0960559796437661,-0.23791608112689458,2.8352417302798987,897,792,751
2023-02-26,KE,1512,7192,1572,7308,4.7566137566137554,1.0396825396825398,-0.89040872426176476,2.850132275132276,882,592,902
2023-03-05,KE,1317,6654,1336,6847,5.0523917995444174,1.0144267274107821,-0.58375237290017945,2.6603644646924827,969,568,719
2023-03-12,KE,1145,6646,1161,6721,5.8043668122270748,1.0139737991266378,-0.1745846937010905,2.5102183406113543,688,622,502
2023-03-19,KE,1641,8898,1670,9085,5.4223034734917741,1.0176721511273614,-1.5583895314969232,2.01249238269348,1040,590,1013
2023-03-26,KE,2895,15538,3156,15901,5.3671848013816916,1.0901554404145075,-1.7481283388572921,1.8740932642487051,1929,1011,1777
2023-04-02,KE,2247,11897,2279,12157,5.2946150422785925,1.0142412105028931,-1.0897599030038612,2.540631953716066,1443,1014,1200
2023-04-09,KE,2097,10704,2117,10899,5.104434907010015,1.0095374344301384,-1.2847390070635334,2.8127324749642351,1410,806,1236
2023-04-16,KE,2223,11188,2262,11575,5.0328385065227179,1.0175438596491226,-1.0870151996100847,2.8852451641925345,1495,880,1301
2023-04-23,KE,3106,15865,3199,16131,5.1078557630392778,1.0299420476497103,-2.0885482973135838,3.2340631036703154,1939,987,2066
2023-04-30,KE,3063,16492,3229,16797,5.3842637936663387,1.0541952334312765,-1.412246343949302,2.7847208619001,1888,1088,1889
2023-05-07,KE,2164,10689,2187,10807,4.9394639556377085,1.0106284658040665,-1.0851238435704145,2.9320240295748619,1406,872,1218
2023-05-14,KE,2217,11672,2260,11944,5.2647722147045561,1.0193955796120886,-1.0888577985308092,3.1452864230942716,1404,899,1234
2023-05-21,KE,2056,10745,2077,11024,5.2261673151750969,1.0102140077821014,-1.0739764135202128,2.9180447470817117,1324,836,1159
2023-05-28,KE,2436,12100,2482,12379,4.9671592775041038,1.01888341543514,-1.1705031843547002,2.9488505747126434,1476,976,1421
2023-06-04,KE,2382,12020,2400,12293,5.0461796809403863,1.0075566750629725,-0.95716021058664436,2.7760705289672556,1659,1035,1320
2023-06-11,KE,2232,11222,2274,11380,5.0277777777777795,1.0188172043010753,-1.4076731692894193,2.6780017921146961,1405,815,1343
2023-06-18,KE,2558,12906,2597,13316,5.0453479280688045,1.0152462861610634,-0.74268628528313707,2.8191555903049261,1659,1090,1416
2023-06-25,KE,1691,8648,1725,8761,5.1141336487285649,1.020106445890006,-0.95588531561820023,2.739207569485512,1166,732,923
2023-07-02,KE,2107,10910,2136,11258,5.17797816801139,1.0137636449928809,-2.6721474231529991,1.9683436165163732,1429,626,1451
2023-07-09,KE,2880,14707,2935,14984,5.1065972222222227,1.0190972222222221,-2.2279915780565021,1.8304166666666668,1909,1047,1761
2023-07-16,KE,3318,17655,3432,18120,5.3209764918625675,1.034358047016275,-1.8174209448623211,1.9636528028933093,2068,1320,1918
2023-07-23,KE,2348,12100,2385,12278,5.1533219761499156,1.0157580919931855,-1.7202524808743027,2.6687393526405456,1467,758,1509
2023-07-30,KE,2248,11097,2342,11224,4.9363879003558733,1.041814946619217,-1.0795265302108419,3.020996441281139,1421,914,1290
2023-08-06,KE,2225,11189,2250,11407,5.0287640449438191,1.0112359550561796,-0.83250068066846783,2.6490337078651689,1479,967,1223
2023-08-13,KE,1757,9376,1777,9579,5.3363688104723961,1.0113830392714858,-0.23053893947893514,2.9342629482071709,1170,888,836
2023-08-20,KE,1848,9444,1874,9711,5.1103896103896087,1.0140692640692646,-0.708206360821961,3.0283008658008659,1310,829,969
2023-08-27,KE,1854,9706,1876,9886,5.2351672060409893,1.0118662351672061,-0.56503485817218746,3.3744336569579283,1230,856,926
2023-09-03,KE,3224,17862,3361,18127,5.540322580645161,1.0424937965260543,-0.40783581494144311,3.0657258064516126,2144,1604,1544
2023-09-10,KE,2043,10833,2050,10992,5.3024963289280471,1.0034263338228093,-0.38198355571591996,2.7855115026921196,1320,1015,990
2023-09-17,KE,1891,10109,1948,10257,5.3458487572712867,1.0301427815970388,-0.36633666133896131,3.1547329455314657,1262,857,983
2023-09-24,KE,1938,9872,1979,10165,5.093911248710012,1.0211558307533541,-0.72037451833119681,2.8685758513931869,1265,821,1051
2023-10-01,KE,2090,10718,2122,10919,5.1282296650717694,1.0153110047846889,-0.9081402463390682,2.9685645933014353,1264,812,1233
2023-10-08,KE,2244,11330,2282,11673,5.0490196078431371,1.0169340463458107,-0.63528413870962308,3.00204991087344,1467,964,1226
2023-10-15,KE,1981,10472,2041,10868,5.2862190812720842,1.0302877334679461,-0.41681125360385163,2.8784957092377588,1333,925,1022
2023-10-22,KE,1999,10149,2095,10416,5.0770385192596308,1.0480240120060034,-0.71139562581323168,3.1230615307653831,1211,934,1047
2023-10-29,KE,3562,18693,3832,19104,5.247894441325097,1.0758001122964629,-0.92271851651483083,2.6976979225154412,2460,1483,1984
2023-11-05,KE,1923,9868,1935,10002,5.1315652626105042,1.0062402496099843,-0.36182088253025191,3.0406656266250645,1349,930,953
2023-11-12,KE,1914,9661,1939,10018,5.0475444096133764,1.0130616509926857,-0.10435226699436968,2.8467084639498434,1324,974,896
2023-11-19,KE,1979,10167,2031,10350,5.13744315310763,1.0262758969176351,-0.54963498169235769,3.3113693784739757,1322,954,970
2023-11-26,KE,1724,9521,1754,9710,5.52262180974478,1.0174013921113687,-1.2234715508108081,2.7086426914153132,1157,701,994
2023-12-03,KE,2089,10445,2145,10597,4.9999999999999964,1.0268070847295365,0.11522916963496029,3.1466730493058876,1260,1082,973
2023-12-10,KE,1872,9707,1939,9981,5.1853632478632488,1.0357905982905984,-0.38053727600330589,3.0666666666666664,1257,885,933
2023-12-17,KE,1656,9004,1706,9134,5.4371980676328482,1.0301932367149758,-1.0089848558349404,2.790881642512077,1002,594,1029
2023-12-24,KE,1279,6405,1326,6516,5.0078186082877245,1.0367474589523067,-1.1199603325719079,2.6937451133698205,748,501,754
2023-12-31,KE,1431,7189,1445,7267,5.0237596086652685,1.0097833682739343,-1.8953347367492581,2.5995108315863025,936,423,975
2024-01-07,KE,1518,7639,1542,7742,5.03227931488801,1.015810276679842,-0.77786193334447329,2.6708827404479578,926,686,808
2024-01-14,KE,1601,8153,1623,8343,5.0924422236102442,1.0137414116177395,-1.4949939810460122,3.1544659587757651,990,557,1007
2024-01-21,KE,2024,10025,2068,10264,4.9530632411067215,1.0217391304347823,-1.1502211161974842,3.10548418972332,1214,655,1341
2024-01-28,KE,1911,9332,1955,9469,4.8833071690214558,1.0230245944531657,-1.5068501139343746,2.8848246991104127,1204,651,1198
2024-02-04,KE,2011,10351,2029,10529,5.1471904525111869,1.0089507707608154,-1.2144746146877419,2.7892093485827942,1251,787,1177
2024-02-11,KE,1564,7857,1602,8005,5.0236572890025579,1.0242966751918161,-0.71623999498729229,3.0954603580562661,987,702,846
2024-02-18,KE,1741,8655,1743,8751,4.97128087306146,1.0011487650775417,-0.90559074494967418,3.0207926479035048,1009,748,958
2024-02-25,KE,2366,12160,2471,12439,5.1394759087066761,1.0443786982248524,-0.70116905467263535,2.8381234150464913,1460,1020,1279
2024-03-03,KE,2614,13464,2721,13770,5.1507268553940309,1.0409334353481252,-2.0354055474722719,2.7813312930374896,1557,807,1765
2024-03-10,KE,2509,12461,2572,12705,4.9665205261060175,1.0251096054204862,-1.9251793544337352,3.1340773216420885,1302,703,1775
2024-03-17,KE,2119,11246,2134,11490,5.3072203869749881,1.0070788107597921,-1.5939091520992634,2.7905143935818777,1115,741,1346
2024-03-24,KE,1583,8311,1598,8502,5.2501579279848389,1.0094756790903345,-1.6526293563058545,3.0571067593177514,950,516,1042
2024-03-31,KE,1857,9107,1899,9274,4.9041464728056008,1.0226171243941842,-1.0490792450534725,2.9754442649434569,1148,814,1027
2024-04-07,KE,1691,8715,1730,8902,5.1537551744529866,1.0230632761679481,-1.0396818099581302,2.7790065050266111,989,647,1007
2024-04-14,KE,1825,9157,1841,9314,5.0175342465753419,1.0087671232876716,-1.5980275106597508,2.8429041095890408,963,609,1179
2024-04-21,KE,1799,9247,1834,9381,5.1400778210116727,1.0194552529182879,-1.2213011900670327,3.0961645358532519,1113,706,1068
2024-04-28,KE,2091,10708,2110,10940,5.1209947393591575,1.00908656145385,-2.0264768766193457,3.6694404591104735,1388,668,1379
2024-05-05,KE,2189,10993,2234,11209,5.0219278209227944,1.0205573321151213,-0.930542137308314,3.2425308359981724,1510,874,1278
2024-05-12,KE,1983,9706,1988,9878,4.8946041351487661,1.002521432173475,-0.5417894071892928,3.1090267271810386,1291,901,1046
2024-05-19,KE,4260,18816,4386,19038,4.4169014084507063,1.0295774647887324,-0.36158326266662494,3.2186384976525821,2379,1833,2287
2024-05-26,KE,2424,11841,2455,11987,4.88490099009901,1.012788778877888,-0.11743398932026268,2.9446782178217825,1527,1099,1247
2024-06-02,KE,1803,8874,1811,9180,4.9217970049916815,1.0044370493621746,-0.48046269854959489,3.1149195784803108,981,824,928
2024-06-09,KE,1824,9258,1836,9443,5.0756578947368425,1.006578947368421,-1.0469253838581183,3.0646381578947364,1052,700,1089
2024-06-16,KE,2623,13796,2680,14025,5.2596263820053384,1.021730842546702,-2.79284788020773,1.8215783454060235,1433,703,1857
2024-06-23,KE,4219,23728,4436,24202,5.6240815359089842,1.0514339890969426,-4.7453483412458262,0.76575017776724319,2328,563,3590
2024-06-30,KE,2466,13408,2537,13522,5.4371451743714525,1.0287915652879158,-3.9361552583352211,1.3020275750202761,1280,408,2032
2024-07-07,KE,2190,11655,2231,11785,5.3219178082191769,1.0187214611872144,-2.9249462329787166,2.0126940639269408,1306,501,1630
2024-07-14,KE,2288,12607,2362,12785,5.5100524475524484,1.0323426573426571,-3.5331989244397115,1.6276223776223779,1259,549,1708
2024-07-21,KE,1984,10275,2016,10377,5.1789314516129021,1.0161290322580645,-2.439593182859046,1.3245463709677419,1115,602,1365
2024-07-28,KE,1809,8916,1809,8987,4.9286898839137665,1.0,-2.0038227539527567,2.4415146489773361,1020,572,1204
2024-08-04,KE,2086,10255,2104,10424,4.9161073825503356,1.0086289549376801,-1.8378106255486137,2.1337967401725786,1161,814,1243
2024-08-11,KE,1609,8187,1615,8315,5.0882535736482284,1.0037290242386576,-1.1395263423149919,2.7695463020509643,982,661,895
2024-08-18,KE,1964,10374,1973,10539,5.2820773930753573,1.0045824847250511,-1.1354379376239327,2.8718940936863544,1185,817,1109
2024-08-25,KE,1952,9651,1962,9820,4.944159836065575,1.0051229508196722,-0.42143875430000649,2.395645491803279,1265,956,953
2024-09-01,KE,2011,9907,2043,10101,4.9264047737444052,1.0159124813525606,-1.3752581155785431,2.7694679264047735,1170,777,1185
2024-09-08,KE,2129,10519,2167,10707,4.9408172851103807,1.0178487552841706,-1.3247293336813739,2.3932362611554723,1296,728,1363
2024-09-15,KE,2282,10780,2313,10989,4.7239263803680984,1.013584574934268,-0.63738661993580115,2.6678352322524095,1324,944,1282
2024-09-22,KE,2287,11028,2301,11222,4.8220376038478356,1.0061215566243988,-0.670740719862773,2.6068648885002177,1323,984,1183
2024-09-29,KE,1563,7993,1585,8100,5.1138835572616781,1.0140754958413309,-1.4787856744950034,2.4799744081893795,935,564,962
2024-10-06,KE,1654,8672,1671,8797,5.2430471584038711,1.0102781136638452,-1.5532444198929531,2.5654171704957678,990,542,1077
2024-10-13,KE,1735,9130,1774,9302,5.2622478386167142,1.0224783861671469,-1.6120512199933155,2.6242074927953887,1076,602,1097
2024-10-20,KE,1408,6887,1417,7021,4.8913352272727275,1.0063920454545454,-1.1349477378242852,2.4872159090909092,828,532,859
2024-10-27,KE,1628,7966,1643,8154,4.8931203931203928,1.0092137592137593,-0.86721265929857927,2.5214373464373465,1008,682,915
2024-11-03,KE,1436,6998,1441,7130,4.8732590529247926,1.003481894150418,0.050955549624790514,3.1650417827298054,827,765,623
2024-11-10,KE,1690,7821,1711,7983,4.6278106508875752,1.0124260355029588,-0.78079326546458061,3.1992899408284021,928,742,928
2024-11-17,KE,1736,8299,1765,8406,4.7805299539170489,1.0167050691244242,-1.7919232584784168,2.929435483870968,1013,561,1151
2024-11-24,KE,1694,8380,1722,8599,4.9468713105076736,1.0165289256198347,-0.80289930323103886,3.1427390791027152,1058,765,913
2024-12-01,KE,2083,9931,2112,10104,4.7676428228516556,1.013922227556409,0.30625422019950543,2.9516082573211713,1387,1049,985
2024-12-08,KE,1713,8725,1735,8906,5.09340338587274,1.0128429655575013,-0.96842350484764594,2.7339171044950374,1084,657,993
2024-12-15,KE,1470,7311,1481,7466,4.9734693877551024,1.0074829931972793,-0.67610120859256817,2.7698639455782317,925,671,777
2024-12-22,KE,1284,6427,1291,6513,5.0054517133956393,1.0054517133956387,-1.7853629471291439,2.4728971962616821,773,500,769
2024-12-29,KE,1493,7661,1526,7745,5.1312793034159414,1.0221031480241125,-2.3708596739617587,2.150770261219022,884,533,931
2025-01-05,KE,1502,7400,1507,7577,4.9267643142476709,1.0033288948069241,-1.33970057226901,2.9616511318242353,920,569,881
2025-01-12,KE,1682,8054,1688,8232,4.7883472057074918,1.0035671819262784,-1.2210102729557237,3.0883472057074912,1014,680,972
2025-01-19,KE,1998,8726,2005,8941,4.3673673673673674,1.0035035035035036,-1.2571264417564934,2.8225225225225223,1228,763,1173
2025-01-26,KE,1845,8722,1863,8931,4.7273712737127376,1.0097560975609758,-2.2400963841107746,2.5273712737127365,1019,573,1242
2025-02-02,KE,1940,9559,1987,9844,4.9273195876288653,1.0242268041237113,-1.4071864159840519,3.2510309278350511,1145,704,1192
2025-02-09,KE,1620,7511,1626,7569,4.6364197530864191,1.0037037037037038,-0.61541800564134386,3.1248148148148158,898,747,839
2025-02-16,KE,1859,9320,1873,9585,5.013448090371166,1.0075309306078535,-0.99450684467112926,2.8962345346960734,1033,778,1010
2025-02-23,KE,1976,9530,1994,9699,4.8228744939271273,1.0091093117408909,-1.5393069992758064,2.7178643724696356,1159,692,1246
2025-03-02,KE,1898,8819,1956,8963,4.6464699683877759,1.0305584826132772,-1.5737630984564419,2.8782402528977871,1051,696,1171
2025-03-09,KE,1699,8007,1712,8254,4.712772218952324,1.0076515597410245,-1.1290533323871228,3.1061801059446736,979,715,947
2025-03-16,KE,2062,9726,2074,9956,4.7167798254122211,1.0058195926285163,0.13208164086860386,2.80819592628516,1304,1015,1027
2025-03-23,KE,2000,8977,2033,9518,4.4884999999999993,1.0165000000000004,-1.0066187897634831,2.77685,1213,791,1159
2025-03-30,KE,2092,9053,2101,9225,4.3274378585086035,1.0043021032504782,-1.1619785434542735,2.7812141491395792,1246,756,1274
2025-04-06,KE,1522,6873,1565,6974,4.515768725361367,1.0282522996057821,-1.5992598307542081,2.6572273324572935,858,493,985
2025-04-13,KE,1105,5551,1120,5673,5.0235294117647058,1.0135746606334841,-1.0102040852045506,2.7437104072398193,633,479,607
2025-04-20,KE,1612,7198,1648,7326,4.4652605459057062,1.0223325062034738,0.049959311931065661,2.7838089330024816,998,835,745
2025-04-27,KE,1505,7072,1510,7208,4.699003322259137,1.0033222591362128,-1.1252219798517944,2.7509634551495017,896,627,848
2025-05-04,KE,1507,7085,1527,7211,4.7013934970139353,1.0132714001327143,-0.99677451466508726,3.001990710019907,989,637,857
2025-05-11,KE,1541,7490,1555,7642,4.860480207657365,1.0090850097339392,-0.40027057414388473,2.7817650876054509,865,707,796
2025-05-18,KE,1733,7492,1747,7576,4.323139065204848,1.0080784766301214,-1.6283384529156615,2.7491055972302356,1030,616,1094
2025-05-25,KE,1795,7983,1814,8198,4.4473537604456821,1.0105849582172706,-0.88939173953987694,2.8879665738161564,1038,811,970
2025-06-01,KE,1751,8088,1782,8255,4.6190748143917766,1.0177041690462589,-0.87065719766278782,2.9463735008566534,1013,757,956
2025-06-08,KE,2203,9628,2253,9988,4.3704039945528823,1.0226963231956425,-3.6085323700155976,1.6205174761688605,1302,564,1605
2025-06-15,KE,29,181,31,181,6.2413793103448274,1.0689655172413792,-3.1177711143139146,2.2379310344827585,10,7,22
2025-06-22,KE,31,162,32,162,5.225806451612903,1.032258064516129,-3.4916413442121317,0.96774193548387111,16,9,22
2025-06-29,KE,1101,4893,1109,4923,4.444141689373299,1.0072661217075387,-1.9195618241990093,2.1682107175295182,715,362,716
2025-07-06,KE,1895,9593,1925,9744,5.0622691292876008,1.015831134564644,-4.0072301562724153,0.75736147757255923,1111,465,1420
2025-07-13,KE,1536,7552,1538,7695,4.9166666666666661,1.0013020833333337,-1.9312479199643835,2.1998046875000004,944,583,938
2025-07-20,KE,1378,6304,1385,6396,4.5747460087082743,1.0050798258345428,-2.0663090700996181,2.6102322206095789,838,528,833
2025-07-27,KE,1551,8138,1555,8295,5.2469374597034175,1.0025789813023858,-0.50713729366151128,2.9730496453900708,975,777,737
2025-08-03,KE,1321,6539,1335,6731,4.9500378501135511,1.0105980317940957,-1.420192244994033,2.7842543527630577,855,465,845
2025-08-10,KE,1507,7224,1516,7387,4.7936297279362972,1.0059721300597213,-0.86539956181479261,2.8635700066357006,972,694,791
2025-08-17,KE,1494,7117,1507,7212,4.76372155287818,1.0087014725568941,-1.0404563107478959,2.9343373493975906,948,648,794
2025-08-24,KE,1389,6915,1406,7049,4.9784017278617689,1.0122390208783296,-1.2518600266575159,2.3498200143988481,776,567,800
2025-08-31,KE,1405,6734,1422,6890,4.7928825622775806,1.012099644128114,-1.7235072471013146,2.9180071174377225,923,490,882
2025-09-07,KE,1451,7076,1482,7218,4.8766368022053745,1.0213645761543764,-0.72391039507411059,2.5287388008270151,981,665,737
2025-09-14,KE,1400,6639,1409,6779,4.7421428571428565,1.0064285714285717,-0.69221016611309849,2.728,916,644,708
2025-09-21,KE,1418,6986,1428,7087,4.926657263751764,1.0070521861777153,-0.3564972936567723,2.6747531734837797,874,684,688
2025-09-28,KE,1621,7503,1665,7715,4.628624305983962,1.0271437384330662,-0.62266904157652891,2.8861196792103638,1035,802,792
2025-10-05,KE,1595,7449,1603,7568,4.6702194357366782,1.0050156739811915,0.059862335340679307,3.1777429467084639,1004,809,710
2025-10-12,KE,1928,9263,2053,9402,4.8044605809128633,1.0648340248962658,-1.2673163834714227,2.5678941908713697,1194,734,1150
2025-10-19,KE,1716,7538,1720,7693,4.3927738927738922,1.0023310023310024,-0.38280926405329607,2.7234848484848486,1087,779,877
2025-10-26,KE,1628,7219,1638,7346,4.4342751842751849,1.006142506142506,-0.53284084916938623,3.121744471744472,1109,787,815
2025-11-02,KE,1674,7735,1694,7923,4.6206690561529262,1.0119474313022698,-0.4956825847444597,3.2164277180406211,967,816,827
2025-11-09,KE,1766,7637,1785,7753,4.3244620611551525,1.0107587768969422,-0.91116063712431394,3.0752548131370334,1039,720,1020
2025-11-16,KE,1414,6682,1423,6830,4.7256011315417235,1.0063649222065065,-0.37675100790874616,2.7461810466760954,772,664,695
2025-11-23,KE,1075,5019,1081,5126,4.6688372093023247,1.0055813953488373,0.35936511573607266,2.7969302325581391,639,606,461
2025-11-30,KE,1246,5480,1254,5641,4.3980738362760832,1.0064205457463884,-0.22741179188732397,2.9649277688603535,779,639,595
2025-12-07,KE,1437,7195,1466,7340,5.0069589422407788,1.0201809324982607,0.3422826707031979,2.9587334725121783,998,766,622
2025-12-14,KE,1364,6211,1389,6330,4.5535190615835761,1.0183284457478008,-0.92685769346622371,3.3118035190615838,809,583,766
2025-12-21,KE,864,4077,869,4160,4.7187499999999982,1.0057870370370372,-0.580871859228573,3.059375,565,382,475
2025-12-28,KE,637,2700,637,2801,4.23861852433281,1.0,-1.7166909451919159,2.9916797488226061,383,251,378
2026-01-04,KE,908,4100,914,4178,4.5154185022026425,1.0066079295154184,-1.1161342494498072,3.236123348017621,596,397,481
2026-01-11,KE,1182,5397,1189,5463,4.5659898477157368,1.005922165820643,-0.65878103595674875,3.0707275803722505,720,555,607
2026-01-18,KE,1228,5714,1234,5795,4.6530944625407153,1.004885993485342,-1.1879449936837012,2.9451140065146579,776,490,720
2026-01-25,KE,1224,5820,1237,5965,4.7549019607843155,1.0106209150326801,-0.97629930860559544,2.9897058823529412,764,553,666
2026-02-01,KE,1500,6883,1505,6963,4.5886666666666684,1.0033333333333336,-0.54744860864044931,2.8708666666666667,884,663,794
2026-02-08,KE,1501,7277,1512,7437,4.848101265822784,1.0073284477015327,-0.77431520441546686,2.8342438374417065,957,663,798
2026-02-15,KE,1540,7082,1581,7254,4.5987012987013,1.0266233766233768,-1.6025707712949411,2.6514935064935066,920,503,1018
2026-02-22,KE,1639,7677,1642,7961,4.683953630262355,1.0018303843807201,-1.5691041504744676,3.0336790726052474,1016,718,902
2026-03-01,KE,1317,6389,1322,6534,4.8511769172361436,1.0037965072133637,-1.0170811972963323,3.2558086560364461,785,555,740
2026-03-08,KE,1380,6604,1387,6729,4.7855072463768114,1.0050724637681161,-0.808392706885595,3.0881884057971014,821,599,769
2026-03-15,KE,1313,6506,1327,6576,4.9550647372429539,1.0106626047220106,-0.4593954350960604,2.8764661081492764,854,591,688
2026-03-22,KE,1153,5844,1172,6038,5.06851691240243,1.0164787510841282,-0.45435883357232038,2.7469210754553339,772,535,600
2026-03-29,KE,985,4585,995,4676,4.65482233502538,1.0101522842639594,-0.11432360058064109,2.7350253807106597,589,524,439
2026-04-05,KE,1117,5186,1121,5316,4.6427931960608788,1.0035810205908682,-1.237310966632118,2.6187108325872868,628,457,608
2026-04-12,KE,917,4648,926,4681,5.0687022900763345,1.0098146128680481,-1.0693157561901365,2.2861504907306429,551,407,504
2026-04-19,KE,1086,5168,1101,5236,4.7587476979742176,1.0138121546961327,-0.34454353832251661,2.6045119705340691,717,536,512
2026-04-26,KE,1179,5864,1183,6100,4.9737065309584381,1.003392705682782,0.34377691197587817,2.9854961832061071,806,691,483
2026-05-03,KE,1302,6614,1313,6754,5.0798771121351773,1.0084485407066053,-0.1717002080884491,3.1572964669738868,796,678,599
2026-05-10,KE,2077,9947,2105,10132,4.7891189215214256,1.013480982185845,0.37670204390237305,2.8360616273471355,1423,1176,838
2026-05-17,KE,1321,6646,1329,6722,5.03103709311128,1.0060560181680547,-0.95312633440861028,2.2138531415594249,826,585,710
2026-05-24,KE,1256,6645,1283,6753,5.2906050955414008,1.0214968152866246,-0.99396445512466391,2.4657643312101913,695,536,710
2026-05-31,KE,1348,6501,1355,6582,4.8227002967359063,1.0051928783382793,-0.35386091948014708,2.2963649851632049,789,647,682
2026-06-07,KE,1460,7028,1481,7303,4.8136986301369866,1.0143835616438359,-0.58298905634072584,2.4765753424657539,871,788,648
2026-06-14,KE,1224,6137,1239,6301,5.0138888888888893,1.0122549019607845,-0.80450709355113426,2.6281045751633978,756,576,633
2026-06-21,KE,1345,7118,1365,7263,5.2921933085501855,1.0148698884758365,-2.1159304305734334,1.9197026022304828,809,438,893
2026-06-28,KE,1225,5804,1229,5885,4.7379591836734685,1.003265306122449,-0.7182776036326135,2.5690612244897952,712,567,651
2026-07-05,KE,1140,5406,1145,5457,4.7421052631578942,1.0043859649122808,-0.025133361654255351,2.7027192982456136,674,614,505
2026-07-12,KE,1136,5389,1145,5447,4.7438380281690131,1.0079225352112675,-0.99237899055021572,2.8325704225352126,659,495,625
2026-07-19,KE,1274,5967,1287,6135,4.6836734693877551,1.0102040816326532,-0.26357945748999079,2.8000784929356359,764,648,605
2026-07-26,KE,1082,5493,1106,5613,5.0767097966728274,1.0221811460258778,-0.18305188002855585,2.7632162661737527,668,585,468
2026-08-02,KE,1246,5715,1255,5802,4.586677367576244,1.0072231139646872,-0.548112982260787,2.5050561797752806,743,615,602
2026-08-09,KE,1249,5741,1261,5962,4.5964771817453958,1.0096076861489192,-0.30641086530719042,2.6445156124899918,695,681,529
2026-08-16,KE,1586,7117,1598,7287,4.4873896595208063,1.0075662042875158,-1.2126832015328721,2.484110970996217,830,700,878
2026-08-23,KE,625,2769,629,2791,4.4304000000000014,1.0064,-0.99791687510137772,2.9206399999999992,355,291,327
2023-01-01,MX,5527,34932,5780,35665,6.3202460647729382,1.04577528496472,-2.4739479147223578,2.9170074181291916,3003,1277,4144
2023-01-08,MX,8417,47637,8784,48877,5.6596174408934337,1.0436022335749093,-1.6148004423821813,2.6199833669953674,4843,2269,5992
2023-01-15,MX,5545,35301,5657,36168,6.3662759242560876,1.0201983769161411,-1.8632468971995173,2.5611902614968458,3532,1514,3886
2023-01-22,MX,5032,32265,5144,32969,6.4119634340222591,1.0222575516693171,-1.6759355629067818,2.5914348171701111,3231,1462,3400
2023-01-29,MX,4650,30060,4697,30540,6.4645161290322557,1.0101075268817208,-0.92299474586153651,2.4906236559139772,3087,1774,2755
2023-02-05,MX,5261,33844,5398,34816,6.4329975289868848,1.0260406766774377,-1.1816198063360017,2.9526515871507306,3271,1938,3170
2023-02-12,MX,4938,32231,5071,33138,6.5271364925070872,1.0269339813689755,-0.9270189889168019,2.7596800324017821,3170,1951,2846
2023-02-19,MX,5374,35555,5489,36226,6.616114625976925,1.0213993301079267,-1.2882593281507686,2.4805545217714919,3514,1847,3347
2023-02-26,MX,5384,35897,5461,36606,6.6673476968796423,1.0143016344725118,-1.1953951717589653,2.1918647845468056,3328,1919,3289
2023-03-05,MX,6559,41196,6843,41899,6.2808354932154282,1.0432992834273513,-1.9733471606288155,2.5603750571733479,3777,1689,4725
2023-03-12,MX,6003,38669,6235,39715,6.4416125270698,1.0386473429951697,-1.6129553167136375,2.4919040479760124,3745,1817,4011
2023-03-19,MX,5768,38085,5878,38696,6.6028085991678216,1.0190707350901531,-1.2182400133804145,2.4705270457697628,3752,2084,3559
2023-03-26,MX,9815,66751,10212,68126,6.8009169638308746,1.040448293428426,-2.128918979257699,2.2173102394294442,6511,2773,6794
2023-04-02,MX,7398,50283,7567,51422,6.79683698296837,1.0228440118951068,-1.4636132455935928,2.4910651527439853,5196,2509,4704
2023-04-09,MX,8465,57203,8676,58357,6.7575900767867711,1.024926166568223,-1.7703192536544652,2.4636503248671,5846,2385,5871
2023-04-16,MX,9150,64086,9320,65366,7.0039344262295078,1.0185792349726774,-1.2898885400668096,2.5176612021857929,6408,3214,5673
2023-04-23,MX,8544,59191,8746,60412,6.927785580524346,1.0236423220973785,-1.1394945777937404,2.4151217228464414,6182,3203,5141
2023-04-30,MX,8075,56033,8302,57356,6.9390712074303407,1.0281114551083583,-1.1187672073211454,2.7208916408668737,5556,2949,4901
2023-05-07,MX,9630,64650,9992,66079,6.7133956386292866,1.0375908618899279,-2.0356007478097351,2.7054517133956377,6182,2650,6821
2023-05-14,MX,8941,61671,9257,62858,6.8975506095515042,1.0353428028184768,-1.5623757365808728,2.5229168996756517,6167,2920,5804
2023-05-21,MX,8091,55097,8255,56175,6.8096650599431463,1.0202694351748856,-1.1741523488231789,2.3777777777777764,5666,2792,5070
2023-05-28,MX,7269,51841,7375,52531,7.1317925436786336,1.0145824735176776,-1.1907224437503321,2.3918420690603925,5036,2718,4347
2023-06-04,MX,7718,53843,7865,54994,6.9762891940917333,1.0190463850738531,-0.806980486686314,2.5268722466960338,5621,3370,4126
2023-06-11,MX,8317,56412,8652,57730,6.7827341589515431,1.0402789467356011,-0.70968685728972658,2.4208127930744254,5731,3556,4494
2023-06-18,MX,7606,53803,7778,54965,7.07375755982119,1.0226137260057848,-0.94713362528617984,2.3537996318695753,5407,3103,4288
2023-06-25,MX,7503,53214,7629,54446,7.0923630547780885,1.0167932826869255,-0.99187850489606921,2.451032920165269,5360,2923,4391
2023-07-02,MX,7576,53348,7688,54353,7.0417106652587123,1.0147835269271384,-1.0273519156939293,2.4499472016895449,5574,2761,4546
2023-07-09,MX,8011,55704,8107,56789,6.9534390213456492,1.0119835226563478,-1.1378983131680018,2.4555611034827116,5833,2962,4795
2023-07-16,MX,7713,53521,7934,54816,6.9390639180604143,1.0286529236354209,-0.98959118722046,2.5713470763645794,5463,2958,4556
2023-07-23,MX,7732,54420,7931,55712,7.0382824624935321,1.0257371960682879,-1.3111584464150414,2.4422659079151576,5425,2605,4966
2023-07-30,MX,7039,49110,7169,50085,6.9768433016053413,1.0184685324619978,-1.3244969206306465,2.5374058815172611,4952,2416,4440
2023-08-06,MX,7294,51500,7441,52659,7.0605977515766343,1.0201535508637238,-1.1762273867347648,2.4429394022484217,5155,2598,4513
2023-08-13,MX,7056,50571,7280,51446,7.167091836734695,1.0317460317460314,-1.0066170360757156,2.4359410430839006,5044,2679,4161
2023-08-20,MX,7275,51678,7459,52974,7.1035051546391772,1.0252920962199314,-1.1948473646078559,2.5127560137457046,5255,2615,4487
2023-08-27,MX,7798,54183,7912,55514,6.9483200820723274,1.0146191331110541,-0.78677420964820577,2.4558220056424722,5435,3344,4244
2023-09-03,MX,8002,57553,8115,58838,7.19232691827043,1.0141214696325922,-0.62698934326159428,2.4544738815296157,5599,3464,4280
2023-09-10,MX,8743,60093,8933,61189,6.8732700446071187,1.0217316710511271,-0.96168351864343615,2.6074002058789874,6214,3454,5056
2023-09-17,MX,8847,58667,9123,59921,6.6312874420707573,1.0311970159376052,-1.5810824265793195,2.4134395840397889,6021,2742,5781
2023-09-24,MX,8870,60515,9037,61586,6.8224351747463343,1.0188275084554688,-1.5000594009495836,2.475591882750845,6286,2864,5738
2023-10-01,MX,9299,61393,9569,62485,6.6021077535218833,1.0290353801484027,-1.7489784736202638,2.6533605764060644,6178,2636,6439
2023-10-08,MX,8828,61905,8960,63209,7.012347077480741,1.0149524241051207,-1.3533383907871774,2.6396579066606258,6200,2961,5641
2023-10-15,MX,7983,56253,8170,57311,7.0465990229237123,1.0234247776525116,-1.0578111062090361,2.3847801578353995,5768,2896,4866
2023-10-22,MX,8177,58025,8361,59445,7.0961232725938581,1.0225021401491998,-1.2526506762696266,2.443634584811055,5853,2908,5054
2023-10-29,MX,6957,49657,7119,50870,7.1377030329164866,1.0232858990944373,-1.0586367432890202,2.69939629150496,4906,2590,4132
2023-11-05,MX,7321,50651,7420,51950,6.9185903565086742,1.0135227427947,-0.809644783500254,2.5828165551154223,5414,2846,4237
2023-11-12,MX,7814,54086,8069,55310,6.9216790376247772,1.03263373432301,-0.803698930478932,2.5033401586895305,5585,3137,4375
2023-11-19,MX,6898,48093,7018,48779,6.9720208756161171,1.0173963467671794,-0.80835114949425135,2.4699623079153383,4957,2890,3825
2023-11-26,MX,6989,51307,7096,52452,7.3411074545714685,1.0153097724996427,-0.863558525839732,2.5348404635856343,5073,2754,3984
2023-12-03,MX,7337,52255,7499,53143,7.1221207578029144,1.0220798691563311,-0.83344810516266332,2.5944527736131939,5297,2975,4167
2023-12-10,MX,7580,52309,7701,53329,6.9009234828496053,1.0159630606860162,-0.91645959915814,2.5523746701846965,5435,3020,4315
2023-12-17,MX,6988,48775,7160,49972,6.9798225529479145,1.0246136233543222,-1.3093156409833517,2.551116199198626,4866,2485,4281
2023-12-24,MX,6943,45429,7119,46752,6.5431369724902773,1.0253492726487112,-1.776117054665233,2.4795765519227997,4716,2044,4731
2023-12-31,MX,6560,44402,6684,45252,6.7685975609756124,1.0189024390243904,-1.3825573081247859,2.7649390243902432,4635,2160,4187
2024-01-07,MX,6710,46639,6870,47424,6.9506706408345735,1.023845007451565,-1.337980929769909,2.64983606557377,4626,2350,4172
2024-01-14,MX,6834,48782,6930,49856,7.1381328650863347,1.01404741000878,-1.1740289843477896,2.5187884108867431,5019,2448,4174
2024-01-21,MX,7184,51318,7354,52543,7.1433741648106874,1.0236636971046778,-1.2063544476158674,2.6494849665924285,5028,2567,4414
2024-01-28,MX,7713,53319,7799,54363,6.912874367950212,1.011150006482562,-1.2761666347628144,2.6552314274601336,5347,2569,4879
2024-02-04,MX,7266,49148,7428,49942,6.7641067987888821,1.0222956234516936,-1.2920241935568648,2.6188962290118365,4940,2420,4670
2024-02-11,MX,7372,51820,7499,52724,7.0293000542593589,1.0172273467173083,-0.97103627098822,2.4340206185567013,5174,2895,4251
2024-02-18,MX,7992,56387,8167,57500,7.05543043043043,1.0218968968968969,-1.049689027063448,2.3805555555555551,5723,2946,4809
2024-02-25,MX,8466,57428,8641,58561,6.7833687691944231,1.0206709189699983,-1.2513792526025447,2.3906803685329554,5930,2862,5351
2024-03-03,MX,7942,55568,8100,57053,6.9967262654243241,1.0198942331906322,-1.2783932735451995,2.2784059430873835,5481,2665,5046
2024-03-10,MX,7653,54210,7829,55262,7.0834966679733444,1.0229975173134718,-1.2576381707805897,2.3446360904220573,5395,2694,4773
2024-03-17,MX,7914,55239,8061,56403,6.9799090219863551,1.0185746777862028,-1.1276075502180258,2.4643290371493554,5581,2907,4807
2024-03-24,MX,6773,46483,6940,47449,6.8629853831389331,1.0246567252325411,-1.4891006734395891,2.5371474974162105,4722,2172,4414
2024-03-31,MX,7351,50553,7460,51493,6.8770235342130324,1.0148279145694472,-1.6565184908337363,2.6333287988028826,5137,2275,4840
2024-04-07,MX,9977,68572,10184,70130,6.8730079182118873,1.0207477197554378,-1.7942509563599918,2.6166482910694593,6677,2818,6901
2024-04-14,MX,7962,55246,8087,56514,6.938708867118816,1.015699572971615,-1.4376785612241672,2.4718914845516187,5422,2548,5215
2024-04-21,MX,7445,52314,7625,53814,7.0267293485560813,1.0241773002014776,-1.2183168402057463,2.4919543317662858,5181,2521,4721
2024-04-28,MX,8058,55395,8198,56643,6.8745346239761727,1.0173740382228844,-1.4707517748972589,2.5581657979647541,5696,2451,5405
2024-05-05,MX,7929,54998,8112,56848,6.9363097490225769,1.0230798335225122,-1.4753418347756415,2.4741833774750916,5436,2587,5113
2024-05-12,MX,7801,54271,7941,55645,6.9569285988975746,1.0179464171260098,-1.1802939364475185,2.4271375464684017,5346,2681,4880
2024-05-19,MX,7838,54772,8037,56394,6.9880071446797656,1.0253891298800715,-1.2909289237329749,2.5485965807603987,5389,2555,5087
2024-05-26,MX,7254,51246,7433,52367,7.0645161290322589,1.0246760408050732,-1.3667286027814047,2.4136338571822433,4887,2274,4758
2024-06-02,MX,8927,62331,9128,63785,6.9823008849557526,1.0225159628094551,-1.0307297253261216,2.469306597961241,5950,3335,5334
2024-06-09,MX,7217,50373,7410,51390,6.9797699875294459,1.0267424137453238,-1.2171216078976936,2.5699736732714422,5017,2640,4367
2024-06-16,MX,7401,53300,7561,54685,7.20172949601405,1.0216187001756525,-0.92095888623438416,2.5481556546412656,5295,2830,4349
2024-06-23,MX,7219,51645,7357,52869,7.154037955395486,1.0191162210832532,-0.90888970140834691,2.3332594542180356,5097,2813,4227
2024-06-30,MX,6779,48185,6898,49915,7.1079805281014892,1.0175542115356246,-1.1275645159507324,2.6136745832718695,4745,2440,4132
2024-07-07,MX,6088,44352,6187,45781,7.2851511169513818,1.0162614980289097,-1.0490100276905887,2.5077365308804196,4414,2290,3631
2024-07-14,MX,6228,45441,6306,46620,7.2962427745664753,1.0125240847784205,-0.90411540182885886,2.5380378933847139,4412,2461,3575
2024-07-21,MX,7083,46528,7246,47271,6.56896795143301,1.0230128476634204,-1.4758517149897561,2.6053084851051813,4921,2279,4572
2024-07-28,MX,6983,44974,7077,46294,6.4404983531433491,1.0134612630674495,-1.4052831863565576,2.7315910067306315,4672,2151,4603
2024-08-04,MX,7295,50128,7407,51175,6.8715558601782032,1.0153529814941746,-1.3768201983133252,2.4391226867717624,5230,2331,4744
2024-08-11,MX,7286,49417,7578,50322,6.78245951139171,1.0400768597309906,-1.4155746254384192,2.494139445511939,4988,2309,4797
2024-08-18,MX,7150,49774,7272,50795,6.9613986013986029,1.0170629370629376,-1.3051091874337355,2.1978741258741268,5037,2498,4444
2024-08-25,MX,7152,50888,7274,52125,7.115212527964208,1.0170581655480992,-1.0741167043798665,2.1690016778523482,5125,2561,4404
2024-09-01,MX,7459,53535,7566,55080,7.1772355543638549,1.0143450864727179,-1.3207424937086529,2.179300174286098,5398,2415,4832
2024-09-08,MX,7865,57068,8050,58358,7.2559440559440551,1.0235219326128422,-1.2243899505193905,2.1619071837253658,5475,2801,4833
2024-09-15,MX,7478,52686,7618,54138,7.0454667023268263,1.0187215833110466,-1.0798128443058024,2.3369216368012835,5210,2884,4399
2024-09-22,MX,8864,59658,9128,60909,6.7303700361010845,1.029783393501805,-1.3731231795468566,2.126511732851986,6249,2879,5769
2024-09-29,MX,9932,70927,10055,72975,7.1412605718888393,1.0123842126459937,-0.7579407279217405,1.8086488119210622,7032,4163,5429
2024-10-06,MX,7708,55705,7942,57104,7.22690710949663,1.030358069538142,-1.1461303197411516,2.3011157239231963,5193,2920,4515
2024-10-13,MX,7451,53980,7551,55460,7.2446651456180424,1.0134210173131128,-1.0230733852176712,2.4042410414709434,5082,2877,4333
2024-10-20,MX,7212,51865,7329,52815,7.1914864115363253,1.016222961730449,-1.4136173066126712,2.448405435385467,4972,2491,4543
2024-10-27,MX,6828,48732,6908,49926,7.1370826010544812,1.0117164616285883,-0.96626335400446872,2.4534710017574697,4737,2515,4107
2024-11-03,MX,6805,49017,6935,50087,7.2030859662013187,1.0191036002939016,-1.0408551848043948,2.5826451138868474,4622,2513,4122
2024-11-10,MX,6941,50465,7075,51684,7.2705662008356127,1.0193055755654807,-1.0498699659154143,2.5321711568938197,4855,2659,4060
2024-11-17,MX,6374,44670,6497,45593,7.0081581424537216,1.0192971446501413,-0.87571816699800165,2.597254471289614,4441,2499,3704
2024-11-24,MX,7275,51707,7447,52776,7.1074914089347114,1.0236426116838486,-1.1235530715658542,2.4830378006872844,5061,2501,4574
2024-12-01,MX,7423,52520,7567,53571,7.0753064798598926,1.0193991647581848,-1.1706888609130379,2.4908931698774084,5175,2562,4618
2024-12-08,MX,7163,50431,7236,51336,7.0404858299595148,1.0101912606449814,-0.91680854908890352,2.4476197124110004,5016,2877,4116
2024-12-15,MX,6773,48902,6879,50081,7.2201387863575945,1.0156503764949067,-1.2944330598585829,2.5030267237560895,4709,2494,4091
2024-12-22,MX,4808,33997,4862,34742,7.070923460898503,1.0112312811980038,-1.2868499192765213,2.467221297836939,3421,1751,2931
2024-12-29,MX,4555,32105,4625,32985,7.0482985729967087,1.0153677277716788,-1.2373353395552595,2.3637541163556524,3137,1678,2757
2025-01-05,MX,6194,44746,6254,45897,7.2240878269292859,1.009686793671295,-1.0590531386621684,2.4689538262835002,4306,2359,3632
2025-01-12,MX,7055,50945,7132,51976,7.221119773210491,1.0109142452161592,-0.88574602349311915,2.4957902197023385,4824,2790,4064
2025-01-19,MX,9386,64071,9644,65330,6.8262305561474506,1.0274877477093551,-1.7825680094841174,2.5232900063924992,6030,2607,6530
2025-01-26,MX,8009,55148,8189,56566,6.8857535272818069,1.0224747159445622,-1.8759968332718211,2.4289424397552737,5354,2207,5585
2025-02-02,MX,9829,64185,10090,65444,6.530165835792042,1.0265540746769777,-1.5895111758381657,2.6283955641469126,6328,2716,6780
2025-02-09,MX,7227,50022,7364,51271,6.9215442092154431,1.0189566901895675,-1.279933526167395,2.5087588210875889,4869,2379,4673
2025-02-16,MX,7499,53983,7635,55234,7.1986931590878811,1.018135751433525,-1.246001364440408,2.4688225096679557,5058,2640,4666
2025-02-23,MX,8119,56522,8316,57433,6.9616947899987665,1.0242640719300411,-1.7569252501161019,2.4929055302377137,5370,2384,5506
2025-03-02,MX,8355,57537,8615,58375,6.8865350089766624,1.0311190903650502,-1.4278025463231299,2.5135248354278876,5552,2508,5551
2025-03-09,MX,7072,49921,7184,51061,7.0589649321266954,1.0158371040723986,-1.308330874760034,2.3814338235294108,4778,2455,4455
2025-03-16,MX,7093,51009,7182,52019,7.1914563654307084,1.01254758212322,-1.5455829796905114,2.3736782743549965,4927,2147,4776
2025-03-23,MX,7069,50161,7229,50981,7.0959117272598657,1.0226340359315325,-1.533903398398045,2.5488187862498228,4806,2191,4613
2025-03-30,MX,6501,45135,6611,45958,6.9427780341485938,1.0169204737732664,-1.1446849142204134,2.4022458083371787,4392,2247,4086
2025-04-06,MX,6424,45154,6596,46221,7.0289539227895412,1.0267745952677467,-1.3161320926337645,2.5436332503113319,4466,2216,4052
2025-04-13,MX,5361,37481,5456,38506,6.9914195112852076,1.0177205745196793,-1.3598005144842533,2.6982652490207033,3867,1757,3404
2025-04-20,MX,6173,42777,6317,43649,6.92969382796047,1.02332739348777,-1.204991491546999,2.4602948323343581,4181,2203,3815
2025-04-27,MX,6573,47109,6699,48089,7.167047010497491,1.0191693290734825,-1.2062068455527919,2.6018712916476487,4437,2412,4010
2025-05-04,MX,6653,47942,6736,48929,7.2060724485194632,1.0124755749286038,-0.89951689603136376,2.5303772734104921,4708,2572,3925
2025-05-11,MX,6861,49568,6993,50676,7.2246028275761587,1.0192391779623966,-1.3596205962311689,2.4899431569742032,4936,2250,4405
2025-05-18,MX,7503,52863,7609,53825,7.04558176729308,1.0141276822604295,-1.5437690221649245,2.5699586831933892,5127,2315,5017
2025-05-25,MX,6050,45476,6179,46326,7.5166942148760345,1.0213223140495866,-1.4175522290540661,2.3457355371900817,4308,1939,3967
2025-06-01,MX,6705,52339,6869,53664,7.8059656972408691,1.0244593586875463,-1.4669963692324504,2.3352423564504106,4724,2081,4444
2025-06-08,MX,7063,50438,7158,51596,7.1411581480957107,1.0134503751946771,-2.2487405936359752,1.8395865779413847,4648,1914,5019
2025-06-15,MX,56,276,56,276,4.9285714285714288,1.0,-1.4986732290808451,2.285714285714286,36,22,34
2025-06-22,MX,24,111,24,111,4.625,1.0,-2.2451596665472939,2.4083333333333337,15,6,18
2025-06-29,MX,3755,28844,3794,29461,7.6814913448735016,1.0103861517976029,-1.3412824703793627,2.3777896138482011,2646,1292,2381
2025-07-06,MX,6733,48465,6854,49435,7.198128620228724,1.0179711866924115,-1.519313529020738,2.478330610426259,4570,2201,4395
2025-07-13,MX,6261,43970,6390,45177,7.0228398019485718,1.0206037374221368,-1.3384368340703339,2.7364957674492896,4279,2097,4010
2025-07-20,MX,6088,43731,6156,44686,7.1831471747700419,1.0111695137976349,-1.3004444613286414,2.4703186596583446,4152,2181,3787
2025-07-27,MX,6123,42984,6221,44175,7.0200881920627145,1.0160052261963086,-1.0869801818775444,2.6217540421362089,4290,2267,3710
2025-08-03,MX,6574,47885,6640,49146,7.2839975661697611,1.0100395497414056,-0.81290085123362732,2.5672041375114079,4546,2789,3581
2025-08-10,MX,6642,47526,6749,48970,7.1553748870822043,1.0161096055405003,-1.366273103755866,2.6121650105389937,4509,2341,4097
2025-08-17,MX,5898,42308,5974,43473,7.173279077653441,1.012885723974229,-1.1606126708213069,2.5664632078670722,4211,2251,3511
2025-08-24,MX,6483,45937,6622,46796,7.0857627641523964,1.0214406910380993,-1.493674434999124,2.4302791917322222,4459,2177,4180
2025-08-31,MX,7030,50011,7180,50977,7.1139402560455158,1.0213371266002846,-1.1746388692018428,2.3235704125177805,4817,2467,4393
2025-09-07,MX,6003,43403,6078,44395,7.2302182242212227,1.0124937531234388,-1.3308767236816677,2.4730134932533723,4313,2079,3776
2025-09-14,MX,6760,47744,6842,48912,7.0627218934911271,1.0121301775147935,-0.801401769060898,2.5992899408284029,4732,2889,3727
2025-09-21,MX,6438,47065,6526,48028,7.310500155327742,1.0136688412550485,-1.3061447267888933,2.407548928238584,4652,2216,4009
2025-09-28,MX,6238,47093,6317,48027,7.5493747996152631,1.0126643154857333,-1.3206756207922428,2.4588008977236293,4480,2236,3796
2025-10-05,MX,6078,44750,6117,45591,7.3626192826587689,1.0064165844027637,-0.94907290606034711,2.4985192497532096,4354,2352,3574
2025-10-12,MX,6343,46593,6427,47553,7.34557780230175,1.0132429449787168,-1.1116555248038049,2.6372379000472961,4500,2393,3771
2025-10-19,MX,5933,42328,6014,43437,7.1343333895162626,1.0136524523849659,-1.2599321097514238,2.4715321085454249,4164,2117,3647
2025-10-26,MX,6710,49547,6772,50304,7.3840536512667656,1.0092399403874817,-1.01890806962796,2.5130998509687035,4665,2480,4037
2025-11-02,MX,7199,51276,7353,52209,7.1226559244339516,1.0213918599805532,-1.5538330230154669,2.6916516182803183,4916,2428,4574
2025-11-09,MX,6033,43504,6092,44301,7.2110061329355215,1.0097795458312617,-1.1803609877756962,2.497696005304161,4165,2138,3814
2025-11-16,MX,6704,48353,6813,49441,7.2125596658711251,1.0162589498806684,-1.8854825881068233,2.0991199284009538,4627,2160,4375
2025-11-23,MX,6168,45918,6220,47018,7.4445525291828805,1.0084306095979252,-1.3363782605287076,2.3819552529182886,4352,2070,3922
2025-11-30,MX,6126,45231,6157,46480,7.3834476003917722,1.0050603983023183,-0.89942869172898332,2.3313418217433881,4307,2447,3539
2025-12-07,MX,6392,45557,6462,46859,7.1271902377972456,1.0109511889862328,-0.88690229757513461,2.5504380475594477,4424,2507,3720
2025-12-14,MX,5488,39738,5541,40539,7.2408892128279891,1.0096574344023324,-1.0719873367011579,2.5309766763848396,3782,2145,3209
2025-12-21,MX,3784,28138,3842,28780,7.4360465116279064,1.0153276955602539,-1.0764846462635254,2.7202167019027486,2787,1466,2205
2025-12-28,MX,3958,29863,4039,30650,7.5449722081859507,1.0204648812531578,-1.6234366500592592,2.4712986356745832,2828,1219,2644
2026-01-04,MX,5186,37153,5264,38144,7.1640956421133835,1.0150404936367148,-1.5054920143207668,2.5559197840339376,3406,1615,3412
2026-01-11,MX,5824,42272,5887,43385,7.2582417582417591,1.0108173076923084,-1.1326946846476034,2.4718063186813177,3996,2081,3589
2026-01-18,MX,6056,44785,6178,45731,7.39514531043593,1.0201453104359313,-1.0312001940216962,2.5852377807133418,4320,2246,3645
2026-01-25,MX,6002,44216,6120,45353,7.3668777074308558,1.0196601132955678,-1.0857612957815637,2.5798400533155625,4150,2290,3597
2026-02-01,MX,5931,43852,6038,45389,7.39369414938459,1.018040802562806,-1.0543998976136257,2.6118698364525375,4131,2266,3495
2026-02-08,MX,6190,44522,6284,45594,7.1925686591276259,1.0151857835218103,-1.3206553648963753,2.7361712439418415,4241,2067,3976
2026-02-15,MX,5698,41064,5775,41884,7.2067392067392078,1.0135135135135129,-1.1314939000979947,2.6623903123903125,4145,2087,3469
2026-02-22,MX,9186,59604,9404,60678,6.488569562377533,1.0237317657304597,-2.2234878312425481,2.6044088830829524,5905,2047,6929
2026-03-01,MX,5570,41040,5632,42167,7.3680430879712748,1.0111310592459606,-1.0989323925977879,2.4424236983842014,3940,1995,3405
2026-03-08,MX,5648,42503,5737,43894,7.5253186968838479,1.0157577903682726,-1.1044187827198246,2.4996458923512757,3827,2108,3371
2026-03-15,MX,5401,39330,5478,40181,7.2819848176263671,1.0142566191446016,-0.91977224177273176,2.523384558415108,3842,2129,3099
2026-03-22,MX,5592,40839,5646,42108,7.3031115879828334,1.0096566523605148,-0.92500014079770365,2.59425965665236,3970,2190,3240
2026-03-29,MX,4580,34398,4649,35238,7.5104803493449772,1.0150655021834059,-1.1276130531031441,2.5609388646288207,3425,1731,2730
2026-04-05,MX,4880,35853,4946,36707,7.3469262295081945,1.0135245901639345,-0.9053141173733783,2.6373770491803268,3682,1973,2748
2026-04-12,MX,5665,40379,5707,41511,7.127802294792585,1.0074139452780229,-1.0613872008107392,2.3688967343336262,4148,2085,3357
2026-04-19,MX,6839,49060,6967,50087,7.1735633864600086,1.018716186576986,-1.4531933521626019,2.4621289662231329,4725,2342,4270
2026-04-26,MX,5565,40491,5655,41448,7.276010781671161,1.0161725067385448,-1.3345678802605176,2.3805570530098832,3959,1963,3440
2026-05-03,MX,6408,45588,6490,46629,7.11423220973783,1.0127965043695388,-1.179955487724186,2.4043227215980028,4377,2313,3929
2026-05-10,MX,6576,46994,6648,48267,7.1462895377128941,1.01094890510949,-1.6103475561778324,2.3436739659367412,4542,2076,4358
2026-05-17,MX,5772,42465,5832,43380,7.3570686070686078,1.0103950103950106,-1.0951595323787877,2.4010395010395009,4179,2103,3577
2026-05-24,MX,5649,41582,5700,42589,7.3609488405027417,1.0090281465746149,-1.1287699285177104,2.4954328199681357,3960,2036,3436
2026-05-31,MX,5858,44194,5911,45291,7.5442130419938547,1.0090474564697851,-0.90072787187155723,2.4286104472516215,4118,2223,3433
2026-06-07,MX,5271,39186,5351,39719,7.4342629482071683,1.0151773856953143,-0.88577981032054287,2.4305065452475811,3876,2070,3067
2026-06-14,MX,5461,39826,5542,40683,7.292803515839589,1.0148324482695483,-0.81055239956406189,2.3876030031129831,3871,2149,3155
2026-06-21,MX,5883,39849,5956,40647,6.77358490566038,1.012408635050144,-0.78318170863485392,2.6864524902260749,3978,2272,3458
2026-06-28,MX,5161,37198,5270,37962,7.207517922883163,1.0211199379965126,-0.85008672207898339,2.7305173416004642,3576,2041,2952
2026-07-05,MX,5160,37938,5271,38935,7.3523255813953483,1.0215116279069774,-1.0180034749098232,2.4886627906976737,3557,1948,3096
2026-07-12,MX,5432,39120,5500,40251,7.2017673048600894,1.0125184094256263,-1.1764750795733989,2.4090022091310761,3795,1999,3277
2026-07-19,MX,5361,38042,5497,39095,7.0960641671329983,1.0253684014176458,-1.3633424341332676,2.6384816265622084,3568,1917,3309
2026-07-26,MX,4767,35314,4845,35946,7.4080134256345715,1.0163624921334176,-1.099316287808092,2.549003566184183,3335,1773,2878
2026-08-02,MX,5488,40812,5549,41653,7.4365889212827989,1.0111151603498549,-0.90646032745405858,2.5710641399416896,3867,2137,3215
2026-08-09,MX,5642,41607,5734,42669,7.3745125841900032,1.0163062743707905,-0.88799112488049237,2.5302375044310526,3844,2175,3313
2026-08-16,MX,5967,41423,6043,42497,6.9420144126026493,1.0127367186190714,-1.1958902664918289,2.4584548349254236,4018,2023,3756
2026-08-23,MX,2574,17582,2604,18303,6.830613830613828,1.011655011655012,-1.2543733750126052,2.4252136752136759,1763,786,1718
2023-01-01,NI,4426,18875,4451,19274,4.2645729778581165,1.0056484410302753,-0.643699584149086,2.7342973339358347,2909,1991,2305
2023-01-08,NI,5347,23678,5396,23869,4.4282775388068121,1.0091640172059109,-1.0059766306595808,2.77402281653263,3282,2275,2959
2023-01-15,NI,5614,25322,5647,25588,4.5105094406840047,1.0058781617385115,-0.95642288750491755,2.7490203063769152,3357,2360,3138
2023-01-22,NI,5456,25427,5478,25649,4.6603739002932532,1.0040322580645162,-1.2098790560346451,2.4710410557184757,3332,2065,3298
2023-01-29,NI,5847,25948,5887,26209,4.4378313665127429,1.0068411151017604,-1.3250709530349474,2.4410979989738308,3697,2223,3507
2023-02-05,NI,5449,24934,5488,25257,4.5758854835749689,1.0071572765645069,-1.4845591395773921,2.2466324096164425,3308,1905,3423
2023-02-12,NI,6221,27683,6244,28007,4.4499276643626438,1.0036971547982638,-1.2366188772971869,2.2171837325188868,4210,2269,3857
2023-02-19,NI,6375,29203,6458,29529,4.5808627450980408,1.0130196078431377,-0.72140443463154491,2.3588078431372548,3880,2682,3471
2023-02-26,NI,5506,24478,5552,24887,4.4456956047947722,1.008354522339266,-0.8006306018297803,2.35548492553578,3524,2184,3214
2023-03-05,NI,6669,29677,6709,30082,4.4499925026240783,1.005997900734743,-0.81116914068102164,2.4331234068076171,4265,2807,3693
2023-03-12,NI,6585,30155,6614,30478,4.5793470007593,1.004403948367502,-1.0919456980946378,2.5374943052391785,4171,2525,3886
2023-03-19,NI,5158,23297,5231,23584,4.5166731291198134,1.0141527723924,-0.97314751992454829,2.3788096161302819,3241,2107,2928
2023-03-26,NI,8346,38006,8400,38395,4.5537982266954256,1.006470165348671,-0.82552364140757872,2.6472082434699269,5532,3458,4647
2023-04-02,NI,7414,34433,7465,34831,4.644321553817103,1.0068788777987594,-1.2116000964141975,2.6691259778796872,4717,2805,4478
2023-04-09,NI,6600,30555,6648,30904,4.6295454545454557,1.0072727272727271,-1.0659733942233458,2.6591818181818172,4181,2775,3727
2023-04-16,NI,7647,34428,7732,34962,4.5021577089054494,1.0111154701190022,-1.2090327586410263,2.534183339871845,4758,2902,4549
2023-04-23,NI,8985,37864,9052,38364,4.2141346688925978,1.007456872565387,-0.42439014048887164,2.8008124652198103,5766,4333,4368
2023-04-30,NI,8830,38997,8955,39669,4.4164212910532283,1.014156285390714,-0.38340765361365287,3.0494677236693088,5790,4168,4489
2023-05-07,NI,8688,39687,8772,40368,4.5680248618784507,1.0096685082872923,-0.17128949253187989,2.8090814917127078,5702,4516,3965
2023-05-14,NI,9346,41456,9496,42281,4.4356944147228745,1.0160496469077678,-0.46720259397381259,2.797207361438049,6121,4436,4692
2023-05-21,NI,8573,38083,8647,38530,4.4422022629184656,1.0086317508456788,0.0045773251138028622,2.78218826548466,5499,4526,3813
2023-05-28,NI,9217,40610,9313,41127,4.4059889334924582,1.0104155365086256,-0.13587968868491035,2.8843766952370609,6218,4749,4215
2023-06-04,NI,9541,42715,9668,43363,4.47699402578346,1.0133109736924855,-0.5799550004880869,2.5580756734094958,6474,4259,4975
2023-06-11,NI,9103,40227,9197,40919,4.4190926068329119,1.0103262660661323,-1.1157809806243764,2.6173019883554871,5897,3560,5290
2023-06-18,NI,8334,36637,8419,37222,4.3960883129349639,1.0101991840652744,-0.33219788634791031,2.8689104871610267,5626,4104,4011
2023-06-25,NI,7671,33461,7760,33891,4.3620127753878251,1.0116021379220443,-0.31203349707262207,2.7364359275192265,5117,3854,3630
2023-07-02,NI,7832,34921,7884,35406,4.45875893769152,1.0066394279877431,-0.46529470376864923,2.8295965270684365,5073,3642,4023
2023-07-09,NI,9186,40609,9277,41167,4.4207489658175447,1.0099063792728067,-0.92697416795544063,2.7300892662747649,6034,3645,5282
2023-07-16,NI,8579,38056,8655,38542,4.4359482457162844,1.008858841356802,-1.0943246948637977,2.7726774682363926,5731,3170,5149
2023-07-23,NI,8911,41726,9057,42240,4.6825272135562743,1.0163842441925708,-1.2942626522135794,2.5669958478285246,5492,3270,5379
2023-07-30,NI,12028,56531,12169,57260,4.69995011639508,1.0117226471566347,-1.2739846448734378,2.2890505487196546,7439,4104,7641
2023-08-06,NI,10943,52186,11120,52809,4.7688933564835967,1.0161747235675775,-1.4148274098610945,2.7638947272228811,6750,3335,7390
2023-08-13,NI,9780,44671,9916,45422,4.5675869120654387,1.0139059304703482,-1.2963849255909126,2.8077607361963182,6370,3440,6172
2023-08-20,NI,8718,39303,8827,39772,4.5082587749483842,1.012502867630191,-1.0300217000623315,2.8349506767607244,5648,3354,5192
2023-08-27,NI,8783,39282,8835,39803,4.4725037003301829,1.0059205282932935,-0.93358744582047892,2.8998064442673339,5774,3367,5227
2023-09-03,NI,8338,37863,8417,38385,4.541017030462938,1.0094746941712645,-0.41712434869455034,2.6309666586711433,5336,3932,4210
2023-09-10,NI,9341,42261,9438,43055,4.5242479391928079,1.010384327159833,-0.270214004000367,2.7011240766513227,6177,4567,4525
2023-09-17,NI,8201,38478,8240,39004,4.6918668455066452,1.0047555176198026,-0.68204924144637991,2.7527618583099618,5424,3527,4482
2023-09-24,NI,8055,38038,8151,38436,4.7222842954686515,1.0119180633147116,-1.0223971691282785,2.8053258845437621,5019,3025,4848
2023-10-01,NI,8102,37525,8181,38140,4.631572451246603,1.0097506788447297,-0.76681114136162587,2.7555912120464092,5076,3406,4534
2023-10-08,NI,8041,36675,8139,37338,4.5609998756373589,1.0121875388633261,-0.66954079942584632,2.8977987812461139,5152,3523,4282
2023-10-15,NI,8144,36886,8207,37315,4.5292239685658142,1.0077357563850697,-0.62889771701480557,2.6598845776031439,5360,3539,4377
2023-10-22,NI,7960,37004,8028,37432,4.6487437185929652,1.00854271356784,-0.2495998672911911,2.6866457286432164,5190,3800,3996
2023-10-29,NI,9244,42046,9323,42637,4.5484638684552161,1.0085460839463445,-0.66710723293550689,2.6418325400259617,6070,3896,5086
2023-11-05,NI,8155,36545,8201,37070,4.4812998160637658,1.00564071122011,-0.67287035294067632,2.6598896382587358,5320,3620,4361
2023-11-12,NI,8265,38274,8346,38765,4.6308529945553527,1.0098003629764067,-0.5456323414294495,2.6773381730187533,5503,3778,4325
2023-11-19,NI,8612,39438,9127,40043,4.5794240594519309,1.0598002786809102,-0.36474080207887505,2.656955411054343,5609,4112,4369
2023-11-26,NI,8406,37134,8590,37732,4.4175588865096369,1.0218891268141812,-0.59241167779090043,2.7378658101356179,5575,3522,4649
2023-12-03,NI,8087,36665,8199,37075,4.5338197106467177,1.0138493879065171,-1.5670852784807749,2.523729442314826,5140,2870,5080
2023-12-10,NI,8454,38987,8506,39887,4.6116631180506245,1.0061509344688906,-1.0365380472459254,2.9707475751123726,5501,3252,4994
2023-12-17,NI,6703,29875,6766,30446,4.4569595703416329,1.0093987766671637,-0.34590761757539168,2.9342533194092195,4417,2975,3598
2023-12-24,NI,6956,29365,7045,29668,4.221535365152385,1.0127947096032204,-1.1108381353229182,2.9216503737780344,4415,2635,4186
2023-12-31,NI,6676,29476,6696,29809,4.4152186938286411,1.0029958058717794,-0.99623948378740446,2.9315158777711203,4429,2652,3791
2024-01-07,NI,7433,33575,7476,34160,4.5170187003901523,1.0057850127808416,-0.93628656317966041,2.7717341584824426,4842,3069,4138
2024-01-14,NI,7064,32883,7121,33450,4.6550113250283127,1.008069082672707,-1.2146558860696552,2.7009909399773493,4651,2823,4038
2024-01-21,NI,8843,39277,8905,39944,4.4415922198348952,1.0070111952957148,-1.1124918718146919,3.058656564514306,5739,3554,5007
2024-01-28,NI,8470,35260,8517,35685,4.1629279811097986,1.0055489964580884,-1.650959227413006,2.8121959858323513,5439,2880,5425
2024-02-04,NI,6875,31621,6911,31978,4.5994181818181827,1.0052363636363637,-1.776773801316432,2.4151418181818185,4673,2234,4480
2024-02-11,NI,6726,31412,6783,31740,4.6702349093071662,1.0084745762711864,-1.0333032816702461,2.7302854594112391,4614,2544,4023
2024-02-18,NI,7062,33559,7124,34255,4.7520532427074489,1.008779382611158,-1.2256022653573089,2.7598414047012181,4642,2730,4205
2024-02-25,NI,7315,34080,7380,34604,4.6589200273410789,1.0088858509911134,-1.069490779108369,2.3957484620642506,4848,2938,4247
2024-03-03,NI,7672,36333,7770,36922,4.7357924921793551,1.0127737226277378,-1.0793036257325712,2.7896637122002073,5055,3122,4398
2024-03-10,NI,7999,36022,8056,36575,4.5033129141142618,1.0071258907363425,-1.4178636738302883,2.7826728341042619,5219,2833,4959
2024-03-17,NI,8833,41010,8891,41684,4.6428167100645306,1.0065662855202084,-1.5009189925877198,2.9425563228801082,5656,3181,5474
2024-03-24,NI,9610,44148,9690,44733,4.5939646201873048,1.0083246618106145,-1.0351412313037816,3.2807284079084287,6246,3878,5532
2024-03-31,NI,6614,30619,6652,31066,4.6294224372543082,1.005745388569701,-0.88277238627027865,2.9129724826126409,4370,2772,3669
2024-04-07,NI,7220,31853,7321,32334,4.411772853185596,1.0139889196675904,-0.6123175990996218,2.906537396121883,4646,3148,3927
2024-04-14,NI,8410,36081,8432,36620,4.2902497027348394,1.0026159334126041,-1.4940794520566409,2.9160879904875152,5563,3010,5258
2024-04-21,NI,7383,33617,7410,34114,4.553298117296495,1.0036570499796829,-0.70787173138014692,2.8887308682107546,4894,3170,4059
2024-04-28,NI,7078,33040,7117,33453,4.66798530658378,1.0055100310822276,-0.72256124525272925,2.7890223226900259,4843,3105,3801
2024-05-05,NI,9231,41224,9327,41929,4.465821687791137,1.0103997400065,-0.45442038464922441,2.8277218069548242,6127,4382,4663
2024-05-12,NI,9240,40321,9300,40932,4.3637445887445878,1.0064935064935059,0.0227772068814702,2.8267099567099563,6202,4851,4232
2024-05-19,NI,7886,36366,7932,36985,4.611463352777073,1.0058331219883339,-0.647615704679953,2.8239792036520424,5191,3434,4260
2024-05-26,NI,7737,36244,7765,36726,4.6845030373529779,1.0036189737624404,-0.44810563064366993,2.7645986816595571,5322,3504,4037
2024-06-02,NI,7850,36507,7888,36981,4.6505732484076407,1.0048407643312114,-0.70843807525864588,2.8468025477707006,5207,3219,4452
2024-06-09,NI,7002,33263,7033,33638,4.7504998571836632,1.0044273064838614,-0.531441096825232,2.8163667523564695,4360,3126,3742
2024-06-16,NI,6919,31173,6964,31693,4.5054198583610336,1.0065038300332416,-0.58194591262626894,2.6746061569590975,4643,3094,3683
2024-06-23,NI,7134,32403,7160,32830,4.5420521446593787,1.0036445192038133,-0.79571109065474521,2.750196243341744,4819,2764,4149
2024-06-30,NI,6900,31447,6936,31892,4.55753623188406,1.0052173913043483,-1.3851504663452334,2.765043478260869,4493,2638,4092
2024-07-07,NI,7450,35246,7502,35677,4.7310067114093961,1.0069798657718125,-0.74396666453629545,2.9742281879194645,4565,3192,4107
2024-07-14,NI,6941,32830,6976,33247,4.7298660135427157,1.0050425010805362,-0.70497944946636137,2.6087451375882424,4501,3002,3783
2024-07-21,NI,7388,34391,7518,34810,4.654981050351922,1.0175961017866813,-1.0834161539988969,2.2039794260963723,4761,2813,4406
2024-07-28,NI,8112,40076,8156,40588,4.9403353057199233,1.0054240631163707,-2.7594319345157894,0.79349112426035484,5213,2245,5757
2024-08-04,NI,7431,35584,7461,36118,4.7885883461176153,1.0040371417036742,-2.5480693212692205,1.412770824922621,4534,2017,5289
2024-08-11,NI,7812,35339,7869,35675,4.5236815156170014,1.0072964669738864,-0.69238003894680067,2.5249359959037383,5009,3453,4182
2024-08-18,NI,8091,35926,8141,36358,4.4402422444691663,1.006179705846002,-0.6488085262254083,2.7657026325546905,5232,3553,4392
2024-08-25,NI,7614,35431,7678,35818,4.6534016285789326,1.008405568689257,-0.90618981925267272,2.846361964801682,4943,3143,4270
2024-09-01,NI,7525,33630,7569,33963,4.4691029900332246,1.0058471760797343,-0.91433334238816433,2.6130232558139541,4780,3402,3970
2024-09-08,NI,7903,34922,7978,35371,4.4188282930532736,1.0094900670631408,-1.25675796267322,2.6883715044919634,5050,3178,4536
2024-09-15,NI,8946,37980,9033,38430,4.2454728370221311,1.0097250167672704,-0.94098105699260948,3.0346747149564042,5812,3776,4993
2024-09-22,NI,7429,32610,7473,32902,4.3895544487818006,1.0059227352268145,-0.5610270978145927,2.7063938618925834,4921,3316,3924
2024-09-29,NI,6967,31728,7031,32582,4.5540404765322222,1.0091861633414674,-0.64736563768761546,2.4165063872541976,4613,3182,3631
2024-10-06,NI,7344,32748,7372,33139,4.4591503267973867,1.0038126361655779,-0.42195419872607542,3.0207924836601285,4737,3549,3657
2024-10-13,NI,7915,33989,7974,34391,4.2942514213518637,1.0074542008843965,-0.49401755868292363,2.8126468730259,5153,3857,3903
2024-10-20,NI,7431,33371,7485,33895,4.4907818597766118,1.0072668550666135,-0.87741379305087952,2.9950881442605288,4825,3046,4241
2024-10-27,NI,7189,32682,7218,33148,4.5461121157323721,1.0040339407428018,-0.80457538684451124,2.8092780637084425,4668,2968,4060
2024-11-03,NI,7068,31951,7153,32955,4.5205149971703458,1.0120260328239956,-1.0405362694347355,2.8556027164685909,4639,2904,4028
2024-11-10,NI,7441,32021,7499,32673,4.3033194463109812,1.0077946512565521,-0.034966289678283913,2.9051605966939928,4830,3802,3500
2024-11-17,NI,7908,33862,7935,34348,4.281992918563482,1.0034142640364188,0.62141886592247053,2.9670839656044508,5012,4675,3096
2024-11-24,NI,7499,32651,7565,33150,4.354047206294176,1.008801173489799,-0.36109347355109395,2.8216962261634886,4903,3606,3760
2024-12-01,NI,7590,34420,7651,34851,4.5349143610013174,1.0080368906455863,-0.436551159234355,2.7226745718050056,4914,3568,3893
2024-12-08,NI,7506,34180,7547,34749,4.553690381028507,1.005462296829204,-0.36269764601272947,2.973754329869438,4899,3474,3861
2024-12-15,NI,6450,29083,6534,29554,4.5089922480620146,1.0130232558139545,-0.795107044387761,2.9955038759689918,4155,2802,3565
2024-12-22,NI,5046,22123,5072,22389,4.38426476416964,1.0051525961157353,-1.1834037188869395,3.0466706302021409,3264,1982,3000
2024-12-29,NI,6371,26048,6423,26615,4.08852613404489,1.0081619839899549,0.069823788320237778,2.7600219745722803,4028,3367,2914
2025-01-05,NI,7468,31107,7517,31612,4.1653722549544723,1.0065613283342263,-0.49633910834922412,2.9773701124799139,4565,3412,3889
2025-01-12,NI,7119,31297,7147,31913,4.3962635201573246,1.0039331366764992,-1.2182370086714895,2.8932012923163364,4480,2748,4135
2025-01-19,NI,7495,32148,7620,32679,4.2892595063375589,1.0166777851901274,-0.61372841349555129,2.9468579052701793,4841,3371,3970
2025-01-26,NI,6498,28446,6519,28984,4.3776546629732227,1.0032317636195758,-0.65525719857650788,2.9086334256694366,4168,2798,3455
2025-02-02,NI,6760,28670,6783,29093,4.2411242603550292,1.0034023668639058,-0.78051603871951547,3.0429289940828395,4229,2806,3749
2025-02-09,NI,6870,30434,6881,30957,4.4299854439592448,1.0016011644832603,-0.83602729700436484,2.8187481804949064,4451,2867,3877
2025-02-16,NI,6557,29686,6627,30098,4.5273753240811336,1.0106756138477968,-0.66116716799627073,3.0139393015098364,4077,2936,3539
2025-02-23,NI,6867,30688,6897,31121,4.4689092762487244,1.0043687199650511,-0.34810306214036107,2.9490607252075138,4225,3324,3408
2025-03-02,NI,7030,30934,7048,31493,4.4002844950213369,1.0025604551920344,-0.51296480918702181,2.8669985775248912,4435,3218,3664
2025-03-09,NI,7242,31165,7313,31653,4.3033692350179527,1.0098039215686281,-0.81315270320658462,2.7261115713891204,4703,3129,3887
2025-03-16,NI,6785,29252,6822,29665,4.3112748710390587,1.0054532056005898,-1.2789486754790802,2.6915254237288146,4344,2446,4207
2025-03-23,NI,6774,28726,6809,29123,4.24062592264541,1.0051668142899326,-1.0197468600042749,2.9186448184233837,4340,2705,3935
2025-03-30,NI,6084,25290,6132,25665,4.1568047337278111,1.0078895463510849,-1.1418955682004364,2.7277284681130833,3781,2484,3457
2025-04-06,NI,7106,29342,7134,29814,4.1291866028708153,1.003940332113707,-0.61181913195166793,2.7603855896425564,4341,3175,3805
2025-04-13,NI,6926,29572,6948,30017,4.2697083453652906,1.0031764366156519,-0.89573868292795966,2.7185532775050518,4288,2970,3851
2025-04-20,NI,6441,28733,6544,29143,4.4609532681260688,1.0159913056978735,-1.1929354217795636,2.7863996273870519,4078,2451,3872
2025-04-27,NI,5990,26361,6003,26613,4.4008347245409007,1.002170283806344,-0.42766500768474791,2.9304841402337227,3829,2840,3028
2025-05-04,NI,7119,30659,7181,31129,4.3066441915999487,1.0087090883551058,-0.771218560014446,2.654768928220256,4604,3169,3751
2025-05-11,NI,6517,29265,6536,29636,4.490563142550255,1.0029154518950441,-0.61510079923898187,2.8294307196562829,4048,2951,3437
2025-05-18,NI,7240,31632,7281,32112,4.3690607734806619,1.005662983425414,-0.348526368479804,2.8476933701657452,4484,3576,3504
2025-05-25,NI,6443,29126,6479,29382,4.5205649542138753,1.0055874592581096,-0.818107976766319,3.022442961353407,3909,2829,3512
2025-06-01,NI,6016,27327,6063,27674,4.5423869680851077,1.0078125000000002,-0.62703533392458244,2.8053357712765958,3936,2743,3168
2025-06-08,NI,5758,24677,5798,24910,4.2856894755123331,1.0069468565474131,-0.31480228543207239,2.7389371309482455,3716,2767,2863
2025-06-15,NI,38,114,38,114,3.0,1.0,-2.5931751871379971,0.73157894736842111,36,9,29
2025-06-22,NI,73,216,73,216,2.9589041095890409,1.0,-0.345050727437132,2.1972602739726024,36,33,40
2025-06-29,NI,5461,23146,5476,23404,4.2384178721845824,1.0027467496795455,-0.57510246991538894,2.8754623695293904,3542,2526,2854
2025-07-06,NI,9281,41119,9300,41655,4.4304493050317868,1.0020471931903898,-0.68593986268303231,2.8449305031785381,6091,4220,4884
2025-07-13,NI,9685,39906,9719,40522,4.1203923593185348,1.0035105833763551,-0.48637253367940231,3.0020443985544656,6065,4511,4886
2025-07-20,NI,8360,36019,8444,36525,4.3084928229665058,1.0100478468899525,-0.52741826963748939,2.9107057416267934,5237,3959,4238
2025-07-27,NI,6822,30526,6863,30864,4.47464086778071,1.0060099677513925,-1.055678424720677,2.7873350923482865,4288,2760,3958
2025-08-03,NI,6689,29254,6732,29596,4.3734489460307975,1.0064284646434454,-0.82407873626524064,3.0408282254447605,4381,2809,3666
2025-08-10,NI,6595,27828,6615,28101,4.219560272934042,1.0030326004548902,-0.95849317543611146,2.9761334344200154,4407,2896,3564
2025-08-17,NI,6454,27835,6469,28032,4.312829253176325,1.0023241400681751,-0.54808600783717476,2.9978462968701582,4207,3092,3216
2025-08-24,NI,7979,34197,8049,34569,4.2858754229853382,1.0087730292016552,-0.4675697786129242,2.991715753853867,4839,3853,3964
2025-08-31,NI,7552,32341,7596,32730,4.2824417372881349,1.005826271186441,-0.83971436209294337,3.0179157838983048,4854,3408,4027
2025-09-07,NI,6680,29805,6722,30154,4.46182634730539,1.0062874251497007,-1.1919151037922371,2.8130239520958074,4125,2659,3932
2025-09-14,NI,6401,26991,6429,27330,4.2166848929854721,1.0043743165130445,-0.74790564773739654,2.7962037181690356,4230,2842,3473
2025-09-21,NI,6600,28250,6629,28719,4.2803030303030329,1.0043939393939394,-0.4566534789098271,2.9148939393939406,4162,3215,3272
2025-09-28,NI,6296,27367,6328,27671,4.3467280813214719,1.0050825921219828,-1.0301946944990934,2.6348157560355778,4047,2643,3570
2025-10-05,NI,7184,30584,7201,30901,4.2572383073496693,1.0023663697104681,-0.88311384737616938,3.0095072383073496,4473,3065,3994
2025-10-12,NI,6360,26962,6380,27227,4.2393081761006286,1.0031446540880502,-0.771882955151642,3.0334591194968539,4059,2741,3506
2025-10-19,NI,6671,28117,6694,28441,4.2148103732573805,1.003447758956679,-1.4738047830417935,2.4622995053215408,3982,2610,3980
2025-10-26,NI,5770,25072,5779,25398,4.345233968804159,1.0015597920277295,-0.62333899922203828,2.9476949740034653,3396,2703,2986
2025-11-02,NI,6467,29770,6531,30208,4.6033709602597819,1.0098963970929338,-1.7006811936717663,2.9518787691356114,3683,2220,4166
2025-11-09,NI,6225,26455,6256,26750,4.2497991967871469,1.0049799196787148,-1.0731295825830154,2.6704257028112446,3739,2604,3526
2025-11-16,NI,8170,34947,8275,35231,4.2774785801713584,1.0128518971848224,-2.3323085008263873,2.8348225214198282,4532,2369,5700
2025-11-23,NI,8283,36115,8356,36592,4.3601352167089216,1.0088132319208025,-1.833685794869786,3.3265724978872391,4710,2512,5642
2025-11-30,NI,7995,34232,8030,34546,4.2816760475297073,1.0043777360850532,-1.08164075403403,3.1442401500938084,4681,2976,4865
2025-12-07,NI,6747,30327,6792,30588,4.4948866162738979,1.0066696309470882,-1.1006996766245158,2.9982955387579664,4245,2508,4168
2025-12-14,NI,6647,27870,6684,28194,4.1928689634421543,1.0055664209417783,-0.95214654870832172,2.750263276666165,4135,2673,3788
2025-12-21,NI,5851,26304,5920,26648,4.4956417706374987,1.0117928559220652,-1.2958653091980554,3.1926850111092118,3447,2167,3597
2025-12-28,NI,5222,21355,5252,21644,4.0894293374186121,1.0057449253159707,-1.6042302848418108,2.8816162389888937,3074,1869,3219
2026-01-04,NI,5010,21426,5073,21743,4.2766467065868241,1.0125748502994016,-1.6797421243557711,2.8941516966067868,3026,1848,3057
2026-01-11,NI,5619,24253,5633,24504,4.3162484427834116,1.0024915465385305,-1.2755126199644748,3.0094500800854251,3474,2132,3361
2026-01-18,NI,5853,25603,5902,25996,4.3743379463522967,1.0083717751580394,-1.5349811898973484,2.7787971980181108,3703,2177,3547
2026-01-25,NI,6699,27885,6729,28192,4.16256157635468,1.0044782803403494,-1.1695496869461159,2.8580235856097924,4071,2786,3836
2026-02-01,NI,6982,30111,7020,30560,4.3126611286164387,1.0054425665998286,-1.7402907142132118,2.7684904038957305,4223,2567,4312
2026-02-08,NI,7333,31339,7375,31698,4.2736942588299449,1.0057275330696855,-1.4898127366884684,2.9431883267421255,4405,2745,4478
2026-02-15,NI,6746,29625,6801,29963,4.39149125407649,1.0081529795434332,-0.9968295511229559,2.8075452119774682,4052,2756,3871
2026-02-22,NI,6169,26919,6180,27199,4.3635921543199867,1.001783109093856,-1.3675402430781116,2.9082995623277679,3729,2594,3510
2026-03-01,NI,6028,26510,6111,27002,4.3978102189781021,1.0137690776376909,-0.910255920467208,2.6523556735235569,3944,2574,3344
2026-03-08,NI,5740,26590,5960,27257,4.6324041811846683,1.0383275261324048,-0.91547608466875674,2.6430313588850174,3200,2422,3203
2026-03-15,NI,6516,28135,6679,28753,4.3178330263965625,1.0250153468385514,-0.46666169293130749,2.80596992019644,4016,3248,3150
2026-03-22,NI,6413,27230,6504,27703,4.246062685170747,1.0141899267113674,-0.40159603855843889,2.7927335100576958,4125,3358,2975
2026-03-29,NI,6998,28732,7015,29185,4.1057444984281233,1.0024292655044302,-0.996560934002394,2.67947985138611,4299,2948,3859
2026-04-05,NI,5763,25304,5807,25543,4.3907686968592747,1.0076349123720285,-1.3152476906114323,2.7656775984730189,3684,2319,3307
2026-04-12,NI,5907,25865,5943,26147,4.3787032334518337,1.0060944641950231,-1.5885834913480612,2.9184865413915695,3781,2182,3639
2026-04-19,NI,7125,31119,7165,31483,4.3675789473684219,1.0056140350877194,-0.61440220318655059,2.9281263157894735,4645,3432,3577
2026-04-26,NI,6854,29343,6883,29605,4.2811496936095716,1.0042311059235483,-0.25592401241432466,2.9619200466880664,4250,3490,3259
2026-05-03,NI,7032,30925,7064,31225,4.3977531285551779,1.0045506257110355,-0.83177539840227366,2.703839590443688,4424,3189,3713
2026-05-10,NI,6834,30059,6850,30409,4.3984489318115294,1.0023412350014638,-0.38034935654534457,2.9342698273339187,4447,3429,3255
2026-05-17,NI,6581,28755,6622,29084,4.36939674821456,1.0062300562224586,-0.80517646675831989,3.1407536848503277,3929,2939,3478
2026-05-24,NI,5436,24857,5534,25013,4.5726637233259746,1.0180279617365708,-0.85255450049006143,3.015930831493745,3230,2376,2963
2026-05-31,NI,6488,30198,6515,30520,4.6544389642416757,1.0041615289765726,-1.6902283981418516,2.803945745992602,3664,2288,4091
2026-06-07,NI,6753,31663,6800,31976,4.6887309343995272,1.0069598696875461,-1.3796281582632051,2.9546719976306841,4079,2465,4189
2026-06-14,NI,5755,26863,5778,27221,4.6677671589921781,1.003996524761078,-1.4131533172483302,3.0431624674196343,3370,2154,3522
2026-06-21,NI,6641,30351,6686,30808,4.570245444963108,1.0067760879385639,-1.423285854664694,2.7642975455503689,3754,2340,4220
2026-06-28,NI,7671,33986,7687,34425,4.4304523530178592,1.0020857776039631,-1.0412674001203335,2.99269977838613,4232,3013,4565
2026-07-05,NI,7862,34934,7901,35391,4.4433986263037388,1.0049605698295603,-0.96741773755631733,3.0114856270669046,4562,3352,4397
2026-07-12,NI,8015,35385,8061,35981,4.41484716157205,1.0057392389270119,-1.0081091917617406,3.0685090455396131,4405,3228,4683
2026-07-19,NI,7333,32388,7355,32737,4.4167462157370778,1.0030001363698353,-0.42616414790059937,2.9796399836356198,4435,3414,3834
2026-07-26,NI,7518,33175,7547,33624,4.4127427507315762,1.0038574088853416,-0.75955536453041117,2.9261505719606284,4490,3219,4185
2026-08-02,NI,7490,33180,7545,33516,4.4299065420560746,1.0073431241655544,-0.49411363029022232,2.9878237650200257,4410,3392,3941
2026-08-09,NI,7486,33248,7512,33762,4.4413572001068644,1.003473149879776,-0.87107197042925466,2.9290141597648933,4172,3213,4145
2026-08-16,NI,7837,34496,7882,34946,4.4016843179788214,1.0057419931096085,-0.57478157007315167,2.6240270511675381,4654,3756,3947
2026-08-23,NI,2847,12362,2853,12548,4.3421145064980688,1.0021074815595368,-0.90282141257216331,2.76455918510713,1667,1216,1584
2023-01-01,SG,499,3017,508,3059,6.0460921843687387,1.0180360721442889,-2.8874974002379861,1.7509018036072135,330,85,396
2023-01-08,SG,547,2951,576,3003,5.3948811700182784,1.0530164533820843,-2.228917014177,2.5032906764168183,310,170,365
2023-01-15,SG,754,4209,830,4315,5.5822281167108763,1.10079575596817,-0.81310541043278173,2.8685676392572956,457,302,427
2023-01-22,SG,1115,6155,1165,6261,5.52017937219731,1.0448430493273548,-0.34559175655799967,2.8078923766816137,759,536,524
2023-01-29,SG,637,3783,646,3832,5.9387755102040787,1.0141287284144431,0.40262735982364523,2.72778649921507,419,413,195
2023-02-05,SG,376,2255,377,2284,5.9973404255319149,1.0026595744680851,0.13710548903451322,2.9952127659574468,222,217,148
2023-02-12,SG,349,2227,350,2262,6.3810888252149,1.002865329512894,-0.98594960153096267,2.7535816618911171,222,146,200
2023-02-19,SG,287,1878,313,1942,6.5435540069686411,1.0905923344947737,-0.015755302302135173,2.802090592334495,193,164,111
2023-02-26,SG,376,2101,400,2167,5.587765957446809,1.0638297872340428,-1.016715361264861,2.7441489361702129,190,179,182
2023-03-05,SG,319,1946,320,1958,6.100313479623825,1.0031347962382446,-1.7391462129060813,3.4636363636363638,214,135,180
2023-03-12,SG,337,2203,341,2274,6.5370919881305651,1.0118694362017802,-3.4943436318808909,1.859940652818991,209,64,268
2023-03-19,SG,321,2125,326,2193,6.6199376947040491,1.0155763239875391,-1.8107574396020567,2.2834890965732084,232,102,207
2023-03-26,SG,556,3465,591,3495,6.2320143884892074,1.0629496402877696,-1.9980990987461731,2.8287769784172658,367,192,359
2023-04-02,SG,366,2498,368,2600,6.8251366120218568,1.0054644808743172,-0.53501995193000407,2.8773224043715846,259,165,196
2023-04-09,SG,289,1834,289,1894,6.3460207612456756,1.0,-0.60661605561994636,3.1429065743944635,181,139,137
2023-04-16,SG,314,2385,314,2447,7.5955414012738842,1.0,-1.589342755773113,3.1207006369426749,264,115,182
2023-04-23,SG,374,2431,378,2485,6.5,1.0106951871657754,0.070809376985909958,3.1965240641711237,269,205,155
2023-04-30,SG,346,2714,348,2774,7.8439306358381495,1.0057803468208093,-0.03982710775192852,3.0780346820809248,242,177,164
2023-05-07,SG,613,4510,630,4610,7.3572593800978794,1.0277324632952696,-1.654656117590886,2.427732463295269,424,233,370
2023-05-14,SG,459,3018,488,3059,6.57516339869281,1.06318082788671,-1.420008296079887,2.2126361655773423,310,191,261
2023-05-21,SG,387,2525,396,2570,6.5245478036175708,1.0232558139534884,-1.9568567902881304,2.7328165374677003,269,155,217
2023-05-28,SG,766,4971,783,5130,6.4895561357702363,1.0221932114882508,-4.0625788452316414,1.4627937336814623,481,233,526
2023-06-04,SG,712,4912,760,5012,6.8988764044943824,1.0674157303370788,-4.4920858895660345,1.0754213483146067,409,126,582
2023-06-11,SG,701,3777,717,3825,5.3880171184022831,1.0228245363766049,-2.2275918009675286,2.2784593437945793,391,199,492
2023-06-18,SG,555,3365,560,3397,6.0630630630630638,1.0090090090090091,-1.2542155636445862,3.2645045045045049,394,198,341
2023-06-25,SG,408,2426,414,2472,5.9460784313725474,1.0147058823529413,-0.38287330690577959,2.8610294117647062,336,242,157
2023-07-02,SG,395,2942,423,2942,7.4481012658227845,1.070886075949367,-1.6676203931528746,1.6683544303797468,292,145,236
2023-07-09,SG,695,4582,745,4630,6.592805755395684,1.0719424460431655,-1.8801589736565056,3.3181294964028782,518,179,482
2023-07-16,SG,463,2905,486,2911,6.2742980561555086,1.0496760259179265,-0.49533886743779809,2.949244060475162,270,229,218
2023-07-23,SG,408,2642,441,2694,6.4754901960784315,1.0808823529411764,-1.4938209581873212,3.0769607843137252,263,168,230
2023-07-30,SG,771,4742,796,4838,6.1504539559014288,1.0324254215304798,-4.0598145130586438,1.8282749675745782,375,123,638
2023-08-06,SG,573,3840,592,3851,6.7015706806282722,1.0331588132635252,-3.3048958649782914,2.5830715532286219,376,108,461
2023-08-13,SG,583,3300,590,3336,5.6603773584905657,1.0120068610634652,-3.6429452340304245,2.1209262435677525,429,95,479
2023-08-20,SG,613,3588,660,3707,5.8531810766721035,1.0766721044045675,0.13673040552052995,2.9680261011419256,391,305,295
2023-08-27,SG,395,2780,404,2800,7.0379746835443031,1.0227848101265824,-1.2865013749362835,3.0146835443037978,289,164,213
2023-09-03,SG,359,2437,373,2513,6.7883008356545966,1.0389972144846797,-1.2888039779435969,3.2824512534818941,261,161,196
2023-09-10,SG,360,2653,365,2703,7.3694444444444454,1.0138888888888886,-1.211201772218738,3.0102777777777781,270,122,227
2023-09-17,SG,438,2548,441,2592,5.8173515981735164,1.0068493150684936,-0.664353691095087,2.2045662100456624,219,143,282
2023-09-24,SG,324,2078,327,2128,6.4135802469135808,1.0092592592592595,0.058607811426631587,2.8768518518518524,245,172,148
2023-10-01,SG,398,2932,411,3011,7.3668341708542719,1.0326633165829144,-0.81860519288977074,2.9374371859296482,287,160,227
2023-10-08,SG,320,2353,328,2401,7.3531249999999995,1.025,-0.76123377932142766,3.1056249999999994,241,131,176
2023-10-15,SG,397,2854,399,3004,7.1889168765743072,1.0050377833753148,-0.84446424027330425,2.2264483627204026,299,180,206
2023-10-22,SG,599,3659,662,3743,6.1085141903171953,1.1051752921535893,-0.44674542864761352,2.3741235392320541,326,197,337
2023-10-29,SG,466,3174,487,3247,6.8111587982832615,1.0450643776824033,-0.99817444055677684,2.5972103004291847,308,155,306
2023-11-05,SG,429,2697,439,2728,6.2867132867132867,1.0233100233100234,-0.34784535375088343,2.988111888111888,285,215,204
2023-11-12,SG,423,2727,432,2753,6.4468085106382995,1.021276595744681,-1.2360425940080453,2.19692671394799,330,168,235
2023-11-19,SG,619,3259,619,3350,5.2649434571890152,1.0,-0.42774137321506722,2.6626817447495958,494,241,353
2023-11-26,SG,335,2118,335,2158,6.3223880597014928,1.0,-0.53760569994965657,3.3441791044776128,231,139,179
2023-12-03,SG,322,2241,324,2265,6.9596273291925463,1.0062111801242235,0.11914745588867526,3.3009316770186334,238,179,133
2023-12-10,SG,457,3280,487,3292,7.1772428884026258,1.0656455142231949,-0.77224093987395392,3.0846827133479215,323,183,253
2023-12-17,SG,359,2384,407,2406,6.6406685236768785,1.1337047353760448,-1.041471489725567,2.6448467966573821,240,140,214
2023-12-24,SG,279,2075,281,2139,7.4372759856630832,1.0071684587813623,-1.0413938757052903,3.1093189964157704,207,101,153
2023-12-31,SG,316,2278,319,2306,7.2088607594936711,1.009493670886076,-1.7113169110288298,3.0977848101265821,199,113,193
2024-01-07,SG,316,2251,328,2277,7.1234177215189867,1.0379746835443038,-0.65428596309708,2.829746835443038,257,133,170
2024-01-14,SG,345,2487,352,2519,7.2086956521739145,1.0202898550724635,0.047551402229786044,2.5799999999999996,271,145,180
2024-01-21,SG,342,2118,344,2143,6.192982456140351,1.0058479532163742,-1.2338309766377962,3.1459064327485384,234,155,177
2024-01-28,SG,350,2389,353,2397,6.8257142857142847,1.0085714285714287,-0.90491187426788111,3.1888571428571431,251,139,203
2024-02-04,SG,1120,7821,1173,7890,6.9830357142857151,1.047321428571429,-4.6904653335656867,1.1710714285714285,700,131,951
2024-02-11,SG,879,6414,924,6520,7.29692832764505,1.0511945392491464,-4.3447733987348212,0.99237770193401587,531,125,744
2024-02-18,SG,603,4276,623,4356,7.0912106135986717,1.0331674958540631,-2.0231016713003775,2.6514096185737976,333,150,437
2024-02-25,SG,577,4089,608,4159,7.0866551126516457,1.053726169844021,-2.4284872256017422,2.0961871750433274,357,141,426
2024-03-03,SG,357,2788,364,2828,7.80952380952381,1.0196078431372553,-2.1059354680820657,1.5436974789915963,272,102,243
2024-03-10,SG,459,3110,475,3143,6.7755991285403052,1.0348583877995645,-1.6669188281009988,2.933769063180828,340,126,318
2024-03-17,SG,518,3424,543,3476,6.610038610038611,1.0482625482625483,-0.79148444236174931,2.9766409266409273,316,209,297
2024-03-24,SG,807,5596,871,5684,6.9343246592317218,1.0793060718711276,-0.953930147729709,3.119950433705081,553,254,533
2024-03-31,SG,861,4493,879,4534,5.2183507549361208,1.020905923344948,-0.24517395578160434,2.7120789779326366,537,398,445
2024-04-07,SG,331,1928,334,1989,5.8247734138972822,1.0090634441087611,-0.49570929211706755,2.4223564954682777,220,118,195
2024-04-14,SG,473,3193,480,3253,6.750528541226215,1.014799154334038,-0.14380070107256576,2.9177589852008454,307,207,249
2024-04-21,SG,440,3329,454,3413,7.5659090909090914,1.0318181818181817,0.0025879442002029293,2.644090909090909,301,208,211
2024-04-28,SG,365,2577,378,2723,7.06027397260274,1.0356164383561646,0.029641453785620053,2.7805479452054795,274,185,171
2024-05-05,SG,475,3110,486,3241,6.5473684210526315,1.0231578947368423,0.081871441586118032,2.3290526315789473,332,254,191
2024-05-12,SG,620,3642,636,3711,5.8741935483870966,1.0258064516129033,0.6717543734172533,3.120806451612903,446,374,229
2024-05-19,SG,460,2880,466,2900,6.2608695652173916,1.0130434782608695,0.12303127691215072,2.7378260869565216,323,248,201
2024-05-26,SG,439,3201,446,3373,7.2915717539863323,1.0159453302961274,-0.20263454763276298,2.8209567198177679,348,190,222
2024-06-02,SG,632,3592,634,3752,5.6835443037974693,1.0031645569620253,2.76310736578197,2.8897151898734177,510,434,168
2024-06-09,SG,360,2658,360,2808,7.3833333333333337,1.0,-0.068309960943193776,3.1244444444444448,265,186,160
2024-06-16,SG,399,2752,399,2796,6.8972431077694232,1.0,-0.88576229730374223,2.7027568922305765,258,148,240
2024-06-23,SG,330,2689,337,2769,8.14848484848485,1.0212121212121212,-0.14326839553797244,3.0678787878787874,244,152,165
2024-06-30,SG,325,2363,333,2399,7.2707692307692318,1.0246153846153845,-1.5034096967277253,2.9664615384615387,199,101,211
2024-07-07,SG,463,2904,469,2991,6.2721382289416843,1.0129589632829374,-0.16631716936253241,3.4667386609071271,348,229,220
2024-07-14,SG,511,3305,512,3361,6.46771037181996,1.0019569471624266,-0.219455734507079,3.0594911937377693,330,231,265
2024-07-21,SG,296,2114,298,2130,7.1418918918918894,1.0067567567567568,-0.7823142984198358,3.0662162162162163,225,124,154
2024-07-28,SG,360,2516,368,2566,6.9888888888888889,1.0222222222222224,-0.98439942574127937,3.2747222222222221,263,144,209
2024-08-04,SG,393,2800,398,2862,7.124681933842238,1.0127226463104326,-1.9068656947773015,3.0066157760814254,257,97,282
2024-08-11,SG,429,2904,441,2984,6.7692307692307692,1.0279720279720279,-1.012234323067591,2.9433566433566432,272,168,241
2024-08-18,SG,332,2213,333,2347,6.6656626506024086,1.0030120481927709,0.028777373736153244,3.0156626506024096,229,147,170
2024-08-25,SG,773,4295,836,4341,5.55627425614489,1.0815006468305304,-1.3366208484176363,2.75627425614489,457,279,484
2024-09-01,SG,497,3030,512,3084,6.0965794768611676,1.030181086519115,0.51416178324631634,3.0084507042253521,368,271,219
2024-09-08,SG,479,3410,504,3538,7.1189979123173286,1.0521920668058455,-1.5283613717800559,3.0676409185803752,339,175,298
2024-09-15,SG,293,2047,294,2085,6.9863481228668931,1.0034129692832765,-0.94804736494708919,3.0788395904436858,196,106,176
2024-09-22,SG,449,3189,458,3251,7.1024498886414262,1.020044543429844,-0.99934387197325958,3.0594654788418709,325,165,273
2024-09-29,SG,454,3111,466,3179,6.8524229074889869,1.026431718061674,-1.2714971797011769,2.9938325991189427,315,143,286
2024-10-06,SG,330,2265,334,2275,6.8636363636363633,1.0121212121212122,-0.63955410069361107,3.4551515151515151,221,133,190
2024-10-13,SG,400,3033,400,3179,7.5825,1.0,-1.4761142429070626,3.1239999999999997,220,122,266
2024-10-20,SG,366,2506,382,2656,6.8469945355191246,1.0437158469945356,-1.6716872336346351,2.6450819672131147,259,93,263
2024-10-27,SG,416,2930,428,3023,7.0432692307692317,1.028846153846154,0.26808357341461586,2.9716346153846156,311,231,178
2024-11-03,SG,310,2301,319,2345,7.4225806451612888,1.0290322580645161,-0.0668564264628858,3.1854838709677415,224,169,141
2024-11-10,SG,362,2542,364,2584,7.0220994475138117,1.0055248618784531,-1.0368893624120987,3.1392265193370164,247,150,210
2024-11-17,SG,391,2854,392,2904,7.29923273657289,1.0025575447570332,0.11412394596080039,3.1355498721227617,266,212,168
2024-11-24,SG,383,2713,391,2767,7.08355091383812,1.02088772845953,-0.39953539669321303,2.9422976501305484,246,185,191
2024-12-01,SG,487,3215,495,3339,6.6016427104722792,1.0164271047227924,-0.50260847494784577,2.7804928131416839,344,201,258
2024-12-08,SG,389,2704,397,2756,6.9511568123393328,1.0205655526992288,-0.72181247182179509,3.3488431876606684,293,170,209
2024-12-15,SG,567,3449,583,3513,6.0828924162257509,1.0282186948853616,0.71394630972554207,2.9908289241622579,278,346,208
2024-12-22,SG,241,1786,244,1826,7.410788381742738,1.0124481327800829,-0.72150043361581417,3.38091286307054,149,100,133
2024-12-29,SG,346,2400,355,2503,6.9364161849710984,1.0260115606936415,-0.8156925280157894,3.2939306358381506,253,160,177
2025-01-05,SG,370,2446,372,2494,6.6108108108108112,1.0054054054054056,-0.596678425323211,3.5605405405405404,232,173,191
2025-01-12,SG,452,2802,454,2830,6.1991150442477876,1.0044247787610621,0.76402927607733351,2.6407079646017704,356,276,159
2025-01-19,SG,440,2748,443,2830,6.2454545454545469,1.0068181818181816,-0.2049424584679134,3.3297727272727276,311,246,190
2025-01-26,SG,320,2385,331,2405,7.453125,1.0343750000000003,-0.39262429523646836,3.415,223,144,161
2025-02-02,SG,419,2712,426,2742,6.47255369928401,1.0167064439140812,-1.29435336770802,2.6811455847255368,328,158,249
2025-02-09,SG,332,2263,332,2321,6.8162650602409647,1.0,-1.0823994588221635,3.8762048192771084,231,125,188
2025-02-16,SG,277,2122,280,2169,7.6606498194945862,1.0108303249097474,-0.10928389559415815,2.8043321299638988,221,132,136
2025-02-23,SG,329,2229,329,2317,6.7750759878419453,1.0,-0.1772824571590082,3.5243161094224922,214,167,159
2025-03-02,SG,347,2352,354,2412,6.7780979827089345,1.0201729106628241,-0.24979695955785342,3.3945244956772327,269,135,201
2025-03-09,SG,340,2345,340,2357,6.8970588235294121,1.0,-0.6667474506767882,3.2711764705882351,257,140,197
2025-03-16,SG,309,2315,313,2416,7.4919093851132681,1.01294498381877,-0.85372293171645308,2.7605177993527512,214,118,185
2025-03-23,SG,252,1918,256,1928,7.6111111111111116,1.015873015873016,-0.97006326684428323,3.2476190476190476,170,83,159
2025-03-30,SG,302,2041,310,2071,6.758278145695364,1.0264900662251657,0.64151257049729882,2.8122516556291393,212,155,141
2025-04-06,SG,316,2237,323,2277,7.0791139240506329,1.0221518987341771,0.024202631766694765,2.9693037974683545,217,163,146
2025-04-13,SG,332,2582,335,2592,7.7771084337349388,1.0090361445783134,-1.3381932371624585,2.7463855421686754,258,120,202
2025-04-20,SG,263,2155,268,2222,8.1939163498098857,1.0190114068441067,-0.03806696326654177,2.6980988593155892,183,124,130
2025-04-27,SG,275,2107,281,2253,7.6618181818181821,1.0218181818181817,0.13417215730810611,3.0730909090909098,203,139,119
2025-05-04,SG,337,2258,346,2314,6.7002967359050452,1.0267062314540059,-0.27494652971653893,3.1531157270029673,229,171,160
2025-05-11,SG,391,2910,396,3004,7.4424552429667514,1.0127877237851661,-0.436491710696465,3.1306905370843991,276,188,187
2025-05-18,SG,363,2602,373,2672,7.1680440771349856,1.027548209366391,-0.34457348165323409,3.0239669421487605,262,166,186
2025-05-25,SG,415,3091,419,3125,7.4481927710843365,1.0096385542168675,0.27625080152028647,3.3763855421686744,335,252,147
2025-06-01,SG,318,2196,318,2216,6.90566037735849,1.0,0.58894034641550963,2.8757861635220126,235,202,105
2025-06-08,SG,300,2057,300,2065,6.8566666666666665,1.0,-0.54052756339748842,2.97,208,131,146
2025-06-22,SG,33,87,33,87,2.6363636363636362,1.0,1.9549594948723665,2.5636363636363644,30,32,1
2025-06-29,SG,285,1648,297,1678,5.7824561403508774,1.0421052631578949,0.77684613762077659,3.0810526315789475,239,183,99
2025-07-06,SG,661,3502,667,3583,5.2980332829046892,1.0090771558245082,-0.027743084357698514,3.1225416036308613,458,298,327
2025-07-13,SG,629,3877,645,4015,6.1637519872813993,1.0254372019077904,-1.1257602180449617,2.8971383147853738,457,197,403
2025-07-20,SG,652,4025,654,4212,6.1733128834355817,1.0030674846625769,1.5762046932396867,2.7481595092024538,490,465,171
2025-07-27,SG,307,1902,309,1956,6.19543973941368,1.006514657980456,0.81902845415714953,3.2807817589576542,234,188,114
2025-08-03,SG,428,2818,432,2879,6.58411214953271,1.0093457943925235,0.051069213500315347,3.4011682242990653,331,232,179
2025-08-10,SG,323,2097,323,2107,6.4922600619195032,1.0,-0.058285579454572148,2.8925696594427239,241,175,139
2025-08-17,SG,380,2597,390,2633,6.83421052631579,1.0263157894736843,0.093359087368183588,3.6221052631578949,283,221,140
2025-08-24,SG,382,2770,388,2770,7.2513089005235605,1.0157068062827226,-0.731793116328634,3.2761780104712046,284,162,205
2025-08-31,SG,411,2577,415,2675,6.2700729927007295,1.0097323600973236,0.98314695025136223,3.0985401459854014,317,267,131
2025-09-07,SG,419,2880,427,2938,6.8735083532219576,1.0190930787589498,0.57093309512835821,2.8878281622911692,313,239,175
2025-09-14,SG,274,2034,279,2076,7.4233576642335759,1.0182481751824817,-0.58049651986564721,3.2240875912408762,210,121,140
2025-09-21,SG,358,2747,358,2884,7.6731843575419,1.0,0.23729633841558262,3.0882681564245806,281,204,146
2025-09-28,SG,400,2669,400,2759,6.6724999999999985,1.0,0.70765841417444786,2.9812499999999997,255,225,172
2025-10-05,SG,472,3229,476,3298,6.8411016949152534,1.0084745762711864,1.0300098243291405,2.9266949152542372,359,293,166
2025-10-12,SG,339,2250,348,2292,6.6371681415929205,1.0265486725663715,-0.22895886721906861,3.0144542772861356,233,164,169
2025-10-19,SG,417,2800,427,2850,6.7146282973621112,1.0239808153477221,-0.35525880457375919,2.7860911270983215,300,185,223
2025-10-26,SG,407,3256,431,3320,8.0,1.058968058968059,-0.38151493672288056,3.3643734643734642,307,186,205
2025-11-02,SG,314,2304,316,2408,7.3375796178343959,1.0063694267515924,-0.76229924237512448,2.85796178343949,214,141,165
2025-11-09,SG,293,2339,293,2359,7.9829351535836182,1.0,-0.24923217760418331,3.5822525597269621,229,150,139
2025-11-16,SG,341,2379,341,2409,6.9765395894428153,1.0,0.50633075953909812,3.1680351906158353,229,198,134
2025-11-23,SG,565,3375,583,3471,5.9734513274336285,1.0318584070796459,-1.3948229832629653,3.0596460176991149,421,176,380
2025-11-30,SG,521,3187,533,3251,6.1170825335892518,1.023032629558541,-2.1372019009174297,3.0485604606525913,376,122,388
2025-12-07,SG,312,2348,317,2388,7.5256410256410255,1.0160256410256412,-0.0727173852144089,3.4124999999999996,227,141,167
2025-12-14,SG,243,1758,245,1768,7.2345679012345663,1.0082304526748971,0.30934678048893943,3.2555555555555555,183,134,104
2025-12-21,SG,256,2042,257,2072,7.9765624999999991,1.0039062500000002,0.25379404383643495,2.806640625,211,145,105
2025-12-28,SG,207,1518,207,1548,7.3333333333333339,1.0,0.31922299331715431,2.86231884057971,166,105,94
2026-01-04,SG,230,1793,230,1827,7.7956521739130453,1.0,0.14095669437077149,2.5230434782608695,181,127,101
2026-01-11,SG,373,2400,373,2414,6.4343163538873984,1.0,0.23334451242458862,3.114209115281501,318,207,159
2026-01-18,SG,266,1948,268,2018,7.3233082706766908,1.0075187969924813,-0.086082938469297737,2.2466165413533834,207,128,126
2026-01-25,SG,368,2891,376,2947,7.8559782608695654,1.0217391304347825,1.5138313751831911,3.0641304347826095,317,270,84
2026-02-01,SG,321,2678,324,2786,8.342679127725857,1.0093457943925233,0.092749533900203518,2.5202492211838008,282,186,128
2026-02-08,SG,432,3029,436,3039,7.0115740740740735,1.0092592592592593,-1.4316791070638086,2.6206018518518515,291,166,239
2026-02-15,SG,347,2518,348,2587,7.2564841498559058,1.0028818443804035,-0.77468219015731665,2.9985590778097984,271,172,172
2026-02-22,SG,372,2328,404,2348,6.258064516129032,1.0860215053763442,-0.9931094907793554,3.0276881720430104,224,120,246
2026-03-01,SG,313,2275,313,2315,7.2683706070287535,1.0,-1.2216947203364679,2.447603833865815,199,132,169
2026-03-08,SG,300,2318,302,2318,7.7266666666666648,1.0066666666666666,-0.71701468813306879,2.621,213,127,161
2026-03-15,SG,263,2110,267,2198,8.0228136882129277,1.0152091254752851,-0.01374032394197091,2.984410646387833,190,148,107
2026-03-22,SG,355,2788,362,2836,7.8535211267605618,1.0197183098591549,-0.075862868588936511,3.0498591549295773,270,182,158
2026-03-29,SG,245,2008,248,2008,8.1959183673469376,1.0122448979591836,0.028867539544796011,3.2248979591836733,172,120,113
2026-04-05,SG,326,2305,377,2415,7.0705521472392627,1.156441717791411,-0.90411081067920451,3.0104294478527609,212,131,189
2026-04-12,SG,250,1793,266,1861,7.172,1.064,-0.13718838416332968,3.1212,218,126,113
2026-04-19,SG,378,2389,378,2519,6.3201058201058204,1.0,0.83075434171638418,2.9410052910052915,278,226,138
2026-04-26,SG,276,2041,278,2101,7.3949275362318838,1.0072463768115942,-0.23436804461984986,2.9793478260869568,213,132,133
2026-05-03,SG,310,2307,313,2347,7.4419354838709673,1.0096774193548388,-0.56553648985386418,2.9732258064516128,257,143,153
2026-05-10,SG,368,2665,399,2702,7.2418478260869561,1.0842391304347829,-0.43640649100107159,3.0570652173913042,245,164,192
2026-05-17,SG,354,2772,372,2840,7.8305084745762707,1.0508474576271187,-0.66800856065708936,2.8531073446327686,255,137,195
2026-05-24,SG,534,3573,547,3685,6.691011235955056,1.0243445692883897,-1.7734847032972922,2.8752808988764045,345,129,394
2026-05-31,SG,343,2648,348,2678,7.7201166180758021,1.0145772594752185,-0.67826887732982943,3.4603498542274047,259,157,173
2026-06-07,SG,445,3333,454,3437,7.4898876404494388,1.0202247191011236,0.081379661980344312,3.07752808988764,345,233,199
2026-06-14,SG,319,2506,336,2566,7.8557993730407523,1.0532915360501567,0.1309495813330509,2.7746081504702196,228,161,149
2026-06-21,SG,281,2094,281,2132,7.4519572953736644,1.0,0.62121033023156,3.2971530249110321,217,164,106
2026-06-28,SG,295,2521,310,2603,8.5457627118644073,1.0508474576271187,0.14105425048747716,2.3301694915254236,223,154,133
2026-07-05,SG,303,2457,303,2521,8.1089108910891081,1.0,0.72237584731205218,3.1227722772277229,257,180,108
2026-07-12,SG,394,2970,411,3050,7.5380710659898469,1.0431472081218276,-0.14000544385622668,2.9027918781725885,261,181,200
2026-07-19,SG,334,2386,338,2430,7.1437125748502979,1.0119760479041917,0.050600080012753276,2.9625748502994007,223,144,182
2026-07-26,SG,395,2890,401,3042,7.3164556962025316,1.0151898734177216,0.1127999838924488,2.8182278481012659,304,219,147
2026-08-02,SG,291,2117,291,2128,7.2749140893470789,1.0,-0.42996038059560227,3.3577319587628867,179,140,140
2026-08-09,SG,318,2171,320,2206,6.8270440251572326,1.0062893081761006,-0.41787178264354269,3.2295597484276732,196,152,159
2026-08-16,SG,329,2465,332,2539,7.4924012158054714,1.0091185410334347,-0.5816783511814787,3.2136778115501525,228,144,182
2026-08-23,SG,136,1009,137,1051,7.4191176470588225,1.0073529411764706,-0.066754321764890392,2.9330882352941177,85,76,60
2023-01-01,UK,11253,59661,12309,61095,5.3017861903492332,1.0938416422287365,-0.8439658662316154,2.95040433662135,6652,4333,6635
2023-01-08,UK,16478,85851,18255,87703,5.2100376259254748,1.1078407573734717,-0.78486162694803385,2.9822915402354568,9842,6629,9405
2023-01-15,UK,14558,79197,16142,80906,5.4401016623162564,1.1088061546915777,-0.6775910976598537,2.9166437697485894,8968,6110,8119
2023-01-22,UK,13097,73371,14930,74798,5.6021226235015646,1.1399557150492474,-0.7736079155218758,2.8685882263113687,8025,5353,7427
2023-01-29,UK,14054,76170,15605,78592,5.4198093069588795,1.1103600398463072,-0.92867348114043258,2.864970826810874,8492,5622,8135
2023-02-05,UK,17648,92988,20203,94980,5.2690389845874908,1.1447756119673624,-0.48768412225683161,2.9625679963735267,10395,7493,9602
2023-02-12,UK,14267,77689,16639,79238,5.4453634260881723,1.1662577977150059,-0.64281406189612222,3.0892619331324047,8732,6009,7963
2023-02-19,UK,14920,77512,16622,79050,5.1951742627345867,1.1140750670241293,-0.520160486302723,3.0300268096514742,8632,6343,8261
2023-02-26,UK,15237,82293,16817,84192,5.4008663122661931,1.1036949530747522,-0.385947630030754,2.9096147535604113,9275,7061,7756
2023-03-05,UK,15019,82885,16802,84271,5.5186763432984884,1.1187162926959178,-0.362268272272929,2.8963379719022591,9005,7022,7636
2023-03-12,UK,14846,78003,15855,79998,5.2541425299744029,1.06796443486461,-0.23480338570385265,2.9206991782298277,9098,7015,7447
2023-03-19,UK,17284,87110,18435,89414,5.0399213145105319,1.0665933811617676,-0.9882047277496615,2.62009951400139,10365,6645,10317
2023-03-26,UK,23707,119452,25687,122603,5.0386805584848346,1.0835196355506826,-0.53612967574719983,2.8710212173619571,14154,10422,12594
2023-04-02,UK,20136,98250,21717,100599,4.8793206197854575,1.0785160905840276,-0.29432299811794321,2.9579757647993628,11924,9755,9900
2023-04-09,UK,23116,113741,26036,116352,4.9204447136182745,1.1263194324277577,-0.093716145258850331,2.8354732652708061,14235,11935,10561
2023-04-16,UK,20838,103568,22754,107270,4.9701506862462823,1.0919474037815542,-0.27556803595154128,2.8949275362318834,12719,10064,10293
2023-04-23,UK,23066,119110,25348,122881,5.1638775687158551,1.0989334951877219,-0.50476677276833859,3.025101881557271,13768,10448,12142
2023-04-30,UK,28200,135384,30270,139161,4.8008510638297865,1.0734042553191485,0.83334649752115353,2.7624361702127667,17099,17597,9970
2023-05-07,UK,23073,114133,24875,117510,4.94660425605686,1.0780999436570871,0.25793824934592791,2.8003033849087688,14293,12546,10046
2023-05-14,UK,21935,109737,23501,112154,5.0028265329382275,1.0713927513106911,-0.19485821254285401,3.02413494415318,13320,10065,11292
2023-05-21,UK,20406,104214,21989,106966,5.1070273448985573,1.0775752229736355,-0.3927436817425955,2.9729491326080546,12921,9266,10612
2023-05-28,UK,17219,88747,18452,91540,5.1540159126546268,1.0716069458156685,-0.25951970863407547,2.9064637899994192,10956,8022,8781
2023-06-04,UK,20666,107932,22459,111230,5.22268460272912,1.086760863253653,-0.49867649010562881,2.9346462789122203,12976,9190,10985
2023-06-11,UK,19785,101405,20927,104064,5.1253474854687937,1.0577204953247403,-0.36052957016226095,3.0042102602982053,12404,8934,10398
2023-06-18,UK,20531,106597,22282,109547,5.1920023379280131,1.0852856655788814,-0.19368007866838624,3.1162339876284646,13047,9762,10233
2023-06-25,UK,18015,97544,19680,100055,5.414598945323343,1.0924229808492927,-0.28538206919251946,2.9790674437968354,11621,8500,8985
2023-07-02,UK,18642,98926,20507,101539,5.3066194614311728,1.1000429138504455,-0.14632116710410595,2.9049350928012023,11686,9223,8942
2023-07-09,UK,19276,100210,20774,102660,5.1986926748288029,1.0777132185100642,-0.25870928082743683,2.9465708653247566,12065,9127,9594
2023-07-16,UK,17597,94468,18914,97000,5.3684150707506975,1.0748423026652274,-0.580428003832011,3.0020401204750833,11127,7561,9605
2023-07-23,UK,15778,84110,16655,86256,5.3308404106984453,1.0555837241728987,-0.71054138433980385,2.9972113068830017,10049,6664,8695
2023-07-30,UK,14830,76838,15799,78844,5.1812542144302087,1.0653405259608901,-0.50654711464796565,3.0515778826702631,9324,7030,7536
2023-08-06,UK,15340,81648,16458,83881,5.3225554106910016,1.0728813559322039,-0.77886670660656354,2.9838657105606239,9878,6333,8539
2023-08-13,UK,15093,80947,16539,82942,5.3632147353077579,1.0958060027827463,-0.50423216957449724,2.943748757702247,9768,6608,8004
2023-08-20,UK,16691,85694,17785,87957,5.1341441495416689,1.065544305314241,-0.62829676989058769,2.94168114552753,10392,7592,8701
2023-08-27,UK,17086,89069,18357,91417,5.2129813882710989,1.0743883881540459,-0.49559950704106509,2.8549046002575209,10857,7528,9123
2023-09-03,UK,19792,101691,21386,104032,5.1379850444624084,1.0805375909458363,-0.19688615489209735,3.0617926434923195,12420,9744,9609
2023-09-10,UK,18704,95701,19984,98367,5.1166060735671488,1.0684345594525233,-0.395794719327948,3.0371471343028222,11530,8675,9547
2023-09-17,UK,18429,93919,19379,96590,5.0962613272559576,1.0515491887785562,-0.38743999756792491,2.9469314667100761,11404,8501,9508
2023-09-24,UK,18155,93404,19332,95938,5.1448085926741918,1.0648306251721291,-0.49351529588768517,2.9040539796199405,11468,8251,9469
2023-10-01,UK,18777,98349,20360,100684,5.2377376577728043,1.0843052670820683,-0.37481262375974117,3.0297385098791061,11844,8657,9652
2023-10-08,UK,19431,99243,21786,101942,5.1074571560907813,1.1211980855334263,-0.96038164693797645,2.8748854922546458,11542,7614,11403
2023-10-15,UK,19001,101754,21221,104492,5.355191832008841,1.116835956002316,-1.2335699531806521,2.7538129572127796,11765,7112,11487
2023-10-22,UK,19769,102976,22152,105159,5.2089635287571472,1.1205422631392583,-1.065254727952941,2.7507612929333796,11853,7749,11667
2023-10-29,UK,20206,104187,22181,106480,5.1562407205780438,1.0977432445808168,-0.88211870941393533,2.6375185588439076,12638,8311,11336
2023-11-05,UK,18782,97712,20476,103289,5.2024278564583115,1.0901927377276124,-0.737131445875328,2.6017995953572544,11549,7929,10414
2023-11-12,UK,20896,107598,22330,110208,5.1492151607963272,1.0686255742725881,-0.51657853737514325,2.698760528330781,12553,9411,10983
2023-11-19,UK,17873,96673,19812,99538,5.4088849101997418,1.1084876629552958,-0.20907077196719537,2.9592681698651613,11439,8472,8864
2023-11-26,UK,20536,108976,22665,111722,5.3065835605765495,1.103671601090767,-0.50001448768594625,2.9311355668095054,12571,8726,11280
2023-12-03,UK,18056,94041,19466,96626,5.2082964111652661,1.0780903854674349,-0.50269588624522732,2.9464222419140467,11056,7849,9762
2023-12-10,UK,17402,91468,18710,94664,5.256177450867713,1.0751637742788176,-0.50792979751038159,2.9773186990001137,10892,7747,9236
2023-12-17,UK,16090,86311,17577,88317,5.3642635177128648,1.0924176507147296,-0.68455586595510076,3.0532193909260403,9814,7063,8690
2023-12-24,UK,11585,60549,12712,62040,5.2264997842037131,1.0972809667673709,-0.47674840888413911,3.102270176952957,6864,5245,6114
2023-12-31,UK,13992,71568,15028,73022,5.1149228130360207,1.074042309891367,-1.0746280567195716,2.9377001143510575,8343,5441,8201
2024-01-07,UK,17868,94356,19182,96754,5.28072531900604,1.0735392881128267,-0.96582662696751609,2.9543821356615179,10821,7045,10426
2024-01-14,UK,17642,96843,19666,99897,5.4893436118353938,1.1147262215168356,-0.85113477213009836,3.0390091826323511,10893,7039,10209
2024-01-21,UK,18052,94165,19120,96675,5.2163195213826778,1.0591624196764902,-0.79168756922997985,2.8836693995125189,11206,7446,10230
2024-01-28,UK,19005,100016,20867,101935,5.2626151012891356,1.0979742173112339,-0.907086529727143,3.1184162062615104,11236,8002,10631
2024-02-04,UK,22515,113666,25016,116653,5.0484565844992231,1.1110815012214079,-0.25489811125682038,2.8961270264268273,13332,11220,10672
2024-02-11,UK,18454,91788,19729,94436,4.9738810014089063,1.06909071204075,-0.32693989462174661,2.8431071854340511,11561,8834,9156
2024-02-18,UK,19942,102144,22050,104903,5.1220539564737733,1.1057065489920772,-0.66558796385637575,2.9592819175609266,12178,8701,10638
2024-02-25,UK,18797,95622,20049,98014,5.0870883651646528,1.0666063733574502,-0.55883924719528322,2.9333085066765983,11471,8343,9948
2024-03-03,UK,18419,97251,19953,99801,5.2799283348716,1.0832835658830553,-0.423847982232556,2.9906183831912716,11610,8494,9509
2024-03-10,UK,18167,94339,19472,97295,5.1928771949138506,1.0718335443386355,-0.38637120859876434,3.0133538834149824,11507,8462,9267
2024-03-17,UK,18740,97106,20171,99858,5.1817502668089643,1.0763607257203842,-0.2478717830097584,3.0115474919957297,11355,9180,9144
2024-03-24,UK,17342,90268,18591,92694,5.2051666474455072,1.0720216814669594,-0.39478409890777166,2.9944412409180017,10866,8249,8713
2024-03-31,UK,16295,86686,17775,89259,5.3197913470389713,1.0908254065664313,-0.6734194831804825,2.7344829702362672,10147,7095,8830
2024-04-07,UK,17146,86712,18325,89350,5.0572728333138972,1.0687623935611799,-0.54706386656895012,3.0555698122010972,10318,7841,8900
2024-04-14,UK,17758,93086,19176,95136,5.2419191350377305,1.0798513346097536,-0.83066171213785356,2.9444757292487873,10922,7317,10071
2024-04-21,UK,19785,106495,21938,108857,5.3826130907252958,1.1088198129896394,-0.43698153992030531,2.9670103613848879,12363,9308,9986
2024-04-28,UK,20525,106840,22765,109520,5.2053593179049882,1.1091352009744209,-0.39990774666381013,2.8283507917174195,12714,9525,10618
2024-05-05,UK,17960,95406,19626,98030,5.312138084632517,1.0927616926503347,-0.30743147254651171,2.8350334075723844,11067,8667,8891
2024-05-12,UK,18974,97382,20434,100775,5.13239169389691,1.0769474017076015,-0.318717750323493,2.9779276905238765,11908,9084,9407
2024-05-19,UK,19301,100907,20835,103205,5.2280710843997715,1.0794777472669808,-0.69974153473284717,2.9417387700119142,11973,8478,10420
2024-05-26,UK,16250,83936,17291,86392,5.1652923076923063,1.0640615384615379,-0.50646076091194669,2.9181230769230768,9843,7321,8475
2024-06-02,UK,19638,100591,21799,102959,5.122262959568185,1.1100417557796107,-0.36661660182418354,2.9585701191567368,11705,8836,10264
2024-06-09,UK,18851,96462,20076,98994,5.1170760171874159,1.06498329001114,-0.13922551805345315,2.9670627552914972,11453,9087,9281
2024-06-16,UK,17217,93555,19137,96154,5.4338734971249352,1.1115176860080158,-0.28682271704400669,2.9496311784863805,10666,7973,8799
2024-06-23,UK,18901,98649,20755,101001,5.2192476588540258,1.0980900481456026,-0.6237725446551412,3.0121104703454837,11282,8183,10268
2024-06-30,UK,20005,107503,22703,109945,5.3738065483629081,1.1348662834291432,-0.0857055375096787,2.868447888027994,11891,9612,9785
2024-07-07,UK,19729,103258,22189,106458,5.2338182371128834,1.1246895433118762,-0.17386035065344665,2.9171017284200906,12359,9548,9572
2024-07-14,UK,18916,94147,20035,96615,4.9771093254387839,1.059156269824487,-0.3326339967660138,3.043608585324594,11902,8874,9468
2024-07-21,UK,16921,87795,17896,90821,5.188523136930443,1.0576207079959803,-0.30226344451901155,2.9358607647302151,10624,8148,8371
2024-07-28,UK,17423,93617,19226,95853,5.3731848705733762,1.1034839005911725,-1.6724033295720822,2.4923147563565409,10355,6931,10135
2024-08-04,UK,21807,118617,24147,121572,5.43940019259871,1.1073049938093273,-3.0017648390628171,2.047594809006283,12503,6315,15131
2024-08-11,UK,17204,91473,18881,93703,5.3169611718205081,1.0974773308532908,-1.0597856346073402,2.77238432922576,10408,7124,9719
2024-08-18,UK,17509,90378,18914,92917,5.161802501570623,1.0802444457136329,-0.87025781964000348,2.9788680107373366,10700,7334,9749
2024-08-25,UK,14901,77799,16027,79630,5.2210589893295767,1.0755653982954159,-0.36783512153589543,2.9938930273136011,9377,7132,7409
2024-09-01,UK,17621,91593,19123,93846,5.1979456330514724,1.0852392032234255,-0.647418899470803,3.0136655127404808,11030,8095,9102
2024-09-08,UK,20929,108131,22624,111101,5.1665631420517011,1.0809881026327113,-0.795673316366629,3.0555449376463257,13094,8710,11785
2024-09-15,UK,18303,94197,19452,96382,5.1465333551876729,1.0627765940009837,-0.25693025835092537,3.0460853412008957,11361,8958,8948
2024-09-22,UK,18799,96624,20301,99280,5.139847864248094,1.0798978669078143,-0.33408953162078125,2.9733762434172024,11601,9036,9280
2024-09-29,UK,19220,102312,21309,104381,5.32320499479708,1.1086888657648282,-0.307520224265331,2.9719042663891777,11758,8968,9692
2024-10-06,UK,20106,100498,21530,102895,4.9984084352929488,1.0708246294638415,-0.40309955596170643,2.9497662389336496,12258,9091,10422
2024-10-13,UK,17902,92738,19298,94801,5.1803150485979224,1.0779801139537477,-0.28422864831210032,3.0275723382862267,11175,8327,9140
2024-10-20,UK,18544,94375,19940,96727,5.0892471958584977,1.0752804141501293,-0.59466067018691127,3.0295081967213093,11289,8220,9816
2024-10-27,UK,16555,86693,17753,88823,5.2366656599214725,1.0723648444578677,-0.35207196968397214,3.0976442162488671,10265,7844,8317
2024-11-03,UK,17841,90991,19322,93241,5.1001064962726312,1.0830110419819508,-0.0268418274284025,2.9445995179642397,10995,8932,8450
2024-11-10,UK,18996,98745,20413,102244,5.1981996209728374,1.0745946515055804,-0.10857418522596896,2.8870025268477568,11884,9402,9160
2024-11-17,UK,19375,98870,20904,101212,5.1029677419354842,1.078916129032258,-0.315018356860053,2.835251612903225,11726,8811,10114
2024-11-24,UK,18567,97643,20220,100952,5.2589540582754335,1.0890289222814677,-0.27222488329580907,3.0321268917972755,11386,8404,9748
2024-12-01,UK,18918,96779,20084,99551,5.1157099059097151,1.0616344222433667,0.096944567988397054,3.0467544137858114,11704,9747,8742
2024-12-08,UK,18155,91217,19104,93680,5.0243459102175709,1.0522721013494905,-0.17159761104733862,3.0255411732305144,10915,8780,8996
2024-12-15,UK,17820,91776,19348,94451,5.1501683501683466,1.0857463524130198,-0.26350228557716637,3.1843378226711532,10792,8375,8984
2024-12-22,UK,11110,55398,11765,57000,4.9863186318631847,1.05895589558956,-0.15477450229488598,3.0011971197119705,6512,5487,5402
2024-12-29,UK,11695,62396,12813,64138,5.3352714835399784,1.0955964087216759,-0.60576930539335017,3.030448909790509,6874,5104,6347
2025-01-05,UK,16906,87892,18504,90027,5.19886430852952,1.0945226546788127,-0.69882891218999077,2.8838578019637997,10060,7110,9408
2025-01-12,UK,18548,93891,19547,96822,5.06205520810869,1.0538602544748765,-0.24875436470778325,2.9854431744662508,11560,8949,9149
2025-01-19,UK,18140,91552,19375,93712,5.0469680264608625,1.0680815876515988,-0.78660601782173245,2.9196637265711116,11072,7440,10242
2025-01-26,UK,16593,88947,18262,91575,5.3605134695353467,1.100584583860664,-0.49411985763674915,2.8836497318146215,9747,7438,8847
2025-02-02,UK,16015,84399,17270,86782,5.2699968779269426,1.0783640337183888,-0.41968965045301271,2.9337683421792069,9719,7178,8499
2025-02-09,UK,16929,88375,18472,90527,5.2203319747179364,1.0911453718471256,-0.42702245976327008,2.8793844881564183,9844,7583,8908
2025-02-16,UK,18511,94186,19949,97400,5.0881097725676616,1.0776835395170439,-0.25735627714103415,3.1392415320620177,11056,8365,9698
2025-02-23,UK,21623,106873,23496,109298,4.9425611617259415,1.0866207279285947,-0.16550882927467755,2.9845257364842985,13031,10504,10572
2025-03-02,UK,24597,117180,26455,119600,4.7639956092206415,1.0755376671951866,-0.14019572563952834,2.9533357726552052,14063,12233,11761
2025-03-09,UK,18571,93793,19905,95980,5.05050885789672,1.0718324269021597,-0.38476983124113767,2.9306176296376067,11295,8638,9564
2025-03-16,UK,19123,96752,20441,99400,5.0594571981383689,1.0689222402342726,-0.41242344068041126,2.973926685143546,11892,8433,10214
2025-03-23,UK,17897,92166,19598,95019,5.1498016427334177,1.0950438620997933,-0.37748444837843942,2.9107615801530997,10757,8139,9279
2025-03-30,UK,17420,92439,18872,95299,5.3064867967853031,1.0833524684270952,-0.62264143879495937,2.9440355912743974,10452,7388,9645
2025-04-06,UK,18778,95644,20303,98504,5.0934071786132682,1.0812120566620516,-0.15579381711928708,2.9069709234210257,11635,9082,9296
2025-04-13,UK,16589,85326,18040,87590,5.1435288444149752,1.0874675990113927,-0.67571428822677149,2.8626077521249016,9947,6976,9192
2025-04-20,UK,19558,100031,21710,102078,5.11458226812557,1.1100317005828815,-0.606133341144525,3.0159320993966672,11627,8198,10861
2025-04-27,UK,17677,89520,19140,91687,5.0642077275555835,1.0827629122588676,-0.17618247144033131,2.9263279968320441,10555,8504,8803
2025-05-04,UK,17834,87454,18732,89499,4.9037792979701713,1.050353257822138,-0.03517796802046215,2.9648143994617011,10672,8830,8618
2025-05-11,UK,18703,92500,19386,95015,4.9457306314494982,1.0365182056354594,-0.56022483702425185,2.9603218734962313,11282,8014,10264
2025-05-18,UK,18424,90389,19062,92653,4.906046461137648,1.0346287451150682,-0.53089336163438339,3.0224001302648724,10958,8378,9672
2025-05-25,UK,15192,76778,15891,78900,5.0538441284886808,1.0460110584518163,-0.59630176595595441,2.9001119010005261,9334,6822,8052
2025-06-01,UK,17199,86790,18083,89098,5.046223617652184,1.0513983371126236,-0.40299428696465517,2.9535031106459684,10815,7908,8672
2025-06-08,UK,19626,101010,21677,103736,5.14674411494956,1.1045042290838678,-0.81901606279220651,2.9469886884744727,11744,8175,10991
2025-06-15,UK,299,1427,322,1427,4.7725752508361214,1.0769230769230769,-0.0146120953379247,2.9040133779264208,164,153,138
2025-06-22,UK,314,1596,330,1644,5.0828025477707,1.0509554140127388,-0.3465276500965202,3.1850318471337586,170,149,158
2025-06-29,UK,9082,47049,9750,48143,5.1804668575203729,1.0735520810394183,-0.32889158297705207,2.8771746311385153,5499,4345,4554
2025-07-06,UK,17919,91751,19415,93908,5.1203192142418672,1.0834868017188457,-0.3168072357412296,2.9237624867459093,10934,8417,9099
2025-07-13,UK,17969,90931,19312,93222,5.0604374200011133,1.0747398297067183,-0.50711743856462754,2.9297512382436417,10882,8127,9333
2025-07-20,UK,19601,99912,21573,103364,5.0972909545431317,1.1006071118820469,-0.79418420966547609,2.7899137799091882,11772,8707,10496
2025-07-27,UK,17797,89696,19033,93153,5.039950553464065,1.0694499072877455,-0.90138987207208854,2.8788728437377089,10997,7275,10126
2025-08-03,UK,16918,90073,18886,92424,5.3240926823501589,1.1163258068329587,-0.91187644888433028,2.7518855656697023,10320,7056,9479
2025-08-10,UK,18197,91009,20020,94222,5.0013188987195711,1.1001813485739413,-0.8819838009819827,2.8287464966752753,10754,7288,10451
2025-08-17,UK,17952,88627,19468,90773,4.9368872549019569,1.0844474153297674,-0.76656479388120347,2.869674688057041,10922,7790,9857
2025-08-24,UK,15872,80982,16634,83508,5.1021925403225792,1.0480090725806457,-0.92734760315182818,2.6877331149193555,9672,6625,8850
2025-08-31,UK,17905,91525,19075,94134,5.1117006422786977,1.0653448757330348,-1.0389748899856284,2.7357665456576381,10935,7009,10573
2025-09-07,UK,21957,106564,24418,109763,4.8533041854533874,1.1120827071093489,-0.59211918577272293,2.683217197249169,12993,10059,11297
2025-09-14,UK,25042,123412,27632,127632,4.9282006229534359,1.10342624391023,-0.48428437719546741,2.6869818704576311,15066,11421,13012
2025-09-21,UK,18748,94801,20604,98471,5.0565927032216775,1.0989972263708134,-0.55970604710749827,2.8907990185619781,11358,8121,10222
2025-09-28,UK,19164,101371,21730,104206,5.2896576915049041,1.1338968900020874,-1.0263092541241441,2.8697662283448113,11230,7876,10924
2025-10-05,UK,17352,90581,19770,93412,5.2202051636698936,1.1393499308437069,-0.45418985804256062,2.864557399723374,10416,8096,8882
2025-10-12,UK,16654,88831,18696,91068,5.3339137744685923,1.1226131860213762,-0.25857713901676088,2.9461991113246051,10247,7806,8430
2025-10-19,UK,18473,97723,20710,100407,5.2900449304390209,1.1210956531153586,-0.85324932718934543,2.9205164293834254,11050,7810,10294
2025-10-26,UK,17858,93652,20285,96063,5.2442602755067727,1.1359054765371268,-0.88510146986705218,2.9871206182103265,10755,7418,10161
2025-11-02,UK,16970,86508,18440,88979,5.0977018267530978,1.0866234531526227,-0.98524222268054873,3.13123747790218,10365,7414,9275
2025-11-09,UK,17026,89607,18464,92216,5.2629507811582252,1.0844590626101265,-0.66506006038622145,3.0651180547398091,10610,7270,9353
2025-11-16,UK,16011,86134,17452,88185,5.3796764724252073,1.090000624570608,-0.52253099208566223,2.9389482230966211,9724,7011,8644
2025-11-23,UK,14469,75320,15379,77243,5.2056119980648292,1.0628930817610054,-0.35796336527281475,2.8657820167254116,8745,6666,7484
2025-11-30,UK,15077,76308,16037,78252,5.0612190754128781,1.0636731445247734,-0.264461737651376,2.992272998607151,9588,7125,7646
2025-12-07,UK,16761,84971,17863,86957,5.06956625499672,1.0657478670723708,-0.51968126134160342,2.9558737545492506,10207,7249,9088
2025-12-14,UK,13273,70521,14678,72077,5.3131168537632814,1.1058539893015895,-0.73722823534711346,2.895592556317335,7844,5815,7211
2025-12-21,UK,10356,53731,11163,55507,5.1883932020085,1.0779258400926992,-0.9248700486964917,2.6961471610660492,6186,4531,5619
2025-12-28,UK,10410,53833,11353,55422,5.1712776176753144,1.0905859750240154,-0.85943313494647322,2.8234582132564845,5839,4173,6014
2026-01-04,UK,13746,72270,14887,74371,5.2575294631165441,1.0830059653717454,-0.68244327901802082,3.0537829186672489,8346,5765,7717
2026-01-11,UK,15075,79544,16572,81850,5.2765505804311772,1.0993034825870651,-0.96301117582691143,2.9354361525704804,9021,5924,8828
2026-01-18,UK,16744,85579,18267,88394,5.1110248447204958,1.09095795508839,-0.65725509415805683,3.0027532250358315,9803,6673,9707
2026-01-25,UK,16218,82866,17739,85268,5.1095079541250454,1.0937846836847951,-0.51357768268421822,2.9086447157479354,9865,6940,8848
2026-02-01,UK,16267,80611,17347,83114,4.9554927153132153,1.0663920821294637,-0.74789302741879737,2.9788774820188113,9396,6459,9464
2026-02-08,UK,16908,83176,17847,85483,4.9193281286964741,1.055535841022001,-0.70310231538708223,2.9926661935178607,9686,6866,9673
2026-02-15,UK,17025,86475,18182,88842,5.0792951541850195,1.0679588839941261,-0.80995987321253415,3.0298560939794417,9847,6477,10165
2026-02-22,UK,17143,89505,18715,91966,5.2210814909875758,1.0916992358397015,-0.72661435952653264,3.0262731143907118,10068,6855,9915
2026-03-01,UK,16908,89611,18797,91644,5.2999171989590739,1.1117222616512885,-1.0325418473559478,3.0013189022947713,9780,5939,10645
2026-03-08,UK,15666,83089,17556,85345,5.3037788842078371,1.1206434316353888,-0.69284540476031431,2.9103153325673428,9577,6178,9164
2026-03-15,UK,18150,92183,19867,94845,5.0789531680440758,1.094600550964187,-0.65026066967989771,2.8938512396694218,10597,7337,10393
2026-03-22,UK,14628,75077,15556,77381,5.1324172819250746,1.0634399781241455,-0.55917325320731082,2.9135425211922348,9131,6417,7959
2026-03-29,UK,13899,70746,14944,72568,5.0900064752859944,1.075185265126988,-0.55256324255485156,2.8987337218504954,8448,5960,7572
2026-04-05,UK,13182,70540,14705,72316,5.3512365346684865,1.1155363374298279,-0.74669090272829808,2.956539220148688,7982,5224,7596
2026-04-12,UK,14453,74871,15735,76986,5.1803085864526359,1.0887013076869854,-0.846783010033689,2.97751331903411,8681,5736,8307
2026-04-19,UK,15435,77523,16743,79471,5.0225461613216691,1.0847424684159384,-0.69394175672698766,2.820732102364754,9258,6437,8680
2026-04-26,UK,18306,90578,20293,92781,4.94799519283295,1.1085436468917298,-0.67400099795963553,2.793690593248114,11032,7911,9960
2026-05-03,UK,15598,82230,17041,84587,5.2718297217592012,1.0925118604949351,-0.67674369958643243,2.9880561610462877,9250,6432,8785
2026-05-10,UK,16987,91790,18559,94405,5.4035438865014429,1.0925413551539409,-0.8883060126433614,2.9102019191146171,10152,6381,10228
2026-05-17,UK,14313,75286,15855,77339,5.2599734507091433,1.1077342276252358,-0.25974083013626759,2.957793614196885,9011,6793,7261
2026-05-24,UK,12290,67054,13425,69114,5.4559804719284,1.0923515052888539,-0.44650528371312448,2.9539056143205857,7671,5625,6383
2026-05-31,UK,14242,76720,15546,78635,5.386883864625756,1.091560174132848,-0.76699363155948475,2.8376632495436045,8791,6214,7716
2026-06-07,UK,15848,83706,17129,86110,5.281802120141343,1.0808303886925787,-1.2339425630825118,2.7923081776880352,9570,6370,9130
2026-06-14,UK,16019,83985,17128,86126,5.2428366315000927,1.0692302890317744,-0.58841119039165624,2.8671577501716721,9599,7074,8523
2026-06-21,UK,15999,86643,17060,88565,5.4155259703731495,1.0663166447902999,-0.57866477221961232,3.0606975435964752,9662,6614,8988
2026-06-28,UK,13753,72951,14675,75166,5.3043699556460426,1.0670399185632229,-0.44666344448549566,3.0794226714171469,8298,6271,7140
2026-07-05,UK,15505,82575,17177,85366,5.3257013866494676,1.1078361818768141,-0.425899468980079,3.1936020638503697,9527,7076,8030
2026-07-12,UK,14659,76255,15728,78041,5.2019237328603616,1.072924483252609,-0.62299815061531261,2.9167473906814934,8772,6427,7926
2026-07-19,UK,16092,85061,17662,87466,5.2859184688043763,1.0975640069599781,-0.49948052742250054,2.9503479990057166,9679,7310,8388
2026-07-26,UK,13910,74968,15017,77007,5.3895039539899319,1.079583033788641,-0.34852700508573425,3.0436879942487418,8586,6560,7025
2026-08-02,UK,13179,70360,14418,72065,5.338796570301235,1.0940132028226717,-0.73291307995094712,3.0443812125350949,8178,5640,7230
2026-08-09,UK,13513,70622,14617,72378,5.226226596610668,1.0816991045659734,-0.698040646517322,2.9941907792496112,8122,5722,7506
2026-08-16,UK,14200,73355,15142,76126,5.1658450704225372,1.0663380281690145,-0.418919826401479,2.9991267605633807,8862,6660,7172
2026-08-23,UK,5954,31517,6635,32562,5.2934161907961,1.1143768894860595,-0.2278382905992879,3.150470272085991,3630,2807,2988
2023-01-01,US,66840,308701,70003,315934,4.6185068821065469,1.0473219628964596,-1.3442153982232257,3.2540035906642659,38577,24400,40985
2023-01-08,US,81808,369939,85429,377819,4.5220394093487348,1.0442621748484282,-1.1262983026861291,3.0864952082925909,47735,30521,49047
2023-01-15,US,76872,351797,79622,360270,4.5763997294203369,1.0357737537725038,-1.010005432166553,3.1384418253720416,45096,30442,44349
2023-01-22,US,80940,372265,84276,381119,4.599271064986409,1.0412157153447004,-1.4014460732718335,3.113233259204351,46933,29625,49459
2023-01-29,US,83421,381711,86996,390938,4.5757183443018006,1.0428549166277088,-1.2590994754654714,3.1561477325853233,48327,30742,50662
2023-02-05,US,77601,358932,80721,367632,4.6253527660726075,1.0402056674527393,-1.088836445301701,3.1601074728418315,44408,30088,45532
2023-02-12,US,80952,368220,84034,376465,4.5486214052772009,1.0380719438679702,-1.1012599054645993,3.1297818460322175,46343,31333,47888
2023-02-19,US,85482,383946,88873,392398,4.4915420790341809,1.0396691701176874,-1.1198410914741403,3.1308064855759103,48617,31697,51652
2023-02-26,US,81384,372213,84255,379907,4.5735402536125065,1.0352772043644913,-1.1004218854375871,3.077982158655268,47566,31374,48113
2023-03-05,US,82293,381871,85634,391108,4.6403825355741031,1.0405988358669642,-1.1721191682289789,3.0401054767720215,48493,31027,49106
2023-03-12,US,84454,394795,88590,403630,4.6746749709901332,1.048973405640939,-1.1768964561106332,3.075566580623772,49673,31116,51112
2023-03-19,US,93550,423996,97195,434629,4.5322928915018981,1.0389631213254982,-1.187196033824798,3.0010080171031479,54122,35615,55734
2023-03-26,US,136917,614754,144014,629761,4.4899756786958465,1.0518343229839955,-1.2555252827856287,3.0739112016769248,79473,51716,82004
2023-04-02,US,129714,573709,137234,588266,4.4228764821067941,1.0579736959773036,-1.2834917068671521,3.0284132784433435,75223,48824,77724
2023-04-09,US,125015,572675,131377,587485,4.5808502979642469,1.0508898932128186,-1.0851831555318288,3.09285685717714,74380,49686,72118
2023-04-16,US,120915,553473,127905,566339,4.5773725344250158,1.0578092048132997,-1.1507089212912716,3.0871943100525181,70670,46834,71183
2023-04-23,US,120522,549776,126481,564956,4.5616236039893217,1.0494432551733295,-0.9479358734026746,3.1415359851313456,71600,49719,68188
2023-04-30,US,117870,538235,123502,552198,4.5663442775939558,1.0477814541443944,-0.86567773598120645,3.1487528633240016,70188,49970,65088
2023-05-07,US,116345,527882,121855,541304,4.5372126004555335,1.0473591473634452,-1.0989628866470169,3.1408517770424167,68950,46245,67757
2023-05-14,US,113014,518701,119297,532131,4.5897057001787394,1.0555948820500118,-0.980669142236604,3.1713469127718676,66969,45276,65128
2023-05-21,US,110241,500857,115406,513834,4.5432915158607043,1.0468518972070284,-0.93426099081693514,3.203778086192973,65939,44709,62921
2023-05-28,US,102439,467303,107595,479023,4.5617684670877257,1.050332392936284,-0.90342595876598364,3.1387869854254755,60899,41598,57979
2023-06-04,US,110553,502372,116641,514939,4.5441733829023194,1.0550686096261519,-0.97985989220655156,3.1420060966233359,66010,44271,63668
2023-06-11,US,112437,507786,117625,520039,4.5161823954747993,1.0461413947366092,-0.858334671104707,3.1952622357408993,66992,47016,62723
2023-06-18,US,108647,489784,113988,501358,4.508030594494091,1.0491592036595561,-0.6981170885594733,3.1851620385284445,64570,47128,58879
2023-06-25,US,101896,471531,106774,481699,4.6275712491167411,1.0478723404255326,-0.87259600377504676,3.1715700321896811,60836,42425,57123
2023-07-02,US,84408,389163,87604,398166,4.6104990048336711,1.0378637096009866,-0.9224062529920779,3.1721317884560727,51023,34872,47270
2023-07-09,US,102094,466031,106595,477477,4.5647246655043476,1.0440868219484007,-0.95812299151407276,3.219630928360143,61208,42182,57279
2023-07-16,US,107430,486018,112593,496775,4.5240435632504941,1.0480592013404078,-0.9683377490103624,3.1921818858791817,64035,43188,61490
2023-07-23,US,99517,448735,103297,459171,4.5091290935217163,1.0379834601123448,-1.0142855921981475,3.1779153310489652,60168,39384,57554
2023-07-30,US,99951,454492,104316,465613,4.5471481025702563,1.0436713989855035,-1.1821701348458937,3.2215095396744418,60182,39463,58288
2023-08-06,US,98283,448916,102246,460465,4.567585442039821,1.0403223344830745,-1.1712015874474049,3.2456091083910761,58912,37172,58746
2023-08-13,US,101331,454162,105016,465548,4.4819650452477617,1.0363659689532316,-1.2487449122410652,3.2549081722276467,60214,38718,60090
2023-08-20,US,106584,468641,111124,481234,4.3969169856638874,1.0425955115214289,-1.5024689766124406,3.21798112287022,64104,37893,66293
2023-08-27,US,101150,461850,105426,472658,4.5659911023232835,1.0422738507167573,-1.3111412375493761,3.150076124567478,60778,37892,60957
2023-09-03,US,95395,431072,99120,441627,4.5188112584517022,1.0390481681429862,-0.97313160373345076,3.1576067928088456,57178,38304,54862
2023-09-10,US,107028,487932,111953,499796,4.558919161340941,1.0460159958141781,-1.0769939481138404,3.1231014314011314,64284,41616,62629
2023-09-17,US,118618,536428,124740,549590,4.5223153315685636,1.051611053971574,-0.88085837800664479,3.126487548264179,71758,47746,67665
2023-09-24,US,109503,498751,114076,510291,4.5546788672456469,1.0417614129293249,-1.0001687964528658,3.1480306475621687,64584,43320,63322
2023-10-01,US,103200,470473,107984,480712,4.55884689922481,1.0463565891472879,-0.98115616781687309,3.1989796511627904,62101,41254,59253
2023-10-08,US,103931,466763,108418,477022,4.4910854316806343,1.0431728743108413,-1.1458461224798413,3.1234944338070432,60771,40128,61394
2023-10-15,US,106133,473397,110707,484363,4.4604128781811534,1.0430968690228297,-1.3727913586658549,3.1266552344699616,61760,38591,65150
2023-10-22,US,102869,463730,107768,474513,4.5079664427572972,1.0476236767150457,-1.2381566145756306,3.1927227833458094,59633,38523,62119
2023-10-29,US,101403,458643,105565,469262,4.5229726931155936,1.0410441505675381,-1.0983290752967998,3.1266264311706737,59718,40271,59165
2023-11-05,US,103708,462769,107943,472938,4.462230493308124,1.0408358082308042,-1.046637156881159,3.0837640297759115,61074,40645,60351
2023-11-12,US,103864,472236,108067,483286,4.5466764230147207,1.0404663791111439,-0.94367794632053359,3.0552645767542153,62010,42559,58940
2023-11-19,US,78956,357766,82795,365610,4.53120725467349,1.0486220173261069,-0.80228150748834326,3.1961522873499195,46412,33544,43673
2023-11-26,US,93900,420566,98363,429331,4.4788711395101108,1.0475292864749726,-1.1169803759716637,3.2108583599574017,55739,37277,54519
2023-12-03,US,97543,439716,102602,448605,4.50791958418338,1.0518643059983785,-1.2131367721847759,3.1884368944978143,57414,36736,58685
2023-12-10,US,96504,438038,101090,447176,4.5390657382077348,1.0475213462654394,-1.1236943996623172,3.2281387300008264,57518,37866,56497
2023-12-17,US,86782,396582,90753,406168,4.5698647184900061,1.045758336982324,-1.2118557159415795,3.275364706966883,50956,32891,51957
2023-12-24,US,61091,282078,63417,289185,4.6173413432420469,1.0380743481036492,-1.2197208183634625,3.1767772667004985,35952,23156,36566
2023-12-31,US,76860,348688,80412,355891,4.5366640645329142,1.046213895394221,-1.4856616579255335,3.1345823575331764,45781,27067,47893
2024-01-07,US,95492,439038,100607,447805,4.5976416872617563,1.053564696519083,-1.3188558036075091,3.1260074142336571,56961,34508,58570
2024-01-14,US,91461,418788,95955,427796,4.57886968215961,1.0491356971824062,-0.95775434381807711,3.1111577612315586,55378,37117,52224
2024-01-21,US,97412,445141,101683,454926,4.5696731408861337,1.0438447008582117,-1.0911986367469575,3.1939463310475125,57901,38584,56107
2024-01-28,US,97841,448185,101971,458013,4.5807483570282415,1.0422113428930595,-1.2627959571765059,3.2257059923753859,57625,36838,58797
2024-02-04,US,103139,469107,107783,478603,4.5482988976042,1.0450266145686895,-1.0737218735109233,3.2070148052628014,60421,40180,60427
2024-02-11,US,100158,454700,104359,465365,4.5398270732243109,1.0419437289083255,-1.0059938691128254,3.1741019189680282,58904,40021,57662
2024-02-18,US,102270,465278,107185,474601,4.5495062090544494,1.0480590593526946,-1.0512481200704538,3.1311039405495231,60735,40832,58861
2024-02-25,US,108862,492717,113669,505427,4.52606970292664,1.0441568223990028,-1.0659846040732215,3.037697268100898,64393,42560,63670
2024-03-03,US,107010,485696,111883,497400,4.5387907672180168,1.0455378002055893,-0.94799900171395945,3.08485655546211,64054,43489,60620
2024-03-10,US,103042,472777,108031,482953,4.5881970458647947,1.0484171502882336,-0.96594736627637068,3.1323450631781218,62111,42226,58303
2024-03-17,US,102886,473390,107658,483251,4.6011119102696192,1.0463814318760576,-1.0708646383312919,3.1720146569990062,61109,40806,59488
2024-03-24,US,102257,463356,106800,474372,4.5312888115239058,1.0444272763722784,-1.1207502394516247,3.1324427667543517,60789,39918,59925
2024-03-31,US,96702,441953,100465,450709,4.5702570784471845,1.0389133627019091,-1.0055410403145666,3.1551167504291548,58161,38743,55647
2024-04-07,US,100683,458190,104779,467400,4.5508179136497668,1.0406821409771247,-1.0520055911270483,3.1574218090442239,61012,40793,57337
2024-04-14,US,102365,468374,107131,479577,4.5755287451765723,1.0465588824305174,-1.3012023958936438,2.9529673228154141,61092,39426,60564
2024-04-21,US,107641,490722,112354,502689,4.5588762646203556,1.0437844315827602,-1.4979922721324161,2.7793470889345149,63201,38929,66309
2024-04-28,US,105593,482223,109569,493231,4.5668084058602325,1.0376540111560431,-1.6535840019158392,2.5595494019489888,61700,36651,66664
2024-05-05,US,98597,446645,102278,458890,4.5300059839548812,1.0373337931174369,-1.1620775802101921,2.9272533647068362,58145,37874,58497
2024-05-12,US,98206,441612,102542,452244,4.4967924566727131,1.0441520884671,-1.1375016140040484,3.0188552634258579,58106,36879,58815
2024-05-19,US,92442,419153,95583,429022,4.5342268665757981,1.033978061919909,-1.0012645032172784,3.1008253824019394,54981,37109,53170
2024-05-26,US,88730,400520,91853,409916,4.5139186295503126,1.035196664036967,-1.144470852282901,3.1634080919643854,52448,35199,51529
2024-06-02,US,96895,436405,100839,446866,4.5038959698642813,1.0407038546880651,-1.1071276106222814,3.1302306620568685,57649,37856,56918
2024-06-09,US,95331,432108,99131,442337,4.5327123391131936,1.0398611154818489,-1.0339655802294971,3.1486767158636737,57318,38217,54717
2024-06-16,US,91071,416038,94300,425274,4.5682818899539894,1.0354558531255831,-1.0114120659388928,3.1651019534209555,54722,36873,51885
2024-06-23,US,96632,443493,100719,453500,4.589504511962911,1.0422944780197043,-1.338446747039564,3.1185725225598127,57658,34885,59486
2024-06-30,US,82633,380138,86076,389692,4.6003170646109917,1.0416661624290535,-1.1028994231772205,3.0786102404608293,48332,30978,49773
2024-07-07,US,101210,462727,106033,472351,4.5719494121134332,1.0476533939334052,-0.9892308186628157,3.1436765141784373,60095,39025,59209
2024-07-14,US,106067,475895,111921,486795,4.486739513703605,1.0551915298820573,-1.2506676993549768,3.0765025879868322,61793,38013,65284
2024-07-21,US,105944,469145,111022,479358,4.4282356716755986,1.0479309824057998,-0.94913186565240626,3.0159150117042941,61601,43467,60104
2024-07-28,US,93707,415399,96903,424853,4.4329559157800409,1.0341063100942309,-1.1375230691399281,3.1609314138751654,55841,36369,55239
2024-08-04,US,91168,406408,94672,414863,4.4577922077922087,1.0384345384345401,-1.0653349936203134,3.1164081695331709,55493,36014,52708
2024-08-11,US,89930,399740,93375,409658,4.4450127877237815,1.0383075725564348,-1.0561227093141652,3.1113132436339344,54649,35853,51845
2024-08-18,US,96732,427348,100167,437678,4.4178555183393247,1.0355104825704009,-0.86331587725653669,2.9367944423768777,58583,41184,53017
2024-08-25,US,88747,398066,91578,407959,4.4854023234588292,1.0318996698479947,-1.0101681043293689,3.185045128286025,53243,36003,50472
2024-09-01,US,87639,394562,90993,403615,4.5021280480151571,1.0382706329373934,-1.2740098917359333,3.1203151564942595,52368,33647,51953
2024-09-08,US,100503,447671,104819,458882,4.4543048466214952,1.0429439917216443,-1.3845907113783753,3.0552291971383951,60264,36258,61814
2024-09-15,US,93771,420030,97153,430716,4.4793166330741911,1.036066587751012,-0.9915671726239299,3.1276503396572486,56467,38715,52619
2024-09-22,US,108190,482557,112796,492872,4.4602735927534969,1.0425732507625465,-1.0139957337975225,3.1053211941953958,65620,43403,61864
2024-09-29,US,98661,443187,102179,453666,4.4920181226624507,1.0356574532996836,-1.1745146884439917,3.182669950639061,58616,37395,58922
2024-10-06,US,99192,437164,102586,447449,4.4072505847245749,1.0342164690700857,-1.285019388825922,3.06295568190983,59359,36181,60513
2024-10-13,US,93082,419337,96225,431328,4.5050278249285531,1.0337659268172159,-0.93747922124920158,3.1186093981650593,56327,37536,52749
2024-10-20,US,99640,443881,103288,455159,4.4548474508229727,1.0366118024889581,-0.98083760512669316,3.1153492573263764,59551,39623,57184
2024-10-27,US,93441,420921,97069,430081,4.5046713969242669,1.0388266392697008,-0.82934124420348809,3.0625239455913342,55598,38154,52395
2024-11-03,US,105725,466722,109993,477277,4.414490423267913,1.04036888153228,-0.49239317107399028,3.0619938519744618,63779,47773,54687
2024-11-10,US,96459,432906,100154,442872,4.4879793487388406,1.0383064307114935,-0.57919741328726249,3.1789319814636277,58686,42709,51240
2024-11-17,US,92354,422304,95570,432450,4.5726660458669848,1.0348225306971002,-0.909626723839805,3.2021720770080337,55608,37857,52197
2024-11-24,US,71491,328904,73912,337651,4.6006350449707023,1.0338644025122055,-0.78442772014260143,3.2198906156019653,43730,30406,39348
2024-12-01,US,95892,433935,99948,444565,4.5252471530471725,1.0422975847828779,-1.0573831791285333,3.2461289784340734,57111,37090,56507
2024-12-08,US,93223,416880,97385,425775,4.4718578033317948,1.0446456346609734,-1.0962850743372834,3.2299743625500135,54420,36239,55130
2024-12-15,US,86069,400514,89606,409625,4.653405988218756,1.0410949354587626,-1.0538901016454183,3.3139318453798667,51314,34439,49538
2024-12-22,US,56801,263200,58454,269526,4.6337212373021615,1.0291016003239362,-0.91551577444946208,3.3156493723702072,33836,23706,31656
2024-12-29,US,65631,298671,68060,305697,4.5507610732732982,1.0370099495665164,-0.95126843461233768,3.18902500342826,38286,27309,36772
2025-01-05,US,92878,424082,97052,433280,4.5660113266866169,1.0449406748638,-1.1740357564203345,3.2244632744029813,55747,34626,55876
2025-01-12,US,98687,449893,102078,459970,4.5587868716244211,1.034361162057819,-1.0380045141774212,3.277881585213859,58788,37637,58306
2025-01-19,US,113153,500550,118385,512403,4.4236564651401284,1.04623827914417,-1.0867137524519643,3.2060077947557688,65453,41869,68533
2025-01-26,US,107059,495712,111796,506500,4.6302692907649048,1.0442466303626965,-1.3480383821395283,3.2494148086569057,62530,35560,68731
2025-02-02,US,110012,497904,114490,508621,4.525906264771117,1.0407046504017752,-1.2681330466470708,3.028699596407666,64271,37214,70094
2025-02-09,US,109326,493780,114320,503987,4.5165834293763654,1.0456798931635665,-1.1679452404484847,3.1944697510198812,64604,38471,67668
2025-02-16,US,107481,481743,111568,494812,4.4821224216373077,1.0380253254063523,-1.2389087343611862,3.1216698765363167,62797,36648,67958
2025-02-23,US,111184,503883,116012,517341,4.5319740250395677,1.0434235141747044,-1.0958082968497196,3.1371294430853407,66248,40484,67922
2025-03-02,US,110594,496264,115124,507192,4.4872597066748652,1.0409606307756303,-1.1426813843470056,3.0884740582671713,65513,39583,68182
2025-03-09,US,110622,498122,114858,511102,4.5029198531937631,1.0382925638661391,-1.3351631709955547,3.0005848746180632,64752,36951,70723
2025-03-16,US,108643,485762,112715,497286,4.47117623776958,1.0374805555811237,-1.3835142801301934,2.9888837753007538,64285,36211,69888
2025-03-23,US,107730,488826,112336,499160,4.5375104427735993,1.042755035737492,-1.275023026566414,3.0116411398867546,63532,36810,68221
2025-03-30,US,104157,473861,108181,484680,4.54948779246715,1.0386339852338293,-1.2247341600512673,3.0569294430523155,62499,36587,64849
2025-04-06,US,106129,477686,110396,489421,4.5009940732504727,1.0402057872965902,-1.2806281852223129,2.99192680605678,64469,36106,67294
2025-04-13,US,106091,477210,110426,490503,4.4981195388864208,1.0408611475054426,-1.378141892848386,3.0420997068554358,63242,35892,67630
2025-04-20,US,112136,498933,116270,510800,4.44935613897409,1.0368659484911171,-1.204692854574777,3.0218440108439761,67343,40310,68970
2025-04-27,US,101573,461250,105652,472151,4.5410689848680272,1.0401583097870508,-1.0789382070588094,3.1159176159018585,60619,37819,61046
2025-05-04,US,101814,457347,105924,467812,4.4919853851140266,1.040367729388884,-0.98231710918924275,3.1552841455988374,61026,40615,58505
2025-05-11,US,103107,456255,107000,466056,4.4250632837731674,1.03775689332441,-1.0505673935054094,3.2524309697692648,61692,39249,61342
2025-05-18,US,101583,452549,105379,462834,4.454967858795265,1.0373684573206159,-1.2015211717933578,3.1435358278452137,59870,37301,62010
2025-05-25,US,87175,395262,90323,404544,4.5341210209348972,1.0361112704330377,-1.1381659747830477,3.1854660166332067,52824,32883,52239
2025-06-01,US,95814,434288,99669,445247,4.5326152754294746,1.0402342037698045,-1.2987133950429486,3.1232095518400249,57562,35234,58378
2025-06-08,US,102403,470252,106941,480603,4.5921701512651,1.0443151079558217,-1.9792184808377398,2.5154556018866625,57998,32287,68001
2025-06-15,US,1292,5938,1338,5965,4.5959752321981426,1.0356037151702788,-0.8812966134896083,3.1791021671826631,735,501,760
2025-06-22,US,2166,9059,2231,9102,4.182363804247462,1.0300092336103417,-1.0072018876295319,3.0495844875346263,1268,767,1324
2025-06-29,US,54698,247748,56784,253178,4.5293795019927714,1.03813667775787,-1.2070406313911211,3.2804965446634271,32176,19889,33425
2025-07-06,US,97331,433249,101045,443240,4.4512950652926584,1.0381584490039137,-1.298083632323715,3.2701400376036429,59004,34722,60540
2025-07-13,US,99035,446948,103275,457228,4.5130307467057058,1.042813146867269,-1.2506716669138418,3.3070500328166794,58565,35629,61309
2025-07-20,US,93510,426831,97335,438085,4.5645492460699337,1.0409047160731486,-1.3332114678529383,3.341224467971343,55717,33450,57881
2025-07-27,US,92664,421707,96070,430895,4.5509259259259238,1.0367564534231219,-1.1318524105197239,3.2950617283950572,55790,34791,55802
2025-08-03,US,96800,433589,100634,442096,4.47922520661157,1.0396074380165283,-1.1716703847822507,3.16868801652892,57549,35221,59091
2025-08-10,US,104879,459187,108640,470215,4.3782549414086684,1.0358603724291795,-1.1085618553018641,3.148681814281221,63083,37967,63637
2025-08-17,US,107868,474857,113267,485906,4.4022045462973223,1.0500519153038921,-1.1667620556537162,3.193902732969927,64075,39349,65623
2025-08-24,US,95370,430928,99162,440950,4.5184858970326083,1.0397609311104119,-1.3713644362097634,3.133063856558659,56333,33996,59083
2025-08-31,US,89647,407689,93755,416958,4.5477149263221239,1.0458241770499874,-1.3112490485718007,3.1034211964705984,53149,31277,56082
2025-09-07,US,95013,429883,99603,439536,4.5244650732005089,1.0483091787439605,-1.5015775547557004,3.144941218570088,55090,32457,60483
2025-09-14,US,93887,421737,97925,432328,4.4919637436492712,1.0430091492964952,-1.2624006500233793,3.079684088318936,54872,34460,57213
2025-09-21,US,101939,459828,106293,472238,4.5108152914978472,1.0427118178518544,-1.0733063417257642,3.07211861995899,61242,38529,60444
2025-09-28,US,94641,432837,98823,443379,4.5734618188734331,1.0441880368973289,-1.2746187348128095,3.248794919749368,55548,33656,58746
2025-10-05,US,92771,414962,96681,424113,4.4729710793243607,1.0421467915620164,-1.2769721001592429,3.1206788759418367,53430,34117,56510
2025-10-12,US,100349,452359,104215,464510,4.5078575770560683,1.0385255458450016,-1.121445707409197,2.9618900038864355,59335,37037,60748
2025-10-19,US,102288,461884,106370,474924,4.515524792742065,1.0399069294540921,-1.2848547392019471,2.9405433677459718,59600,34848,64821
2025-10-26,US,97634,447182,101680,458476,4.5801872298584509,1.0414404817993737,-1.030581652887133,3.4059385050289812,56996,36029,59176
2025-11-02,US,97879,442812,102148,454450,4.5240756444181063,1.0436150757568012,-0.87628572221626944,3.3479132398165068,56726,38334,57187
2025-11-09,US,93047,429799,96673,441510,4.6191602093565658,1.0389695530215906,-0.87458661090534318,3.2639526260921912,55171,36625,54117
2025-11-16,US,92856,422707,96899,434404,4.5522852588954947,1.0435405358835179,-0.93824793239582471,3.2199577840958047,54895,36394,54278
2025-11-23,US,71564,326105,74261,334808,4.5568302498462945,1.0376865463081995,-1.0366796142520707,3.2167360684142849,42061,28025,41981
2025-11-30,US,81389,371823,84696,383305,4.5684674833208323,1.0406320264409183,-1.0745827675449289,3.2132696064578745,48069,31664,47730
2025-12-07,US,82474,375777,86006,386229,4.5563086548488023,1.0428256177704494,-1.0451626345964751,3.2564456677255946,48572,32028,48434
2025-12-14,US,80278,364201,83316,373717,4.53674730312165,1.0378434938588414,-1.2415519793008536,3.329285732081019,46467,30067,48449
2025-12-21,US,59148,268909,61203,275567,4.5463751944275348,1.0347433556502348,-1.0868096022021989,3.3036095895042981,34764,22746,35096
2025-12-28,US,60373,275737,63872,281910,4.5672237589651008,1.0579563712255495,-1.3820629720452697,3.2953671343150077,34702,21048,38002
2026-01-04,US,87799,396950,91295,407718,4.5211221084522526,1.039818221164251,-1.6402777692261405,2.9627615348694141,49884,28245,57705
2026-01-11,US,92150,422890,95825,433794,4.5891481280520887,1.039880629408571,-1.3561268816608714,3.0120781334780267,54527,33122,56747
2026-01-18,US,88140,407278,91515,417159,4.6208078057635591,1.0382913546630372,-1.2142012796329031,3.0152167007034243,51577,32664,53233
2026-01-25,US,93681,434614,98040,448212,4.6392971893980635,1.0465302462612502,-1.7636548741199749,2.9088160886412378,52909,29102,62641
2026-02-01,US,91681,420579,95210,433005,4.5874172402133562,1.0384921630435957,-1.2498751729021744,3.1365735539533817,52753,31809,57563
2026-02-08,US,89569,405492,92987,416077,4.5271466690484345,1.0381605242885388,-1.1799865830666576,3.1644240752939026,51509,31631,55623
2026-02-15,US,88843,404634,92019,416555,4.5544837522371004,1.0357484551399647,-0.95899059727136715,3.1506004975068422,52214,34132,52386
2026-02-22,US,90353,409044,93483,420366,4.5271767401193133,1.0346419045300104,-1.1631686065540876,3.0850818456498432,52264,33624,54636
2026-03-01,US,88836,398984,92243,410052,4.491242289162046,1.0383515691836636,-1.3587804154181715,2.9686906209194479,50937,30693,56088
2026-03-08,US,88426,402786,91429,413567,4.555062990523151,1.0339605998235808,-1.2204229020100659,3.0449483183679025,51707,32627,53743
2026-03-15,US,83800,383199,87033,393399,4.5727804295942542,1.0385799522673043,-1.114964839328854,3.0919689737470173,48919,31869,50074
2026-03-22,US,83755,387263,86969,398645,4.6237597755357855,1.0383738284281545,-1.1832837223072192,3.0676783475613405,49335,30315,51456
2026-03-29,US,80926,373817,84050,385279,4.6192447421100811,1.0386031683266208,-1.2281511857019562,3.0110137656624567,48247,29091,49820
2026-04-05,US,79673,365846,82593,376199,4.5918441630163285,1.0366498060823615,-1.208603995020717,3.3102870483099687,47607,29524,48176
2026-04-12,US,83884,385865,87868,395856,4.5999833102856345,1.0474941585999713,-1.1821111663262653,3.2227862286014011,50087,30882,50829
2026-04-19,US,81535,375333,85021,385290,4.6033359906788514,1.0427546452443723,-1.159508365976391,3.2572024284049812,48896,30544,49182
2026-04-26,US,87220,397861,91602,409900,4.5615799128640191,1.0502407704654897,-1.163016221319346,3.1141653290529683,51109,32377,52584
2026-05-03,US,85047,393531,88200,405500,4.6272178912836432,1.0370736181170408,-0.99697717142539521,3.1810986866085833,50516,32662,50088
2026-05-10,US,82896,382352,86357,393176,4.6124300328121954,1.041751109824357,-1.1311673149010857,3.2232279000193005,49176,30973,49859
2026-05-17,US,82277,377708,85851,388497,4.5906875554529085,1.0434386280491514,-1.1438233469467272,3.2557725731370897,48259,30747,49591
2026-05-24,US,72616,330229,75216,339933,4.5476065880797476,1.0358047813154114,-1.0836241609919721,3.1297634130219207,42266,28424,42352
2026-05-31,US,77477,352769,80336,363386,4.5532093395459361,1.0369012739264549,-1.1547298122563927,3.1791951159698977,45435,29291,46452
2026-06-07,US,69898,317100,72191,325833,4.5366104895705188,1.0328049443474792,-0.97645190812721883,3.2005193281638937,40680,28878,39561
2026-06-14,US,70574,323888,72880,333240,4.5893388500014085,1.0326749227760941,-0.6109971936968327,3.3057995862498952,41592,30799,37975
2026-06-21,US,70663,321302,73124,329731,4.546962342385692,1.0348272787738988,-0.87081203063543122,3.2853515984319959,41061,28782,40040
2026-06-28,US,68645,311954,70499,319221,4.5444533469298589,1.0270085221064895,-0.66024892293930737,3.2152552990021124,39865,29669,37467
2026-07-05,US,71528,325238,73787,334271,4.5470025724191983,1.0315820378033798,-0.93119963880875867,3.1631612794989374,41450,28607,41232
2026-07-12,US,74200,335596,76966,344161,4.5228571428571449,1.0372776280323452,-1.0899633226282406,3.13206873315364,42764,28009,44326
2026-07-19,US,73726,336669,76085,344882,4.5664894338496484,1.0319968532132491,-1.2372438619047466,3.1651710387109042,43439,27307,44757
2026-07-26,US,75659,341360,78021,349643,4.5118227838062852,1.0312190221916793,-1.0901935607865938,3.2407948823008512,43675,29070,44633
2026-08-02,US,69232,318807,71841,326578,4.6049081349664922,1.0376848856020333,-0.98889012868806481,3.2005979893690779,40509,27364,40146
2026-08-09,US,69817,319825,72255,326452,4.5809043642665834,1.0349198619247468,-1.16277972458962,3.2136270535829361,40803,26410,41903
2026-08-16,US,72408,328439,74987,337209,4.5359490664015052,1.0356176113136668,-1.0942614137398803,3.1701165617058935,42239,27971,42586
2026-08-23,US,26823,124109,27659,127845,4.6269619356522407,1.0311672818103845,-1.1617292435879505,3.1207433918651906,15858,9876,16335
2023-01-01,ZA,148,727,148,751,4.9121621621621632,1.0,-1.6355127273107364,3.7108108108108109,78,44,102
2023-01-08,ZA,192,789,194,789,4.1093750000000018,1.0104166666666667,-0.19334369555613778,3.5500000000000012,131,97,93
2023-01-15,ZA,230,1006,235,1022,4.3739130434782609,1.0217391304347827,-0.28336786798875091,3.0252173913043476,113,119,102
2023-01-22,ZA,526,2378,561,2426,4.5209125475285168,1.0665399239543727,-1.174283340207781,2.74657794676806,311,150,363
2023-01-29,ZA,203,971,203,989,4.7832512315270934,1.0,-1.0820736057199658,2.4827586206896552,129,86,117
2023-02-05,ZA,164,881,164,897,5.3719512195121943,1.0,-1.7376168434965891,3.1518292682926825,133,56,102
2023-02-12,ZA,270,1417,283,1443,5.2481481481481485,1.0481481481481483,-0.6672652318072767,2.4992592592592593,171,134,133
2023-02-19,ZA,403,1857,409,1908,4.6079404466501241,1.0148883374689825,0.2448597661019036,2.4406947890818862,170,249,148
2023-02-26,ZA,223,1115,223,1131,4.9999999999999991,1.0,-0.60802000427062319,3.152914798206278,151,112,106
2023-03-05,ZA,252,1265,252,1277,5.0198412698412689,1.0,-0.059791322463733206,3.1111111111111107,182,143,96
2023-03-12,ZA,428,1733,436,1761,4.0490654205607468,1.0186915887850467,-0.48984454915800363,2.5014018691588782,282,197,192
2023-03-19,ZA,473,2130,500,2176,4.5031712473572947,1.0570824524312898,0.88460798291787235,2.2124735729386891,238,270,191
2023-03-26,ZA,1209,5463,1291,5807,4.5186104218362289,1.06782464846981,0.19363282620725786,2.6655086848635241,670,655,530
2023-04-02,ZA,626,2817,628,2909,4.4999999999999991,1.0031948881789137,0.10379872952305841,2.990415335463259,382,377,241
2023-04-09,ZA,451,2078,461,2122,4.6075388026607538,1.0221729490022173,-0.32526055618604732,2.7228381374722836,271,226,203
2023-04-16,ZA,363,1667,363,1683,4.59228650137741,1.0,0.56062504876134123,3.135537190082645,234,212,145
2023-04-23,ZA,307,1329,307,1443,4.328990228013029,1.0,0.6149327621232612,2.0074918566775244,196,166,135
2023-04-30,ZA,222,1053,222,1054,4.743243243243243,1.0,0.32222457457722631,3.118918918918919,144,114,107
2023-05-07,ZA,355,1709,364,1733,4.8140845070422547,1.0253521126760563,-0.9344508976986996,2.7991549295774645,250,139,207
2023-05-14,ZA,355,1737,359,1761,4.8929577464788743,1.0112676056338028,-0.26207420156169436,3.5577464788732396,235,153,197
2023-05-21,ZA,261,1451,266,1463,5.559386973180076,1.0191570881226053,1.0363667715360534,2.6540229885057469,147,152,100
2023-05-28,ZA,310,1373,310,1381,4.4290322580645167,1.0,0.98404749042186035,2.7112903225806453,152,196,108
2023-06-04,ZA,723,3484,747,3655,4.8188105117565705,1.0331950207468878,0.87789232499718306,2.8542185338865833,575,462,240
2023-06-11,ZA,421,1935,457,1939,4.5961995249406176,1.0855106888361046,-0.672836594925272,3.4230403800475062,234,156,260
2023-06-18,ZA,545,2498,565,2513,4.5834862385321111,1.0366972477064218,-0.83100065499265141,3.6159633027522937,325,191,349
2023-06-25,ZA,261,1349,271,1359,5.1685823754789286,1.0383141762452108,-0.65276118331013722,3.1118773946360148,155,136,120
2023-07-02,ZA,315,1492,327,1519,4.7365079365079366,1.0380952380952382,0.11150679689794148,3.1980952380952381,190,156,156
2023-07-09,ZA,258,1242,259,1247,4.8139534883720936,1.0038759689922478,0.1705172568529259,2.6058139534883717,147,123,120
2023-07-16,ZA,299,1387,301,1406,4.6387959866220738,1.0066889632107023,0.13312510246437331,3.0515050167224089,183,159,132
2023-07-23,ZA,248,1239,251,1239,4.9959677419354831,1.0120967741935483,1.3198251885028793,3.612903225806452,149,178,56
2023-07-30,ZA,354,1406,370,1448,3.9717514124293789,1.0451977401129944,1.0465657694217545,2.7141242937853103,180,220,122
2023-08-06,ZA,308,1393,308,1478,4.5227272727272734,1.0,0.85448645703283688,2.7879870129870126,214,210,92
2023-08-13,ZA,263,1564,269,1674,5.9467680608365017,1.0228136882129277,0.6526017218796446,2.6254752851711034,178,150,104
2023-08-20,ZA,242,1178,242,1182,4.8677685950413228,1.0,-0.079491753686982677,3.2037190082644624,146,124,118
2023-08-27,ZA,285,1218,288,1240,4.2736842105263158,1.0105263157894737,-0.043294079582606879,3.3136842105263158,212,135,150
2023-09-03,ZA,337,1729,337,1777,5.1305637982195851,1.0,-0.8524644313067069,2.6940652818991095,205,152,168
2023-09-10,ZA,539,2194,544,2230,4.070500927643784,1.0092764378478665,1.3356264849831359,2.5968460111317251,367,386,147
2023-09-17,ZA,482,2134,490,2186,4.4273858921161828,1.0165975103734441,1.5394038149344182,2.8043568464730293,350,332,145
2023-09-24,ZA,475,2015,476,2047,4.2421052631578942,1.0021052631578948,-0.052070528143454996,2.292210526315789,360,189,274
2023-10-01,ZA,223,1082,224,1087,4.85201793721973,1.0044843049327354,0.63644862523912638,2.9233183856502238,145,137,83
2023-10-08,ZA,223,1070,232,1102,4.7982062780269068,1.0403587443946187,-0.85622461574616071,3.6448430493273549,118,98,125
2023-10-15,ZA,247,970,248,974,3.9271255060728749,1.0040485829959516,1.7965924688443178,3.1076923076923082,163,169,77
2023-10-22,ZA,288,1320,295,1342,4.583333333333333,1.0243055555555556,1.5799215216170608,2.8420138888888884,187,197,82
2023-10-29,ZA,384,1765,385,1783,4.596354166666667,1.0026041666666667,1.0538150143977427,3.2109374999999996,237,217,165
2023-11-05,ZA,274,1275,274,1291,4.6532846715328464,1.0,-0.4584116489183846,2.62992700729927,158,123,149
2023-11-12,ZA,188,1144,188,1144,6.0851063829787231,1.0,0.47300655632955307,3.5335106382978725,129,107,81
2023-11-19,ZA,278,1399,286,1437,5.0323741007194256,1.028776978417266,1.3060594458838213,3.5863309352517985,199,195,83
2023-11-26,ZA,275,1529,289,1612,5.56,1.0509090909090912,1.8765834532206238,2.958181818181818,203,176,89
2023-12-03,ZA,207,1005,213,1038,4.8550724637681162,1.0289855072463769,0.93666914884364472,3.1903381642512079,121,131,76
2023-12-10,ZA,357,1439,357,1464,4.0308123249299719,1.0,0.019483548038872256,3.0731092436974792,209,145,212
2023-12-17,ZA,242,1130,245,1130,4.6694214876033069,1.0123966942148759,0.15421125104599512,4.4925619834710746,151,118,123
2023-12-24,ZA,201,897,202,912,4.4626865671641793,1.0049751243781093,-1.9857983828367165,2.4024875621890547,127,52,145
2023-12-31,ZA,109,553,109,553,5.0733944954128445,1.0,-0.30291907032655879,2.8669724770642198,57,49,58
2024-01-07,ZA,185,1018,190,1058,5.5027027027027042,1.027027027027027,-0.41177441897152761,3.4491891891891888,116,99,80
2024-01-14,ZA,213,1172,226,1173,5.5023474178403768,1.0610328638497653,-1.1320525918009414,3.0450704225352112,165,57,154
2024-01-21,ZA,222,1026,225,1034,4.6216216216216219,1.0135135135135136,-0.27347197224249525,3.8693693693693696,124,112,110
2024-01-28,ZA,214,1025,215,1047,4.7897196261682247,1.0046728971962615,-0.15206954565508987,3.5971962616822428,125,97,102
2024-02-04,ZA,245,1225,248,1225,5.0,1.0122448979591836,-0.33922430673196796,4.0771428571428565,143,120,112
2024-02-11,ZA,167,811,172,811,4.8562874251497,1.0299401197604789,1.0442021790867804,3.4634730538922156,101,100,64
2024-02-18,ZA,193,937,193,939,4.8549222797927465,1.0,-0.30964923651719128,3.1430051813471502,114,88,99
2024-02-25,ZA,161,796,161,800,4.9440993788819876,1.0,-1.4563563841675309,3.4453416149068321,112,70,87
2024-03-03,ZA,142,774,147,776,5.4507042253521139,1.0352112676056338,0.11730849193992365,3.8070422535211268,84,70,71
2024-03-10,ZA,146,700,149,700,4.7945205479452051,1.0205479452054795,1.2043443046435445,3.7157534246575343,100,90,51
2024-03-17,ZA,178,922,181,956,5.179775280898876,1.0168539325842696,0.39433911154690338,3.0511235955056173,131,86,91
2024-03-24,ZA,235,1109,239,1141,4.7191489361702121,1.0170212765957447,-0.23510251631665594,2.1119148936170209,148,100,131
2024-03-31,ZA,277,1293,291,1357,4.6678700361010836,1.0505415162454874,-1.8788345288872339,3.03971119133574,156,77,200
2024-04-07,ZA,169,850,170,850,5.0295857988165675,1.0059171597633136,0.19429951878513596,2.6295857988165681,128,95,73
2024-04-14,ZA,204,1034,205,1076,5.0686274509803919,1.0049019607843137,-0.74565487723490542,4.0745098039215684,121,93,108
2024-04-21,ZA,243,1156,245,1180,4.7572016460905342,1.0082304526748971,0.0993511568194746,3.1744855967078185,192,95,123
2024-04-28,ZA,162,844,164,844,5.2098765432098775,1.0123456790123457,0.963182661159864,2.7549382716049382,93,93,69
2024-05-05,ZA,257,1221,258,1225,4.7509727626459135,1.0038910505836576,-0.56474653874281167,2.9463035019455255,116,71,178
2024-05-12,ZA,348,1420,349,1420,4.0804597701149428,1.0028735632183907,-1.7281639724210289,2.4353448275862064,115,67,265
2024-05-19,ZA,285,1351,295,1360,4.7403508771929816,1.0350877192982455,-1.5277000258520079,2.772280701754386,180,121,150
2024-05-26,ZA,328,1461,339,1461,4.4542682926829258,1.0335365853658534,-2.23076111300786,2.6466463414634149,256,122,186
2024-06-02,ZA,562,2211,621,2213,3.9341637010676154,1.1049822064056942,-7.8234236857974562,5.4099644128113882,204,122,426
2024-06-09,ZA,203,992,204,992,4.8866995073891628,1.0049261083743843,-0.401817218877453,3.0605911330049258,109,96,101
2024-06-16,ZA,243,1153,243,1183,4.74485596707819,1.0,-0.041891463856698063,3.187654320987654,166,102,140
2024-06-23,ZA,240,1324,242,1385,5.5166666666666666,1.0083333333333333,-1.157809919693142,3.1062499999999997,173,96,139
2024-06-30,ZA,158,756,158,756,4.7848101265822782,1.0,0.84476951536112754,3.0373417721518994,93,97,59
2024-07-07,ZA,210,1106,210,1130,5.2666666666666657,1.0,-0.013864589789375381,2.9404761904761907,162,106,101
2024-07-14,ZA,322,1309,324,1346,4.0652173913043486,1.0062111801242237,0.37048729251593404,2.8065217391304347,236,183,130
2024-07-21,ZA,197,1064,197,1093,5.4010152284263953,1.0,-0.12527187150405691,3.5456852791878171,116,121,76
2024-07-28,ZA,108,665,110,668,6.1574074074074074,1.0185185185185186,1.5641808496160188,3.6805555555555558,60,72,36
2024-08-04,ZA,230,1005,230,1019,4.3695652173913038,1.0,0.57903411988495479,2.5278260869565217,129,135,70
2024-08-11,ZA,290,1288,292,1316,4.4413793103448285,1.0068965517241379,0.15862645855970292,2.96448275862069,213,150,138
2024-08-18,ZA,233,1018,233,1029,4.3690987124463518,1.0,1.2992211779029346,2.5815450643776825,158,136,96
2024-08-25,ZA,225,953,225,969,4.235555555555556,1.0,1.4154755004545676,2.8222222222222224,176,159,58
2024-09-01,ZA,224,1131,229,1170,5.0491071428571432,1.0223214285714286,0.56273583853794051,3.2245535714285714,132,122,90
2024-09-08,ZA,139,693,140,703,4.9856115107913661,1.0071942446043165,1.0903361831999638,2.4280575539568345,92,81,55
2024-09-15,ZA,196,976,209,1005,4.9795918367346932,1.0663265306122449,0.19266827499347983,3.1081632653061222,123,102,84
2024-09-22,ZA,381,1855,381,1875,4.8687664041994756,1.0,0.77977675849672479,2.7244094488188977,231,195,172
2024-09-29,ZA,174,974,174,994,5.5977011494252871,1.0,-0.1820606926962095,3.1091954022988504,138,98,76
2024-10-06,ZA,313,1387,316,1388,4.4313099041533546,1.0095846645367414,-0.60771849753442364,2.5373801916932908,131,135,168
2024-10-13,ZA,237,1081,237,1099,4.5611814345991561,1.0,0.025262347485712711,2.9852320675105486,160,108,129
2024-10-20,ZA,254,1351,255,1361,5.318897637795275,1.0039370078740155,1.3767230791035117,2.9318897637795271,186,154,96
2024-10-27,ZA,425,1776,425,1790,4.1788235294117646,1.0,1.6519066592046843,2.9110588235294119,176,311,98
2024-11-03,ZA,230,1149,230,1185,4.9956521739130437,1.0,1.4740209736351133,3.0769565217391306,134,139,89
2024-11-10,ZA,162,816,162,844,5.0370370370370372,1.0,0.7924885307623688,3.3518518518518516,116,101,61
2024-11-17,ZA,256,1163,257,1163,4.54296875,1.00390625,0.51340230636421424,2.592578125,182,148,102
2024-11-24,ZA,232,1235,232,1273,5.3232758620689653,1.0,-0.14872081037079218,4.0357758620689657,169,124,107
2024-12-01,ZA,424,2028,425,2086,4.783018867924528,1.0023584905660377,1.4476601172674202,2.775,238,305,114
2024-12-08,ZA,283,1333,286,1393,4.7102473498233213,1.010600706713781,1.3848141524487663,2.4452296819787986,155,188,86
2024-12-15,ZA,260,1120,260,1142,4.3076923076923075,1.0,0.54057734698090032,3.2780769230769229,182,152,106
2024-12-22,ZA,185,895,185,917,4.8378378378378377,1.0,0.98919281417672855,3.06,122,108,75
2024-12-29,ZA,261,1442,261,1466,5.5249042145593883,1.0,-0.763000345104475,4.3478927203065139,192,129,122
2025-01-05,ZA,202,793,206,815,3.9257425742574257,1.0198019801980198,-0.24332769724154651,3.3237623762376236,154,89,104
2025-01-12,ZA,162,766,162,777,4.7283950617283947,1.0,0.71437685901972692,2.9179012345679012,84,104,58
2025-01-19,ZA,115,574,116,587,4.9913043478260866,1.008695652173913,0.98618239758562687,2.6278260869565218,67,75,40
2025-01-26,ZA,162,735,174,755,4.5370370370370372,1.074074074074074,0.3448243328414059,3.3697530864197529,101,105,57
2025-02-02,ZA,223,928,223,947,4.1614349775784767,1.0,0.54965004325450306,3.3968609865470851,123,120,103
2025-02-09,ZA,387,1920,397,1925,4.96124031007752,1.0258397932816536,2.0907915997429356,3.023514211886305,303,292,95
2025-02-16,ZA,321,1643,458,1643,5.1183800623052962,1.4267912772585667,1.649760315733227,2.6788161993769477,263,248,72
2025-02-23,ZA,329,1723,351,1779,5.2370820668693012,1.0668693009118542,1.523165942344997,3.1617021276595745,256,239,83
2025-03-02,ZA,172,838,175,838,4.8720930232558128,1.0174418604651163,0.51978565508464114,3.9151162790697676,106,101,67
2025-03-09,ZA,155,767,155,767,4.9483870967741934,1.0,-0.30701102573155814,3.3083870967741933,90,74,78
2025-03-16,ZA,307,1280,307,1328,4.1693811074918559,1.0,-1.1198829546565185,2.9986970684039087,132,124,171
2025-03-23,ZA,204,911,204,921,4.465686274509804,1.0,-0.35822160006090037,2.8598039215686275,130,101,100
2025-03-30,ZA,136,708,136,742,5.2058823529411766,1.0,0.34650410816491395,2.4926470588235294,83,85,51
2025-04-06,ZA,205,957,205,957,4.668292682926829,1.0,0.95015343594222224,2.9760975609756097,165,145,58
2025-04-13,ZA,210,1082,215,1176,5.1523809523809527,1.0238095238095239,0.0699187728390337,2.2742857142857145,135,119,90
2025-04-20,ZA,185,866,187,882,4.6810810810810812,1.0108108108108109,0.734099094831679,2.6902702702702705,138,105,78
2025-04-27,ZA,143,717,143,717,5.0139860139860133,1.0,1.8409541922863659,2.9258741258741261,95,110,28
2025-05-04,ZA,233,1470,279,1480,6.3090128755364807,1.1974248927038627,-0.900603183801984,2.2927038626609439,140,87,144
2025-05-11,ZA,261,1067,270,1071,4.088122605363985,1.0344827586206897,1.8825584568855918,2.8003831417624516,118,155,102
2025-05-18,ZA,269,1282,275,1377,4.7657992565055762,1.0223048327137547,1.5323782178224756,2.9211895910780674,182,179,80
2025-05-25,ZA,167,884,167,900,5.2934131736526941,1.0,-0.21992863058715389,2.64311377245509,127,82,76
2025-06-01,ZA,255,1325,267,1403,5.1960784313725483,1.0470588235294118,0.903017475810465,3.2243137254901963,170,163,88
2025-06-08,ZA,232,1184,232,1194,5.1034482758620694,1.0,-0.76945519419964725,2.5836206896551723,140,100,123
2025-06-15,ZA,4,26,4,26,6.5,1.0,-0.48076923076923,2.3499999999999996,4,0,4
2025-06-22,ZA,4,17,4,17,4.25,1.0,0.43859649122807,4.0,4,1,0
2025-06-29,ZA,99,516,99,540,5.2121212121212128,1.0,-0.73272685199060894,3.4424242424242424,54,54,45
2025-07-06,ZA,147,549,147,554,3.7346938775510203,1.0,-0.84618229538012024,2.71156462585034,95,64,79
2025-07-13,ZA,153,812,153,816,5.30718954248366,1.0,1.0641502544313257,3.0117647058823533,112,100,53
2025-07-20,ZA,162,833,162,833,5.1419753086419746,1.0,0.16731764904196295,3.4104938271604932,95,67,78
2025-07-27,ZA,149,728,152,728,4.8859060402684564,1.0201342281879193,1.1601092958543495,3.467785234899329,106,107,42
2025-08-03,ZA,239,1108,240,1158,4.6359832635983258,1.00418410041841,-2.8998690459544179,2.6899581589958159,157,62,177
2025-08-10,ZA,163,922,163,932,5.6564417177914113,1.0,-0.50986467745292063,3.3840490797546008,115,76,78
2025-08-17,ZA,280,1363,280,1408,4.8678571428571429,1.0,1.1049299913188459,2.7125,195,192,86
2025-08-24,ZA,295,1517,298,1532,5.1423728813559331,1.0101694915254238,0.95139648097863616,3.7223728813559323,197,190,100
2025-08-31,ZA,142,652,144,652,4.5915492957746471,1.0140845070422535,-0.74373187534374219,2.7619718309859151,99,71,71
2025-09-07,ZA,197,886,197,908,4.497461928934011,1.0,-0.021410159877066903,2.9497461928934006,140,98,97
2025-09-14,ZA,214,1023,217,1030,4.7803738317757007,1.0140186915887852,-0.35945127962721357,3.0032710280373829,123,109,102
2025-09-21,ZA,210,1106,212,1106,5.2666666666666666,1.0095238095238095,1.2315581355015459,4.1066666666666665,156,147,57
2025-09-28,ZA,131,713,131,745,5.442748091603054,1.0,0.273135255378695,3.2007633587786257,83,75,51
2025-10-05,ZA,211,1102,223,1113,5.2227488151658772,1.0568720379146921,1.7373653361119217,3.2753554502369675,136,158,52
2025-10-12,ZA,244,1194,246,1200,4.8934426229508192,1.0081967213114755,1.1164454979196914,3.5090163934426228,155,135,109
2025-10-19,ZA,208,1041,208,1088,5.0048076923076916,1.0,1.8496729811276473,3.1144230769230767,157,142,65
2025-10-26,ZA,165,817,167,821,4.9515151515151512,1.0121212121212122,0.23538172949146069,3.1163636363636362,85,103,59
2025-11-02,ZA,181,986,182,988,5.4475138121546971,1.0055248618784531,0.71725198534267354,2.5243093922651934,117,116,61
2025-11-09,ZA,381,1906,405,1947,5.0026246719160108,1.0629921259842521,0.49569918930745943,2.6545931758530181,270,215,149
2025-11-16,ZA,487,2244,491,2277,4.6078028747433262,1.0082135523613964,2.3667224768987047,3.139425051334702,339,372,111
2025-11-23,ZA,202,1189,202,1194,5.8861386138613865,1.0,1.3595291392029469,2.79950495049505,141,143,56
2025-11-30,ZA,217,1147,219,1164,5.2857142857142865,1.0092165898617511,-0.31672032275634165,2.9216589861751157,106,102,109
2025-12-07,ZA,265,1088,265,1090,4.10566037735849,1.0,2.0235664359355972,2.277358490566038,98,191,72
2025-12-14,ZA,192,871,192,925,4.536458333333333,1.0,1.0938787154057508,3.4979166666666668,129,115,51
2025-12-21,ZA,91,625,103,629,6.8681318681318677,1.1318681318681318,-0.030746414681607048,3.1131868131868128,66,48,40
2025-12-28,ZA,88,507,88,507,5.7613636363636367,1.0,0.10594710401183244,2.7227272727272727,42,45,35
2026-01-04,ZA,201,1060,209,1104,5.27363184079602,1.0398009950248757,0.87069130481716817,2.8666666666666667,121,127,66
2026-01-11,ZA,154,736,157,740,4.779220779220779,1.0194805194805197,0.71258402772829377,3.1233766233766236,107,106,44
2026-01-18,ZA,113,551,113,573,4.8761061946902657,1.0,0.625624739195754,3.8371681415929206,70,68,44
2026-01-25,ZA,71,336,71,336,4.732394366197183,1.0,-0.16620133553971711,3.1661971830985913,49,37,31
2026-02-01,ZA,465,2066,465,2130,4.4430107526881732,1.0,2.751173154159221,2.7967741935483867,340,382,75
2026-02-08,ZA,329,1620,332,1630,4.9240121580547109,1.0091185410334347,0.97659139530658567,2.888145896656535,245,200,95
2026-02-15,ZA,225,1192,240,1192,5.2977777777777781,1.0666666666666667,-0.638175142830984,2.1924444444444444,132,85,137
2026-02-22,ZA,207,1030,207,1030,4.9758454106280183,1.0,1.0173136576786681,3.1758454106280194,138,130,71
2026-03-01,ZA,135,749,139,753,5.5481481481481483,1.02962962962963,0.78111252515431639,3.7977777777777773,74,79,44
2026-03-08,ZA,188,993,192,1001,5.2819148936170208,1.0212765957446808,0.56315147031046942,3.246808510638298,114,104,82
2026-03-15,ZA,128,697,129,705,5.4453125,1.0078125,1.2138487837398633,3.1039062499999996,84,78,41
2026-03-22,ZA,88,467,89,474,5.3068181818181817,1.0113636363636367,-1.1990879631480607,3.7829545454545452,48,45,42
2026-03-29,ZA,89,496,89,517,5.5730337078651688,1.0,1.3201398196353704,3.5764044943820226,59,61,27
2026-04-05,ZA,70,409,70,409,5.8428571428571425,1.0,0.92003837532335653,3.4942857142857147,50,50,11
2026-04-12,ZA,87,401,87,401,4.6091954022988508,1.0,0.6080725489829254,3.9195402298850572,56,40,40
2026-04-19,ZA,199,964,219,968,4.8442211055276392,1.1005025125628145,-0.85129388985148968,2.6346733668341709,122,102,94
2026-04-26,ZA,159,842,161,878,5.29559748427673,1.0125786163522015,-0.78491141568800593,3.0301886792452826,77,52,104
2026-05-03,ZA,272,1339,286,1341,4.9227941176470589,1.0514705882352942,0.68491990546609127,3.2503676470588236,147,156,111
2026-05-10,ZA,153,835,165,881,5.457516339869283,1.0784313725490196,0.47707036764002753,3.4692810457516341,107,78,69
2026-05-17,ZA,91,525,93,525,5.7692307692307692,1.0219780219780221,0.5528922802267231,2.8274725274725272,54,50,39
2026-05-24,ZA,91,544,91,544,5.9780219780219781,1.0,-0.34276651006185616,3.5197802197802197,53,45,46
2026-05-31,ZA,228,949,228,959,4.1622807017543861,1.0,0.99475466494080733,3.0618421052631577,92,176,51
2026-06-07,ZA,118,574,118,649,4.8644067796610173,1.0,0.3431164912555314,3.488983050847458,87,69,43
2026-06-14,ZA,93,510,96,510,5.4838709677419359,1.032258064516129,0.68258988030134693,2.6,71,45,41
2026-06-21,ZA,129,630,130,634,4.8837209302325579,1.0077519379844961,-1.1373029087412607,3.2992248062015506,70,40,89
2026-06-28,ZA,92,526,92,551,5.7173913043478271,1.0,0.36067202010982868,4.6228260869565228,61,56,36
2026-07-05,ZA,156,724,156,726,4.6410256410256423,1.0,0.29258881372722095,3.5262820512820512,99,90,66
2026-07-12,ZA,130,531,131,531,4.0846153846153852,1.0076923076923079,0.60547564837656287,2.1092307692307695,78,64,50
2026-07-19,ZA,111,577,117,587,5.198198198198198,1.0540540540540539,0.9797259470124392,3.8765765765765763,78,74,37
2026-07-26,ZA,120,695,122,697,5.791666666666667,1.0166666666666666,-0.084951551695762073,3.685,54,69,51
2026-08-02,ZA,123,510,134,518,4.1463414634146343,1.089430894308943,-0.196259515220925,3.1089430894308938,67,35,80
2026-08-09,ZA,266,1450,302,1468,5.4511278195488719,1.1353383458646615,-0.84108965809771041,3.1398496240601497,117,106,151
2026-08-16,ZA,309,1568,309,1578,5.074433656957928,1.0,0.5760971186979007,2.2436893203883495,126,163,143
2026-08-23,ZA,81,420,81,420,5.185185185185186,1.0,-0.41072812596525626,2.3567901234567903,61,50,31